date_index	rsrp	rsrq	wbcqi	macStats_phr	dlCqiReport_sfnSn	macStats_totalBytesSdusDl	macStats_totalTbsUl	macStats_mcs1Ul	macStats_totalPduDl	macStats_totalBytesSdusUl	macStats_tbsDl	macStats_totalPrbUl	macStats_macSdusDl_sduLength	macStats_macSdusDl_lcid	macStats_prbUl	macStats_totalPduUl	macStats_mcs1Dl	macStats_mcs2Dl	macStats_prbDl	macStats_totalPrbDl	macStats_prbRetxDl	macStats_totalTbsDl	ulCqiReport_sfnSn	pdcpStats_pktRx	pdcpStats_pktRxW	pdcpStats_pktRxAiatW	pdcpStats_pktRxOo	pdcpStats_pktRxBytesW	pdcpStats_pktRxSn	pdcpStats_pktTxBytesW	pdcpStats_pktTxSn	pdcpStats_pktTxBytes	pdcpStats_pktRxAiat	pdcpStats_pktRxBytes	pdcpStats_pktTx	pdcpStats_pktTxW	pdcpStats_pktTxAiatW	pdcpStats_sfn	pdcpStats_pktTxAiat	rnti	quality
4424	-127	-13	3	4294967295	6800	7747	575460	10	966	1437927	7	27566	2	1	0	9079	2	0	3	2998	3	12764	6800	666	0	0	0	0	154	0	14	12872	614301	40372	35	0	0	639127	609518	32812	0
4423	-127	-13	3	4294967295	6720	7747	575460	10	966	1437927	7	27566	2	1	0	9079	2	0	3	2998	3	12764	6720	666	0	0	0	0	154	0	14	12872	614301	40372	35	0	0	639077	609518	32812	0
4422	-127	-13	3	4294967295	6640	7747	575460	10	966	1437927	7	27566	2	1	0	9079	2	0	3	2998	3	12764	6640	666	0	0	0	0	154	0	14	12872	614301	40372	35	0	0	639027	609518	32812	0
4421	-127	-13	3	4294967295	6560	7747	575460	10	966	1437927	7	27566	2	1	0	9079	2	0	3	2998	3	12764	6560	666	0	0	0	0	154	0	14	12872	614301	40372	35	0	0	638977	609518	32812	0
4420	-127	-13	3	4294967295	6480	7747	575460	10	966	1437927	7	27566	2	1	0	9079	2	0	3	2998	3	12764	6480	666	0	0	0	0	154	0	14	12872	614301	40372	35	0	0	638927	609518	32812	0
4419	-127	-13	3	4294967295	6400	7747	575460	10	966	1437927	7	27566	2	1	0	9079	2	0	3	2998	3	12764	6400	666	0	0	0	0	154	0	14	12872	614301	40372	35	0	0	638877	609518	32812	0
4418	-127	-13	3	4294967295	6320	7747	575460	10	966	1437927	7	27566	2	1	0	9079	2	0	3	2998	3	12764	6320	666	0	0	0	0	154	0	14	12872	614301	40372	35	0	0	638827	609518	32812	0
4417	-127	-13	3	4294967295	6240	7747	575460	10	966	1437927	7	27566	2	1	0	9079	2	0	3	2998	3	12764	6240	666	0	0	0	0	154	0	14	12872	614301	40372	35	0	0	638777	609518	32812	0
4416	-127	-13	3	4294967295	6160	7747	575460	10	966	1437927	7	27566	2	1	0	9079	2	0	3	2998	3	12764	6160	666	0	0	0	0	154	0	14	12872	614301	40372	35	0	0	638727	609518	32812	0
4415	-127	-13	3	4294967295	6080	7747	575460	10	966	1437927	7	27566	2	1	0	9079	2	0	3	2998	3	12764	6080	666	0	0	0	0	154	0	14	12872	614301	40372	35	0	0	638677	609518	32812	0
4414	-127	-13	3	4294967295	5920	7747	575460	10	966	1437927	7	27566	2	1	0	9079	2	0	3	2998	3	12764	5920	666	0	0	0	0	154	0	14	12872	614301	40372	35	0	0	638577	609518	32812	0
4413	-127	-13	3	4294967295	5840	7747	575460	10	966	1437927	7	27566	2	1	0	9079	2	0	3	2998	3	12764	5840	666	0	0	0	0	154	0	14	12872	614301	40372	35	0	0	638527	609518	32812	0
4412	-127	-13	3	4294967295	5760	7747	575460	10	966	1437927	7	27566	2	1	0	9079	2	0	3	2998	3	12764	5760	666	0	0	0	0	154	0	14	12872	614301	40372	35	0	0	638477	609518	32812	0
4411	-127	-13	3	4294967295	5680	7747	575460	10	966	1437927	7	27566	2	1	0	9079	2	0	3	2998	3	12764	5680	666	0	0	0	0	154	0	14	12872	614301	40372	35	0	0	638427	609518	32812	0
4410	-127	-13	3	4294967295	5600	7747	575460	10	966	1437927	7	27566	2	1	0	9079	2	0	3	2998	3	12764	5600	666	0	0	0	0	154	0	14	12872	614301	40372	35	0	0	638377	609518	32812	0
4409	-127	-13	3	4294967295	5520	7747	575460	10	966	1437927	7	27566	2	1	0	9079	2	0	3	2998	3	12764	5520	666	0	0	0	0	154	0	14	12872	614301	40372	35	0	0	638327	609518	32812	0
4408	-127	-13	3	4294967295	5440	7747	575460	10	966	1437927	7	27566	2	1	0	9079	2	0	3	2998	3	12764	5440	666	0	0	0	0	154	0	14	12872	614301	40372	35	0	0	638277	609518	32812	0
4407	-127	-13	3	4294967295	5360	7747	575460	10	966	1437927	7	27566	2	1	0	9079	2	0	3	2998	3	12764	5360	666	0	0	0	0	154	0	14	12872	614301	40372	35	0	0	638227	609518	32812	0
4406	-127	-13	3	4294967295	5280	7747	575460	10	966	1437927	7	27566	2	1	0	9079	2	0	3	2998	3	12764	5280	666	0	0	0	0	154	0	14	12872	614301	40372	35	0	0	638177	609518	32812	0
4405	-127	-13	3	4294967295	5200	7747	575460	10	966	1437927	7	27566	2	1	0	9079	2	0	3	2998	3	12764	5200	666	0	0	0	0	154	0	14	12872	614301	40372	35	0	0	638127	609518	32812	0
4404	-127	-13	3	4294967295	5040	7747	575460	10	966	1437927	7	27566	2	1	0	9079	2	0	3	2998	3	12764	5040	666	0	0	0	0	154	0	14	12872	614301	40372	35	0	0	638027	609518	32812	0
4403	-127	-13	3	4294967295	4960	7747	575460	10	966	1437927	7	27566	2	1	0	9079	2	0	3	2998	3	12764	4960	666	0	0	0	0	154	0	14	12872	614301	40372	35	0	0	637977	609518	32812	0
4402	-127	-13	3	4294967295	4880	7747	575460	10	966	1437927	7	27566	2	1	0	9079	2	0	3	2998	3	12764	4880	666	0	0	0	0	154	0	14	12872	614301	40372	35	0	0	637927	609518	32812	0
4401	-127	-13	3	4294967295	4800	7747	575460	10	966	1437927	7	27566	2	1	0	9079	2	0	3	2998	3	12764	4800	666	0	0	0	0	154	0	14	12872	614301	40372	35	0	0	637877	609518	32812	0
4400	-127	-13	3	4294967295	4720	7747	575460	10	966	1437927	7	27566	2	1	0	9079	2	0	3	2998	3	12764	4720	666	0	0	0	0	154	0	14	12872	614301	40372	35	0	0	637827	609518	32812	0
4399	-127	-13	3	4294967295	4640	7747	575460	10	966	1437927	7	27566	2	1	0	9079	2	0	3	2998	3	12764	4640	666	0	0	0	0	154	0	14	12872	614301	40372	35	0	0	637777	609518	32812	0
4398	-127	-13	3	4294967295	4560	7747	575460	10	966	1437927	7	27566	2	1	0	9079	2	0	3	2998	3	12764	4560	666	0	0	0	0	154	0	14	12872	614301	40372	35	0	0	637727	609518	32812	0
4397	-127	-13	3	4294967295	4480	7747	575460	10	966	1437927	7	27566	2	1	0	9079	2	0	3	2998	3	12764	4480	666	0	0	0	0	154	0	14	12872	614301	40372	35	0	0	637677	609518	32812	0
4396	-127	-13	3	4294967295	4400	7747	575460	10	966	1437927	7	27566	2	1	0	9079	2	0	3	2998	3	12764	4400	666	0	0	0	0	154	0	14	12872	614301	40372	35	0	0	637627	609518	32812	0
4395	-127	-13	3	4294967295	4320	7747	575460	10	966	1437927	7	27566	2	1	0	9079	2	0	3	2998	3	12764	4320	666	0	0	0	0	154	0	14	12872	614301	40372	35	0	0	637577	609518	32812	0
4394	-127	-13	3	4294967295	4160	7747	575460	10	966	1437927	7	27566	2	1	0	9079	2	0	3	2998	3	12764	4160	666	0	0	0	0	154	0	14	12872	614301	40372	35	0	0	637477	609518	32812	0
4393	-127	-13	3	4294967295	4080	7747	575460	10	966	1437927	7	27566	2	1	0	9079	2	0	3	2998	3	12764	4080	666	0	0	0	0	154	0	14	12872	614301	40372	35	0	0	637427	609518	32812	0
4392	-127	-13	3	4294967295	4000	7747	575460	10	966	1437927	7	27566	2	1	0	9079	2	0	3	2998	3	12764	4000	666	0	0	0	0	154	0	14	12872	614301	40372	35	0	0	637377	609518	32812	0
4391	-127	-13	3	4294967295	3920	7747	575460	10	966	1437927	7	27566	2	1	0	9079	2	0	3	2998	3	12764	3920	666	0	0	0	0	154	0	14	12872	614301	40372	35	0	0	637327	609518	32812	0
4390	-127	-13	3	4294967295	3840	7747	575460	10	966	1437927	7	27566	2	1	0	9079	2	0	3	2998	3	12764	3840	666	0	0	0	0	154	0	14	12872	614301	40372	35	0	0	637277	609518	32812	0
4389	-127	-13	3	4294967295	3760	7747	575460	10	966	1437927	7	27566	2	1	0	9079	2	0	3	2998	3	12764	3760	666	0	0	0	0	154	0	14	12872	614301	40372	35	0	0	637227	609518	32812	0
4388	-127	-13	3	4294967295	3680	7747	575460	10	966	1437927	7	27566	2	1	0	9079	2	0	3	2998	3	12764	3680	666	0	0	0	0	154	0	14	12872	614301	40372	35	0	0	637177	609518	32812	0
4387	-127	-13	3	4294967295	3600	7747	575460	10	966	1437927	7	27566	2	1	0	9079	2	0	3	2998	3	12764	3600	666	0	0	0	0	154	0	14	12872	614301	40372	35	0	0	637127	609518	32812	0
4386	-127	-13	3	4294967295	3520	7747	575460	10	966	1437927	7	27566	2	1	0	9079	2	0	3	2998	3	12764	3520	666	0	0	0	0	154	0	14	12872	614301	40372	35	0	0	637077	609518	32812	0
4385	-127	-13	3	4294967295	3440	7747	575460	10	966	1437927	7	27566	2	1	0	9079	2	0	3	2998	3	12764	3440	666	0	0	0	0	154	0	14	12872	614301	40372	35	0	0	637027	609518	32812	0
4384	-127	-13	3	4294967295	3280	7747	575460	10	966	1437927	7	27566	2	1	0	9079	2	0	3	2998	3	12764	3280	666	0	0	0	0	154	0	14	12872	614301	40372	35	0	0	636927	609518	32812	0
4383	-127	-13	3	4294967295	3200	7747	575460	10	966	1437927	7	27566	2	1	0	9079	2	0	3	2998	3	12764	3200	666	0	0	0	0	154	0	14	12872	614301	40372	35	0	0	636877	609518	32812	0
4382	-127	-13	3	4294967295	3120	7747	575460	10	966	1437927	7	27566	2	1	0	9079	2	0	3	2998	3	12764	3120	666	0	0	0	0	154	0	14	12872	614301	40372	35	0	0	636827	609518	32812	0
4381	-127	-13	3	4294967295	3040	7747	575460	10	966	1437927	7	27566	2	1	0	9079	2	0	3	2998	3	12764	3040	666	0	0	0	0	154	0	14	12872	614301	40372	35	0	0	636777	609518	32812	0
4380	-127	-13	3	4294967295	2960	7747	575460	10	966	1437927	7	27566	2	1	0	9079	2	0	3	2998	3	12764	2960	666	0	0	0	0	154	0	14	12872	614301	40372	35	0	0	636727	609518	32812	0
4379	-127	-13	3	4294967295	2880	7747	575460	10	966	1437927	7	27566	2	1	0	9079	2	0	3	2998	3	12764	2880	666	0	0	0	0	154	0	14	12872	614301	40372	35	0	0	636677	609518	32812	0
4378	-127	-13	3	4294967295	2800	7747	575460	10	966	1437927	7	27566	2	1	0	9079	2	0	3	2998	3	12764	2800	666	0	0	0	0	154	0	14	12872	614301	40372	35	0	0	636627	609518	32812	0
4377	-127	-13	3	4294967295	2720	7747	575460	10	966	1437927	7	27566	2	1	0	9079	2	0	3	2998	3	12764	2720	666	0	0	0	0	154	0	14	12872	614301	40372	35	0	0	636577	609518	32812	0
4376	-127	-13	3	4294967295	2640	7747	575460	10	966	1437927	7	27566	2	1	0	9079	2	0	3	2998	3	12764	2640	666	0	0	0	0	154	0	14	12872	614301	40372	35	0	0	636527	609518	32812	0
4375	-127	-13	3	4294967295	2560	7747	575460	10	966	1437927	7	27566	2	1	0	9079	2	0	3	2998	3	12764	2560	666	0	0	0	0	154	0	14	12872	614301	40372	35	0	0	636477	609518	32812	0
4374	-127	-13	3	4294967295	2400	7747	575460	10	966	1437927	7	27566	2	1	0	9079	2	0	3	2998	3	12764	2400	666	0	0	0	0	154	0	14	12872	614301	40372	35	0	0	636377	609518	32812	0
4373	-127	-13	3	4294967295	2320	7747	575460	10	966	1437927	7	27566	2	1	0	9079	2	0	3	2998	3	12764	2320	666	0	0	0	0	154	0	14	12872	614301	40372	35	0	0	636327	609518	32812	0
4372	-127	-13	3	4294967295	2240	7747	575460	10	966	1437927	7	27566	2	1	0	9079	2	0	3	2998	3	12764	2240	666	0	0	0	0	154	0	14	12872	614301	40372	35	0	0	636277	609518	32812	0
4371	-127	-13	3	4294967295	2160	7747	575460	10	966	1437927	7	27566	2	1	0	9079	2	0	3	2998	3	12764	2160	666	0	0	0	0	154	0	14	12872	614301	40372	35	0	0	636227	609518	32812	0
4370	-127	-13	3	4294967295	2080	7747	575460	10	966	1437927	7	27566	2	1	0	9079	2	0	3	2998	3	12764	2080	666	0	0	0	0	154	0	14	12872	614301	40372	35	0	0	636177	609518	32812	0
4369	-127	-13	3	4294967295	2000	7747	575460	10	966	1437927	7	27566	2	1	0	9079	2	0	3	2998	3	12764	2000	666	0	0	0	0	154	0	14	12872	614301	40372	35	0	0	636127	609518	32812	0
4368	-127	-13	3	4294967295	1920	7747	575460	10	966	1437927	7	27566	2	1	0	9079	2	0	3	2998	3	12764	1920	666	0	0	0	0	154	0	14	12872	614301	40372	35	0	0	636077	609518	32812	0
4367	-127	-13	3	4294967295	1840	7747	575460	10	966	1437927	7	27566	2	1	0	9079	2	0	3	2998	3	12764	1840	666	0	0	0	0	154	0	14	12872	614301	40372	35	0	0	636027	609518	32812	0
4366	-127	-13	3	4294967295	1760	7747	575460	10	966	1437927	7	27566	2	1	0	9079	2	0	3	2998	3	12764	1760	666	0	0	0	0	154	0	14	12872	614301	40372	35	0	0	635977	609518	32812	0
4365	-127	-13	3	4294967295	1680	7747	575460	10	966	1437927	7	27566	2	1	0	9079	2	0	3	2998	3	12764	1680	666	0	0	0	0	154	0	14	12872	614301	40372	35	0	0	635927	609518	32812	0
4364	-127	-13	3	4294967295	1520	7747	575460	10	966	1437927	7	27566	2	1	0	9079	2	0	3	2998	3	12764	1520	666	0	0	0	0	154	0	14	12872	614301	40372	35	0	0	635827	609518	32812	0
4363	-127	-13	3	4294967295	1440	7747	575460	10	966	1437927	7	27566	2	1	0	9079	2	0	3	2998	3	12764	1440	666	0	0	0	0	154	0	14	12872	614301	40372	35	0	0	635777	609518	32812	0
4362	-127	-13	3	4294967295	1360	7747	575460	10	966	1437927	7	27566	2	1	0	9079	2	0	3	2998	3	12764	1360	666	0	0	0	0	154	0	14	12872	614301	40372	35	0	0	635727	609518	32812	0
4361	-127	-13	3	4294967295	1280	7747	575460	10	966	1437927	7	27566	2	1	0	9079	2	0	3	2998	3	12764	1280	666	0	0	0	0	154	0	14	12872	614301	40372	35	0	0	635677	609518	32812	0
4360	-127	-13	3	4294967295	1200	7747	575460	10	966	1437927	7	27566	2	1	0	9079	2	0	3	2998	3	12764	1200	666	0	0	0	0	154	0	14	12872	614301	40372	35	0	0	635627	609518	32812	0
4359	-127	-13	3	4294967295	1120	7747	575460	10	966	1437927	7	27566	2	1	0	9079	2	0	3	2998	3	12764	1120	666	0	0	0	0	154	0	14	12872	614301	40372	35	0	0	635577	609518	32812	0
4358	-127	-13	3	4294967295	1040	7747	575460	10	966	1437927	7	27566	2	1	0	9079	2	0	3	2998	3	12764	1040	666	0	0	0	0	154	0	14	12872	614301	40372	35	0	0	635527	609518	32812	0
4357	-127	-13	3	4294967295	960	7747	575460	10	966	1437927	7	27566	2	1	0	9079	2	0	3	2998	3	12764	960	666	0	0	0	0	154	0	14	12872	614301	40372	35	0	0	635477	609518	32812	0
4356	-127	-13	3	4294967295	880	7747	575460	10	966	1437927	7	27566	2	1	0	9079	2	0	3	2998	3	12764	880	666	0	0	0	0	154	0	14	12872	614301	40372	35	0	0	635427	609518	32812	0
4355	-127	-13	3	4294967295	800	7747	575460	10	966	1437927	7	27566	2	1	0	9079	2	0	3	2998	3	12764	800	666	0	0	0	0	154	0	14	12872	614301	40372	35	0	0	635377	609518	32812	0
4354	-127	-13	3	4294967295	640	7747	575460	10	966	1437927	7	27566	2	1	0	9079	2	0	3	2998	3	12764	640	666	0	0	0	0	154	0	14	12872	614301	40372	35	0	0	635277	609518	32812	0
4353	-127	-13	3	4294967295	560	7747	575460	10	966	1437927	7	27566	2	1	0	9079	2	0	3	2998	3	12764	560	666	0	0	0	0	154	0	14	12872	614301	40372	35	0	0	635227	609518	32812	0
4352	-127	-13	3	4294967295	480	7747	575460	10	966	1437927	7	27566	2	1	0	9079	2	0	3	2998	3	12764	480	666	0	0	0	0	154	0	14	12872	614301	40372	35	0	0	635177	609518	32812	0
4351	-127	-13	3	4294967295	400	7747	575460	10	966	1437927	7	27566	2	1	0	9079	2	0	3	2998	3	12764	400	666	0	0	0	0	154	0	14	12872	614301	40372	35	0	0	635127	609518	32812	0
4350	-127	-13	3	4294967295	320	7747	575460	10	966	1437927	7	27566	2	1	0	9079	2	0	3	2998	3	12764	320	666	0	0	0	0	154	0	14	12872	614301	40372	35	0	0	635077	609518	32812	0
4349	-127	-13	3	4294967295	240	7747	575460	10	966	1437927	7	27566	2	1	0	9079	2	0	3	2998	3	12764	240	666	0	0	0	0	154	0	14	12872	614301	40372	35	0	0	635027	609518	32812	0
4348	-127	-13	3	4294967295	160	7747	575460	10	966	1437927	7	27566	2	1	0	9079	2	0	3	2998	3	12764	160	666	0	0	0	0	154	0	14	12872	614301	40372	35	0	0	634977	609518	32812	0
4347	-127	-13	3	4294967295	80	7747	575460	10	966	1437927	7	27566	2	1	0	9079	2	0	3	2998	3	12764	80	666	0	0	0	0	154	0	14	12872	614301	40372	35	0	0	634927	609518	32812	0
4346	-127	-13	3	4294967295	0	7747	575460	10	966	1437927	7	27566	2	1	0	9079	2	0	3	2998	3	12764	0	666	0	0	0	0	154	0	14	12872	614301	40372	35	0	0	634877	609518	32812	0
4345	-127	-13	3	4294967295	16224	7747	575460	10	966	1437927	7	27566	2	1	0	9079	2	0	3	2998	3	12764	16224	666	0	0	0	0	154	0	14	12872	614301	40372	35	0	0	634777	609518	32812	0
4344	-127	-13	3	4294967295	16144	7747	575460	10	966	1437927	7	27566	2	1	0	9079	2	0	3	2998	3	12764	16144	666	0	0	0	0	154	0	14	12872	614301	40372	35	0	0	634727	609518	32812	0
4343	-127	-13	3	4294967295	16064	7747	575460	10	966	1437927	7	27566	2	1	0	9079	2	0	3	2998	3	12764	16064	666	0	0	0	0	154	0	14	12872	614301	40372	35	0	0	634677	609518	32812	0
4342	-127	-13	3	4294967295	15984	7747	575460	10	966	1437927	7	27566	2	1	0	9079	2	0	3	2998	3	12764	15984	666	0	0	0	0	154	0	14	12872	614301	40372	35	0	0	634627	609518	32812	0
4341	-127	-13	3	4294967295	15904	7747	575460	10	966	1437927	7	27566	2	1	0	9079	2	0	3	2998	3	12764	15904	666	0	0	0	0	154	0	14	12872	614301	40372	35	0	0	634577	609518	32812	0
4340	-127	-13	3	4294967295	15824	7747	575460	10	966	1437927	7	27566	2	1	0	9079	2	0	3	2998	3	12764	15824	666	0	0	0	0	154	0	14	12872	614301	40372	35	0	0	634527	609518	32812	0
4339	-127	-13	3	4294967295	15744	7747	575460	10	966	1437927	7	27566	2	1	0	9079	2	0	3	2998	3	12764	15744	666	0	0	0	0	154	0	14	12872	614301	40372	35	0	0	634477	609518	32812	0
4338	-127	-13	3	4294967295	15664	7747	575460	10	966	1437927	7	27566	2	1	0	9079	2	0	3	2998	3	12764	15664	666	0	0	0	0	154	0	14	12872	614301	40372	35	0	0	634427	609518	32812	0
4337	-127	-13	3	4294967295	15584	7747	575460	10	966	1437927	7	27566	2	1	0	9079	2	0	3	2998	3	12764	15584	666	0	0	0	0	154	0	14	12872	614301	40372	35	0	0	634377	609518	32812	0
4336	-127	-13	3	4294967295	15504	7747	575460	10	966	1437927	7	27566	2	1	0	9079	2	0	3	2998	3	12764	15504	666	0	0	0	0	154	0	14	12872	614301	40372	35	0	0	634327	609518	32812	0
4335	-127	-13	3	4294967295	15336	7747	575460	10	966	1437927	7	27566	2	1	0	9079	2	0	3	2998	3	12764	15336	666	0	0	0	0	154	0	14	12872	614301	40372	35	0	0	634225	609518	32812	0
4334	-127	-13	3	4294967295	15264	7747	575460	10	966	1437927	7	27566	2	1	0	9079	2	0	3	2998	3	12764	15264	666	0	0	0	0	154	0	14	12872	614301	40372	35	0	0	634177	609518	32812	0
4333	-127	-13	3	4294967295	15184	7747	575460	10	966	1437927	7	27566	2	1	0	9079	2	0	3	2998	3	12764	15184	666	0	0	0	0	154	0	14	12872	614301	40372	35	0	0	634127	609518	32812	0
4332	-127	-13	3	4294967295	15104	7747	575460	10	966	1437927	7	27566	2	1	0	9079	2	0	3	2998	3	12764	15104	666	0	0	0	0	154	0	14	12872	614301	40372	35	0	0	634077	609518	32812	0
4331	-127	-13	3	4294967295	15024	7747	575460	10	966	1437927	7	27566	2	1	0	9079	2	0	3	2998	3	12764	15024	666	0	0	0	0	154	0	14	12872	614301	40372	35	0	0	634027	609518	32812	0
4330	-127	-13	3	4294967295	14944	7747	575460	10	966	1437927	7	27566	2	1	0	9079	2	0	3	2998	3	12764	14944	666	0	0	0	0	154	0	14	12872	614301	40372	35	0	0	633977	609518	32812	0
4329	-127	-13	3	4294967295	14864	7747	575460	10	966	1437927	7	27566	2	1	0	9079	2	0	3	2998	3	12764	14864	666	0	0	0	0	154	0	14	12872	614301	40372	35	0	0	633927	609518	32812	0
4328	-127	-13	3	4294967295	14784	7747	575460	10	966	1437927	7	27566	2	1	0	9079	2	0	3	2998	3	12764	14784	666	0	0	0	0	154	0	14	12872	614301	40372	35	0	0	633877	609518	32812	0
4327	-127	-13	3	4294967295	14704	7747	575460	10	966	1437927	7	27566	2	1	0	9079	2	0	3	2998	3	12764	14704	666	0	0	0	0	154	0	14	12872	614301	40372	35	0	0	633827	609518	32812	0
4326	-127	-13	3	4294967295	14624	7747	575460	10	966	1437927	7	27566	2	1	0	9079	2	0	3	2998	3	12764	14624	666	0	0	0	0	154	0	14	12872	614301	40372	35	0	0	633777	609518	32812	0
4325	-127	-13	3	4294967295	14464	7747	575460	10	966	1437927	7	27566	2	1	0	9079	2	0	3	2998	3	12764	14464	666	0	0	0	0	154	0	14	12872	614301	40372	35	0	0	633677	609518	32812	0
4324	-127	-13	3	4294967295	14384	7747	575460	10	966	1437927	7	27566	2	1	0	9079	2	0	3	2998	3	12764	14384	666	0	0	0	0	154	0	14	12872	614301	40372	35	0	0	633627	609518	32812	0
4323	-127	-13	3	4294967295	14304	7747	575460	10	966	1437927	7	27566	2	1	0	9079	2	0	3	2998	3	12764	14304	666	0	0	0	0	154	0	14	12872	614301	40372	35	0	0	633577	609518	32812	0
4322	-127	-13	3	4294967295	14224	7747	575460	10	966	1437927	7	27566	2	1	0	9079	2	0	3	2998	3	12764	14224	666	0	0	0	0	154	0	14	12872	614301	40372	35	0	0	633527	609518	32812	0
4321	-127	-13	3	4294967295	14144	7747	575460	10	966	1437927	7	27566	2	1	0	9079	2	0	3	2998	3	12764	14144	666	0	0	0	0	154	0	14	12872	614301	40372	35	0	0	633477	609518	32812	0
4320	-127	-13	3	4294967295	14064	7747	575460	10	966	1437927	7	27566	2	1	0	9079	2	0	3	2998	3	12764	14064	666	0	0	0	0	154	0	14	12872	614301	40372	35	0	0	633427	609518	32812	0
4319	-127	-13	3	4294967295	13984	7747	575460	10	966	1437927	7	27566	2	1	0	9079	2	0	3	2998	3	12764	13984	666	0	0	0	0	154	0	14	12872	614301	40372	35	0	0	633377	609518	32812	0
4318	-127	-13	3	4294967295	13904	7747	575460	10	966	1437927	7	27566	2	1	0	9079	2	0	3	2998	3	12764	13904	666	0	0	0	0	154	0	14	12872	614301	40372	35	0	0	633327	609518	32812	0
4317	-127	-13	3	4294967295	13824	7747	575460	10	966	1437927	7	27566	2	1	0	9079	2	0	3	2998	3	12764	13824	666	0	0	0	0	154	0	14	12872	614301	40372	35	0	0	633277	609518	32812	0
4316	-127	-13	3	4294967295	13744	7747	575460	10	966	1437927	7	27566	2	1	0	9079	2	0	3	2998	3	12764	13744	666	0	0	0	0	154	0	14	12872	614301	40372	35	0	0	633227	609518	32812	0
4315	-127	-13	3	4294967295	13584	7747	575460	10	966	1437927	7	27566	2	1	0	9079	2	0	3	2998	3	12764	13584	666	0	0	0	0	154	0	14	12872	614301	40372	35	0	0	633127	609518	32812	0
4314	-127	-13	3	4294967295	13504	7747	575460	10	966	1437927	7	27566	2	1	0	9079	2	0	3	2998	3	12764	13504	666	0	0	0	0	154	0	14	12872	614301	40372	35	0	0	633077	609518	32812	0
4313	-127	-13	3	4294967295	13424	7747	575460	10	966	1437927	7	27566	2	1	0	9079	2	0	3	2998	3	12764	13424	666	0	0	0	0	154	0	14	12872	614301	40372	35	0	0	633027	609518	32812	0
4312	-127	-13	3	4294967295	13344	7747	575460	10	966	1437927	7	27566	2	1	0	9079	2	0	3	2998	3	12764	13344	666	0	0	0	0	154	0	14	12872	614301	40372	35	0	0	632977	609518	32812	0
4311	-127	-13	3	4294967295	13264	7747	575460	10	966	1437927	7	27566	2	1	0	9079	2	0	3	2998	3	12764	13264	666	0	0	0	0	154	0	14	12872	614301	40372	35	0	0	632927	609518	32812	0
4310	-127	-13	3	4294967295	13184	7747	575460	10	966	1437927	7	27566	2	1	0	9079	2	0	3	2998	3	12764	13184	666	0	0	0	0	154	0	14	12872	614301	40372	35	0	0	632877	609518	32812	0
4309	-127	-13	3	4294967295	13104	7747	575460	10	966	1437927	7	27566	2	1	0	9079	2	0	3	2998	3	12764	13104	666	0	0	0	0	154	0	14	12872	614301	40372	35	0	0	632827	609518	32812	0
4308	-127	-13	3	4294967295	13024	7747	575460	10	966	1437927	7	27566	2	1	0	9079	2	0	3	2998	3	12764	13024	666	0	0	0	0	154	0	14	12872	614301	40372	35	0	0	632777	609518	32812	0
4307	-127	-13	3	4294967295	12944	7747	575460	10	966	1437927	7	27566	2	1	0	9079	2	0	3	2998	3	12764	12944	666	0	0	0	0	154	0	14	12872	614301	40372	35	0	0	632727	609518	32812	0
4306	-127	-13	3	4294967295	12864	7747	575460	10	966	1437927	7	27566	2	1	0	9079	2	0	3	2998	3	12764	12864	666	0	0	0	0	154	0	14	12872	614301	40372	35	0	0	632677	609518	32812	0
4305	-127	-13	3	4294967295	12704	7747	575460	10	966	1437927	7	27566	2	1	0	9079	2	0	3	2998	3	12764	12704	666	0	0	0	0	154	0	14	12872	614301	40372	35	0	0	632577	609518	32812	0
4304	-127	-13	3	4294967295	12624	7747	575460	10	966	1437927	7	27566	2	1	0	9079	2	0	3	2998	3	12764	12624	666	0	0	0	0	154	0	14	12872	614301	40372	35	0	0	632527	609518	32812	0
4303	-127	-13	3	4294967295	12544	7747	575460	10	966	1437927	7	27566	2	1	0	9079	2	0	3	2998	3	12764	12544	666	0	0	0	0	154	0	14	12872	614301	40372	35	0	0	632477	609518	32812	0
4302	-127	-13	3	4294967295	12464	7747	575460	10	966	1437927	7	27566	2	1	0	9079	2	0	3	2998	3	12764	12464	666	0	0	0	0	154	0	14	12872	614301	40372	35	0	0	632427	609518	32812	0
4301	-127	-13	3	4294967295	12384	7747	575460	10	966	1437927	7	27566	2	1	0	9079	2	0	3	2998	3	12764	12384	666	0	0	0	0	154	0	14	12872	614301	40372	35	0	0	632377	609518	32812	0
4300	-127	-13	3	4294967295	12304	7747	575460	10	966	1437927	7	27566	2	1	0	9079	2	0	3	2998	3	12764	12304	666	0	0	0	0	154	0	14	12872	614301	40372	35	0	0	632327	609518	32812	0
4299	-127	-13	3	4294967295	12224	7747	575460	10	966	1437927	7	27566	2	1	0	9079	2	0	3	2998	3	12764	12224	666	0	0	0	0	154	0	14	12872	614301	40372	35	0	0	632277	609518	32812	0
4298	-127	-13	3	4294967295	12144	7747	575460	10	966	1437927	7	27566	2	1	0	9079	2	0	3	2998	3	12764	12144	666	0	0	0	0	154	0	14	12872	614301	40372	35	0	0	632227	609518	32812	0
4297	-127	-13	3	4294967295	12064	7747	575460	10	966	1437927	7	27566	2	1	0	9079	2	0	3	2998	3	12764	12064	666	0	0	0	0	154	0	14	12872	614301	40372	35	0	0	632177	609518	32812	0
4296	-127	-13	3	4294967295	11984	7747	575460	10	966	1437927	7	27566	2	1	0	9079	2	0	3	2998	3	12764	11984	666	0	0	0	0	154	0	14	12872	614301	40372	35	0	0	632127	609518	32812	0
4295	-127	-13	3	4294967295	11824	7747	575460	10	966	1437927	7	27566	2	1	0	9079	2	0	3	2998	3	12764	11824	666	0	0	0	0	154	0	14	12872	614301	40372	35	0	0	632027	609518	32812	0
4294	-127	-13	3	4294967295	11744	7747	575460	10	966	1437927	7	27566	2	1	0	9079	2	0	3	2998	3	12764	11744	666	0	0	0	0	154	0	14	12872	614301	40372	35	0	0	631977	609518	32812	0
4293	-127	-13	3	4294967295	11664	7747	575460	10	966	1437927	7	27566	2	1	0	9079	2	0	3	2998	3	12764	11664	666	0	0	0	0	154	0	14	12872	614301	40372	35	0	0	631927	609518	32812	0
4292	-127	-13	3	4294967295	11584	7747	575460	10	966	1437927	7	27566	2	1	0	9079	2	0	3	2998	3	12764	11584	666	0	0	0	0	154	0	14	12872	614301	40372	35	0	0	631877	609518	32812	0
4291	-127	-13	3	4294967295	11504	7747	575460	10	966	1437927	7	27566	2	1	0	9079	2	0	3	2998	3	12764	11504	666	0	0	0	0	154	0	14	12872	614301	40372	35	0	0	631827	609518	32812	0
4290	-127	-13	3	4294967295	11424	7747	575460	10	966	1437927	7	27566	2	1	0	9079	2	0	3	2998	3	12764	11424	666	0	0	0	0	154	0	14	12872	614301	40372	35	0	0	631777	609518	32812	0
4289	-127	-13	3	4294967295	11344	7747	575460	10	966	1437927	7	27566	2	1	0	9079	2	0	3	2998	3	12764	11344	666	0	0	0	0	154	0	14	12872	614301	40372	35	0	0	631727	609518	32812	0
4288	-127	-13	3	4294967295	11264	7747	575460	10	966	1437927	7	27566	2	1	0	9079	2	0	3	2998	3	12764	11264	666	0	0	0	0	154	0	14	12872	614301	40372	35	0	0	631677	609518	32812	0
4287	-127	-13	3	4294967295	11184	7747	575460	10	966	1437927	7	27566	2	1	0	9079	2	0	3	2998	3	12764	11184	666	0	0	0	0	154	0	14	12872	614301	40372	35	0	0	631627	609518	32812	0
4286	-127	-13	3	4294967295	11104	7747	575460	10	966	1437927	7	27566	2	1	0	9079	2	0	3	2998	3	12764	11104	666	0	0	0	0	154	0	14	12872	614301	40372	35	0	0	631577	609518	32812	0
4285	-127	-13	3	4294967295	10944	7747	575460	10	966	1437927	7	27566	2	1	0	9079	2	0	3	2998	3	12764	10944	666	0	0	0	0	154	0	14	12872	614301	40372	35	0	0	631477	609518	32812	0
4284	-127	-13	3	4294967295	10864	7747	575460	10	966	1437927	7	27566	2	1	0	9079	2	0	3	2998	3	12764	10864	666	0	0	0	0	154	0	14	12872	614301	40372	35	0	0	631427	609518	32812	0
4283	-127	-13	3	4294967295	10784	7747	575460	10	966	1437927	7	27566	2	1	0	9079	2	0	3	2998	3	12764	10784	666	0	0	0	0	154	0	14	12872	614301	40372	35	0	0	631377	609518	32812	0
4282	-127	-13	3	4294967295	10704	7747	575460	10	966	1437927	7	27566	2	1	0	9079	2	0	3	2998	3	12764	10704	666	0	0	0	0	154	0	14	12872	614301	40372	35	0	0	631327	609518	32812	0
4281	-127	-13	3	4294967295	10624	7747	575460	10	966	1437927	7	27566	2	1	0	9079	2	0	3	2998	3	12764	10624	666	0	0	0	0	154	0	14	12872	614301	40372	35	0	0	631277	609518	32812	0
4280	-127	-13	3	4294967295	10544	7747	575460	10	966	1437927	7	27566	2	1	0	9079	2	0	3	2998	3	12764	10544	666	0	0	0	0	154	0	14	12872	614301	40372	35	0	0	631227	609518	32812	0
4279	-127	-13	3	4294967295	10464	7747	575460	10	966	1437927	7	27566	2	1	0	9079	2	0	3	2998	3	12764	10464	666	0	0	0	0	154	0	14	12872	614301	40372	35	0	0	631177	609518	32812	0
4278	-127	-13	3	4294967295	10384	7747	575460	10	966	1437927	7	27566	2	1	0	9079	2	0	3	2998	3	12764	10384	666	0	0	0	0	154	0	14	12872	614301	40372	35	0	0	631127	609518	32812	0
4277	-127	-13	3	4294967295	10304	7747	575460	10	966	1437927	7	27566	2	1	0	9079	2	0	3	2998	3	12764	10304	666	0	0	0	0	154	0	14	12872	614301	40372	35	0	0	631077	609518	32812	0
4276	-127	-13	3	4294967295	10224	7747	575460	10	966	1437927	7	27566	2	1	0	9079	2	0	3	2998	3	12764	10224	666	0	0	0	0	154	0	14	12872	614301	40372	35	0	0	631027	609518	32812	0
4275	-127	-13	3	4294967295	10064	7747	575460	10	966	1437927	7	27566	2	1	0	9079	2	0	3	2998	3	12764	10064	666	0	0	0	0	154	0	14	12872	614301	40372	35	0	0	630927	609518	32812	0
4274	-127	-13	3	4294967295	9984	7747	575460	10	966	1437927	7	27566	2	1	0	9079	2	0	3	2998	3	12764	9984	666	0	0	0	0	154	0	14	12872	614301	40372	35	0	0	630877	609518	32812	0
4273	-127	-13	3	4294967295	9904	7747	575460	10	966	1437927	7	27566	2	1	0	9079	2	0	3	2998	3	12764	9904	666	0	0	0	0	154	0	14	12872	614301	40372	35	0	0	630827	609518	32812	0
4272	-127	-13	3	4294967295	9824	7747	575460	10	966	1437927	7	27566	2	1	0	9079	2	0	3	2998	3	12764	9824	666	0	0	0	0	154	0	14	12872	614301	40372	35	0	0	630777	609518	32812	0
4271	-127	-13	3	4294967295	9744	7747	575460	10	966	1437927	7	27566	2	1	0	9079	2	0	3	2998	3	12764	9744	666	0	0	0	0	154	0	14	12872	614301	40372	35	0	0	630727	609518	32812	0
4270	-127	-13	3	4294967295	9664	7747	575460	10	966	1437927	7	27566	2	1	0	9079	2	0	3	2998	3	12764	9664	666	0	0	0	0	154	0	14	12872	614301	40372	35	0	0	630677	609518	32812	0
4269	-127	-13	3	4294967295	9584	7747	575460	10	966	1437927	7	27566	2	1	0	9079	2	0	3	2998	3	12764	9584	666	0	0	0	0	154	0	14	12872	614301	40372	35	0	0	630627	609518	32812	0
4268	-127	-13	3	4294967295	9504	7747	575460	10	966	1437927	7	27566	2	1	0	9079	2	0	3	2998	3	12764	9504	666	0	0	0	0	154	0	14	12872	614301	40372	35	0	0	630577	609518	32812	0
4267	-127	-13	3	4294967295	9424	7747	575460	10	966	1437927	7	27566	2	1	0	9079	2	0	3	2998	3	12764	9424	666	0	0	0	0	154	0	14	12872	614301	40372	35	0	0	630527	609518	32812	0
4266	-127	-13	3	4294967295	9344	7747	575460	10	966	1437927	7	27566	2	1	0	9079	2	0	3	2998	3	12764	9344	666	0	0	0	0	154	0	14	12872	614301	40372	35	0	0	630477	609518	32812	0
4265	-127	-13	3	4294967295	9184	7747	575460	10	966	1437927	7	27566	2	1	0	9079	2	0	3	2998	3	12764	9184	666	0	0	0	0	154	0	14	12872	614301	40372	35	0	0	630377	609518	32812	0
4264	-127	-13	3	4294967295	9104	7747	575460	10	966	1437927	7	27566	2	1	0	9079	2	0	3	2998	3	12764	9104	666	0	0	0	0	154	0	14	12872	614301	40372	35	0	0	630327	609518	32812	0
4263	-127	-13	3	4294967295	9024	7747	575460	10	966	1437927	7	27566	2	1	0	9079	2	0	3	2998	3	12764	9024	666	0	0	0	0	154	0	14	12872	614301	40372	35	0	0	630277	609518	32812	0
4262	-127	-13	3	4294967295	8944	7747	575460	10	966	1437927	7	27566	2	1	0	9079	2	0	3	2998	3	12764	8944	666	0	0	0	0	154	0	14	12872	614301	40372	35	0	0	630227	609518	32812	0
4261	-127	-13	3	4294967295	8864	7747	575460	10	966	1437927	7	27566	2	1	0	9079	2	0	3	2998	3	12764	8864	666	0	0	0	0	154	0	14	12872	614301	40372	35	0	0	630177	609518	32812	0
4260	-127	-13	3	4294967295	8784	7747	575460	10	966	1437927	7	27566	2	1	0	9079	2	0	3	2998	3	12764	8784	666	0	0	0	0	154	0	14	12872	614301	40372	35	0	0	630127	609518	32812	0
4259	-127	-13	3	4294967295	8704	7747	575460	10	966	1437927	7	27566	2	1	0	9079	2	0	3	2998	3	12764	8704	666	0	0	0	0	154	0	14	12872	614301	40372	35	0	0	630077	609518	32812	0
4258	-127	-13	3	4294967295	8624	7747	575460	10	966	1437927	7	27566	2	1	0	9079	2	0	3	2998	3	12764	8624	666	0	0	0	0	154	0	14	12872	614301	40372	35	0	0	630027	609518	32812	0
4257	-127	-13	3	4294967295	8544	7747	575460	10	966	1437927	7	27566	2	1	0	9079	2	0	3	2998	3	12764	8544	666	0	0	0	0	154	0	14	12872	614301	40372	35	0	0	629977	609518	32812	0
4256	-127	-13	3	4294967295	8384	7747	575460	10	966	1437927	7	27566	2	1	0	9079	2	0	3	2998	3	12764	8384	666	0	0	0	0	154	0	14	12872	614301	40372	35	0	0	629877	609518	32812	0
4255	-127	-13	3	4294967295	8304	7747	575460	10	966	1437927	7	27566	2	1	0	9079	2	0	3	2998	3	12764	8304	666	0	0	0	0	154	0	14	12872	614301	40372	35	0	0	629827	609518	32812	0
4254	-127	-13	3	4294967295	8224	7747	575460	10	966	1437927	7	27566	2	1	0	9079	2	0	3	2998	3	12764	8224	666	0	0	0	0	154	0	14	12872	614301	40372	35	0	0	629777	609518	32812	0
4253	-127	-13	3	4294967295	8144	7747	575460	10	966	1437927	7	27566	2	1	0	9079	2	0	3	2998	3	12764	8144	666	0	0	0	0	154	0	14	12872	614301	40372	35	0	0	629727	609518	32812	0
4252	-127	-13	3	4294967295	8064	7747	575460	10	966	1437927	7	27566	2	1	0	9079	2	0	3	2998	3	12764	8064	666	0	0	0	0	154	0	14	12872	614301	40372	35	0	0	629677	609518	32812	0
4251	-127	-13	3	4294967295	7984	7747	575460	10	966	1437927	7	27566	2	1	0	9079	2	0	3	2998	3	12764	7984	666	0	0	0	0	154	0	14	12872	614301	40372	35	0	0	629627	609518	32812	0
4250	-127	-13	3	4294967295	7904	7747	575460	10	966	1437927	7	27566	2	1	0	9079	2	0	3	2998	3	12764	7904	666	0	0	0	0	154	0	14	12872	614301	40372	35	0	0	629577	609518	32812	0
4249	-127	-13	3	4294967295	7824	7747	575460	10	966	1437927	7	27566	2	1	0	9079	2	0	3	2998	3	12764	7824	666	0	0	0	0	154	0	14	12872	614301	40372	35	0	0	629527	609518	32812	0
4248	-127	-13	3	4294967295	7744	7747	575460	10	966	1437927	7	27566	2	1	0	9079	2	0	3	2998	3	12764	7744	666	0	0	0	0	154	0	14	12872	614301	40372	35	0	0	629477	609518	32812	0
4247	-127	-13	3	4294967295	7664	7747	575460	10	966	1437927	7	27566	2	1	0	9079	2	0	3	2998	3	12764	7664	666	0	0	0	0	154	0	14	12872	614301	40372	35	0	0	629427	609518	32812	0
4246	-127	-13	3	4294967295	7504	7747	575460	10	966	1437927	7	27566	2	1	0	9079	2	0	3	2998	3	12764	7504	666	0	0	0	0	154	0	14	12872	614301	40372	35	0	0	629327	609518	32812	0
4245	-127	-13	3	4294967295	7424	7747	575460	10	966	1437927	7	27566	2	1	0	9079	2	0	3	2998	3	12764	7424	666	0	0	0	0	154	0	14	12872	614301	40372	35	0	0	629277	609518	32812	0
4244	-127	-13	3	4294967295	7344	7747	575460	10	966	1437927	7	27566	2	1	0	9079	2	0	3	2998	3	12764	7344	666	0	0	0	0	154	0	14	12872	614301	40372	35	0	0	629227	609518	32812	0
4243	-127	-13	3	4294967295	7264	7747	575460	10	966	1437927	7	27566	2	1	0	9079	2	0	3	2998	3	12764	7264	666	0	0	0	0	154	0	14	12872	614301	40372	35	0	0	629177	609518	32812	0
4242	-127	-13	3	4294967295	7184	7747	575460	10	966	1437927	7	27566	2	1	0	9079	2	0	3	2998	3	12764	7184	666	0	0	0	0	154	0	14	12872	614301	40372	35	0	0	629127	609518	32812	0
4241	-127	-13	3	4294967295	7104	7747	575460	10	966	1437927	7	27566	2	1	0	9079	2	0	3	2998	3	12764	7104	666	0	0	0	0	154	0	14	12872	614301	40372	35	0	0	629077	609518	32812	0
4240	-127	-13	3	4294967295	7024	7747	575460	10	966	1437927	7	27566	2	1	0	9079	2	0	3	2998	3	12764	7024	666	0	0	0	0	154	0	14	12872	614301	40372	35	0	0	629027	609518	32812	0
4239	-127	-13	3	4294967295	6944	7747	575460	10	966	1437927	7	27566	2	1	0	9079	2	0	3	2998	3	12764	6944	666	0	0	0	0	154	0	14	12872	614301	40372	35	0	0	628977	609518	32812	0
4238	-127	-13	3	4294967295	6864	7747	575460	10	966	1437927	7	27566	2	1	0	9079	2	0	3	2998	3	12764	6864	666	0	0	0	0	154	0	14	12872	614301	40372	35	0	0	628927	609518	32812	0
4237	-127	-13	3	4294967295	6784	7747	575460	10	966	1437927	7	27566	2	1	0	9079	2	0	3	2998	3	12764	6784	666	0	0	0	0	154	0	14	12872	614301	40372	35	0	0	628877	609518	32812	0
4236	-127	-13	3	4294967295	6624	7747	575460	10	966	1437927	7	27566	2	1	0	9079	2	0	3	2998	3	12764	6624	666	0	0	0	0	154	0	14	12872	614301	40372	35	0	0	628777	609518	32812	0
4235	-127	-13	3	4294967295	6544	7747	575460	10	966	1437927	7	27566	2	1	0	9079	2	0	3	2998	3	12764	6544	666	0	0	0	0	154	0	14	12872	614301	40372	35	0	0	628727	609518	32812	0
4234	-127	-13	3	4294967295	6464	7747	575460	10	966	1437927	7	27566	2	1	0	9079	2	0	3	2998	3	12764	6464	666	0	0	0	0	154	0	14	12872	614301	40372	35	0	0	628677	609518	32812	0
4233	-127	-13	3	4294967295	6384	7747	575460	10	966	1437927	7	27566	2	1	0	9079	2	0	3	2998	3	12764	6384	666	0	0	0	0	154	0	14	12872	614301	40372	35	0	0	628627	609518	32812	0
4232	-127	-13	3	4294967295	6304	7747	575460	10	966	1437927	7	27566	2	1	0	9079	2	0	3	2998	3	12764	6304	666	0	0	0	0	154	0	14	12872	614301	40372	35	0	0	628577	609518	32812	0
4231	-127	-13	3	4294967295	6224	7747	575460	10	966	1437927	7	27566	2	1	0	9079	2	0	3	2998	3	12764	6224	666	0	0	0	0	154	0	14	12872	614301	40372	35	0	0	628527	609518	32812	0
4230	-127	-13	3	4294967295	6144	7747	575460	10	966	1437927	7	27566	2	1	0	9079	2	0	3	2998	3	12764	6144	666	0	0	0	0	154	0	14	12872	614301	40372	35	0	0	628477	609518	32812	0
4229	-127	-13	3	4294967295	6064	7747	575460	10	966	1437927	7	27566	2	1	0	9079	2	0	3	2998	3	12764	6064	666	0	0	0	0	154	0	14	12872	614301	40372	35	0	0	628427	609518	32812	0
4228	-127	-13	3	4294967295	5984	7747	575460	10	966	1437927	7	27566	2	1	0	9079	2	0	3	2998	3	12764	5984	666	0	0	0	0	154	0	14	12872	614301	40372	35	0	0	628377	609518	32812	0
4227	-127	-13	3	4294967295	5904	7747	575460	10	966	1437927	7	27566	2	1	0	9079	2	0	3	2998	3	12764	5904	666	0	0	0	0	154	0	14	12872	614301	40372	35	0	0	628327	609518	32812	0
4226	-127	-13	3	4294967295	5744	7747	575460	10	966	1437927	7	27566	2	1	0	9079	2	0	3	2998	3	12764	5744	666	0	0	0	0	154	0	14	12872	614301	40372	35	0	0	628227	609518	32812	0
4225	-127	-13	3	4294967295	5664	7747	575460	10	966	1437927	7	27566	2	1	0	9079	2	0	3	2998	3	12764	5664	666	0	0	0	0	154	0	14	12872	614301	40372	35	0	0	628177	609518	32812	0
4224	-127	-13	3	4294967295	5584	7747	575460	10	966	1437927	7	27566	2	1	0	9079	2	0	3	2998	3	12764	5584	666	0	0	0	0	154	0	14	12872	614301	40372	35	0	0	628127	609518	32812	0
4223	-127	-13	3	4294967295	5504	7747	575460	10	966	1437927	7	27566	2	1	0	9079	2	0	3	2998	3	12764	5504	666	0	0	0	0	154	0	14	12872	614301	40372	35	0	0	628077	609518	32812	0
4222	-127	-13	3	4294967295	5424	7747	575460	10	966	1437927	7	27566	2	1	0	9079	2	0	3	2998	3	12764	5424	666	0	0	0	0	154	0	14	12872	614301	40372	35	0	0	628027	609518	32812	0
4221	-127	-13	3	4294967295	5344	7747	575460	10	966	1437927	7	27566	2	1	0	9079	2	0	3	2998	3	12764	5344	666	0	0	0	0	154	0	14	12872	614301	40372	35	0	0	627977	609518	32812	0
4220	-127	-13	3	4294967295	5264	7747	575460	10	966	1437927	7	27566	2	1	0	9079	2	0	3	2998	3	12764	5264	666	0	0	0	0	154	0	14	12872	614301	40372	35	0	0	627927	609518	32812	0
4219	-127	-13	3	4294967295	5184	7747	575460	10	966	1437927	7	27566	2	1	0	9079	2	0	3	2998	3	12764	5184	666	0	0	0	0	154	0	14	12872	614301	40372	35	0	0	627877	609518	32812	0
4218	-127	-13	3	4294967295	5104	7747	575460	10	966	1437927	7	27566	2	1	0	9079	2	0	3	2998	3	12764	5104	666	0	0	0	0	154	0	14	12872	614301	40372	35	0	0	627827	609518	32812	0
4217	-127	-13	3	4294967295	5024	7747	575460	10	966	1437927	7	27566	2	1	0	9079	2	0	3	2998	3	12764	5024	666	0	0	0	0	154	0	14	12872	614301	40372	35	0	0	627777	609518	32812	0
4216	-127	-13	3	4294967295	4864	7747	575460	10	966	1437927	7	27566	2	1	0	9079	2	0	3	2998	3	12764	4864	666	0	0	0	0	154	0	14	12872	614301	40372	35	0	0	627677	609518	32812	0
4215	-127	-13	3	4294967295	4784	7747	575460	10	966	1437927	7	27566	2	1	0	9079	2	0	3	2998	3	12764	4784	666	0	0	0	0	154	0	14	12872	614301	40372	35	0	0	627627	609518	32812	0
4214	-127	-13	3	4294967295	4704	7747	575460	10	966	1437927	7	27566	2	1	0	9079	2	0	3	2998	3	12764	4704	666	0	0	0	0	154	0	14	12872	614301	40372	35	0	0	627577	609518	32812	0
4213	-127	-13	3	4294967295	4624	7747	575460	10	966	1437927	7	27566	2	1	0	9079	2	0	3	2998	3	12764	4624	666	0	0	0	0	154	0	14	12872	614301	40372	35	0	0	627527	609518	32812	0
4212	-127	-13	3	4294967295	4544	7747	575460	10	966	1437927	7	27566	2	1	0	9079	2	0	3	2998	3	12764	4544	666	0	0	0	0	154	0	14	12872	614301	40372	35	0	0	627477	609518	32812	0
4211	-127	-13	3	4294967295	4464	7747	575460	10	966	1437927	7	27566	2	1	0	9079	2	0	3	2998	3	12764	4464	666	0	0	0	0	154	0	14	12872	614301	40372	35	0	0	627427	609518	32812	0
4210	-127	-13	3	4294967295	4384	7747	575460	10	966	1437927	7	27566	2	1	0	9079	2	0	3	2998	3	12764	4384	666	0	0	0	0	154	0	14	12872	614301	40372	35	0	0	627377	609518	32812	0
4209	-127	-13	3	4294967295	4304	7747	575460	10	966	1437927	7	27566	2	1	0	9079	2	0	3	2998	3	12764	4304	666	0	0	0	0	154	0	14	12872	614301	40372	35	0	0	627327	609518	32812	0
4208	-127	-13	3	4294967295	4224	7747	575460	10	966	1437927	7	27566	2	1	0	9079	2	0	3	2998	3	12764	4224	666	0	0	0	0	154	0	14	12872	614301	40372	35	0	0	627277	609518	32812	0
4207	-127	-13	3	4294967295	4144	7747	575460	10	966	1437927	7	27566	2	1	0	9079	2	0	3	2998	3	12764	4144	666	0	0	0	0	154	0	14	12872	614301	40372	35	0	0	627227	609518	32812	0
4206	-127	-13	3	4294967295	3984	7747	575460	10	966	1437927	7	27566	2	1	0	9079	2	0	3	2998	3	12764	3984	666	0	0	0	0	154	0	14	12872	614301	40372	35	0	0	627127	609518	32812	0
4205	-127	-13	3	4294967295	3904	7747	575460	10	966	1437927	7	27566	2	1	0	9079	2	0	3	2998	3	12764	3904	666	0	0	0	0	154	0	14	12872	614301	40372	35	0	0	627077	609518	32812	0
4204	-127	-13	3	4294967295	3824	7747	575460	10	966	1437927	7	27566	2	1	0	9079	2	0	3	2998	3	12764	3824	666	0	0	0	0	154	0	14	12872	614301	40372	35	0	0	627027	609518	32812	0
4203	-127	-13	3	4294967295	3744	7747	575460	10	966	1437927	7	27566	2	1	0	9079	2	0	3	2998	3	12764	3744	666	0	0	0	0	154	0	14	12872	614301	40372	35	0	0	626977	609518	32812	0
4202	-127	-13	3	4294967295	3664	7747	575460	10	966	1437927	7	27566	2	1	0	9079	2	0	3	2998	3	12764	3664	666	0	0	0	0	154	0	14	12872	614301	40372	35	0	0	626927	609518	32812	0
4201	-127	-13	3	4294967295	3584	7747	575460	10	966	1437927	7	27566	2	1	0	9079	2	0	3	2998	3	12764	3584	666	0	0	0	0	154	0	14	12872	614301	40372	35	0	0	626877	609518	32812	0
4200	-127	-13	3	4294967295	3504	7747	575460	10	966	1437927	7	27566	2	1	0	9079	2	0	3	2998	3	12764	3504	666	0	0	0	0	154	0	14	12872	614301	40372	35	0	0	626827	609518	32812	0
4199	-127	-13	3	4294967295	3424	7747	575460	10	966	1437927	7	27566	2	1	0	9079	2	0	3	2998	3	12764	3424	666	0	0	0	0	154	0	14	12872	614301	40372	35	0	0	626777	609518	32812	0
4198	-127	-13	3	4294967295	3344	7747	575460	10	966	1437927	7	27566	2	1	0	9079	2	0	3	2998	3	12764	3344	666	0	0	0	0	154	0	14	12872	614301	40372	35	0	0	626727	609518	32812	0
4197	-127	-13	3	4294967295	3264	7747	575460	10	966	1437927	7	27566	2	1	0	9079	2	0	3	2998	3	12764	3264	666	0	0	0	0	154	0	14	12872	614301	40372	35	0	0	626677	609518	32812	0
4196	-127	-13	3	4294967295	3104	7747	575460	10	966	1437927	7	27566	2	1	0	9079	2	0	3	2998	3	12764	3104	666	0	0	0	0	154	0	14	12872	614301	40372	35	0	0	626577	609518	32812	0
4195	-127	-13	3	4294967295	3024	7747	575460	10	966	1437927	7	27566	2	1	0	9079	2	0	3	2998	3	12764	3024	666	0	0	0	0	154	0	14	12872	614301	40372	35	0	0	626527	609518	32812	0
4194	-127	-13	3	4294967295	2944	7747	575460	10	966	1437927	7	27566	2	1	0	9079	2	0	3	2998	3	12764	2944	666	0	0	0	0	154	0	14	12872	614301	40372	35	0	0	626477	609518	32812	0
4193	-127	-13	3	4294967295	2864	7747	575460	10	966	1437927	7	27566	2	1	0	9079	2	0	3	2998	3	12764	2864	666	0	0	0	0	154	0	14	12872	614301	40372	35	0	0	626427	609518	32812	0
4192	-127	-13	3	4294967295	2784	7747	575460	10	966	1437927	7	27566	2	1	0	9079	2	0	3	2998	3	12764	2784	666	0	0	0	0	154	0	14	12872	614301	40372	35	0	0	626377	609518	32812	0
4191	-127	-13	3	4294967295	2704	7747	575460	10	966	1437927	7	27566	2	1	0	9079	2	0	3	2998	3	12764	2704	666	0	0	0	0	154	0	14	12872	614301	40372	35	0	0	626327	609518	32812	0
4190	-127	-13	3	4294967295	2624	7747	575460	10	966	1437927	7	27566	2	1	0	9079	2	0	3	2998	3	12764	2624	666	0	0	0	0	154	0	14	12872	614301	40372	35	0	0	626277	609518	32812	0
4189	-127	-13	3	4294967295	2544	7747	575460	10	966	1437927	7	27566	2	1	0	9079	2	0	3	2998	3	12764	2544	666	0	0	0	0	154	0	14	12872	614301	40372	35	0	0	626227	609518	32812	0
4188	-127	-13	3	4294967295	2464	7747	575460	10	966	1437927	7	27566	2	1	0	9079	2	0	3	2998	3	12764	2464	666	0	0	0	0	154	0	14	12872	614301	40372	35	0	0	626177	609518	32812	0
4187	-127	-13	3	4294967295	2384	7747	575460	10	966	1437927	7	27566	2	1	0	9079	2	0	3	2998	3	12764	2384	666	0	0	0	0	154	0	14	12872	614301	40372	35	0	0	626127	609518	32812	0
4186	-127	-13	3	4294967295	2224	7747	575460	10	966	1437927	7	27566	2	1	0	9079	2	0	3	2998	3	12764	2224	666	0	0	0	0	154	0	14	12872	614301	40372	35	0	0	626027	609518	32812	0
4185	-127	-13	3	4294967295	2144	7747	575460	10	966	1437927	7	27566	2	1	0	9079	2	0	3	2998	3	12764	2144	666	0	0	0	0	154	0	14	12872	614301	40372	35	0	0	625977	609518	32812	0
4184	-127	-13	3	4294967295	2064	7747	575460	10	966	1437927	7	27566	2	1	0	9079	2	0	3	2998	3	12764	2064	666	0	0	0	0	154	0	14	12872	614301	40372	35	0	0	625927	609518	32812	0
4183	-127	-13	3	4294967295	1984	7747	575460	10	966	1437927	7	27566	2	1	0	9079	2	0	3	2998	3	12764	1984	666	0	0	0	0	154	0	14	12872	614301	40372	35	0	0	625877	609518	32812	0
4182	-127	-13	3	4294967295	1904	7747	575460	10	966	1437927	7	27566	2	1	0	9079	2	0	3	2998	3	12764	1904	666	0	0	0	0	154	0	14	12872	614301	40372	35	0	0	625827	609518	32812	0
4181	-127	-13	3	4294967295	1824	7747	575460	10	966	1437927	7	27566	2	1	0	9079	2	0	3	2998	3	12764	1824	666	0	0	0	0	154	0	14	12872	614301	40372	35	0	0	625777	609518	32812	0
4180	-127	-13	3	4294967295	1744	7747	575460	10	966	1437927	7	27566	2	1	0	9079	2	0	3	2998	3	12764	1744	666	0	0	0	0	154	0	14	12872	614301	40372	35	0	0	625727	609518	32812	0
4179	-127	-13	3	4294967295	1664	7747	575460	10	966	1437927	7	27566	2	1	0	9079	2	0	3	2998	3	12764	1664	666	0	0	0	0	154	0	14	12872	614301	40372	35	0	0	625677	609518	32812	0
4178	-127	-13	3	4294967295	1584	7747	575460	10	966	1437927	7	27566	2	1	0	9079	2	0	3	2998	3	12764	1584	666	0	0	0	0	154	0	14	12872	614301	40372	35	0	0	625627	609518	32812	0
4177	-127	-13	3	4294967295	1504	7747	575460	10	966	1437927	7	27566	2	1	0	9079	2	0	3	2998	3	12764	1504	666	0	0	0	0	154	0	14	12872	614301	40372	35	0	0	625577	609518	32812	0
4176	-127	-13	3	4294967295	1344	7747	575460	10	966	1437927	7	27566	2	1	0	9079	2	0	3	2998	3	12764	1344	666	0	0	0	0	154	0	14	12872	614301	40372	35	0	0	625477	609518	32812	0
4175	-127	-13	3	4294967295	1264	7747	575460	10	966	1437927	7	27566	2	1	0	9079	2	0	3	2998	3	12764	1264	666	0	0	0	0	154	0	14	12872	614301	40372	35	0	0	625427	609518	32812	0
4174	-127	-13	3	4294967295	1184	7747	575460	10	966	1437927	7	27566	2	1	0	9079	2	0	3	2998	3	12764	1184	666	0	0	0	0	154	0	14	12872	614301	40372	35	0	0	625377	609518	32812	0
4173	-127	-13	3	4294967295	1104	7747	575460	10	966	1437927	7	27566	2	1	0	9079	2	0	3	2998	3	12764	1104	666	0	0	0	0	154	0	14	12872	614301	40372	35	0	0	625327	609518	32812	0
4172	-127	-13	3	4294967295	1024	7747	575460	10	966	1437927	7	27566	2	1	0	9079	2	0	3	2998	3	12764	1024	666	0	0	0	0	154	0	14	12872	614301	40372	35	0	0	625277	609518	32812	0
4171	-127	-13	3	4294967295	944	7747	575460	10	966	1437927	7	27566	2	1	0	9079	2	0	3	2998	3	12764	944	666	0	0	0	0	154	0	14	12872	614301	40372	35	0	0	625227	609518	32812	0
4170	-127	-13	3	4294967295	864	7747	575460	10	966	1437927	7	27566	2	1	0	9079	2	0	3	2998	3	12764	864	666	0	0	0	0	154	0	14	12872	614301	40372	35	0	0	625177	609518	32812	0
4169	-127	-13	3	4294967295	784	7747	575460	10	966	1437927	7	27566	2	1	0	9079	2	0	3	2998	3	12764	784	666	0	0	0	0	154	0	14	12872	614301	40372	35	0	0	625127	609518	32812	0
4168	-127	-13	3	4294967295	704	7747	575460	10	966	1437927	7	27566	2	1	0	9079	2	0	3	2998	3	12764	704	666	0	0	0	0	154	0	14	12872	614301	40372	35	0	0	625077	609518	32812	0
4167	-127	-13	3	4294967295	544	7747	575460	10	966	1437927	7	27566	2	1	0	9079	2	0	3	2998	3	12764	544	666	0	0	0	0	154	0	14	12872	614301	40372	35	0	0	624977	609518	32812	0
4166	-127	-13	3	4294967295	464	7747	575460	10	966	1437927	7	27566	2	1	0	9079	2	0	3	2998	3	12764	464	666	0	0	0	0	154	0	14	12872	614301	40372	35	0	0	624927	609518	32812	0
4165	-127	-13	3	4294967295	384	7747	575460	10	966	1437927	7	27566	2	1	0	9079	2	0	3	2998	3	12764	384	666	0	0	0	0	154	0	14	12872	614301	40372	35	0	0	624877	609518	32812	0
4164	-127	-13	3	4294967295	304	7747	575460	10	966	1437927	7	27566	2	1	0	9079	2	0	3	2998	3	12764	304	666	0	0	0	0	154	0	14	12872	614301	40372	35	0	0	624827	609518	32812	0
4163	-127	-13	3	4294967295	224	7747	575460	10	966	1437927	7	27566	2	1	0	9079	2	0	3	2998	3	12764	224	666	0	0	0	0	154	0	14	12872	614301	40372	35	0	0	624777	609518	32812	0
4162	-127	-13	3	4294967295	144	7747	575460	10	966	1437927	7	27566	2	1	0	9079	2	0	3	2998	3	12764	144	666	0	0	0	0	154	0	14	12872	614301	40372	35	0	0	624727	609518	32812	0
4161	-127	-13	3	4294967295	64	7747	575460	10	966	1437927	7	27566	2	1	0	9079	2	0	3	2998	3	12764	64	666	0	0	0	0	154	0	14	12872	614301	40372	35	0	0	624677	609518	32812	0
4160	-127	-13	3	4294967295	16368	7747	575460	10	966	1437927	7	27566	2	1	0	9079	2	0	3	2998	3	12764	16368	666	0	0	0	0	154	0	14	12872	614301	40372	35	0	0	624627	609518	32812	0
4159	-127	-13	3	4294967295	16288	7747	575460	10	966	1437927	7	27566	2	1	0	9079	2	0	3	2998	3	12764	16288	666	0	0	0	0	154	0	14	12872	614301	40372	35	0	0	624577	609518	32812	0
4158	-127	-13	3	4294967295	16208	7747	575460	10	966	1437927	7	27566	2	1	0	9079	2	0	3	2998	3	12764	16208	666	0	0	0	0	154	0	14	12872	614301	40372	35	0	0	624527	609518	32812	0
4157	-127	-13	3	4294967295	16048	7747	575460	10	966	1437927	7	27566	2	1	0	9079	2	0	3	2998	3	12764	16048	666	0	0	0	0	154	0	14	12872	614301	40372	35	0	0	624427	609518	32812	0
4156	-127	-13	3	4294967295	15968	7747	575460	10	966	1437927	7	27566	2	1	0	9079	2	0	3	2998	3	12764	15968	666	0	0	0	0	154	0	14	12872	614301	40372	35	0	0	624377	609518	32812	0
4155	-127	-13	3	4294967295	15888	7747	575460	10	966	1437927	7	27566	2	1	0	9079	2	0	3	2998	3	12764	15888	666	0	0	0	0	154	0	14	12872	614301	40372	35	0	0	624327	609518	32812	0
4154	-127	-13	3	4294967295	15808	7747	575460	10	966	1437927	7	27566	2	1	0	9079	2	0	3	2998	3	12764	15808	666	0	0	0	0	154	0	14	12872	614301	40372	35	0	0	624277	609518	32812	0
4153	-127	-13	3	4294967295	15728	7747	575460	10	966	1437927	7	27566	2	1	0	9079	2	0	3	2998	3	12764	15728	666	0	0	0	0	154	0	14	12872	614301	40372	35	0	0	624227	609518	32812	0
4152	-127	-13	3	4294967295	15648	7747	575460	10	966	1437927	7	27566	2	1	0	9079	2	0	3	2998	3	12764	15648	666	0	0	0	0	154	0	14	12872	614301	40372	35	0	0	624177	609518	32812	0
4151	-127	-13	3	4294967295	15568	7747	575460	10	966	1437927	7	27566	2	1	0	9079	2	0	3	2998	3	12764	15568	666	0	0	0	0	154	0	14	12872	614301	40372	35	0	0	624127	609518	32812	0
4150	-127	-13	3	4294967295	15488	7747	575460	10	966	1437927	7	27566	2	1	0	9079	2	0	3	2998	3	12764	15488	666	0	0	0	0	154	0	14	12872	614301	40372	35	0	0	624077	609518	32812	0
4149	-127	-13	3	4294967295	15408	7747	575460	10	966	1437927	7	27566	2	1	0	9079	2	0	3	2998	3	12764	15408	666	0	0	0	0	154	0	14	12872	614301	40372	35	0	0	624027	609518	32812	0
4148	-127	-13	3	4294967295	15328	7747	575460	10	966	1437927	7	27566	2	1	0	9079	2	0	3	2998	3	12764	15328	666	0	0	0	0	154	0	14	12872	614301	40372	35	0	0	623977	609518	32812	0
4147	-127	-13	3	4294967295	15168	7747	575460	10	966	1437927	7	27566	2	1	0	9079	2	0	3	2998	3	12764	15168	666	0	0	0	0	154	0	14	12872	614301	40372	35	0	0	623877	609518	32812	0
4146	-127	-13	3	4294967295	15088	7747	575460	10	966	1437927	7	27566	2	1	0	9079	2	0	3	2998	3	12764	15088	666	0	0	0	0	154	0	14	12872	614301	40372	35	0	0	623827	609518	32812	0
4145	-127	-13	3	4294967295	15008	7747	575460	10	966	1437927	7	27566	2	1	0	9079	2	0	3	2998	3	12764	15008	666	0	0	0	0	154	0	14	12872	614301	40372	35	0	0	623777	609518	32812	0
4144	-127	-13	3	4294967295	14928	7747	575460	10	966	1437927	7	27566	2	1	0	9079	2	0	3	2998	3	12764	14928	666	0	0	0	0	154	0	14	12872	614301	40372	35	0	0	623727	609518	32812	0
4143	-127	-13	3	4294967295	14848	7747	575460	10	966	1437927	7	27566	2	1	0	9079	2	0	3	2998	3	12764	14848	666	0	0	0	0	154	0	14	12872	614301	40372	35	0	0	623677	609518	32812	0
4142	-127	-13	3	4294967295	14768	7747	575460	10	966	1437927	7	27566	2	1	0	9079	2	0	3	2998	3	12764	14768	666	0	0	0	0	154	0	14	12872	614301	40372	35	0	0	623627	609518	32812	0
4141	-127	-13	3	4294967295	14688	7747	575460	10	966	1437927	7	27566	2	1	0	9079	2	0	3	2998	3	12764	14688	666	0	0	0	0	154	0	14	12872	614301	40372	35	0	0	623577	609518	32812	0
4140	-127	-13	3	4294967295	14608	7747	575460	10	966	1437927	7	27566	2	1	0	9079	2	0	3	2998	3	12764	14608	666	0	0	0	0	154	0	14	12872	614301	40372	35	0	0	623527	609518	32812	0
4139	-127	-13	3	4294967295	14528	7747	575460	10	966	1437927	7	27566	2	1	0	9079	2	0	3	2998	3	12764	14528	666	0	0	0	0	154	0	14	12872	614301	40372	35	0	0	623477	609518	32812	0
4138	-127	-13	3	4294967295	14441	7747	575460	10	966	1437927	7	27566	2	1	0	9079	2	0	3	2998	3	12764	14441	666	0	0	0	0	154	0	14	12872	614301	40372	35	0	0	623426	609518	32812	0
4137	-127	-13	3	4294967295	14288	7747	575460	10	966	1437927	7	27566	2	1	0	9079	2	0	3	2998	3	12764	14288	666	0	0	0	0	154	0	14	12872	614301	40372	35	0	0	623327	609518	32812	0
4136	-127	-13	3	4294967295	14208	7747	575460	10	966	1437927	7	27566	2	1	0	9079	2	0	3	2998	3	12764	14208	666	0	0	0	0	154	0	14	12872	614301	40372	35	0	0	623277	609518	32812	0
4135	-127	-13	3	4294967295	14128	7747	575460	10	966	1437927	7	27566	2	1	0	9079	2	0	3	2998	3	12764	14128	666	0	0	0	0	154	0	14	12872	614301	40372	35	0	0	623227	609518	32812	0
4134	-127	-13	3	4294967295	14048	7747	575460	10	966	1437927	7	27566	2	1	0	9079	2	0	3	2998	3	12764	14048	666	0	0	0	0	154	0	14	12872	614301	40372	35	0	0	623177	609518	32812	0
4133	-127	-13	3	4294967295	13968	7747	575460	10	966	1437927	7	27566	2	1	0	9079	2	0	3	2998	3	12764	13968	666	0	0	0	0	154	0	14	12872	614301	40372	35	0	0	623127	609518	32812	0
4132	-127	-13	3	4294967295	13888	7747	575460	10	966	1437927	7	27566	2	1	0	9079	2	0	3	2998	3	12764	13888	666	0	0	0	0	154	0	14	12872	614301	40372	35	0	0	623077	609518	32812	0
4131	-127	-13	3	4294967295	13808	7747	575460	10	966	1437927	7	27566	2	1	0	9079	2	0	3	2998	3	12764	13808	666	0	0	0	0	154	0	14	12872	614301	40372	35	0	0	623027	609518	32812	0
4130	-127	-13	3	4294967295	13728	7747	575460	10	966	1437927	7	27566	2	1	0	9079	2	0	3	2998	3	12764	13728	666	0	0	0	0	154	0	14	12872	614301	40372	35	0	0	622977	609518	32812	0
4129	-127	-13	3	4294967295	13648	7747	575460	10	966	1437927	7	27566	2	1	0	9079	2	0	3	2998	3	12764	13648	666	0	0	0	0	154	0	14	12872	614301	40372	35	0	0	622927	609518	32812	0
4128	-127	-13	3	4294967295	13568	7747	575460	10	966	1437927	7	27566	2	1	0	9079	2	0	3	2998	3	12764	13568	666	0	0	0	0	154	0	14	12872	614301	40372	35	0	0	622877	609518	32812	0
4127	-127	-13	3	4294967295	13408	7747	575460	10	966	1437927	7	27566	2	1	0	9079	2	0	3	2998	3	12764	13408	666	0	0	0	0	154	0	14	12872	614301	40372	35	0	0	622777	609518	32812	0
4126	-127	-13	3	4294967295	13328	7747	575460	10	966	1437927	7	27566	2	1	0	9079	2	0	3	2998	3	12764	13328	666	0	0	0	0	154	0	14	12872	614301	40372	35	0	0	622727	609518	32812	0
4125	-127	-13	3	4294967295	13248	7747	575460	10	966	1437927	7	27566	2	1	0	9079	2	0	3	2998	3	12764	13248	666	0	0	0	0	154	0	14	12872	614301	40372	35	0	0	622677	609518	32812	0
4124	-127	-13	3	4294967295	13168	7747	575460	10	966	1437927	7	27566	2	1	0	9079	2	0	3	2998	3	12764	13168	666	0	0	0	0	154	0	14	12872	614301	40372	35	0	0	622627	609518	32812	0
4123	-127	-13	3	4294967295	13088	7747	575460	10	966	1437927	7	27566	2	1	0	9079	2	0	3	2998	3	12764	13088	666	0	0	0	0	154	0	14	12872	614301	40372	35	0	0	622577	609518	32812	0
4122	-127	-13	3	4294967295	13008	7747	575460	10	966	1437927	7	27566	2	1	0	9079	2	0	3	2998	3	12764	13008	666	0	0	0	0	154	0	14	12872	614301	40372	35	0	0	622527	609518	32812	0
4121	-127	-13	3	4294967295	12928	7747	575460	10	966	1437927	7	27566	2	1	0	9079	2	0	3	2998	3	12764	12928	666	0	0	0	0	154	0	14	12872	614301	40372	35	0	0	622477	609518	32812	0
4120	-127	-13	3	4294967295	12848	7747	575460	10	966	1437927	7	27566	2	1	0	9079	2	0	3	2998	3	12764	12848	666	0	0	0	0	154	0	14	12872	614301	40372	35	0	0	622427	609518	32812	0
4119	-127	-13	3	4294967295	12768	7747	575460	10	966	1437927	7	27566	2	1	0	9079	2	0	3	2998	3	12764	12768	666	0	0	0	0	154	0	14	12872	614301	40372	35	0	0	622377	609518	32812	0
4118	-127	-13	3	4294967295	12688	7747	575460	10	966	1437927	7	27566	2	1	0	9079	2	0	3	2998	3	12764	12688	666	0	0	0	0	154	0	14	12872	614301	40372	35	0	0	622327	609518	32812	0
4117	-127	-13	3	4294967295	12528	7747	575460	10	966	1437927	7	27566	2	1	0	9079	2	0	3	2998	3	12764	12528	666	0	0	0	0	154	0	14	12872	614301	40372	35	0	0	622227	609518	32812	0
4116	-127	-13	3	4294967295	12448	7747	575460	10	966	1437927	7	27566	2	1	0	9079	2	0	3	2998	3	12764	12448	666	0	0	0	0	154	0	14	12872	614301	40372	35	0	0	622177	609518	32812	0
4115	-127	-13	3	4294967295	12368	7747	575460	10	966	1437927	7	27566	2	1	0	9079	2	0	3	2998	3	12764	12368	666	0	0	0	0	154	0	14	12872	614301	40372	35	0	0	622127	609518	32812	0
4114	-127	-13	3	4294967295	12288	7747	575460	10	966	1437927	7	27566	2	1	0	9079	2	0	3	2998	3	12764	12288	666	0	0	0	0	154	0	14	12872	614301	40372	35	0	0	622077	609518	32812	0
4113	-127	-13	3	4294967295	12208	7747	575460	10	966	1437927	7	27566	2	1	0	9079	2	0	3	2998	3	12764	12208	666	0	0	0	0	154	0	14	12872	614301	40372	35	0	0	622027	609518	32812	0
4112	-127	-13	3	4294967295	12128	7747	575460	10	966	1437927	7	27566	2	1	0	9079	2	0	3	2998	3	12764	12128	666	0	0	0	0	154	0	14	12872	614301	40372	35	0	0	621977	609518	32812	0
4111	-127	-13	3	4294967295	12048	7747	575460	10	966	1437927	7	27566	2	1	0	9079	2	0	3	2998	3	12764	12048	666	0	0	0	0	154	0	14	12872	614301	40372	35	0	0	621927	609518	32812	0
4110	-127	-13	3	4294967295	11968	7747	575460	10	966	1437927	7	27566	2	1	0	9079	2	0	3	2998	3	12764	11968	666	0	0	0	0	154	0	14	12872	614301	40372	35	0	0	621877	609518	32812	0
4109	-127	-13	3	4294967295	11888	7747	575460	10	966	1437927	7	27566	2	1	0	9079	2	0	3	2998	3	12764	11888	666	0	0	0	0	154	0	14	12872	614301	40372	35	0	0	621827	609518	32812	0
4108	-127	-13	3	4294967295	11808	7747	575460	10	966	1437927	7	27566	2	1	0	9079	2	0	3	2998	3	12764	11808	666	0	0	0	0	154	0	14	12872	614301	40372	35	0	0	621777	609518	32812	0
4107	-127	-13	3	4294967295	11648	7747	575460	10	966	1437927	7	27566	2	1	0	9079	2	0	3	2998	3	12764	11648	666	0	0	0	0	154	0	14	12872	614301	40372	35	0	0	621677	609518	32812	0
4106	-127	-13	3	4294967295	11568	7747	575460	10	966	1437927	7	27566	2	1	0	9079	2	0	3	2998	3	12764	11568	666	0	0	0	0	154	0	14	12872	614301	40372	35	0	0	621627	609518	32812	0
4105	-127	-13	3	4294967295	11488	7747	575460	10	966	1437927	7	27566	2	1	0	9079	2	0	3	2998	3	12764	11488	666	0	0	0	0	154	0	14	12872	614301	40372	35	0	0	621577	609518	32812	0
4104	-127	-13	3	4294967295	11408	7747	575460	10	966	1437927	7	27566	2	1	0	9079	2	0	3	2998	3	12764	11408	666	0	0	0	0	154	0	14	12872	614301	40372	35	0	0	621527	609518	32812	0
4103	-127	-13	3	4294967295	11328	7747	575460	10	966	1437927	7	27566	2	1	0	9079	2	0	3	2998	3	12764	11328	666	0	0	0	0	154	0	14	12872	614301	40372	35	0	0	621477	609518	32812	0
4102	-127	-13	3	4294967295	11248	7747	575460	10	966	1437927	7	27566	2	1	0	9079	2	0	3	2998	3	12764	11248	666	0	0	0	0	154	0	14	12872	614301	40372	35	0	0	621427	609518	32812	0
4101	-127	-13	3	4294967295	11168	7747	575460	10	966	1437927	7	27566	2	1	0	9079	2	0	3	2998	3	12764	11168	666	0	0	0	0	154	0	14	12872	614301	40372	35	0	0	621377	609518	32812	0
4100	-127	-13	3	4294967295	11088	7747	575460	10	966	1437927	7	27566	2	1	0	9079	2	0	3	2998	3	12764	11088	666	0	0	0	0	154	0	14	12872	614301	40372	35	0	0	621327	609518	32812	0
4099	-127	-13	3	4294967295	11008	7747	575460	10	966	1437927	7	27566	2	1	0	9079	2	0	3	2998	3	12764	11008	666	0	0	0	0	154	0	14	12872	614301	40372	35	0	0	621277	609518	32812	0
4098	-127	-13	3	4294967295	10928	7747	575460	10	966	1437927	7	27566	2	1	0	9079	2	0	3	2998	3	12764	10928	666	0	0	0	0	154	0	14	12872	614301	40372	35	0	0	621227	609518	32812	0
4097	-127	-13	3	4294967295	10768	7747	575460	10	966	1437927	7	27566	2	1	0	9079	2	0	3	2998	3	12764	10768	666	0	0	0	0	154	0	14	12872	614301	40372	35	0	0	621127	609518	32812	0
4096	-127	-13	3	4294967295	10688	7747	575460	10	966	1437927	7	27566	2	1	0	9079	2	0	3	2998	3	12764	10688	666	0	0	0	0	154	0	14	12872	614301	40372	35	0	0	621077	609518	32812	0
4095	-127	-13	3	4294967295	10608	7747	575460	10	966	1437927	7	27566	2	1	0	9079	2	0	3	2998	3	12764	10608	666	0	0	0	0	154	0	14	12872	614301	40372	35	0	0	621027	609518	32812	0
4094	-127	-13	3	4294967295	10528	7747	575460	10	966	1437927	7	27566	2	1	0	9079	2	0	3	2998	3	12764	10528	666	0	0	0	0	154	0	14	12872	614301	40372	35	0	0	620977	609518	32812	0
4093	-127	-13	3	4294967295	10448	7747	575460	10	966	1437927	7	27566	2	1	0	9079	2	0	3	2998	3	12764	10448	666	0	0	0	0	154	0	14	12872	614301	40372	35	0	0	620927	609518	32812	0
4092	-127	-13	3	4294967295	10368	7747	575460	10	966	1437927	7	27566	2	1	0	9079	2	0	3	2998	3	12764	10368	666	0	0	0	0	154	0	14	12872	614301	40372	35	0	0	620877	609518	32812	0
4091	-127	-13	3	4294967295	10288	7747	575460	10	966	1437927	7	27566	2	1	0	9079	2	0	3	2998	3	12764	10288	666	0	0	0	0	154	0	14	12872	614301	40372	35	0	0	620827	609518	32812	0
4090	-127	-13	3	4294967295	10208	7747	575460	10	966	1437927	7	27566	2	1	0	9079	2	0	3	2998	3	12764	10208	666	0	0	0	0	154	0	14	12872	614301	40372	35	0	0	620777	609518	32812	0
4089	-127	-13	3	4294967295	10128	7747	575460	10	966	1437927	7	27566	2	1	0	9079	2	0	3	2998	3	12764	10128	666	0	0	0	0	154	0	14	12872	614301	40372	35	0	0	620727	609518	32812	0
4088	-127	-13	3	4294967295	10048	7747	575460	10	966	1437927	7	27566	2	1	0	9079	2	0	3	2998	3	12764	10048	666	0	0	0	0	154	0	14	12872	614301	40372	35	0	0	620677	609518	32812	0
4087	-127	-13	3	4294967295	9888	7747	575460	10	966	1437927	7	27566	2	1	0	9079	2	0	3	2998	3	12764	9888	666	0	0	0	0	154	0	14	12872	614301	40372	35	0	0	620577	609518	32812	0
4086	-127	-13	3	4294967295	9808	7747	575460	10	966	1437927	7	27566	2	1	0	9079	2	0	3	2998	3	12764	9808	666	0	0	0	0	154	0	14	12872	614301	40372	35	0	0	620527	609518	32812	0
4085	-127	-13	3	4294967295	9728	7747	575460	10	966	1437927	7	27566	2	1	0	9079	2	0	3	2998	3	12764	9728	666	0	0	0	0	154	0	14	12872	614301	40372	35	0	0	620477	609518	32812	0
4084	-127	-13	3	4294967295	9648	7747	575460	10	966	1437927	7	27566	2	1	0	9079	2	0	3	2998	3	12764	9648	666	0	0	0	0	154	0	14	12872	614301	40372	35	0	0	620427	609518	32812	0
4083	-127	-13	3	4294967295	9568	7747	575460	10	966	1437927	7	27566	2	1	0	9079	2	0	3	2998	3	12764	9568	666	0	0	0	0	154	0	14	12872	614301	40372	35	0	0	620377	609518	32812	0
4082	-127	-13	3	4294967295	9488	7747	575460	10	966	1437927	7	27566	2	1	0	9079	2	0	3	2998	3	12764	9488	666	0	0	0	0	154	0	14	12872	614301	40372	35	0	0	620327	609518	32812	0
4081	-127	-13	3	4294967295	9408	7747	575460	10	966	1437927	7	27566	2	1	0	9079	2	0	3	2998	3	12764	9408	666	0	0	0	0	154	0	14	12872	614301	40372	35	0	0	620277	609518	32812	0
4080	-127	-13	3	4294967295	9328	7747	575460	10	966	1437927	7	27566	2	1	0	9079	2	0	3	2998	3	12764	9328	666	0	0	0	0	154	0	14	12872	614301	40372	35	0	0	620227	609518	32812	0
4079	-127	-13	3	4294967295	9248	7747	575460	10	966	1437927	7	27566	2	1	0	9079	2	0	3	2998	3	12764	9248	666	0	0	0	0	154	0	14	12872	614301	40372	35	0	0	620177	609518	32812	0
4078	-127	-13	3	4294967295	9168	7747	575460	10	966	1437927	7	27566	2	1	0	9079	2	0	3	2998	3	12764	9168	666	0	0	0	0	154	0	14	12872	614301	40372	35	0	0	620127	609518	32812	0
4077	-127	-13	3	4294967295	9008	7747	575460	10	966	1437927	7	27566	2	1	0	9079	2	0	3	2998	3	12764	9008	666	0	0	0	0	154	0	14	12872	614301	40372	35	0	0	620027	609518	32812	0
4076	-127	-13	3	4294967295	8928	7747	575460	10	966	1437927	7	27566	2	1	0	9079	2	0	3	2998	3	12764	8928	666	0	0	0	0	154	0	14	12872	614301	40372	35	0	0	619977	609518	32812	0
4075	-127	-13	3	4294967295	8848	7747	575460	10	966	1437927	7	27566	2	1	0	9079	2	0	3	2998	3	12764	8848	666	0	0	0	0	154	0	14	12872	614301	40372	35	0	0	619927	609518	32812	0
4074	-127	-13	3	4294967295	8768	7747	575460	10	966	1437927	7	27566	2	1	0	9079	2	0	3	2998	3	12764	8768	666	0	0	0	0	154	0	14	12872	614301	40372	35	0	0	619877	609518	32812	0
4073	-127	-13	3	4294967295	8688	7747	575460	10	966	1437927	7	27566	2	1	0	9079	2	0	3	2998	3	12764	8688	666	0	0	0	0	154	0	14	12872	614301	40372	35	0	0	619827	609518	32812	0
4072	-127	-13	3	4294967295	8608	7747	575460	10	966	1437927	7	27566	2	1	0	9079	2	0	3	2998	3	12764	8608	666	0	0	0	0	154	0	14	12872	614301	40372	35	0	0	619777	609518	32812	0
4071	-127	-13	3	4294967295	8528	7747	575460	10	966	1437927	7	27566	2	1	0	9079	2	0	3	2998	3	12764	8528	666	0	0	0	0	154	0	14	12872	614301	40372	35	0	0	619727	609518	32812	0
4070	-127	-13	3	4294967295	8448	7747	575460	10	966	1437927	7	27566	2	1	0	9079	2	0	3	2998	3	12764	8448	666	0	0	0	0	154	0	14	12872	614301	40372	35	0	0	619677	609518	32812	0
4069	-127	-13	3	4294967295	8368	7747	575460	10	966	1437927	7	27566	2	1	0	9079	2	0	3	2998	3	12764	8368	666	0	0	0	0	154	0	14	12872	614301	40372	35	0	0	619627	609518	32812	0
4068	-127	-13	3	4294967295	8288	7747	575460	10	966	1437927	7	27566	2	1	0	9079	2	0	3	2998	3	12764	8288	666	0	0	0	0	154	0	14	12872	614301	40372	35	0	0	619577	609518	32812	0
4067	-127	-13	3	4294967295	8128	7747	575460	10	966	1437927	7	27566	2	1	0	9079	2	0	3	2998	3	12764	8128	666	0	0	0	0	154	0	14	12872	614301	40372	35	0	0	619477	609518	32812	0
4066	-127	-13	3	4294967295	8048	7747	575460	10	966	1437927	7	27566	2	1	0	9079	2	0	3	2998	3	12764	8048	666	0	0	0	0	154	0	14	12872	614301	40372	35	0	0	619427	609518	32812	0
4065	-127	-13	3	4294967295	7968	7747	575460	10	966	1437927	7	27566	2	1	0	9079	2	0	3	2998	3	12764	7968	666	0	0	0	0	154	0	14	12872	614301	40372	35	0	0	619377	609518	32812	0
4064	-127	-13	3	4294967295	7888	7747	575460	10	966	1437927	7	27566	2	1	0	9079	2	0	3	2998	3	12764	7888	666	0	0	0	0	154	0	14	12872	614301	40372	35	0	0	619327	609518	32812	0
4063	-127	-13	3	4294967295	7808	7747	575460	10	966	1437927	7	27566	2	1	0	9079	2	0	3	2998	3	12764	7808	666	0	0	0	0	154	0	14	12872	614301	40372	35	0	0	619277	609518	32812	0
4062	-127	-13	3	4294967295	7728	7747	575460	10	966	1437927	7	27566	2	1	0	9079	2	0	3	2998	3	12764	7728	666	0	0	0	0	154	0	14	12872	614301	40372	35	0	0	619227	609518	32812	0
4061	-127	-13	3	4294967295	7648	7747	575460	10	966	1437927	7	27566	2	1	0	9079	2	0	3	2998	3	12764	7648	666	0	0	0	0	154	0	14	12872	614301	40372	35	0	0	619177	609518	32812	0
4060	-127	-13	3	4294967295	7568	7747	575460	10	966	1437927	7	27566	2	1	0	9079	2	0	3	2998	3	12764	7568	666	0	0	0	0	154	0	14	12872	614301	40372	35	0	0	619127	609518	32812	0
4059	-127	-13	3	4294967295	7488	7747	575334	10	966	1437927	7	27560	2	1	0	9079	2	0	3	2998	3	12764	7488	666	0	0	0	0	154	0	14	12872	614301	40372	35	0	0	619077	609518	32812	0
4058	-127	-13	3	4294967295	7408	7747	575271	10	966	1437927	7	27557	2	1	0	9079	2	0	3	2998	3	12764	7408	666	0	0	0	0	154	0	14	12872	614301	40372	35	0	0	619027	609518	32812	0
4057	-127	-13	3	4294967295	7248	7747	575019	10	966	1437927	7	27545	2	1	0	9079	2	0	3	2998	3	12764	7248	666	0	0	0	0	154	0	14	12872	614301	40372	35	0	0	618927	609518	32812	0
4056	-127	-13	3	4294967295	7168	7747	574956	10	966	1437927	7	27542	2	1	0	9079	2	0	3	2998	3	12764	7168	666	0	0	0	0	154	0	14	12872	614301	40372	35	0	0	618877	609518	32812	0
4055	-127	-13	3	4294967295	7088	7747	574830	10	966	1437927	7	27536	2	1	0	9079	2	0	3	2998	3	12764	7088	666	0	0	0	0	154	0	14	12872	614301	40372	35	0	0	618827	609518	32812	0
4054	-127	-13	4	4294967295	7008	7747	574767	10	966	1437864	7	27533	2	1	0	9078	4	0	3	2998	3	12764	7008	666	0	0	0	0	154	0	14	12872	614301	40372	35	0	0	618777	609518	32812	0
4053	-127	-13	4	0	6928	7747	574641	10	966	1437801	7	27527	2	1	0	9077	4	0	3	2998	3	12764	6928	666	0	0	0	0	154	0	14	12872	614301	40372	35	0	0	618727	609518	32812	0
4052	-127	-13	5	4294967294	6848	7747	574515	10	966	1437738	7	27521	2	1	0	9076	6	0	3	2998	3	12764	6848	666	0	0	0	0	154	0	14	12872	614301	40372	35	0	0	618677	609518	32812	0
4051	-127	-13	4	0	6768	7745	574452	10	965	1437720	7	27518	2	1	0	9075	4	4	3	2995	3	12757	6768	666	0	0	0	0	154	0	14	12872	614301	40372	35	0	0	618627	609518	32812	0
4050	-127	-13	4	0	6688	7745	574326	10	965	1437657	7	27512	2	1	0	9074	4	4	3	2995	3	12757	6688	666	0	0	0	0	154	0	14	12872	614301	40372	35	0	0	618577	609518	32812	0
4049	-127	-13	4	4294967295	6608	7745	574200	10	965	1437531	7	27506	2	1	0	9072	4	4	3	2995	3	12757	6608	666	0	0	0	0	154	0	14	12872	614301	40372	35	0	0	618527	609518	32812	0
4048	-127	-13	4	4294967295	6528	7745	574137	10	965	1437531	7	27503	2	1	0	9072	4	4	3	2995	3	12757	6528	666	0	0	0	0	154	0	14	12872	614301	40372	35	0	0	618477	609518	32812	0
4047	-126	-12	4	4294967294	6368	7743	573948	10	964	1437450	7	27494	2	1	0	9070	4	0	3	2992	3	12750	6368	666	0	0	0	0	154	0	14	12872	614301	40372	35	0	0	618377	609518	32812	0
4046	-126	-12	3	4294967294	6288	7743	573822	10	964	1437387	7	27488	2	1	0	9069	2	0	3	2992	3	12750	6288	666	0	0	0	0	154	0	14	12872	614301	40372	35	0	0	618327	609518	32812	0
4045	-126	-12	3	4294967295	6208	7743	573696	10	964	1437324	7	27482	2	1	0	9068	2	0	3	2992	3	12750	6208	666	0	0	0	0	154	0	14	12872	614301	40372	35	0	0	618277	609518	32812	0
4044	-126	-12	4	4294967292	6128	7741	573633	10	963	1437243	7	27479	2	1	0	9066	4	0	3	2989	3	12743	6128	666	0	0	0	0	154	0	14	12872	614301	40372	35	0	0	618227	609518	32812	0
4043	-126	-12	4	4294967292	6048	7741	573570	10	963	1437243	7	27476	2	1	0	9066	4	0	3	2989	3	12743	6048	666	0	0	0	0	154	0	14	12872	614301	40372	35	0	0	618177	609518	32812	0
4042	-123	-10	4	4294967295	5968	7739	573444	10	962	1437225	7	27470	2	1	0	9065	4	0	3	2986	3	12736	5968	666	0	0	0	0	154	0	14	12872	614301	40372	35	0	0	618127	609518	32812	0
4041	-123	-10	3	4294967294	5888	7739	573381	10	962	1437099	7	27467	2	1	0	9063	2	0	3	2986	3	12736	5888	666	0	0	0	0	154	0	14	12872	614301	40372	35	0	0	618077	609518	32812	0
4040	-123	-10	3	4294967294	5808	7739	573255	10	962	1436973	7	27461	2	1	0	9061	2	0	3	2986	3	12736	5808	666	0	0	0	0	154	0	14	12872	614301	40372	35	0	0	618027	609518	32812	0
4039	-123	-10	3	4294967295	5728	7739	573129	10	962	1436910	7	27455	2	1	0	9060	2	0	3	2986	3	12736	5728	666	0	0	0	0	154	0	14	12872	614301	40372	35	0	0	617977	609518	32812	0
4038	-123	-10	4	4294967292	5648	7739	573003	10	962	1436847	7	27449	2	1	0	9059	4	0	3	2986	3	12736	5648	666	0	0	0	0	154	0	14	12872	614301	40372	35	0	0	617927	609518	32812	0
4037	-122	-9	5	4294967295	5488	7737	572814	10	961	1436703	7	27440	2	1	0	9056	6	11	3	2983	3	12729	5488	666	0	0	0	0	154	0	14	12872	614301	40372	35	0	0	617827	609518	32812	0
4036	-122	-9	5	0	5408	7737	572688	10	961	1436577	7	27434	2	1	0	9054	6	11	3	2983	3	12729	5408	666	0	0	0	0	154	0	14	12872	614301	40372	35	0	0	617777	609518	32812	0
4035	-122	-9	7	0	5328	7737	572562	10	961	1436451	7	27428	2	1	0	9052	11	11	3	2983	3	12729	5328	666	0	0	0	0	154	0	14	12872	614301	40372	35	0	0	617727	609518	32812	0
4034	-121	-8	7	3	5248	7735	572499	10	960	1436433	7	27425	2	1	0	9051	11	0	3	2980	3	12722	5248	666	0	0	0	0	154	0	14	12872	614301	40372	35	0	0	617677	609518	32812	0
4033	-121	-8	7	3	5168	7735	572436	10	960	1436433	7	27422	2	1	0	9051	11	0	3	2980	3	12722	5168	666	0	0	0	0	154	0	14	12872	614301	40372	35	0	0	617627	609518	32812	0
4032	-121	-8	7	3	5088	7735	572310	10	960	1436433	7	27416	2	1	0	9051	11	0	3	2980	3	12722	5088	666	0	0	0	0	154	0	14	12872	614301	40372	35	0	0	617577	609518	32812	0
4031	-121	-8	6	6	5008	7735	572184	10	960	1436307	7	27410	2	1	0	9049	8	0	3	2980	3	12722	5008	666	0	0	0	0	154	0	14	12872	614301	40372	35	0	0	617527	609518	32812	0
4030	-121	-8	5	10	4928	7735	572058	10	960	1436181	7	27404	2	1	0	9047	6	0	3	2980	3	12722	4928	666	0	0	0	0	154	0	14	12872	614301	40372	35	0	0	617477	609518	32812	0
4029	-120	-7	4	4	4848	7733	571995	10	959	1436100	7	27401	2	1	0	9045	4	0	3	2977	3	12715	4848	666	0	0	0	0	154	0	14	12872	614301	40372	35	0	0	617427	609518	32812	0
4028	-120	-7	6	5	4768	7733	571869	10	959	1436037	7	27395	2	1	0	9044	8	0	3	2977	3	12715	4768	666	0	0	0	0	154	0	14	12872	614301	40372	35	0	0	617377	609518	32812	0
4027	-120	-7	7	6	4608	7733	571680	10	959	1435848	7	27386	2	1	0	9041	11	0	3	2977	3	12715	4608	666	0	0	0	0	154	0	14	12872	614301	40372	35	0	0	617277	609518	32812	0
4026	-120	-7	7	11	4528	7733	571554	10	959	1435722	7	27380	2	1	0	9039	11	0	3	2977	3	12715	4528	666	0	0	0	0	154	0	14	12872	614301	40372	35	0	0	617227	609518	32812	0
4025	-120	-9	8	12	4448	7731	571491	10	958	1435641	7	27377	2	1	0	9037	13	13	3	2974	3	12708	4448	666	0	0	0	0	154	0	14	12872	614301	40372	35	0	0	617177	609518	32812	0
4024	-120	-9	9	11	4368	7731	571365	10	958	1435578	7	27371	2	1	0	9036	16	13	3	2974	3	12708	4368	666	0	0	0	0	154	0	14	12872	614301	40372	35	0	0	617127	609518	32812	0
4023	-120	-9	8	10	4288	7731	571239	10	958	1435452	7	27365	2	1	0	9034	13	13	3	2974	3	12708	4288	666	0	0	0	0	154	0	14	12872	614301	40372	35	0	0	617077	609518	32812	0
4022	-120	-9	8	9	4208	7731	571113	10	958	1435326	7	27359	2	1	0	9032	13	13	3	2974	3	12708	4208	666	0	0	0	0	154	0	14	12872	614301	40372	35	0	0	617027	609518	32812	0
4021	-120	-9	8	5	4128	7731	571050	10	958	1435200	7	27356	2	1	0	9030	13	13	3	2974	3	12708	4128	666	0	0	0	0	154	0	14	12872	614301	40372	35	0	0	616977	609518	32812	0
4020	-122	-9	8	1	4048	7729	570924	10	957	1435182	7	27350	2	1	0	9029	13	11	3	2971	3	12701	4048	666	0	0	0	0	154	0	14	12872	614301	40372	35	0	0	616927	609518	32812	0
4019	-122	-9	8	3	3968	7729	570861	10	957	1435056	7	27347	2	1	0	9027	13	11	3	2971	3	12701	3968	666	0	0	0	0	154	0	14	12872	614301	40372	35	0	0	616877	609518	32812	0
4018	-122	-9	8	4	3888	7729	570735	10	957	1434993	7	27341	2	1	0	9026	13	11	3	2971	3	12701	3888	666	0	0	0	0	154	0	14	12872	614301	40372	35	0	0	616827	609518	32812	0
4017	-122	-9	7	6	3728	7729	570483	10	957	1434741	7	27329	2	1	0	9022	11	11	3	2971	3	12701	3728	666	0	0	0	0	154	0	14	12872	614301	40372	35	0	0	616727	609518	32812	0
4016	-123	-10	7	3	3648	7727	570420	10	956	1434723	7	27326	2	1	0	9021	11	0	3	2968	3	12694	3648	666	0	0	0	0	154	0	14	12872	614301	40372	35	0	0	616677	609518	32812	0
4015	-123	-10	6	5	3568	7727	570294	10	956	1434597	7	27320	2	1	0	9019	8	0	3	2968	3	12694	3568	666	0	0	0	0	154	0	14	12872	614301	40372	35	0	0	616627	609518	32812	0
4014	-123	-10	6	6	3488	7727	570231	10	956	1434471	7	27317	2	1	0	9017	8	0	3	2968	3	12694	3488	666	0	0	0	0	154	0	14	12872	614301	40372	35	0	0	616577	609518	32812	0
4013	-123	-10	7	7	3408	7727	570105	10	956	1434345	7	27311	2	1	0	9015	11	0	3	2968	3	12694	3408	666	0	0	0	0	154	0	14	12872	614301	40372	35	0	0	616527	609518	32812	0
4012	-123	-10	7	4	3328	7727	569979	10	956	1434282	7	27305	2	1	0	9014	11	0	3	2968	3	12694	3328	666	0	0	0	0	154	0	14	12872	614301	40372	35	0	0	616477	609518	32812	0
4011	-123	-9	6	7	3248	7725	569916	10	955	1434201	7	27302	2	1	0	9012	8	0	3	2965	3	12687	3248	666	0	0	0	0	154	0	14	12872	614301	40372	35	0	0	616427	609518	32812	0
4010	-123	-9	6	7	3168	7725	569790	10	955	1434138	7	27296	2	1	0	9011	8	0	3	2965	3	12687	3168	666	0	0	0	0	154	0	14	12872	614301	40372	35	0	0	616377	609518	32812	0
4009	-123	-9	5	7	3088	7725	569664	10	955	1434012	7	27290	2	1	0	9009	6	0	3	2965	3	12687	3088	666	0	0	0	0	154	0	14	12872	614301	40372	35	0	0	616327	609518	32812	0
4008	-123	-9	5	9	3008	7725	569538	10	955	1433886	7	27284	2	1	0	9007	6	0	3	2965	3	12687	3008	666	0	0	0	0	154	0	14	12872	614301	40372	35	0	0	616277	609518	32812	0
4007	-121	-7	5	7	2848	7723	569349	10	954	1433742	7	27275	2	1	0	9004	6	8	3	2962	3	12680	2848	666	0	0	0	0	154	0	14	12872	614301	40372	35	0	0	616177	609518	32812	0
4006	-121	-7	5	8	2768	7723	569286	10	954	1433616	7	27272	2	1	0	9002	6	8	3	2962	3	12680	2768	666	0	0	0	0	154	0	14	12872	614301	40372	35	0	0	616127	609518	32812	0
4005	-121	-7	5	8	2688	7723	569160	10	954	1433553	7	27266	2	1	0	9001	6	8	3	2962	3	12680	2688	666	0	0	0	0	154	0	14	12872	614301	40372	35	0	0	616077	609518	32812	0
4004	-121	-7	5	10	2608	7723	569034	10	954	1433427	7	27260	2	1	0	8999	6	8	3	2962	3	12680	2608	666	0	0	0	0	154	0	14	12872	614301	40372	35	0	0	616027	609518	32812	0
4003	-118	-6	6	12	2528	7721	568971	10	953	1433346	7	27257	2	1	0	8997	8	13	3	2959	3	12673	2528	666	0	0	0	0	154	0	14	12872	614301	40372	35	0	0	615977	609518	32812	0
4002	-118	-6	6	12	2448	7721	568845	10	953	1433283	7	27251	2	1	0	8996	8	13	3	2959	3	12673	2448	666	0	0	0	0	154	0	14	12872	614301	40372	35	0	0	615927	609518	32812	0
4001	-118	-6	6	13	2368	7721	568719	10	953	1433157	7	27245	2	1	0	8994	8	13	3	2959	3	12673	2368	666	0	0	0	0	154	0	14	12872	614301	40372	35	0	0	615877	609518	32812	0
4000	-118	-6	7	14	2288	7721	568593	10	953	1433031	7	27239	2	1	0	8992	11	13	3	2959	3	12673	2288	666	0	0	0	0	154	0	14	12872	614301	40372	35	0	0	615827	609518	32812	0
3999	-118	-6	8	11	2208	7721	568530	10	953	1432905	7	27236	2	1	0	8990	13	13	3	2959	3	12673	2208	666	0	0	0	0	154	0	14	12872	614301	40372	35	0	0	615777	609518	32812	0
3998	-122	-8	8	16	2128	7719	568404	10	952	1432887	7	27230	2	1	0	8989	13	0	3	2956	3	12666	2128	666	0	0	0	0	154	0	14	12872	614301	40372	35	0	0	615727	609518	32812	0
3997	-122	-8	9	15	1968	7719	568215	10	952	1432698	7	27221	2	1	0	8986	16	0	3	2956	3	12666	1968	666	0	0	0	0	154	0	14	12872	614301	40372	35	0	0	615627	609518	32812	0
3996	-122	-8	9	14	1888	7719	568089	10	952	1432572	7	27215	2	1	0	8984	16	0	3	2956	3	12666	1888	666	0	0	0	0	154	0	14	12872	614301	40372	35	0	0	615577	609518	32812	0
3995	-122	-8	8	8	1808	7719	567963	10	952	1432446	7	27209	2	1	0	8982	13	0	3	2956	3	12666	1808	666	0	0	0	0	154	0	14	12872	614301	40372	35	0	0	615527	609518	32812	0
3994	-123	-10	8	7	1728	7717	567900	10	951	1432428	7	27206	2	1	0	8981	13	6	3	2953	3	12659	1728	666	0	0	0	0	154	0	14	12872	614301	40372	35	0	0	615477	609518	32812	0
3993	-123	-10	7	5	1648	7717	567774	10	951	1432302	7	27200	2	1	0	8979	11	6	3	2953	3	12659	1648	666	0	0	0	0	154	0	14	12872	614301	40372	35	0	0	615427	609518	32812	0
3992	-123	-10	6	5	1568	7717	567711	10	951	1432176	7	27197	2	1	0	8977	8	6	3	2953	3	12659	1568	666	0	0	0	0	154	0	14	12872	614301	40372	35	0	0	615377	609518	32812	0
3991	-123	-10	6	5	1488	7717	567585	10	951	1432050	7	27191	2	1	0	8975	8	6	3	2953	3	12659	1488	666	0	0	0	0	154	0	14	12872	614301	40372	35	0	0	615327	609518	32812	0
3990	-123	-10	5	3	1408	7717	567459	10	951	1431987	7	27185	2	1	0	8974	6	0	3	2953	3	12659	1408	666	0	0	0	0	154	0	14	12872	614301	40372	35	0	0	615277	609518	32812	0
3989	-119	-8	5	10	1328	7715	567396	10	950	1431906	7	27182	2	1	0	8972	6	0	3	2950	3	12652	1328	666	0	0	0	0	154	0	14	12872	614301	40372	35	0	0	615227	609518	32812	0
3988	-119	-8	5	9	1248	7715	567270	10	950	1431843	7	27176	2	1	0	8971	6	0	3	2950	3	12652	1248	666	0	0	0	0	154	0	14	12872	614301	40372	35	0	0	615177	609518	32812	0
3987	-119	-8	5	6	1088	7715	567018	10	950	1431591	7	27164	2	1	0	8967	6	0	3	2950	3	12652	1088	666	0	0	0	0	154	0	14	12872	614301	40372	35	0	0	615077	609518	32812	0
3986	-117	-6	6	4	1008	7713	566955	10	949	1431510	7	27161	2	1	0	8965	8	0	3	2947	3	12645	1008	666	0	0	0	0	154	0	14	12872	614301	40372	35	0	0	615027	609518	32812	0
3985	-117	-6	6	5	928	7713	566829	10	949	1431447	7	27155	2	1	0	8964	8	0	3	2947	3	12645	928	666	0	0	0	0	154	0	14	12872	614301	40372	35	0	0	614977	609518	32812	0
3984	-117	-6	7	8	848	7713	566703	10	949	1431321	7	27149	2	1	0	8962	11	0	3	2947	3	12645	848	666	0	0	0	0	154	0	14	12872	614301	40372	35	0	0	614927	609518	32812	0
3983	-117	-6	8	12	768	7713	566640	10	949	1431258	7	27146	2	1	0	8961	13	0	3	2947	3	12645	768	666	0	0	0	0	154	0	14	12872	614301	40372	35	0	0	614877	609518	32812	0
3982	-117	-6	8	14	688	7713	566514	10	949	1431195	7	27140	2	1	0	8960	13	0	3	2947	3	12645	688	666	0	0	0	0	154	0	14	12872	614301	40372	35	0	0	614827	609518	32812	0
3981	-116	-5	9	11	608	7711	566451	10	948	1431114	7	27137	2	1	0	8958	16	0	3	2944	3	12638	608	666	0	0	0	0	154	0	14	12872	614301	40372	35	0	0	614777	609518	32812	0
3980	-116	-5	8	11	528	7711	566325	10	948	1431051	7	27131	2	1	0	8957	13	0	3	2944	3	12638	528	666	0	0	0	0	154	0	14	12872	614301	40372	35	0	0	614727	609518	32812	0
3979	-116	-5	8	13	448	7711	566199	10	948	1430925	7	27125	2	1	0	8955	13	0	3	2944	3	12638	448	666	0	0	0	0	154	0	14	12872	614301	40372	35	0	0	614677	609518	32812	0
3978	-116	-5	9	16	288	7711	566010	10	948	1430673	7	27116	2	1	0	8951	16	0	3	2944	3	12638	288	666	0	0	0	0	154	0	14	12872	614301	40372	35	0	0	614577	609518	32812	0
3977	-116	-5	9	16	208	7711	565884	10	948	1430610	7	27110	2	1	0	8950	16	0	3	2944	3	12638	208	666	0	0	0	0	154	0	14	12872	614301	40372	35	0	0	614527	609518	32812	0
3976	-116	-5	10	16	128	7709	565758	10	947	1430484	7	27104	2	1	0	8948	18	0	3	2941	3	12631	128	666	4	194	0	240	154	0	14	12872	614301	40372	35	0	0	614477	609518	32812	0
3975	-116	-5	10	16	48	7709	565632	10	947	1430358	7	27098	2	1	0	8946	18	0	3	2941	3	12631	48	666	4	194	0	240	154	0	14	12872	614301	40372	35	0	0	614427	609518	32812	0
3974	-116	-5	9	15	16352	7709	565506	10	947	1430232	7	27092	2	1	0	8944	16	0	3	2941	3	12631	16352	666	0	0	0	0	154	0	14	12872	614301	40372	35	0	0	614377	609518	32812	0
3973	-116	-5	9	12	16272	7709	565443	10	947	1430106	7	27089	2	1	0	8942	16	0	3	2941	3	12631	16272	666	0	0	0	0	154	0	14	12872	614301	40372	35	0	0	614327	609518	32812	0
3972	-118	-6	9	15	16192	7707	565077	10	946	1429785	7	27074	2	1	0	8937	16	18	3	2938	3	12624	16192	662	0	0	0	0	150	0	14	12872	613523	40132	35	0	0	614277	609518	32812	0
3971	-118	-6	10	15	16112	7707	564951	10	946	1429659	7	27068	2	1	0	8935	18	18	3	2938	3	12624	16112	662	0	0	0	0	150	0	14	12872	613523	40132	35	0	0	614227	609518	32812	0
3970	-118	-6	10	15	16032	7707	564888	10	946	1429533	7	27065	2	1	0	8933	18	18	3	2938	3	12624	16032	662	0	0	0	0	150	0	14	12872	613523	40132	35	0	0	614177	609518	32812	0
3969	-118	-6	10	15	15952	7707	564762	10	946	1429407	7	27059	2	1	0	8931	18	18	3	2938	3	12624	15952	662	0	0	0	0	150	0	14	12872	613523	40132	35	0	0	614127	609518	32812	0
3968	-121	-8	10	15	15792	7705	564573	10	945	1429263	7	27050	2	1	0	8928	18	0	3	2935	0	12617	15792	662	0	0	0	0	150	0	14	12872	613523	40132	35	0	0	614027	609518	32812	0
3967	-121	-8	10	15	15712	7705	564447	10	945	1429200	7	27044	2	1	0	8927	18	0	3	2935	0	12617	15712	662	0	0	0	0	150	0	14	12872	613523	40132	35	0	0	613977	609518	32812	0
3966	-121	-8	9	15	15632	7705	564321	10	945	1429074	7	27038	2	1	0	8925	16	0	3	2935	0	12617	15632	662	0	0	0	0	150	0	14	12872	613523	40132	35	0	0	613927	609518	32812	0
3965	-121	-8	9	12	15552	7705	564195	10	945	1428948	7	27032	2	1	0	8923	16	0	3	2935	0	12617	15552	662	0	0	0	0	150	0	14	12872	613523	40132	35	0	0	613877	609518	32812	0
3964	-128	-15	9	15	15472	7703	564132	10	944	1428867	7	27029	2	1	0	8921	16	0	3	2932	0	12610	15472	662	0	0	0	0	150	0	14	12872	613523	40132	35	0	0	613827	609518	32812	0
3963	-128	-15	9	14	15392	7703	564006	10	944	1428804	7	27023	2	1	0	8920	16	0	3	2932	0	12610	15392	662	0	0	0	0	150	0	14	12872	613523	40132	35	0	0	613777	609518	32812	0
3962	-128	-15	9	10	15312	7703	563943	10	944	1428678	7	27020	2	1	0	8918	16	0	3	2932	0	12610	15312	662	0	0	0	0	150	0	14	12872	613523	40132	35	0	0	613727	609518	32812	0
3961	-128	-15	9	9	15232	7703	563817	10	944	1428615	7	27014	2	1	0	8917	16	0	3	2932	0	12610	15232	662	1	907	0	60	150	0	14	12872	613523	40132	35	0	0	613677	609518	32812	0
3960	-128	-15	8	2	15152	7703	563691	10	944	1428489	7	27008	2	1	0	8915	13	0	3	2932	0	12610	15152	662	1	907	0	60	150	0	14	12872	613523	40132	35	0	0	613627	609518	32812	0
3959	-126	-13	5	0	15072	7701	563628	10	943	1428408	7	27005	2	1	0	8913	6	0	3	2929	0	12603	15072	662	0	0	0	0	150	0	14	12872	613523	40132	35	0	0	613577	609518	32812	0
3958	-125	-12	3	4294967292	14912	7699	563348	3	942	1428239	11	26978	2	1	0	8907	2	0	4	2926	0	12596	14912	661	0	0	0	0	149	0	14	12872	612616	40072	35	0	0	613477	609518	32812	0
3957	-125	-12	3	4294967290	14832	7699	563238	10	942	1428221	11	26963	2	1	0	8906	2	0	4	2926	0	12596	14832	661	0	0	0	0	149	0	14	12872	612616	40072	35	0	0	613427	609518	32812	0
3956	-125	-12	3	4294967290	14752	7699	563112	10	942	1428221	11	26957	2	1	0	8906	2	0	4	2926	0	12596	14752	661	0	0	0	0	149	0	14	12872	612616	40072	35	0	0	613377	609518	32812	0
3955	-125	-12	3	4294967290	14672	7699	562986	10	942	1428221	11	26951	2	1	0	8906	2	0	4	2926	0	12596	14672	661	0	0	0	0	149	0	14	12872	612616	40072	35	0	0	613327	609518	32812	0
3954	-125	-12	3	4294967290	14592	7699	562923	10	942	1428221	11	26948	2	1	0	8906	2	0	4	2926	0	12596	14592	661	0	0	0	0	149	0	14	12872	612616	40072	35	0	0	613277	609518	32812	0
3953	-125	-12	3	4294967291	14512	7699	562797	10	942	1428158	11	26942	2	1	0	8905	2	0	4	2926	0	12596	14512	661	0	0	0	0	149	0	14	12872	612616	40072	35	0	0	613227	609518	32812	0
3952	-125	-12	4	4294967292	14432	7699	562671	10	942	1428095	11	26936	2	1	0	8904	4	0	4	2926	0	12596	14432	661	0	0	0	0	149	0	14	12872	612616	40072	35	0	0	613177	609518	32812	0
3951	-125	-12	0	4294967292	14352	7699	562545	10	942	1427969	11	26930	2	1	0	8902	0	0	4	2926	0	12596	14352	661	0	0	0	0	149	0	14	12872	612616	40072	35	0	0	613127	609518	32812	0
3950	-126	-12	4	4294967292	14272	7697	562482	10	941	1427906	7	26927	2	1	0	8901	4	0	3	2922	0	12585	14272	661	0	0	0	0	149	0	14	12872	612616	40072	35	0	0	613077	609518	32812	0
3949	-126	-12	5	4294967292	14192	7697	562356	10	941	1427843	7	26921	2	1	0	8900	6	0	3	2922	0	12585	14192	661	0	0	0	0	149	0	14	12872	612616	40072	35	0	0	613027	609518	32812	0
3948	-126	-12	4	4294967292	14032	7697	562104	10	941	1427591	7	26909	2	1	0	8896	4	0	3	2922	0	12585	14032	661	0	0	0	0	149	0	14	12872	612616	40072	35	0	0	612927	609518	32812	0
3947	-126	-12	4	4294967293	13952	7697	561978	10	941	1427465	7	26903	2	1	0	8894	4	0	3	2922	0	12585	13952	661	0	0	0	0	149	0	14	12872	612616	40072	35	0	0	612877	609518	32812	0
3946	-129	-14	0	4294967293	13872	7695	561852	10	940	1427339	7	26897	2	1	0	8892	0	0	3	2919	0	12578	13872	661	0	0	0	0	149	0	14	12872	612616	40072	35	0	0	612827	609518	32812	0
3945	-129	-14	6	4294967293	13792	7695	561789	10	940	1427276	7	26894	2	1	0	8891	8	0	3	2919	0	12578	13792	661	1	268	0	60	149	0	14	12872	612616	40072	35	0	0	612777	609518	32812	0
3944	-129	-14	6	4294967290	13712	7695	561663	10	940	1427150	7	26888	2	1	0	8889	8	0	3	2919	0	12578	13712	661	1	268	0	60	149	0	14	12872	612616	40072	35	0	0	612727	609518	32812	0
3943	-129	-14	5	4294967289	13632	7695	561537	10	940	1427087	7	26882	2	1	0	8888	6	0	3	2919	0	12578	13632	661	0	0	0	0	149	0	14	12872	612616	40072	35	0	0	612677	609518	32812	0
3942	-129	-14	4	4294967292	13552	7695	561411	3	940	1426961	7	26876	2	1	0	8886	4	0	3	2919	0	12578	13552	661	0	0	0	0	149	0	14	12872	612616	40072	35	0	0	612627	609518	32812	0
3941	-128	-13	3	4294967286	13472	7693	561367	3	939	1426917	7	26870	2	1	0	8884	2	0	3	2916	0	12571	13472	660	0	0	0	0	148	0	14	12872	612348	40012	35	0	0	612577	609518	32812	0
3940	-128	-13	3	4294967288	13392	7693	561219	10	939	1426854	7	26861	2	1	0	8883	2	0	3	2916	0	12571	13392	660	0	0	0	0	148	0	14	12872	612348	40012	35	0	0	612527	609518	32812	0
3939	-128	-13	3	4294967288	13312	7693	561156	10	939	1426854	7	26858	2	1	0	8883	2	0	3	2916	0	12571	13312	660	2	35	0	120	148	0	14	12872	612348	40012	35	0	0	612477	609518	32812	0
3938	-128	-13	3	4294967288	13152	7693	560967	10	939	1426854	7	26849	2	1	0	8883	2	0	3	2916	0	12571	13152	660	2	482	0	120	148	0	14	12872	612348	40012	35	0	0	612377	609518	32812	0
3937	-128	-13	3	4294967294	13072	7691	560753	3	938	1426703	7	26831	2	1	0	8878	2	0	3	2913	0	12564	13072	658	2	482	0	120	146	0	14	12872	612278	39892	35	0	0	612327	609518	32812	0
3936	-128	-13	3	4294967288	12992	7691	560643	3	938	1426593	7	26816	2	1	0	8873	2	0	3	2913	0	12564	12992	657	0	0	0	0	145	0	14	12872	612274	39832	35	0	0	612277	609518	32812	0
3935	-128	-13	4	4294967288	12912	7691	560297	10	938	1426423	7	26780	2	1	0	8869	4	0	3	2913	0	12564	12912	656	0	0	0	0	144	0	14	12872	611313	39772	35	0	0	612227	609518	32812	0
3934	-128	-13	4	4294967288	12832	7691	560234	10	938	1426360	7	26777	2	1	0	8868	4	0	3	2913	0	12564	12832	656	0	0	0	0	144	0	14	12872	611313	39772	35	0	0	612177	609518	32812	0
3933	-127	-13	4	4294967288	12752	7689	560045	10	937	1426297	7	26768	2	1	0	8867	4	0	3	2910	0	12557	12752	656	0	0	0	0	144	0	14	12872	611313	39772	35	0	0	612127	609518	32812	0
3932	-127	-13	4	4294967288	12672	7689	559919	10	937	1426234	7	26762	2	1	0	8866	4	0	3	2910	0	12557	12672	656	0	0	0	0	144	0	14	12872	611313	39772	35	0	0	612077	609518	32812	0
3931	-127	-13	4	4294967288	12592	7689	559856	10	937	1426108	7	26759	2	1	0	8864	4	0	3	2910	0	12557	12592	656	0	0	0	0	144	0	14	12872	611313	39772	35	0	0	612027	609518	32812	0
3930	-127	-13	4	4294967288	12512	7689	559730	10	937	1426045	7	26753	2	1	0	8863	4	0	3	2910	0	12557	12512	656	0	0	0	0	144	0	14	12872	611313	39772	35	0	0	611977	609518	32812	0
3929	-127	-13	4	4294967288	12432	7689	559604	10	937	1425919	7	26747	2	1	0	8861	4	0	3	2910	0	12557	12432	656	0	0	0	0	144	0	14	12872	611313	39772	35	0	0	611927	609518	32812	0
3928	-127	-13	4	4294967288	12272	7687	559415	10	936	1425667	7	26738	2	1	0	8857	4	0	3	2907	0	12550	12272	656	0	0	0	0	144	0	14	12872	611313	39772	35	0	0	611827	609518	32812	0
3927	-127	-13	4	4294967288	12192	7687	559289	10	936	1425541	7	26732	2	1	0	8855	4	0	3	2907	0	12550	12192	656	0	0	0	0	144	0	14	12872	611313	39772	35	0	0	611777	609518	32812	0
3926	-127	-13	4	4294967288	12112	7687	559163	10	936	1425478	7	26726	2	1	0	8854	4	0	3	2907	0	12550	12112	656	0	0	0	0	144	0	14	12872	611313	39772	35	0	0	611727	609518	32812	0
3925	-127	-13	4	4294967288	12032	7687	559037	10	936	1425478	7	26720	2	1	0	8854	4	0	3	2907	0	12550	12032	656	0	0	0	0	144	0	14	12872	611313	39772	35	0	0	611677	609518	32812	0
3924	-128	-13	4	4294967288	11952	7685	558911	10	935	1425352	7	26714	2	1	0	8852	4	0	3	2904	0	12543	11952	656	0	0	0	0	144	0	14	12872	611313	39772	35	0	0	611627	609518	32812	0
3923	-128	-13	4	4294967288	11872	7685	558785	10	935	1425226	7	26708	2	1	0	8850	4	0	3	2904	0	12543	11872	656	0	0	0	0	144	0	14	12872	611313	39772	35	0	0	611577	609518	32812	0
3922	-128	-13	4	4294967288	11792	7685	558659	10	935	1425100	7	26702	2	1	0	8848	4	0	3	2904	0	12543	11792	656	0	0	0	0	144	0	14	12872	611313	39772	35	0	0	611527	609518	32812	0
3921	-128	-13	3	4294967288	11712	7685	558596	10	935	1424974	7	26699	2	1	0	8846	2	0	3	2904	0	12543	11712	656	1	30	0	60	144	0	14	12872	611313	39772	35	0	0	611477	609518	32812	0
3920	-127	-12	3	4294967288	11632	7683	558470	10	934	1424848	7	26693	2	1	0	8844	2	0	3	2901	0	12536	11632	656	1	30	0	60	144	0	14	12872	611313	39772	35	0	0	611427	609518	32812	0
3919	-127	-12	3	4294967288	11552	7683	558281	10	934	1424848	7	26684	2	1	0	8844	2	0	3	2901	0	12536	11552	656	3	235	0	180	144	0	14	12872	611313	39772	35	0	0	611377	609518	32812	0
3918	-127	-12	3	4294967294	11392	7683	558070	3	934	1424524	7	26672	2	1	0	8833	2	0	3	2901	0	12536	11392	653	0	0	0	0	141	0	14	12872	611276	39592	35	0	0	611277	609518	32812	0
3917	-127	-12	4	4294967288	11312	7683	557746	10	934	1424376	7	26639	2	1	0	8830	4	0	3	2901	0	12536	11312	652	0	0	0	0	140	0	14	12872	610576	39532	35	0	0	611227	609518	32812	0
3916	-127	-12	3	4294967288	11232	7683	557620	10	934	1424250	7	26633	2	1	0	8828	2	0	3	2901	0	12536	11232	652	0	0	0	0	140	0	14	12872	610576	39532	35	0	0	611177	609518	32812	0
3915	-127	-12	4	4294967288	11152	7681	557494	10	933	1424124	7	26627	2	1	0	8826	4	0	3	2898	0	12529	11152	652	0	0	0	0	140	0	14	12872	610576	39532	35	0	0	611127	609518	32812	0
3914	-127	-12	4	4294967288	11072	7681	557431	10	933	1424061	7	26624	2	1	0	8825	4	0	3	2898	0	12529	11072	652	0	0	0	0	140	0	14	12872	610576	39532	35	0	0	611077	609518	32812	0
3913	-127	-12	4	4294967288	10992	7681	557305	10	933	1423998	7	26618	2	1	0	8824	4	0	3	2898	0	12529	10992	652	0	0	0	0	140	0	14	12872	610576	39532	35	0	0	611027	609518	32812	0
3912	-127	-12	4	4294967288	10912	7681	557179	10	933	1423872	7	26612	2	1	0	8822	4	0	3	2898	0	12529	10912	652	0	0	0	0	140	0	14	12872	610576	39532	35	0	0	610977	609518	32812	0
3911	-127	-12	4	4294967288	10832	7679	557053	10	932	1423809	7	26606	2	1	0	8821	4	0	3	2895	0	12522	10832	652	0	0	0	0	140	0	14	12872	610576	39532	35	0	0	610927	609518	32812	0
3910	-127	-12	4	4294967289	10752	7679	556927	10	932	1423683	7	26600	2	1	0	8819	4	0	3	2895	0	12522	10752	652	0	0	0	0	140	0	14	12872	610576	39532	35	0	0	610877	609518	32812	0
3909	-127	-12	4	4294967289	10672	7679	556801	10	932	1423557	7	26594	2	1	0	8817	4	0	3	2895	0	12522	10672	652	0	0	0	0	140	0	14	12872	610576	39532	35	0	0	610827	609518	32812	0
3908	-127	-12	4	4294967289	10512	7679	556612	10	932	1423494	7	26585	2	1	0	8816	4	0	3	2895	0	12522	10512	652	0	0	0	0	140	0	14	12872	610576	39532	35	0	0	610727	609518	32812	0
3907	-126	-12	4	4294967289	10432	7677	556486	10	931	1423368	7	26579	2	1	0	8814	4	0	3	2892	0	12515	10432	652	1	237	0	60	140	0	14	12872	610576	39532	35	0	0	610677	609518	32812	0
3906	-126	-12	4	4294967289	10352	7677	556423	10	931	1423242	7	26576	2	1	0	8812	4	0	3	2892	0	12515	10352	652	1	237	0	60	140	0	14	12872	610576	39532	35	0	0	610627	609518	32812	0
3905	-126	-12	4	4294967289	10272	7677	556297	3	931	1423179	7	26570	2	1	0	8811	4	0	3	2892	0	12515	10272	652	0	0	0	0	140	0	14	12872	610576	39532	35	0	0	610577	609518	32812	0
3904	-126	-12	4	4294967289	10192	7677	556149	10	931	1423094	7	26561	2	1	0	8809	4	0	3	2892	0	12515	10192	651	0	0	0	0	139	0	14	12872	610339	39472	35	0	0	610527	609518	32812	0
3903	-126	-12	4	4294967289	10112	7677	556023	10	931	1422968	7	26555	2	1	0	8807	4	0	3	2892	0	12515	10112	651	2	42	0	120	139	0	14	12872	610339	39472	35	0	0	610477	609518	32812	0
3902	-126	-11	4	4294967289	10032	7675	555897	10	930	1422842	7	26549	2	1	0	8805	4	0	3	2889	0	12508	10032	651	2	42	0	120	139	0	14	12872	610339	39472	35	0	0	610427	609518	32812	0
3901	-126	-11	4	4294967289	9952	7675	555771	10	930	1422716	7	26543	2	1	0	8803	4	0	3	2889	0	12508	9952	651	1	337	0	60	139	0	14	12872	610339	39472	35	0	0	610377	609518	32812	0
3900	-126	-11	4	4294967289	9872	7675	555620	10	930	1422502	7	26528	2	1	0	8797	4	0	3	2889	0	12508	9872	649	1	337	0	60	137	0	14	12872	610254	39352	35	0	0	610327	609518	32812	0
3899	-126	-11	4	4294967289	9792	7675	555431	10	930	1422376	7	26519	2	1	0	8795	4	0	3	2889	0	12508	9792	649	0	0	0	0	137	0	14	12872	610254	39352	35	0	0	610277	609518	32812	0
3898	-126	-11	4	4294967289	9632	7673	555157	10	929	1422102	7	26504	2	1	0	8790	4	0	3	2886	0	12501	9632	648	0	0	0	0	136	0	14	12872	609917	39292	35	0	0	610177	609518	32812	0
3897	-126	-11	4	4294967290	9552	7673	555031	10	929	1421976	7	26498	2	1	0	8788	4	0	3	2886	0	12501	9552	648	0	0	0	0	136	0	14	12872	609917	39292	35	0	0	610127	609518	32812	0
3896	-126	-11	4	4294967290	9472	7673	554905	10	929	1421850	7	26492	2	1	0	8786	4	0	3	2886	0	12501	9472	648	3	120	0	180	136	0	14	12872	609917	39292	35	0	0	610077	609518	32812	0
3895	-126	-11	4	4294967290	9392	7673	554842	10	929	1421724	7	26489	2	1	0	8784	4	0	3	2886	0	12501	9392	648	3	120	0	180	136	0	14	12872	609917	39292	35	0	0	610027	609518	32812	0
3894	-126	-11	4	4294967290	9312	7673	554716	10	929	1421598	7	26483	2	1	0	8782	4	0	3	2886	0	12501	9312	648	0	0	0	0	136	0	14	12872	609917	39292	35	0	0	609977	609518	32812	0
3893	-125	-11	4	4294967291	9232	7671	554527	3	928	1421472	7	26474	2	1	0	8780	4	0	3	2883	0	12494	9232	648	0	0	0	0	136	0	14	12872	609917	39292	35	0	0	609927	609518	32812	0
3892	-125	-11	4	4294967291	9152	7671	554313	10	928	1421195	7	26456	2	1	0	8773	4	0	3	2883	0	12494	9152	645	0	0	0	0	133	0	14	12872	609556	39112	35	0	0	609877	609518	32812	0
3891	-125	-11	4	4294967291	9072	7671	554187	10	928	1421132	7	26450	2	1	0	8772	4	0	3	2883	0	12494	9072	645	0	0	0	0	133	0	14	12872	609556	39112	35	0	0	609827	609518	32812	0
3890	-125	-11	4	4294967291	8992	7671	554061	10	928	1421006	7	26444	2	1	0	8770	4	0	3	2883	0	12494	8992	645	0	0	0	0	133	0	14	12872	609556	39112	35	0	0	609777	609518	32812	0
3889	-125	-11	4	4294967291	8832	7669	553809	10	927	1420754	373	26432	370	3	0	8766	4	4	42	2880	0	12487	8832	645	1	61	0	60	133	366	14	12872	609556	39112	35	1	62635	609677	609518	32812	0
3888	-125	-11	5	4294967291	8752	7669	553683	10	927	1420628	373	26426	370	3	0	8764	6	4	42	2880	0	12487	8752	645	1	61	0	60	133	366	14	12872	609556	39112	35	1	62635	609627	609518	32812	0
3887	-125	-11	4	4294967291	8672	7669	553620	10	927	1420502	373	26423	370	3	0	8762	4	4	42	2880	0	12487	8672	645	1	177	0	67	133	0	14	12872	609556	39112	35	0	0	609577	609518	32812	0
3886	-125	-11	4	4294967291	8592	7669	553472	10	927	1420417	373	26414	370	3	0	8760	4	4	42	2880	0	12487	8592	644	1	177	0	67	132	0	14	12872	609495	39052	35	0	0	609527	609518	32812	0
3885	-125	-10	4	4294967291	8512	7297	553239	10	925	1420184	7	26399	2	1	0	8755	4	0	3	2835	0	12107	8512	643	1	144	0	60	131	0	13	12506	609318	38985	34	0	0	609477	546883	32812	0
3884	-125	-10	4	4294967292	8432	7297	553176	10	925	1420058	7	26396	2	1	0	8753	4	0	3	2835	0	12107	8432	643	1	144	0	60	131	0	13	12506	609318	38985	34	0	0	609427	546883	32812	0
3883	-125	-10	5	4294967292	8352	7297	553050	10	925	1419995	7	26390	2	1	0	8752	6	0	3	2835	0	12107	8352	643	0	0	0	0	131	0	13	12506	609318	38985	34	0	0	609377	546883	32812	0
3882	-125	-10	4	4294967292	8272	7297	552924	10	925	1419869	7	26384	2	1	0	8750	4	0	3	2835	0	12107	8272	643	0	0	0	0	131	0	13	12506	609318	38985	34	0	0	609327	546883	32812	0
3881	-125	-10	5	4294967292	8192	7297	552735	10	925	1419680	7	26375	2	1	0	8747	6	0	3	2835	0	12107	8192	642	1	60248	0	76	130	0	13	12506	609174	38925	34	0	0	609277	546883	32812	0
3880	-125	-10	4	4294967292	8112	7295	552672	10	924	1419554	7	26372	2	1	0	8745	4	0	3	2832	0	12100	8112	642	1	60248	0	76	130	0	13	12506	609174	38925	34	0	0	609227	546883	32812	0
3879	-125	-10	5	4294967293	7952	7295	552439	10	924	1419321	7	26357	2	1	0	8740	6	0	3	2832	0	12100	7952	641	0	0	0	0	129	0	13	12506	548926	38849	34	0	0	609127	546883	32812	0
3878	-125	-10	5	4294967293	7872	7295	552313	10	924	1419258	7	26351	2	1	0	8739	6	0	3	2832	0	12100	7872	641	0	0	0	0	129	0	13	12506	548926	38849	34	0	0	609077	546883	32812	0
3877	-125	-10	4	4294967293	7792	7295	552187	10	924	1419132	7	26345	2	1	0	8737	4	0	3	2832	0	12100	7792	641	0	0	0	0	129	0	13	12506	548926	38849	34	0	0	609027	546883	32812	0
3876	-125	-10	5	4294967293	7712	7293	552061	10	923	1419006	7	26339	2	1	0	8735	6	0	3	2829	0	12093	7712	641	0	0	0	0	129	0	13	12506	548926	38849	34	0	0	608977	546883	32812	0
3875	-125	-10	5	4294967293	7632	7293	551935	10	923	1418880	7	26333	2	1	0	8733	6	0	3	2829	0	12093	7632	641	0	0	0	0	129	0	13	12506	548926	38849	34	0	0	608927	546883	32812	0
3874	-125	-10	5	4294967293	7552	7293	551809	10	923	1418754	7	26327	2	1	0	8731	6	0	3	2829	0	12093	7552	641	0	0	0	0	129	0	13	12506	548926	38849	34	0	0	608877	546883	32812	0
3873	-125	-10	5	4294967293	7472	7293	551746	10	923	1418628	7	26324	2	1	0	8729	6	0	3	2829	0	12093	7472	641	0	0	0	0	129	0	13	12506	548926	38849	34	0	0	608827	546883	32812	0
3872	-125	-11	5	4294967293	7392	7291	551620	10	922	1418502	7	26318	2	1	0	8727	6	0	3	2826	0	12086	7392	641	0	0	0	0	129	0	13	12506	548926	38849	34	0	0	608777	546883	32812	0
3871	-125	-11	5	4294967293	7312	7291	551494	10	922	1418376	7	26312	2	1	0	8725	6	0	3	2826	0	12086	7312	641	0	0	0	0	129	0	13	12506	548926	38849	34	0	0	608727	546883	32812	0
3870	-125	-11	5	4294967293	7232	7291	551368	10	922	1418250	7	26306	2	1	0	8723	6	0	3	2826	0	12086	7232	641	0	0	0	0	129	0	13	12506	548926	38849	34	0	0	608677	546883	32812	0
3869	-125	-11	4	4294967292	7072	7291	551116	10	922	1418061	7	26294	2	1	0	8720	4	0	3	2826	0	12086	7072	641	0	0	0	0	129	0	13	12506	548926	38849	34	0	0	608577	546883	32812	0
3868	-125	-11	5	4294967292	6992	7291	550990	10	922	1417935	7	26288	2	1	0	8718	6	0	3	2826	0	12086	6992	641	0	0	0	0	129	0	13	12506	548926	38849	34	0	0	608527	546883	32812	0
3867	-125	-11	5	4294967292	6912	7289	550864	10	921	1417809	7	26282	2	1	0	8716	6	0	3	2823	0	12079	6912	641	0	0	0	0	129	0	13	12506	548926	38849	34	0	0	608477	546883	32812	0
3866	-125	-11	4	4294967292	6832	7289	550738	10	921	1417683	7	26276	2	1	0	8714	4	0	3	2823	0	12079	6832	641	0	0	0	0	129	0	13	12506	548926	38849	34	0	0	608427	546883	32812	0
3865	-125	-11	4	4294967292	6752	7289	550612	10	921	1417557	7	26270	2	1	0	8712	4	0	3	2823	0	12079	6752	641	0	0	0	0	129	0	13	12506	548926	38849	34	0	0	608377	546883	32812	0
3864	-125	-11	4	4294967292	6672	7289	550549	10	921	1417557	7	26267	2	1	0	8712	4	0	3	2823	0	12079	6672	641	0	0	0	0	129	0	13	12506	548926	38849	34	0	0	608327	546883	32812	0
3863	-125	-11	4	4294967292	6592	7287	550423	10	920	1417368	7	26261	2	1	0	8709	4	0	3	2820	0	12072	6592	641	0	0	0	0	129	0	13	12506	548926	38849	34	0	0	608277	546883	32812	0
3862	-125	-11	4	4294967292	6512	7287	550297	10	920	1417305	7	26255	2	1	0	8708	4	0	3	2820	0	12072	6512	641	0	0	0	0	129	0	13	12506	548926	38849	34	0	0	608227	546883	32812	0
3861	-125	-11	4	4294967292	6432	7287	550171	10	920	1417179	7	26249	2	1	0	8706	4	0	3	2820	0	12072	6432	641	0	0	0	0	129	0	13	12506	548926	38849	34	0	0	608177	546883	32812	0
3860	-125	-11	4	4294967292	6352	7287	550045	10	920	1417053	7	26243	2	1	0	8704	4	0	3	2820	0	12072	6352	641	0	0	0	0	129	0	13	12506	548926	38849	34	0	0	608127	546883	32812	0
3859	-125	-11	4	4294967292	6192	7285	549793	10	919	1416801	7	26231	2	1	0	8700	4	0	3	2817	0	12065	6192	641	0	0	0	0	129	0	13	12506	548926	38849	34	0	0	608027	546883	32812	0
3858	-125	-11	4	4294967292	6112	7285	549667	10	919	1416675	7	26225	2	1	0	8698	4	0	3	2817	0	12065	6112	641	0	0	0	0	129	0	13	12506	548926	38849	34	0	0	607977	546883	32812	0
3857	-125	-11	4	4294967292	6032	7285	549604	10	919	1416549	7	26222	2	1	0	8696	4	0	3	2817	0	12065	6032	641	0	0	0	0	129	0	13	12506	548926	38849	34	0	0	607927	546883	32812	0
3856	-125	-11	4	4294967292	5952	7285	549478	10	919	1416486	7	26216	2	1	0	8695	4	0	3	2817	0	12065	5952	641	0	0	0	0	129	0	13	12506	548926	38849	34	0	0	607877	546883	32812	0
3855	-125	-11	4	4294967292	5872	7285	549352	10	919	1416360	7	26210	2	1	0	8693	4	0	3	2817	0	12065	5872	641	0	0	0	0	129	0	13	12506	548926	38849	34	0	0	607827	546883	32812	0
3854	-125	-10	4	4294967292	5792	7283	549226	10	918	1416171	7	26204	2	1	0	8690	4	0	3	2814	0	12058	5792	641	0	0	0	0	129	0	13	12506	548926	38849	34	0	0	607777	546883	32812	0
3853	-125	-10	4	4294967292	5712	7283	549100	10	918	1416171	7	26198	2	1	0	8690	4	0	3	2814	0	12058	5712	641	0	0	0	0	129	0	13	12506	548926	38849	34	0	0	607727	546883	32812	0
3852	-125	-10	4	4294967293	5632	7283	548974	10	918	1416045	7	26192	2	1	0	8688	4	0	3	2814	0	12058	5632	641	0	0	0	0	129	0	13	12506	548926	38849	34	0	0	607677	546883	32812	0
3851	-125	-10	4	4294967293	5552	7283	548911	10	918	1415919	7	26189	2	1	0	8686	4	0	3	2814	0	12058	5552	641	0	0	0	0	129	0	13	12506	548926	38849	34	0	0	607627	546883	32812	0
3850	-125	-10	5	4294967293	5472	7281	548785	10	917	1415793	7	26183	2	1	0	8684	6	0	3	2811	0	12051	5472	641	0	0	0	0	129	0	13	12506	548926	38849	34	0	0	607577	546883	32812	0
3849	-125	-10	5	4294967293	5312	7281	548533	10	917	1415541	7	26171	2	1	0	8680	6	0	3	2811	0	12051	5312	641	0	0	0	0	129	0	13	12506	548926	38849	34	0	0	607477	546883	32812	0
3848	-125	-10	5	4294967293	5232	7281	548407	10	917	1415478	7	26165	2	1	0	8679	6	0	3	2811	0	12051	5232	641	0	0	0	0	129	0	13	12506	548926	38849	34	0	0	607427	546883	32812	0
3847	-125	-10	5	4294967293	5152	7281	548281	10	917	1415352	7	26159	2	1	0	8677	6	0	3	2811	0	12051	5152	641	0	0	0	0	129	0	13	12506	548926	38849	34	0	0	607377	546883	32812	0
3846	-125	-10	5	4294967293	5072	7279	548155	10	916	1415226	7	26153	2	1	0	8675	6	0	3	2808	0	12044	5072	641	0	0	0	0	129	0	13	12506	548926	38849	34	0	0	607327	546883	32812	0
3845	-125	-10	5	4294967293	4992	7279	548029	10	916	1415100	7	26147	2	1	0	8673	6	0	3	2808	0	12044	4992	641	0	0	0	0	129	0	13	12506	548926	38849	34	0	0	607277	546883	32812	0
3844	-125	-10	5	4294967293	4912	7279	547903	10	916	1414974	7	26141	2	1	0	8671	6	0	3	2808	0	12044	4912	641	0	0	0	0	129	0	13	12506	548926	38849	34	0	0	607227	546883	32812	0
3843	-125	-10	5	4294967293	4832	7279	547840	10	916	1414848	7	26138	2	1	0	8669	6	0	3	2808	0	12044	4832	641	0	0	0	0	129	0	13	12506	548926	38849	34	0	0	607177	546883	32812	0
3842	-125	-10	5	4294967292	4752	7279	547714	10	916	1414785	7	26132	2	1	0	8668	6	0	3	2808	0	12044	4752	641	0	0	0	0	129	0	13	12506	548926	38849	34	0	0	607127	546883	32812	0
3841	-124	-10	5	4294967292	4672	7277	547588	10	915	1414596	7	26126	2	1	0	8665	6	0	3	2805	0	12037	4672	641	0	0	0	0	129	0	13	12506	548926	38849	34	0	0	607077	546883	32812	0
3840	-124	-10	5	4294967292	4592	7277	547462	10	915	1414533	7	26120	2	1	0	8664	6	0	3	2805	0	12037	4592	641	0	0	0	0	129	0	13	12506	548926	38849	34	0	0	607027	546883	32812	0
3839	-124	-10	5	4294967292	4432	7277	547210	10	915	1414281	7	26108	2	1	0	8660	6	0	3	2805	0	12037	4432	641	0	0	0	0	129	0	13	12506	548926	38849	34	0	0	606927	546883	32812	0
3838	-124	-10	5	4294967292	4352	7277	547084	10	915	1414155	7	26102	2	1	0	8658	6	0	3	2805	0	12037	4352	641	0	0	0	0	129	0	13	12506	548926	38849	34	0	0	606877	546883	32812	0
3837	-123	-10	5	4294967292	4272	7275	546958	10	914	1414029	7	26096	2	1	0	8656	6	0	3	2802	0	12030	4272	641	0	0	0	0	129	0	13	12506	548926	38849	34	0	0	606827	546883	32812	0
3836	-123	-10	6	4294967292	4192	7275	546832	10	914	1413903	7	26090	2	1	0	8654	8	0	3	2802	0	12030	4192	641	0	0	0	0	129	0	13	12506	548926	38849	34	0	0	606777	546883	32812	0
3835	-123	-10	6	4294967292	4112	7275	546769	10	914	1413777	7	26087	2	1	0	8652	8	0	3	2802	0	12030	4112	641	0	0	0	0	129	0	13	12506	548926	38849	34	0	0	606727	546883	32812	0
3834	-123	-10	6	4294967292	4032	7275	546643	10	914	1413714	7	26081	2	1	0	8651	8	0	3	2802	0	12030	4032	641	0	0	0	0	129	0	13	12506	548926	38849	34	0	0	606677	546883	32812	0
3833	-123	-10	6	4294967293	3952	7275	546517	10	914	1413588	7	26075	2	1	0	8649	8	0	3	2802	0	12030	3952	641	0	0	0	0	129	0	13	12506	548926	38849	34	0	0	606627	546883	32812	0
3832	-123	-9	7	4294967293	3872	7273	546391	10	913	1413462	7	26069	2	1	0	8647	11	0	3	2799	0	12023	3872	641	0	0	0	0	129	0	13	12506	548926	38849	34	0	0	606577	546883	32812	0
3831	-123	-9	6	4294967293	3792	7273	546265	10	913	1413336	7	26063	2	1	0	8645	8	0	3	2799	0	12023	3792	641	0	0	0	0	129	0	13	12506	548926	38849	34	0	0	606527	546883	32812	0
3830	-123	-9	6	4294967293	3712	7273	546139	10	913	1413210	7	26057	2	1	0	8643	8	0	3	2799	0	12023	3712	641	0	0	0	0	129	0	13	12506	548926	38849	34	0	0	606477	546883	32812	0
3829	-122	-9	6	4294967294	3552	7271	545950	10	912	1412958	7	26048	2	1	0	8639	8	0	3	2796	0	12016	3552	641	0	0	0	0	129	0	13	12506	548926	38849	34	0	0	606377	546883	32812	0
3828	-122	-9	6	4294967294	3472	7271	545824	10	912	1412832	7	26042	2	1	0	8637	8	0	3	2796	0	12016	3472	641	0	0	0	0	129	0	13	12506	548926	38849	34	0	0	606327	546883	32812	0
3827	-122	-9	6	4294967294	3392	7271	545698	10	912	1412706	7	26036	2	1	0	8635	8	0	3	2796	0	12016	3392	641	0	0	0	0	129	0	13	12506	548926	38849	34	0	0	606277	546883	32812	0
3826	-122	-9	6	4294967294	3312	7271	545572	10	912	1412643	7	26030	2	1	0	8634	8	0	3	2796	0	12016	3312	641	0	0	0	0	129	0	13	12506	548926	38849	34	0	0	606227	546883	32812	0
3825	-122	-9	6	4294967295	3232	7271	545446	10	912	1412517	7	26024	2	1	0	8632	8	0	3	2796	0	12016	3232	641	0	0	0	0	129	0	13	12506	548926	38849	34	0	0	606177	546883	32812	0
3824	-122	-8	7	4294967295	3152	7269	545320	10	911	1412391	7	26018	2	1	0	8630	11	0	3	2793	0	12009	3152	641	0	0	0	0	129	0	13	12506	548926	38849	34	0	0	606127	546883	32812	0
3823	-122	-8	7	4294967295	3072	7269	545194	10	911	1412265	7	26012	2	1	0	8628	11	0	3	2793	0	12009	3072	641	0	0	0	0	129	0	13	12506	548926	38849	34	0	0	606077	546883	32812	0
3822	-122	-8	7	4294967295	2992	7269	545068	10	911	1412139	7	26006	2	1	0	8626	11	0	3	2793	0	12009	2992	641	0	0	0	0	129	0	13	12506	548926	38849	34	0	0	606027	546883	32812	0
3821	-122	-8	7	4294967295	2912	7269	545005	10	911	1412013	7	26003	2	1	0	8624	11	0	3	2793	0	12009	2912	641	0	0	0	0	129	0	13	12506	548926	38849	34	0	0	605977	546883	32812	0
3820	-122	-8	7	4294967295	2832	7269	544879	10	911	1411950	7	25997	2	1	0	8623	11	0	3	2793	0	12009	2832	641	0	0	0	0	129	0	13	12506	548926	38849	34	0	0	605927	546883	32812	0
3819	-122	-8	7	4294967295	2672	7267	544627	10	910	1411698	7	25985	2	1	0	8619	11	0	3	2790	0	12002	2672	641	0	0	0	0	129	0	13	12506	548926	38849	34	0	0	605827	546883	32812	0
3818	-122	-8	7	0	2592	7267	544501	10	910	1411572	7	25979	2	1	0	8617	11	0	3	2790	0	12002	2592	641	0	0	0	0	129	0	13	12506	548926	38849	34	0	0	605777	546883	32812	0
3817	-122	-8	7	1	2512	7267	544375	10	910	1411446	7	25973	2	1	0	8615	11	0	3	2790	0	12002	2512	641	0	0	0	0	129	0	13	12506	548926	38849	34	0	0	605727	546883	32812	0
3816	-122	-8	7	1	2432	7267	544249	10	910	1411320	7	25967	2	1	0	8613	11	0	3	2790	0	12002	2432	641	0	0	0	0	129	0	13	12506	548926	38849	34	0	0	605677	546883	32812	0
3815	-121	-8	7	2	2352	7265	544123	10	909	1411194	7	25961	2	1	0	8611	11	0	3	2787	0	11995	2352	641	0	0	0	0	129	0	13	12506	548926	38849	34	0	0	605627	546883	32812	0
3814	-121	-8	7	2	2272	7265	543997	10	909	1411068	7	25955	2	1	0	8609	11	0	3	2787	0	11995	2272	641	0	0	0	0	129	0	13	12506	548926	38849	34	0	0	605577	546883	32812	0
3813	-121	-8	7	3	2192	7265	543934	10	909	1410942	7	25952	2	1	0	8607	11	0	3	2787	0	11995	2192	641	0	0	0	0	129	0	13	12506	548926	38849	34	0	0	605527	546883	32812	0
3812	-121	-8	7	3	2112	7265	543808	10	909	1410879	7	25946	2	1	0	8606	11	0	3	2787	0	11995	2112	641	0	0	0	0	129	0	13	12506	548926	38849	34	0	0	605477	546883	32812	0
3811	-121	-8	7	3	2032	7265	543682	10	909	1410753	7	25940	2	1	0	8604	11	0	3	2787	0	11995	2032	641	0	0	0	0	129	0	13	12506	548926	38849	34	0	0	605427	546883	32812	0
3810	-121	-9	7	2	1952	7263	543556	10	908	1410627	7	25934	2	1	0	8602	11	0	3	2784	0	11988	1952	641	0	0	0	0	129	0	13	12506	548926	38849	34	0	0	605377	546883	32812	0
3809	-121	-9	7	2	1792	7263	543304	10	908	1410375	7	25922	2	1	0	8598	11	0	3	2784	0	11988	1792	641	0	0	0	0	129	0	13	12506	548926	38849	34	0	0	605277	546883	32812	0
3808	-121	-9	7	1	1712	7263	543241	10	908	1410249	7	25919	2	1	0	8596	11	0	3	2784	0	11988	1712	641	0	0	0	0	129	0	13	12506	548926	38849	34	0	0	605227	546883	32812	0
3807	-120	-9	7	1	1632	7261	543115	10	907	1410123	7	25913	2	1	0	8594	11	0	3	2781	0	11981	1632	641	0	0	0	0	129	0	13	12506	548926	38849	34	0	0	605177	546883	32812	0
3806	-120	-9	7	0	1552	7261	542989	10	907	1409997	7	25907	2	1	0	8592	11	0	3	2781	0	11981	1552	641	0	0	0	0	129	0	13	12506	548926	38849	34	0	0	605127	546883	32812	0
3805	-120	-9	7	0	1472	7261	542863	10	907	1409871	7	25901	2	1	0	8590	11	0	3	2781	0	11981	1472	641	0	0	0	0	129	0	13	12506	548926	38849	34	0	0	605077	546883	32812	0
3804	-120	-9	7	0	1392	7261	542737	10	907	1409808	7	25895	2	1	0	8589	11	0	3	2781	0	11981	1392	641	0	0	0	0	129	0	13	12506	548926	38849	34	0	0	605027	546883	32812	0
3803	-120	-9	8	0	1312	7261	542611	10	907	1409682	7	25889	2	1	0	8587	13	0	3	2781	0	11981	1312	641	0	0	0	0	129	0	13	12506	548926	38849	34	0	0	604977	546883	32812	0
3802	-122	-10	8	1	1232	7259	542485	10	906	1409556	7	25883	2	1	0	8585	13	0	3	2778	0	11974	1232	641	0	0	0	0	129	0	13	12506	548926	38849	34	0	0	604927	546883	32812	0
3801	-122	-10	8	1	1152	7259	542359	10	906	1409430	7	25877	2	1	0	8583	13	0	3	2778	0	11974	1152	641	0	0	0	0	129	0	13	12506	548926	38849	34	0	0	604877	546883	32812	0
3800	-122	-10	7	1	992	7259	542170	10	906	1409178	7	25868	2	1	0	8579	11	0	3	2778	0	11974	992	641	0	0	0	0	129	0	13	12506	548926	38849	34	0	0	604777	546883	32812	0
3799	-122	-10	7	1	912	7259	542044	10	906	1409115	7	25862	2	1	0	8578	11	0	3	2778	0	11974	912	641	0	0	0	0	129	0	13	12506	548926	38849	34	0	0	604727	546883	32812	0
3798	-122	-10	7	1	832	7257	541918	10	905	1408926	7	25856	2	1	0	8575	11	0	3	2775	0	11967	832	641	0	0	0	0	129	0	13	12506	548926	38849	34	0	0	604677	546883	32812	0
3797	-122	-10	7	1	752	7257	541792	10	905	1408863	7	25850	2	1	0	8574	11	0	3	2775	0	11967	752	641	0	0	0	0	129	0	13	12506	548926	38849	34	0	0	604627	546883	32812	0
3796	-122	-10	6	1	672	7257	541666	10	905	1408737	7	25844	2	1	0	8572	8	0	3	2775	0	11967	672	641	0	0	0	0	129	0	13	12506	548926	38849	34	0	0	604577	546883	32812	0
3795	-122	-10	6	1	592	7257	541540	10	905	1408611	7	25838	2	1	0	8570	8	0	3	2775	0	11967	592	641	0	0	0	0	129	0	13	12506	548926	38849	34	0	0	604527	546883	32812	0
3794	-122	-10	6	2	512	7257	541414	10	905	1408485	7	25832	2	1	0	8568	8	0	3	2775	0	11967	512	641	0	0	0	0	129	0	13	12506	548926	38849	34	0	0	604477	546883	32812	0
3793	-120	-9	6	2	432	7255	541288	10	904	1408359	7	25826	2	1	0	8566	8	0	3	2772	0	11960	432	641	0	0	0	0	129	0	13	12506	548926	38849	34	0	0	604427	546883	32812	0
3792	-120	-9	6	3	352	7255	541162	10	904	1408233	7	25820	2	1	0	8564	8	0	3	2772	0	11960	352	641	0	0	0	0	129	0	13	12506	548926	38849	34	0	0	604377	546883	32812	0
3791	-120	-9	6	5	272	7255	541099	10	904	1408107	7	25817	2	1	0	8562	8	0	3	2772	0	11960	272	641	0	0	0	0	129	0	13	12506	548926	38849	34	0	0	604327	546883	32812	0
3790	-120	-9	7	8	112	7255	540847	10	904	1407918	7	25805	2	1	0	8559	11	0	3	2772	0	11960	112	641	0	0	0	0	129	0	13	12506	548926	38849	34	0	0	604227	546883	32812	0
3789	-119	-9	7	9	32	7253	540721	10	903	1407792	7	25799	2	1	0	8557	11	0	3	2769	0	11953	32	641	0	0	0	0	129	0	13	12506	548926	38849	34	0	0	604177	546883	32812	0
3788	-119	-9	7	10	16336	7253	540595	10	903	1407666	7	25793	2	1	0	8555	11	0	3	2769	0	11953	16336	641	0	0	0	0	129	0	13	12506	548926	38849	34	0	0	604127	546883	32812	0
3787	-119	-9	7	10	16256	7253	540469	10	903	1407540	7	25787	2	1	0	8553	11	0	3	2769	0	11953	16256	641	0	0	0	0	129	0	13	12506	548926	38849	34	0	0	604077	546883	32812	0
3786	-119	-9	8	11	16176	7253	540406	10	903	1407414	7	25784	2	1	0	8551	13	0	3	2769	0	11953	16176	641	0	0	0	0	129	0	13	12506	548926	38849	34	0	0	604027	546883	32812	0
3785	-120	-9	8	11	16096	7251	540280	10	902	1407288	7	25778	2	1	0	8549	13	0	3	2766	0	11946	16096	641	0	0	0	0	129	0	13	12506	548926	38849	34	0	0	603977	546883	32812	0
3784	-120	-9	8	10	16016	7251	540154	10	902	1407162	7	25772	2	1	0	8547	13	0	3	2766	0	11946	16016	641	0	0	0	0	129	0	13	12506	548926	38849	34	0	0	603927	546883	32812	0
3783	-120	-9	8	9	15936	7251	540028	10	902	1407036	7	25766	2	1	0	8545	13	0	3	2766	0	11946	15936	641	0	0	0	0	129	0	13	12506	548926	38849	34	0	0	603877	546883	32812	0
3782	-120	-9	7	8	15856	7251	539902	10	902	1406973	7	25760	2	1	0	8544	11	0	3	2766	0	11946	15856	641	0	0	0	0	129	0	13	12506	548926	38849	34	0	0	603827	546883	32812	0
3781	-120	-9	7	8	15776	7251	539776	10	902	1406847	7	25754	2	1	0	8542	11	0	3	2766	0	11946	15776	641	0	0	0	0	129	0	13	12506	548926	38849	34	0	0	603777	546883	32812	0
3780	-121	-9	7	3	15616	7249	539524	10	901	1406595	7	25742	2	1	0	8538	11	0	3	2763	0	11939	15616	641	0	0	0	0	129	0	13	12506	548926	38849	34	0	0	603677	546883	32812	0
3779	-121	-9	7	1	15536	7249	539398	10	901	1406469	7	25736	2	1	0	8536	11	0	3	2763	0	11939	15536	641	0	0	0	0	129	0	13	12506	548926	38849	34	0	0	603627	546883	32812	0
3778	-121	-9	6	4294967295	15456	7249	539335	10	901	1406343	7	25733	2	1	0	8534	8	0	3	2763	0	11939	15456	641	0	0	0	0	129	0	13	12506	548926	38849	34	0	0	603577	546883	32812	0
3777	-121	-9	6	4294967295	15376	7249	539209	10	901	1406280	7	25727	2	1	0	8533	8	0	3	2763	0	11939	15376	641	0	0	0	0	129	0	13	12506	548926	38849	34	0	0	603527	546883	32812	0
3776	-120	-9	6	4294967294	15296	7247	539083	10	900	1406091	7	25721	2	1	0	8530	8	0	3	2760	0	11932	15296	641	0	0	0	0	129	0	13	12506	548926	38849	34	0	0	603477	546883	32812	0
3775	-120	-9	6	4294967294	15216	7247	538957	10	900	1406028	7	25715	2	1	0	8529	8	0	3	2760	0	11932	15216	641	0	0	0	0	129	0	13	12506	548926	38849	34	0	0	603427	546883	32812	0
3774	-120	-9	6	4294967295	15136	7247	538831	10	900	1405902	7	25709	2	1	0	8527	8	0	3	2760	0	11932	15136	641	0	0	0	0	129	0	13	12506	548926	38849	34	0	0	603377	546883	32812	0
3773	-120	-9	6	1	15056	7247	538705	10	900	1405776	7	25703	2	1	0	8525	8	0	3	2760	0	11932	15056	641	0	0	0	0	129	0	13	12506	548926	38849	34	0	0	603327	546883	32812	0
3772	-120	-9	7	4	14976	7247	538579	10	900	1405650	7	25697	2	1	0	8523	11	0	3	2760	0	11932	14976	641	0	0	0	0	129	0	13	12506	548926	38849	34	0	0	603277	546883	32812	0
3771	-122	-10	7	5	14896	7245	538453	10	899	1405524	7	25691	2	1	0	8521	11	0	3	2757	0	11925	14896	641	0	0	0	0	129	0	13	12506	548926	38849	34	0	0	603227	546883	32812	0
3770	-122	-10	7	1	14736	7245	538264	10	899	1405272	7	25682	2	1	0	8517	11	0	3	2757	0	11925	14736	641	0	0	0	0	129	0	13	12506	548926	38849	34	0	0	603127	546883	32812	0
3769	-122	-10	6	0	14656	7245	538138	10	899	1405209	7	25676	2	1	0	8516	8	0	3	2757	0	11925	14656	641	0	0	0	0	129	0	13	12506	548926	38849	34	0	0	603077	546883	32812	0
3768	-122	-10	5	4294967294	14576	7245	538012	10	899	1405083	7	25670	2	1	0	8514	6	0	3	2757	0	11925	14576	641	0	0	0	0	129	0	13	12506	548926	38849	34	0	0	603027	546883	32812	0
3767	-122	-10	5	4294967294	14496	7243	537886	10	898	1404957	7	25664	2	1	0	8512	6	0	3	2754	0	11918	14496	641	0	0	0	0	129	0	13	12506	548926	38849	34	0	0	602977	546883	32812	0
3766	-122	-10	5	4294967294	14416	7243	537760	10	898	1404831	7	25658	2	1	0	8510	6	0	3	2754	0	11918	14416	641	0	0	0	0	129	0	13	12506	548926	38849	34	0	0	602927	546883	32812	0
3765	-122	-10	5	4294967294	14336	7243	537634	10	898	1404705	7	25652	2	1	0	8508	6	0	3	2754	0	11918	14336	641	0	0	0	0	129	0	13	12506	548926	38849	34	0	0	602877	546883	32812	0
3764	-122	-10	5	4294967294	14256	7243	537571	10	898	1404579	7	25649	2	1	0	8506	6	0	3	2754	0	11918	14256	641	0	0	0	0	129	0	13	12506	548926	38849	34	0	0	602827	546883	32812	0
3763	-122	-10	5	4294967294	14176	7241	537445	10	897	1404453	7	25643	2	1	0	8504	6	0	3	2751	0	11911	14176	641	0	0	0	0	129	0	13	12506	548926	38849	34	0	0	602777	546883	32812	0
3762	-122	-10	5	4294967295	14096	7241	537319	10	897	1404327	7	25637	2	1	0	8502	6	0	3	2751	0	11911	14096	641	0	0	0	0	129	0	13	12506	548926	38849	34	0	0	602727	546883	32812	0
3761	-122	-10	5	4294967295	14016	7241	537193	10	897	1404201	7	25631	2	1	0	8500	6	0	3	2751	0	11911	14016	641	0	0	0	0	129	0	13	12506	548926	38849	34	0	0	602677	546883	32812	0
3760	-122	-10	5	4294967294	13856	7241	536941	10	897	1404012	7	25619	2	1	0	8497	6	0	3	2751	0	11911	13856	641	0	0	0	0	129	0	13	12506	548926	38849	34	0	0	602577	546883	32812	0
3759	-123	-10	5	4294967294	13776	7239	536815	10	896	1403886	7	25613	2	1	0	8495	6	0	3	2748	0	11904	13776	641	0	0	0	0	129	0	13	12506	548926	38849	34	0	0	602527	546883	32812	0
3758	-123	-10	5	4294967294	13696	7239	536689	10	896	1403760	7	25607	2	1	0	8493	6	0	3	2748	0	11904	13696	641	0	0	0	0	129	0	13	12506	548926	38849	34	0	0	602477	546883	32812	0
3757	-123	-10	5	4294967294	13608	7239	536563	10	896	1403634	7	25601	2	1	0	8491	6	0	3	2748	0	11904	13608	641	0	0	0	0	129	0	13	12506	548926	38849	34	0	0	602425	546883	32812	0
3756	-123	-10	5	4294967294	13529	7239	536500	10	896	1403508	7	25598	2	1	0	8489	6	0	3	2748	0	11904	13529	641	0	0	0	0	129	0	13	12506	548926	38849	34	0	0	602376	546883	32812	0
3755	-123	-10	5	4294967294	13456	7239	536374	10	896	1403445	7	25592	2	1	0	8488	6	0	3	2748	0	11904	13456	641	0	0	0	0	129	0	13	12506	548926	38849	34	0	0	602327	546883	32812	0
3754	-123	-10	5	4294967294	13376	7237	536248	10	895	1403256	7	25586	2	1	0	8485	6	0	3	2745	0	11897	13376	641	0	0	0	0	129	0	13	12506	548926	38849	34	0	0	602277	546883	32812	0
3753	-123	-10	5	4294967294	13296	7237	536122	10	895	1403193	7	25580	2	1	0	8484	6	0	3	2745	0	11897	13296	641	0	0	0	0	129	0	13	12506	548926	38849	34	0	0	602227	546883	32812	0
3752	-123	-10	5	4294967295	13216	7237	535996	10	895	1403067	7	25574	2	1	0	8482	6	0	3	2745	0	11897	13216	641	0	0	0	0	129	0	13	12506	548926	38849	34	0	0	602177	546883	32812	0
3751	-123	-10	5	4294967295	13136	7237	535870	10	895	1402941	7	25568	2	1	0	8480	6	0	3	2745	0	11897	13136	641	0	0	0	0	129	0	13	12506	548926	38849	34	0	0	602127	546883	32812	0
3750	-123	-11	5	4294967295	12976	7235	535618	10	894	1402689	7	25556	2	1	0	8476	6	0	3	2742	0	11890	12976	641	0	0	0	0	129	0	13	12506	548926	38849	34	0	0	602027	546883	32812	0
3749	-123	-11	5	4294967295	12896	7235	535492	10	894	1402563	7	25550	2	1	0	8474	6	0	3	2742	0	11890	12896	641	0	0	0	0	129	0	13	12506	548926	38849	34	0	0	601977	546883	32812	0
3748	-123	-11	5	0	12816	7235	535429	10	894	1402437	7	25547	2	1	0	8472	6	0	3	2742	0	11890	12816	641	0	0	0	0	129	0	13	12506	548926	38849	34	0	0	601927	546883	32812	0
3747	-123	-11	5	0	12736	7235	535303	10	894	1402374	7	25541	2	1	0	8471	6	0	3	2742	0	11890	12736	641	0	0	0	0	129	0	13	12506	548926	38849	34	0	0	601877	546883	32812	0
3746	-123	-11	5	0	12656	7235	535177	10	894	1402248	7	25535	2	1	0	8469	6	0	3	2742	0	11890	12656	641	0	0	0	0	129	0	13	12506	548926	38849	34	0	0	601827	546883	32812	0
3745	-124	-11	5	1	12576	7233	535051	10	893	1402122	7	25529	2	1	0	8467	6	0	3	2739	0	11883	12576	641	0	0	0	0	129	0	13	12506	548926	38849	34	0	0	601777	546883	32812	0
3744	-124	-11	5	1	12496	7233	534925	10	893	1401996	7	25523	2	1	0	8465	6	0	3	2739	0	11883	12496	641	0	0	0	0	129	0	13	12506	548926	38849	34	0	0	601727	546883	32812	0
3743	-124	-11	5	1	12416	7233	534799	10	893	1401870	7	25517	2	1	0	8463	6	0	3	2739	0	11883	12416	641	0	0	0	0	129	0	13	12506	548926	38849	34	0	0	601677	546883	32812	0
3742	-124	-11	5	1	12336	7233	534736	10	893	1401744	7	25514	2	1	0	8461	6	0	3	2739	0	11883	12336	641	0	0	0	0	129	0	13	12506	548926	38849	34	0	0	601627	546883	32812	0
3741	-125	-12	5	2	12256	7231	534610	10	892	1401618	7	25508	2	1	0	8459	6	0	3	2736	0	11876	12256	641	0	0	0	0	129	0	13	12506	548926	38849	34	0	0	601577	546883	32812	0
3740	-125	-12	4	2	12096	7231	534358	10	892	1401366	7	25496	2	1	0	8455	4	0	3	2736	0	11876	12096	641	0	0	0	0	129	0	13	12506	548926	38849	34	0	0	601477	546883	32812	0
3739	-125	-12	5	3	12016	7231	534232	10	892	1401303	7	25490	2	1	0	8454	6	0	3	2736	0	11876	12016	641	0	0	0	0	129	0	13	12506	548926	38849	34	0	0	601427	546883	32812	0
3738	-125	-12	5	3	11936	7231	534106	10	892	1401177	7	25484	2	1	0	8452	6	0	3	2736	0	11876	11936	641	0	0	0	0	129	0	13	12506	548926	38849	34	0	0	601377	546883	32812	0
3737	-126	-11	5	3	11856	7229	533980	10	891	1401051	7	25478	2	1	0	8450	6	0	3	2733	0	11869	11856	641	0	0	0	0	129	0	13	12506	548926	38849	34	0	0	601327	546883	32812	0
3736	-126	-11	5	4	11776	7229	533854	10	891	1400925	7	25472	2	1	0	8448	6	0	3	2733	0	11869	11776	641	0	0	0	0	129	0	13	12506	548926	38849	34	0	0	601277	546883	32812	0
3735	-126	-11	5	4	11696	7229	533728	10	891	1400799	7	25466	2	1	0	8446	6	0	3	2733	0	11869	11696	641	0	0	0	0	129	0	13	12506	548926	38849	34	0	0	601227	546883	32812	0
3734	-126	-11	5	4	11616	7229	533665	10	891	1400673	7	25463	2	1	0	8444	6	0	3	2733	0	11869	11616	641	0	0	0	0	129	0	13	12506	548926	38849	34	0	0	601177	546883	32812	0
3733	-126	-11	5	4	11536	7229	533539	10	891	1400610	7	25457	2	1	0	8443	6	0	3	2733	0	11869	11536	641	0	0	0	0	129	0	13	12506	548926	38849	34	0	0	601127	546883	32812	0
3732	-125	-10	5	5	11456	7227	533413	10	890	1400421	7	25451	2	1	0	8440	6	0	3	2730	0	11862	11456	641	0	0	0	0	129	0	13	12506	548926	38849	34	0	0	601077	546883	32812	0
3731	-125	-10	5	5	11376	7227	533287	10	890	1400358	7	25445	2	1	0	8439	6	0	3	2730	0	11862	11376	641	0	0	0	0	129	0	13	12506	548926	38849	34	0	0	601027	546883	32812	0
3730	-125	-10	5	5	11216	7227	533035	10	890	1400106	7	25433	2	1	0	8435	6	0	3	2730	0	11862	11216	641	0	0	0	0	129	0	13	12506	548926	38849	34	0	0	600927	546883	32812	0
3729	-125	-10	5	6	11136	7227	532909	10	890	1399980	7	25427	2	1	0	8433	6	0	3	2730	0	11862	11136	641	0	0	0	0	129	0	13	12506	548926	38849	34	0	0	600877	546883	32812	0
3728	-125	-10	5	6	11056	7225	532783	10	889	1399854	7	25421	2	1	0	8431	6	0	3	2727	0	11855	11056	641	0	0	0	0	129	0	13	12506	548926	38849	34	0	0	600827	546883	32812	0
3727	-125	-10	5	6	10976	7225	532657	10	889	1399728	7	25415	2	1	0	8429	6	0	3	2727	0	11855	10976	641	0	0	0	0	129	0	13	12506	548926	38849	34	0	0	600777	546883	32812	0
3726	-125	-10	5	6	10896	7225	532594	10	889	1399602	7	25412	2	1	0	8427	6	0	3	2727	0	11855	10896	641	0	0	0	0	129	0	13	12506	548926	38849	34	0	0	600727	546883	32812	0
3725	-125	-10	5	6	10816	7225	532468	10	889	1399539	7	25406	2	1	0	8426	6	0	3	2727	0	11855	10816	641	0	0	0	0	129	0	13	12506	548926	38849	34	0	0	600677	546883	32812	0
3724	-125	-10	5	5	10736	7225	532342	10	889	1399413	7	25400	2	1	0	8424	6	0	3	2727	0	11855	10736	641	0	0	0	0	129	0	13	12506	548926	38849	34	0	0	600627	546883	32812	0
3723	-125	-10	5	5	10656	7223	532216	10	888	1399287	7	25394	2	1	0	8422	6	0	3	2724	0	11848	10656	641	0	0	0	0	129	0	13	12506	548926	38849	34	0	0	600577	546883	32812	0
3722	-125	-10	5	5	10576	7223	532090	10	888	1399161	7	25388	2	1	0	8420	6	0	3	2724	0	11848	10576	641	0	0	0	0	129	0	13	12506	548926	38849	34	0	0	600527	546883	32812	0
3721	-125	-10	5	5	10496	7223	531964	10	888	1399035	7	25382	2	1	0	8418	6	0	3	2724	0	11848	10496	641	0	0	0	0	129	0	13	12506	548926	38849	34	0	0	600477	546883	32812	0
3720	-124	-10	5	5	10336	7221	531775	10	887	1398783	7	25373	2	1	0	8414	6	0	3	2721	0	11841	10336	641	0	0	0	0	129	0	13	12506	548926	38849	34	0	0	600377	546883	32812	0
3719	-124	-10	5	5	10256	7221	531649	10	887	1398657	7	25367	2	1	0	8412	6	0	3	2721	0	11841	10256	641	0	0	0	0	129	0	13	12506	548926	38849	34	0	0	600327	546883	32812	0
3718	-124	-10	5	5	10176	7221	531523	10	887	1398531	7	25361	2	1	0	8410	6	0	3	2721	0	11841	10176	641	0	0	0	0	129	0	13	12506	548926	38849	34	0	0	600277	546883	32812	0
3717	-124	-10	5	5	10096	7221	531397	10	887	1398468	7	25355	2	1	0	8409	6	0	3	2721	0	11841	10096	641	0	0	0	0	129	0	13	12506	548926	38849	34	0	0	600227	546883	32812	0
3716	-124	-10	6	5	10016	7221	531271	10	887	1398342	7	25349	2	1	0	8407	8	0	3	2721	0	11841	10016	641	0	0	0	0	129	0	13	12506	548926	38849	34	0	0	600177	546883	32812	0
3715	-124	-10	6	5	9936	7219	531145	10	886	1398216	7	25343	2	1	0	8405	8	0	3	2718	0	11834	9936	641	0	0	0	0	129	0	13	12506	548926	38849	34	0	0	600127	546883	32812	0
3714	-124	-10	6	5	9856	7219	531019	10	886	1398090	7	25337	2	1	0	8403	8	0	3	2718	0	11834	9856	641	0	0	0	0	129	0	13	12506	548926	38849	34	0	0	600077	546883	32812	0
3713	-124	-10	6	5	9776	7219	530893	10	886	1397964	7	25331	2	1	0	8401	8	0	3	2718	0	11834	9776	641	0	0	0	0	129	0	13	12506	548926	38849	34	0	0	600027	546883	32812	0
3712	-124	-10	6	5	9696	7219	530830	10	886	1397838	7	25328	2	1	0	8399	8	0	3	2718	0	11834	9696	641	0	0	0	0	129	0	13	12506	548926	38849	34	0	0	599977	546883	32812	0
3711	-124	-9	6	4	9536	7217	530578	10	885	1397586	7	25316	2	1	0	8395	8	0	3	2715	0	11827	9536	641	0	0	0	0	129	0	13	12506	548926	38849	34	0	0	599877	546883	32812	0
3710	-124	-9	6	3	9456	7217	530452	10	885	1397523	7	25310	2	1	0	8394	8	0	3	2715	0	11827	9456	641	0	0	0	0	129	0	13	12506	548926	38849	34	0	0	599827	546883	32812	0
3709	-124	-9	6	3	9376	7217	530326	10	885	1397397	7	25304	2	1	0	8392	8	0	3	2715	0	11827	9376	641	0	0	0	0	129	0	13	12506	548926	38849	34	0	0	599777	546883	32812	0
3708	-124	-9	6	2	9296	7217	530200	10	885	1397271	7	25298	2	1	0	8390	8	0	3	2715	0	11827	9296	641	0	0	0	0	129	0	13	12506	548926	38849	34	0	0	599727	546883	32812	0
3707	-124	-9	6	3	9216	7217	530074	10	885	1397145	7	25292	2	1	0	8388	8	0	3	2715	0	11827	9216	641	0	0	0	0	129	0	13	12506	548926	38849	34	0	0	599677	546883	32812	0
3706	-122	-8	5	3	9136	7215	529948	10	884	1397019	7	25286	2	1	0	8386	6	0	3	2712	0	11820	9136	641	0	0	0	0	129	0	13	12506	548926	38849	34	0	0	599627	546883	32812	0
3705	-122	-8	5	3	9056	7215	529822	10	884	1396893	7	25280	2	1	0	8384	6	0	3	2712	0	11820	9056	641	0	0	0	0	129	0	13	12506	548926	38849	34	0	0	599577	546883	32812	0
3704	-122	-8	5	4	8976	7215	529759	10	884	1396767	7	25277	2	1	0	8382	6	0	3	2712	0	11820	8976	641	0	0	0	0	129	0	13	12506	548926	38849	34	0	0	599527	546883	32812	0
3703	-122	-8	5	4	8896	7215	529633	10	884	1396704	7	25271	2	1	0	8381	6	0	3	2712	0	11820	8896	641	0	0	0	0	129	0	13	12506	548926	38849	34	0	0	599477	546883	32812	0
3702	-122	-8	6	4	8816	7215	529507	10	884	1396578	7	25265	2	1	0	8379	8	0	3	2712	0	11820	8816	641	0	0	0	0	129	0	13	12506	548926	38849	34	0	0	599427	546883	32812	0
3701	-122	-8	6	4	8656	7213	529255	10	883	1396326	7	25253	2	1	0	8375	8	0	3	2709	0	11813	8656	641	0	0	0	0	129	0	13	12506	548926	38849	34	0	0	599327	546883	32812	0
3700	-122	-8	6	4	8576	7213	529129	10	883	1396200	7	25247	2	1	0	8373	8	0	3	2709	0	11813	8576	641	0	0	0	0	129	0	13	12506	548926	38849	34	0	0	599277	546883	32812	0
3699	-122	-8	6	4	8496	7213	529066	10	883	1396074	7	25244	2	1	0	8371	8	0	3	2709	0	11813	8496	641	0	0	0	0	129	0	13	12506	548926	38849	34	0	0	599227	546883	32812	0
3698	-122	-8	6	4	8416	7211	528940	10	882	1395948	7	25238	2	1	0	8369	8	0	3	2706	0	11806	8416	641	0	0	0	0	129	0	13	12506	548926	38849	34	0	0	599177	546883	32812	0
3697	-122	-8	6	4	8336	7211	528814	10	882	1395822	7	25232	2	1	0	8367	8	0	3	2706	0	11806	8336	641	0	0	0	0	129	0	13	12506	548926	38849	34	0	0	599127	546883	32812	0
3696	-122	-8	6	4	8256	7211	528688	10	882	1395696	7	25226	2	1	0	8365	8	0	3	2706	0	11806	8256	641	0	0	0	0	129	0	13	12506	548926	38849	34	0	0	599077	546883	32812	0
3695	-122	-8	6	4	8176	7211	528562	10	882	1395633	7	25220	2	1	0	8364	8	0	3	2706	0	11806	8176	641	0	0	0	0	129	0	13	12506	548926	38849	34	0	0	599027	546883	32812	0
3694	-122	-8	6	4	8096	7211	528436	10	882	1395507	7	25214	2	1	0	8362	8	0	3	2706	0	11806	8096	641	0	0	0	0	129	0	13	12506	548926	38849	34	0	0	598977	546883	32812	0
3693	-122	-8	6	4	8016	7209	528310	10	881	1395381	7	25208	2	1	0	8360	8	0	3	2703	0	11799	8016	641	0	0	0	0	129	0	13	12506	548926	38849	34	0	0	598927	546883	32812	0
3692	-122	-8	6	4	7936	7209	528184	10	881	1395255	7	25202	2	1	0	8358	8	0	3	2703	0	11799	7936	641	0	0	0	0	129	0	13	12506	548926	38849	34	0	0	598877	546883	32812	0
3691	-122	-8	6	4	7776	7209	527995	10	881	1395003	7	25193	2	1	0	8354	8	0	3	2703	0	11799	7776	641	0	0	0	0	129	0	13	12506	548926	38849	34	0	0	598777	546883	32812	0
3690	-122	-8	6	4	7696	7209	527869	10	881	1394940	7	25187	2	1	0	8353	8	0	3	2703	0	11799	7696	641	0	0	0	0	129	0	13	12506	548926	38849	34	0	0	598727	546883	32812	0
3689	-122	-9	6	4	7616	7207	527743	10	880	1394751	7	25181	2	1	0	8350	8	0	3	2700	0	11792	7616	641	0	0	0	0	129	0	13	12506	548926	38849	34	0	0	598677	546883	32812	0
3688	-122	-9	6	4	7536	7207	527617	10	880	1394688	7	25175	2	1	0	8349	8	0	3	2700	0	11792	7536	641	0	0	0	0	129	0	13	12506	548926	38849	34	0	0	598627	546883	32812	0
3687	-122	-9	6	4	7456	7207	527491	10	880	1394562	7	25169	2	1	0	8347	8	0	3	2700	0	11792	7456	641	0	0	0	0	129	0	13	12506	548926	38849	34	0	0	598577	546883	32812	0
3686	-122	-9	6	4	7376	7207	527365	10	880	1394436	7	25163	2	1	0	8345	8	0	3	2700	0	11792	7376	641	0	0	0	0	129	0	13	12506	548926	38849	34	0	0	598527	546883	32812	0
3685	-122	-9	6	3	7296	7207	527239	10	880	1394310	7	25157	2	1	0	8343	8	0	3	2700	0	11792	7296	641	0	0	0	0	129	0	13	12506	548926	38849	34	0	0	598477	546883	32812	0
3684	-120	-9	6	3	7216	7205	527113	10	879	1394184	7	25151	2	1	0	8341	8	0	3	2697	0	11785	7216	641	0	0	0	0	129	0	13	12506	548926	38849	34	0	0	598427	546883	32812	0
3683	-120	-9	6	3	7136	7205	526987	10	879	1394058	7	25145	2	1	0	8339	8	0	3	2697	0	11785	7136	641	0	0	0	0	129	0	13	12506	548926	38849	34	0	0	598377	546883	32812	0
3682	-120	-9	7	3	7056	7205	526924	10	879	1393932	7	25142	2	1	0	8337	11	0	3	2697	0	11785	7056	641	0	0	0	0	129	0	13	12506	548926	38849	34	0	0	598327	546883	32812	0
3681	-120	-9	7	4	6896	7205	526672	10	879	1393743	7	25130	2	1	0	8334	11	0	3	2697	0	11785	6896	641	0	0	0	0	129	0	13	12506	548926	38849	34	0	0	598227	546883	32812	0
3680	-118	-8	7	3	6816	7203	526546	10	878	1393617	7	25124	2	1	0	8332	11	0	3	2694	0	11778	6816	641	0	0	0	0	129	0	13	12506	548926	38849	34	0	0	598177	546883	32812	0
3679	-118	-8	7	3	6736	7203	526420	10	878	1393491	7	25118	2	1	0	8330	11	0	3	2694	0	11778	6736	641	0	0	0	0	129	0	13	12506	548926	38849	34	0	0	598127	546883	32812	0
3678	-118	-8	7	3	6656	7203	526294	10	878	1393365	7	25112	2	1	0	8328	11	0	3	2694	0	11778	6656	641	0	0	0	0	129	0	13	12506	548926	38849	34	0	0	598077	546883	32812	0
3677	-118	-8	7	3	6576	7203	526231	10	878	1393239	7	25109	2	1	0	8326	11	0	3	2694	0	11778	6576	641	0	0	0	0	129	0	13	12506	548926	38849	34	0	0	598027	546883	32812	0
3676	-116	-8	8	2	6496	7201	526105	10	877	1393113	7	25103	2	1	0	8324	13	0	3	2691	0	11771	6496	641	0	0	0	0	129	0	13	12506	548926	38849	34	0	0	597977	546883	32812	0
3675	-116	-8	8	2	6416	7201	525979	10	877	1392987	7	25097	2	1	0	8322	13	0	3	2691	0	11771	6416	641	0	0	0	0	129	0	13	12506	548926	38849	34	0	0	597927	546883	32812	0
3674	-116	-8	8	1	6336	7201	525853	10	877	1392861	7	25091	2	1	0	8320	13	0	3	2691	0	11771	6336	641	0	0	0	0	129	0	13	12506	548926	38849	34	0	0	597877	546883	32812	0
3673	-116	-8	8	1	6256	7201	525727	10	877	1392798	7	25085	2	1	0	8319	13	0	3	2691	0	11771	6256	641	0	0	0	0	129	0	13	12506	548926	38849	34	0	0	597827	546883	32812	0
3672	-116	-8	8	0	6176	7201	525601	10	877	1392672	7	25079	2	1	0	8317	13	0	3	2691	0	11771	6176	641	0	0	0	0	129	0	13	12506	548926	38849	34	0	0	597777	546883	32812	0
3671	-116	-8	8	4294967295	6016	7199	525349	10	876	1392420	7	25067	2	1	0	8313	13	0	3	2688	0	11764	6016	641	0	0	0	0	129	0	13	12506	548926	38849	34	0	0	597677	546883	32812	0
3670	-116	-8	9	4294967295	5936	7199	525223	10	876	1392294	7	25061	2	1	0	8311	16	0	3	2688	0	11764	5936	641	0	0	0	0	129	0	13	12506	548926	38849	34	0	0	597627	546883	32812	0
3669	-116	-8	9	4294967294	5856	7199	525160	10	876	1392168	7	25058	2	1	0	8309	16	0	3	2688	0	11764	5856	641	0	0	0	0	129	0	13	12506	548926	38849	34	0	0	597577	546883	32812	0
3668	-116	-8	9	4294967294	5776	7199	525034	10	876	1392105	7	25052	2	1	0	8308	16	0	3	2688	0	11764	5776	641	0	0	0	0	129	0	13	12506	548926	38849	34	0	0	597527	546883	32812	0
3667	-118	-8	9	4294967295	5696	7197	524908	10	875	1391916	7	25046	2	1	0	8305	16	0	3	2685	0	11757	5696	641	0	0	0	0	129	0	13	12506	548926	38849	34	0	0	597477	546883	32812	0
3666	-118	-8	9	0	5616	7197	524782	10	875	1391853	7	25040	2	1	0	8304	16	0	3	2685	0	11757	5616	641	0	0	0	0	129	0	13	12506	548926	38849	34	0	0	597427	546883	32812	0
3665	-118	-8	8	1	5536	7197	524656	10	875	1391727	7	25034	2	1	0	8302	13	0	3	2685	0	11757	5536	641	0	0	0	0	129	0	13	12506	548926	38849	34	0	0	597377	546883	32812	0
3664	-118	-8	8	1	5456	7197	524530	10	875	1391601	7	25028	2	1	0	8300	13	0	3	2685	0	11757	5456	641	0	0	0	0	129	0	13	12506	548926	38849	34	0	0	597327	546883	32812	0
3663	-118	-8	8	2	5376	7197	524404	10	875	1391475	7	25022	2	1	0	8298	13	0	3	2685	0	11757	5376	641	0	0	0	0	129	0	13	12506	548926	38849	34	0	0	597277	546883	32812	0
3662	-116	-8	8	1	5296	7195	524278	10	874	1391349	7	25016	2	1	0	8296	13	0	3	2682	0	11750	5296	641	0	0	0	0	129	0	13	12506	548926	38849	34	0	0	597227	546883	32812	0
3661	-116	-8	8	0	5136	7195	524089	10	874	1391097	7	25007	2	1	0	8292	13	0	3	2682	0	11750	5136	641	0	0	0	0	129	0	13	12506	548926	38849	34	0	0	597127	546883	32812	0
3660	-116	-8	8	1	5056	7195	523963	10	874	1391034	7	25001	2	1	0	8291	13	0	3	2682	0	11750	5056	641	0	0	0	0	129	0	13	12506	548926	38849	34	0	0	597077	546883	32812	0
3659	-116	-8	8	3	4976	7195	523837	10	874	1390908	7	24995	2	1	0	8289	13	0	3	2682	0	11750	4976	641	0	0	0	0	129	0	13	12506	548926	38849	34	0	0	597027	546883	32812	0
3658	-114	-7	8	3	4896	7193	523711	10	873	1390782	7	24989	2	1	0	8287	13	0	3	2679	0	11743	4896	641	0	0	0	0	129	0	13	12506	548926	38849	34	0	0	596977	546883	32812	0
3657	-114	-7	8	3	4816	7193	523585	10	873	1390656	7	24983	2	1	0	8285	13	0	3	2679	0	11743	4816	641	0	0	0	0	129	0	13	12506	548926	38849	34	0	0	596927	546883	32812	0
3656	-114	-7	8	2	4736	7193	523459	10	873	1390530	7	24977	2	1	0	8283	13	0	3	2679	0	11743	4736	641	0	0	0	0	129	0	13	12506	548926	38849	34	0	0	596877	546883	32812	0
3655	-114	-7	8	1	4656	7193	523396	10	873	1390404	7	24974	2	1	0	8281	13	0	3	2679	0	11743	4656	641	0	0	0	0	129	0	13	12506	548926	38849	34	0	0	596827	546883	32812	0
3654	-112	-6	8	4	4576	7191	523270	10	872	1390278	7	24968	2	1	0	8279	13	0	3	2676	0	11736	4576	641	0	0	0	0	129	0	13	12506	548926	38849	34	0	0	596777	546883	32812	0
3653	-112	-6	8	6	4496	7191	523144	10	872	1390152	7	24962	2	1	0	8277	13	0	3	2676	0	11736	4496	641	0	0	0	0	129	0	13	12506	548926	38849	34	0	0	596727	546883	32812	0
3652	-112	-6	9	5	4416	7191	523018	10	872	1390026	7	24956	2	1	0	8275	16	0	3	2676	0	11736	4416	641	0	0	0	0	129	0	13	12506	548926	38849	34	0	0	596677	546883	32812	0
3651	-112	-6	10	8	4256	7191	522766	10	872	1389837	7	24944	2	1	0	8272	18	0	3	2676	0	11736	4256	641	0	0	0	0	129	0	13	12506	548926	38849	34	0	0	596577	546883	32812	0
3650	-113	-4	10	9	4176	7189	522640	10	871	1389711	7	24938	2	1	0	8270	18	0	3	2673	0	11729	4176	641	0	0	0	0	129	0	13	12506	548926	38849	34	0	0	596527	546883	32812	0
3649	-113	-4	11	11	4096	7189	522514	10	871	1389585	7	24932	2	1	0	8268	20	0	3	2673	0	11729	4096	641	0	0	0	0	129	0	13	12506	548926	38849	34	0	0	596477	546883	32812	0
3648	-113	-4	11	12	4016	7189	522388	10	871	1389459	7	24926	2	1	0	8266	20	0	3	2673	0	11729	4016	641	0	0	0	0	129	0	13	12506	548926	38849	34	0	0	596427	546883	32812	0
3647	-113	-4	11	14	3936	7189	522325	10	871	1389333	7	24923	2	1	0	8264	20	0	3	2673	0	11729	3936	641	0	0	0	0	129	0	13	12506	548926	38849	34	0	0	596377	546883	32812	0
3646	-113	-4	11	15	3856	7189	522199	10	871	1389270	7	24917	2	1	0	8263	20	0	3	2673	0	11729	3856	641	0	0	0	0	129	0	13	12506	548926	38849	34	0	0	596327	546883	32812	0
3645	-115	-5	10	17	3776	7187	522073	10	870	1389081	7	24911	2	1	0	8260	18	0	3	2670	0	11722	3776	641	0	0	0	0	129	0	13	12506	548926	38849	34	0	0	596277	546883	32812	0
3644	-115	-5	10	18	3696	7187	521947	10	870	1389018	7	24905	2	1	0	8259	18	0	3	2670	0	11722	3696	641	0	0	0	0	129	0	13	12506	548926	38849	34	0	0	596227	546883	32812	0
3643	-115	-5	10	21	3616	7187	521821	10	870	1388892	7	24899	2	1	0	8257	18	0	3	2670	0	11722	3616	641	0	0	0	0	129	0	13	12506	548926	38849	34	0	0	596177	546883	32812	0
3642	-115	-5	11	22	3536	7187	521695	10	870	1388766	7	24893	2	1	0	8255	20	0	3	2670	0	11722	3536	641	0	0	0	0	129	0	13	12506	548926	38849	34	0	0	596127	546883	32812	0
3641	-112	-3	9	20	3376	7185	521443	10	869	1388514	7	24881	2	1	0	8251	16	0	3	2667	0	11715	3376	641	0	0	0	0	129	0	13	12506	548926	38849	34	0	0	596027	546883	32812	0
3640	-112	-3	7	20	3296	7185	521317	10	869	1388388	7	24875	2	1	0	8249	11	0	3	2667	0	11715	3296	641	0	0	0	0	129	0	13	12506	548926	38849	34	0	0	595977	546883	32812	0
3639	-112	-3	8	21	3216	7185	521254	10	869	1388262	7	24872	2	1	0	8247	13	0	3	2667	0	11715	3216	641	0	0	0	0	129	0	13	12506	548926	38849	34	0	0	595927	546883	32812	0
3638	-112	-3	10	20	3136	7185	521128	10	869	1388199	7	24866	2	1	0	8246	18	0	3	2667	0	11715	3136	641	0	0	0	0	129	0	13	12506	548926	38849	34	0	0	595877	546883	32812	0
3637	-112	-3	10	19	3056	7185	521002	10	869	1388073	7	24860	2	1	0	8244	18	0	3	2667	0	11715	3056	641	0	0	0	0	129	0	13	12506	548926	38849	34	0	0	595827	546883	32812	0
3636	-110	-3	11	19	2976	7183	520876	10	868	1387947	7	24854	2	1	0	8242	20	0	3	2664	0	11708	2976	641	0	0	0	0	129	0	13	12506	548926	38849	34	0	0	595777	546883	32812	0
3635	-110	-3	11	19	2896	7183	520750	10	868	1387821	7	24848	2	1	0	8240	20	0	3	2664	0	11708	2896	641	0	0	0	0	129	0	13	12506	548926	38849	34	0	0	595727	546883	32812	0
3634	-110	-3	11	20	2816	7183	520624	10	868	1387695	7	24842	2	1	0	8238	20	0	3	2664	0	11708	2816	641	0	0	0	0	129	0	13	12506	548926	38849	34	0	0	595677	546883	32812	0
3633	-110	-3	11	21	2736	7183	520561	10	868	1387569	7	24839	2	1	0	8236	20	0	3	2664	0	11708	2736	641	0	0	0	0	129	0	13	12506	548926	38849	34	0	0	595627	546883	32812	0
3632	-109	-3	12	24	2656	7181	520435	10	867	1387443	7	24833	2	1	0	8234	23	0	3	2661	0	11701	2656	641	0	0	0	0	129	0	13	12506	548926	38849	34	0	0	595577	546883	32812	0
3631	-109	-3	12	27	2496	7181	520183	10	867	1387191	7	24821	2	1	0	8230	23	0	3	2661	0	11701	2496	641	0	0	0	0	129	0	13	12506	548926	38849	34	0	0	595477	546883	32812	0
3630	-109	-3	12	27	2416	7181	520057	10	867	1387128	7	24815	2	1	0	8229	23	0	3	2661	0	11701	2416	641	0	0	0	0	129	0	13	12506	548926	38849	34	0	0	595427	546883	32812	0
3629	-109	-3	13	28	2336	7181	519931	10	867	1387002	7	24809	2	1	0	8227	25	0	3	2661	0	11701	2336	641	0	0	0	0	129	0	13	12506	548926	38849	34	0	0	595377	546883	32812	0
3628	-111	-3	13	28	2256	7179	519805	10	866	1386876	7	24803	2	1	0	8225	25	0	3	2658	0	11694	2256	641	0	0	0	0	129	0	13	12506	548926	38849	34	0	0	595327	546883	32812	0
3627	-111	-3	13	28	2176	7179	519679	10	866	1386750	7	24797	2	1	0	8223	25	0	3	2658	0	11694	2176	641	0	0	0	0	129	0	13	12506	548926	38849	34	0	0	595277	546883	32812	0
3626	-111	-3	13	27	2096	7179	519553	10	866	1386624	7	24791	2	1	0	8221	25	0	3	2658	0	11694	2096	641	0	0	0	0	129	0	13	12506	548926	38849	34	0	0	595227	546883	32812	0
3625	-111	-3	13	27	2016	7179	519490	10	866	1386498	7	24788	2	1	0	8219	25	0	3	2658	0	11694	2016	641	0	0	0	0	129	0	13	12506	548926	38849	34	0	0	595177	546883	32812	0
3624	-111	-3	12	27	1936	7179	519364	10	866	1386435	7	24782	2	1	0	8218	23	0	3	2658	0	11694	1936	641	0	0	0	0	129	0	13	12506	548926	38849	34	0	0	595127	546883	32812	0
3623	-114	-4	12	27	1856	7177	519238	10	865	1386246	7	24776	2	1	0	8215	23	0	3	2655	0	11687	1856	641	0	0	0	0	129	0	13	12506	548926	38849	34	0	0	595077	546883	32812	0
3622	-114	-4	12	26	1696	7177	518986	10	865	1386057	7	24764	2	1	0	8212	23	0	3	2655	0	11687	1696	641	0	0	0	0	129	0	13	12506	548926	38849	34	0	0	594977	546883	32812	0
3621	-114	-4	12	25	1616	7177	518860	10	865	1385931	7	24758	2	1	0	8210	23	0	3	2655	0	11687	1616	641	0	0	0	0	129	0	13	12506	548926	38849	34	0	0	594927	546883	32812	0
3620	-114	-4	11	22	1536	7177	518734	10	865	1385805	7	24752	2	1	0	8208	20	0	3	2655	0	11687	1536	641	0	0	0	0	129	0	13	12506	548926	38849	34	0	0	594877	546883	32812	0
3619	-113	-4	9	20	1456	7175	518608	10	864	1385679	7	24746	2	1	0	8206	16	0	3	2652	0	11680	1456	641	0	0	0	0	129	0	13	12506	548926	38849	34	0	0	594827	546883	32812	0
3618	-113	-4	6	18	1376	7175	518482	10	864	1385553	7	24740	2	1	0	8204	8	0	3	2652	0	11680	1376	641	0	0	0	0	129	0	13	12506	548926	38849	34	0	0	594777	546883	32812	0
3617	-113	-4	8	20	1296	7175	518419	10	864	1385427	7	24737	2	1	0	8202	13	0	3	2652	0	11680	1296	641	0	0	0	0	129	0	13	12506	548926	38849	34	0	0	594727	546883	32812	0
3616	-113	-4	8	20	1216	7175	518293	10	864	1385364	7	24731	2	1	0	8201	13	0	3	2652	0	11680	1216	641	0	0	0	0	129	0	13	12506	548926	38849	34	0	0	594677	546883	32812	0
3615	-113	-4	11	22	1136	7175	518167	10	864	1385238	7	24725	2	1	0	8199	20	0	3	2652	0	11680	1136	641	0	0	0	0	129	0	13	12506	548926	38849	34	0	0	594627	546883	32812	0
3614	-116	-5	11	21	1056	7173	518041	10	863	1385112	7	24719	2	1	0	8197	20	0	3	2649	0	11673	1056	641	0	0	0	0	129	0	13	12506	548926	38849	34	0	0	594577	546883	32812	0
3613	-116	-5	11	21	976	7173	517915	10	863	1384986	7	24713	2	1	0	8195	20	0	3	2649	0	11673	976	641	0	0	0	0	129	0	13	12506	548926	38849	34	0	0	594527	546883	32812	0
3612	-116	-5	9	17	816	7173	517726	10	863	1384734	7	24704	2	1	0	8191	16	0	3	2649	0	11673	816	641	0	0	0	0	129	0	13	12506	548926	38849	34	0	0	594427	546883	32812	0
3611	-112	-3	9	17	736	7171	517600	10	862	1384608	7	24698	2	1	0	8189	16	0	3	2646	0	11666	736	641	0	0	0	0	129	0	13	12506	548926	38849	34	0	0	594377	546883	32812	0
3610	-112	-3	8	16	656	7171	517474	10	862	1384482	7	24692	2	1	0	8187	13	0	3	2646	0	11666	656	641	0	0	0	0	129	0	13	12506	548926	38849	34	0	0	594327	546883	32812	0
3609	-112	-3	8	15	576	7171	517348	10	862	1384356	7	24686	2	1	0	8185	13	0	3	2646	0	11666	576	641	0	0	0	0	129	0	13	12506	548926	38849	34	0	0	594277	546883	32812	0
3608	-112	-3	8	16	496	7171	517222	10	862	1384293	7	24680	2	1	0	8184	13	0	3	2646	0	11666	496	641	0	0	0	0	129	0	13	12506	548926	38849	34	0	0	594227	546883	32812	0
3607	-112	-3	9	16	416	7171	517096	10	862	1384167	7	24674	2	1	0	8182	16	0	3	2646	0	11666	416	641	0	0	0	0	129	0	13	12506	548926	38849	34	0	0	594177	546883	32812	0
3606	-110	-3	10	16	336	7169	516970	10	861	1384041	7	24668	2	1	0	8180	18	0	3	2643	0	11659	336	641	0	0	0	0	129	0	13	12506	548926	38849	34	0	0	594127	546883	32812	0
3605	-110	-3	11	17	256	7169	516844	10	861	1383915	7	24662	2	1	0	8178	20	0	3	2643	0	11659	256	641	0	0	0	0	129	0	13	12506	548926	38849	34	0	0	594077	546883	32812	0
3604	-110	-3	11	18	176	7169	516718	10	861	1383789	7	24656	2	1	0	8176	20	0	3	2643	0	11659	176	641	0	0	0	0	129	0	13	12506	548926	38849	34	0	0	594027	546883	32812	0
3603	-110	-3	12	18	96	7169	516655	10	861	1383663	7	24653	2	1	0	8174	23	0	3	2643	0	11659	96	641	0	0	0	0	129	0	13	12506	548926	38849	34	0	0	593977	546883	32812	0
3602	-109	-3	12	18	16320	7167	516403	10	860	1383411	7	24641	2	1	0	8170	23	0	3	2640	0	11652	16320	641	0	0	0	0	129	0	13	12506	548926	38849	34	0	0	593877	546883	32812	0
3601	-109	-3	12	18	16240	7167	516277	10	860	1383348	7	24635	2	1	0	8169	23	0	3	2640	0	11652	16240	641	0	0	0	0	129	0	13	12506	548926	38849	34	0	0	593827	546883	32812	0
3600	-109	-3	12	18	16160	7167	516151	10	860	1383222	7	24629	2	1	0	8167	23	0	3	2640	0	11652	16160	641	0	0	0	0	129	0	13	12506	548926	38849	34	0	0	593777	546883	32812	0
3599	-109	-3	12	19	16080	7167	516025	10	860	1383096	7	24623	2	1	0	8165	23	0	3	2640	0	11652	16080	641	0	0	0	0	129	0	13	12506	548926	38849	34	0	0	593727	546883	32812	0
3598	-109	-3	12	20	16000	7167	515899	10	860	1382970	7	24617	2	1	0	8163	23	0	3	2640	0	11652	16000	641	0	0	0	0	129	0	13	12506	548926	38849	34	0	0	593677	546883	32812	0
3597	-110	-3	13	20	15920	7165	515773	10	859	1382844	7	24611	2	1	0	8161	25	0	3	2637	0	11645	15920	641	0	0	0	0	129	0	13	12506	548926	38849	34	0	0	593627	546883	32812	0
3596	-110	-3	13	19	15840	7165	515647	10	859	1382718	7	24605	2	1	0	8159	25	0	3	2637	0	11645	15840	641	0	0	0	0	129	0	13	12506	548926	38849	34	0	0	593577	546883	32812	0
3595	-110	-3	13	18	15760	7165	515584	10	859	1382592	7	24602	2	1	0	8157	25	0	3	2637	0	11645	15760	641	0	0	0	0	129	0	13	12506	548926	38849	34	0	0	593527	546883	32812	0
3594	-110	-3	13	17	15680	7165	515458	10	859	1382529	7	24596	2	1	0	8156	25	0	3	2637	0	11645	15680	641	0	0	0	0	129	0	13	12506	548926	38849	34	0	0	593477	546883	32812	0
3593	-110	-3	13	13	15600	7165	515332	10	859	1382403	7	24590	2	1	0	8154	25	0	3	2637	0	11645	15600	641	0	0	0	0	129	0	13	12506	548926	38849	34	0	0	593427	546883	32812	0
3592	-111	-3	13	9	15440	7163	515080	10	858	1382151	7	24578	2	1	0	8150	25	0	3	2634	0	11638	15440	641	0	0	0	0	129	0	13	12506	548926	38849	34	0	0	593327	546883	32812	0
3591	-111	-3	13	8	15360	7163	514954	10	858	1382025	7	24572	2	1	0	8148	25	0	3	2634	0	11638	15360	641	0	0	0	0	129	0	13	12506	548926	38849	34	0	0	593277	546883	32812	0
3590	-111	-3	12	9	15280	7163	514891	10	858	1381899	7	24569	2	1	0	8146	23	0	3	2634	0	11638	15280	641	0	0	0	0	129	0	13	12506	548926	38849	34	0	0	593227	546883	32812	0
3589	-113	-4	12	10	15200	7161	514765	10	857	1381773	7	24563	2	1	0	8144	23	0	3	2631	0	11631	15200	641	0	0	0	0	129	0	13	12506	548926	38849	34	0	0	593177	546883	32812	0
3588	-113	-4	12	12	15112	7161	514576	10	857	1381647	7	24554	2	1	0	8142	23	0	3	2631	0	11631	15112	641	0	0	0	0	129	0	13	12506	548926	38849	34	0	0	593125	546883	32812	0
3587	-113	-4	12	14	15033	7161	514513	10	857	1381521	7	24551	2	1	0	8140	23	0	3	2631	0	11631	15033	641	0	0	0	0	129	0	13	12506	548926	38849	34	0	0	593076	546883	32812	0
3586	-113	-4	12	15	14960	7161	514387	10	857	1381458	7	24545	2	1	0	8139	23	0	3	2631	0	11631	14960	641	0	0	0	0	129	0	13	12506	548926	38849	34	0	0	593027	546883	32812	0
3585	-113	-4	12	17	14880	7161	514261	10	857	1381332	7	24539	2	1	0	8137	23	0	3	2631	0	11631	14880	641	0	0	0	0	129	0	13	12506	548926	38849	34	0	0	592977	546883	32812	0
3584	-113	-4	11	19	14800	7159	514135	10	856	1381206	7	24533	2	1	0	8135	20	0	3	2628	0	11624	14800	641	0	0	0	0	129	0	13	12506	548926	38849	34	0	0	592927	546883	32812	0
3583	-113	-4	11	19	14720	7159	514009	10	856	1381080	7	24527	2	1	0	8133	20	0	3	2628	0	11624	14720	641	0	0	0	0	129	0	13	12506	548926	38849	34	0	0	592877	546883	32812	0
3582	-113	-4	10	21	14560	7159	513820	10	856	1380828	7	24518	2	1	0	8129	18	0	3	2628	0	11624	14560	641	0	0	0	0	129	0	13	12506	548926	38849	34	0	0	592777	546883	32812	0
3581	-113	-4	10	22	14480	7159	513694	10	856	1380765	7	24512	2	1	0	8128	18	0	3	2628	0	11624	14480	641	0	0	0	0	129	0	13	12506	548926	38849	34	0	0	592727	546883	32812	0
3580	-113	-4	10	22	14400	7157	513568	10	855	1380576	7	24506	2	1	0	8125	18	0	3	2625	0	11617	14400	641	0	0	0	0	129	0	13	12506	548926	38849	34	0	0	592677	546883	32812	0
3579	-113	-4	10	22	14320	7157	513442	10	855	1380513	7	24500	2	1	0	8124	18	0	3	2625	0	11617	14320	641	0	0	0	0	129	0	13	12506	548926	38849	34	0	0	592627	546883	32812	0
3578	-113	-4	10	22	14240	7157	513316	10	855	1380387	7	24494	2	1	0	8122	18	0	3	2625	0	11617	14240	641	0	0	0	0	129	0	13	12506	548926	38849	34	0	0	592577	546883	32812	0
3577	-113	-4	10	22	14160	7157	513190	10	855	1380261	7	24488	2	1	0	8120	18	0	3	2625	0	11617	14160	641	0	0	0	0	129	0	13	12506	548926	38849	34	0	0	592527	546883	32812	0
3576	-113	-4	10	22	14080	7157	513064	10	855	1380135	7	24482	2	1	0	8118	18	0	3	2625	0	11617	14080	641	0	0	0	0	129	0	13	12506	548926	38849	34	0	0	592477	546883	32812	0
3575	-112	-3	11	22	14000	7155	512938	10	854	1380009	7	24476	2	1	0	8116	20	0	3	2622	0	11610	14000	641	0	0	0	0	129	0	13	12506	548926	38849	34	0	0	592427	546883	32812	0
3574	-112	-3	11	23	13920	7155	512812	10	854	1379883	7	24470	2	1	0	8114	20	0	3	2622	0	11610	13920	641	0	0	0	0	129	0	13	12506	548926	38849	34	0	0	592377	546883	32812	0
3573	-112	-3	11	23	13840	7155	512749	10	854	1379757	7	24467	2	1	0	8112	20	0	3	2622	0	11610	13840	641	0	0	0	0	129	0	13	12506	548926	38849	34	0	0	592327	546883	32812	0
3572	-112	-3	11	22	13680	7155	512497	10	854	1379568	7	24455	2	1	0	8109	20	0	3	2622	0	11610	13680	641	0	0	0	0	129	0	13	12506	548926	38849	34	0	0	592227	546883	32812	0
3571	-111	-3	12	22	13600	7153	512371	10	853	1379442	7	24449	2	1	0	8107	23	0	3	2619	0	11603	13600	641	0	0	0	0	129	0	13	12506	548926	38849	34	0	0	592177	546883	32812	0
3570	-111	-3	12	22	13520	7153	512245	10	853	1379316	7	24443	2	1	0	8105	23	0	3	2619	0	11603	13520	641	0	0	0	0	129	0	13	12506	548926	38849	34	0	0	592127	546883	32812	0
3569	-111	-3	12	22	13440	7153	512119	10	853	1379190	7	24437	2	1	0	8103	23	0	3	2619	0	11603	13440	641	0	0	0	0	129	0	13	12506	548926	38849	34	0	0	592077	546883	32812	0
3568	-111	-3	12	22	13360	7153	512056	10	853	1379064	7	24434	2	1	0	8101	23	0	3	2619	0	11603	13360	641	0	0	0	0	129	0	13	12506	548926	38849	34	0	0	592027	546883	32812	0
3567	-110	-3	12	23	13280	7151	511930	10	852	1378938	7	24428	2	1	0	8099	23	0	3	2616	0	11596	13280	641	0	0	0	0	129	0	13	12506	548926	38849	34	0	0	591977	546883	32812	0
3566	-110	-3	12	23	13200	7151	511804	10	852	1378812	7	24422	2	1	0	8097	23	0	3	2616	0	11596	13200	641	0	0	0	0	129	0	13	12506	548926	38849	34	0	0	591927	546883	32812	0
3565	-110	-3	12	23	13120	7151	511678	10	852	1378686	7	24416	2	1	0	8095	23	0	3	2616	0	11596	13120	641	0	0	0	0	129	0	13	12506	548926	38849	34	0	0	591877	546883	32812	0
3564	-110	-3	12	23	13040	7151	511552	10	852	1378623	7	24410	2	1	0	8094	23	0	3	2616	0	11596	13040	641	0	0	0	0	129	0	13	12506	548926	38849	34	0	0	591827	546883	32812	0
3563	-110	-3	12	23	12960	7151	511426	10	852	1378497	7	24404	2	1	0	8092	23	0	3	2616	0	11596	12960	641	0	0	0	0	129	0	13	12506	548926	38849	34	0	0	591777	546883	32812	0
3562	-108	-3	12	23	12800	7149	511174	10	851	1378245	7	24392	2	1	0	8088	23	0	3	2613	0	11589	12800	641	0	0	0	0	129	0	13	12506	548926	38849	34	0	0	591677	546883	32812	0
3561	-108	-3	13	23	12720	7149	511048	10	851	1378119	7	24386	2	1	0	8086	25	0	3	2613	0	11589	12720	641	0	0	0	0	129	0	13	12506	548926	38849	34	0	0	591627	546883	32812	0
3560	-108	-3	13	24	12640	7149	510985	10	851	1377993	7	24383	2	1	0	8084	25	0	3	2613	0	11589	12640	641	0	0	0	0	129	0	13	12506	548926	38849	34	0	0	591577	546883	32812	0
3559	-108	-3	13	22	12553	7149	510859	10	851	1377867	7	24377	2	1	0	8082	25	0	3	2613	0	11589	12553	641	0	0	0	0	129	0	13	12506	548926	38849	34	0	0	591526	546883	32812	0
3558	-107	-2	13	23	12480	7147	510733	10	850	1377741	7	24371	2	1	0	8080	25	0	3	2610	0	11582	12480	641	0	0	0	0	129	0	13	12506	548926	38849	34	0	0	591477	546883	32812	0
3557	-107	-2	13	23	12400	7147	510607	10	850	1377678	7	24365	2	1	0	8079	25	0	3	2610	0	11582	12400	641	0	0	0	0	129	0	13	12506	548926	38849	34	0	0	591427	546883	32812	0
3556	-107	-2	13	23	12320	7147	510481	10	850	1377552	7	24359	2	1	0	8077	25	0	3	2610	0	11582	12320	641	0	0	0	0	129	0	13	12506	548926	38849	34	0	0	591377	546883	32812	0
3555	-107	-2	13	23	12233	7147	510355	10	850	1377426	7	24353	2	1	0	8075	25	0	3	2610	0	11582	12233	641	0	0	0	0	129	0	13	12506	548926	38849	34	0	0	591326	546883	32812	0
3554	-107	-2	13	23	12153	7147	510229	10	850	1377300	7	24347	2	1	0	8073	25	0	3	2610	0	11582	12153	641	0	0	0	0	129	0	13	12506	548926	38849	34	0	0	591276	546883	32812	0
3553	-106	-2	13	23	12080	7145	510103	10	849	1377174	7	24341	2	1	0	8071	25	0	3	2607	0	11575	12080	641	0	0	0	0	129	0	13	12506	548926	38849	34	0	0	591227	546883	32812	0
3552	-106	-2	14	23	11913	7145	509914	10	849	1376922	7	24332	2	1	0	8067	27	0	3	2607	0	11575	11913	641	0	0	0	0	129	0	13	12506	548926	38849	34	0	0	591126	546883	32812	0
3551	-106	-2	14	23	11840	7145	509788	10	849	1376859	7	24326	2	1	0	8066	27	0	3	2607	0	11575	11840	641	0	0	0	0	129	0	13	12506	548926	38849	34	0	0	591077	546883	32812	0
3550	-106	-2	14	23	11753	7145	509662	10	849	1376733	7	24320	2	1	0	8064	27	0	3	2607	0	11575	11753	641	0	0	0	0	129	0	13	12506	548926	38849	34	0	0	591026	546883	32812	0
3549	-107	-3	14	22	11680	7143	509536	10	848	1376607	7	24314	2	1	0	8062	27	0	3	2604	0	11568	11680	641	0	0	0	0	129	0	13	12506	548926	38849	34	0	0	590977	546883	32812	0
3548	-107	-3	14	22	11600	7143	509410	10	848	1376481	7	24308	2	1	0	8060	27	0	3	2604	0	11568	11600	641	0	0	0	0	129	0	13	12506	548926	38849	34	0	0	590927	546883	32812	0
3547	-107	-3	14	22	11513	7143	509284	10	848	1376355	7	24302	2	1	0	8058	27	0	3	2604	0	11568	11513	641	0	0	0	0	129	0	13	12506	548926	38849	34	0	0	590876	546883	32812	0
3546	-107	-3	14	22	11440	7143	509221	10	848	1376229	7	24299	2	1	0	8056	27	0	3	2604	0	11568	11440	641	0	0	0	0	129	0	13	12506	548926	38849	34	0	0	590827	546883	32812	0
3545	-111	-3	14	21	11360	7141	509095	10	847	1376103	7	24293	2	1	0	8054	27	0	3	2601	0	11561	11360	641	0	0	0	0	129	0	13	12506	548926	38849	34	0	0	590777	546883	32812	0
3544	-111	-3	13	20	11273	7141	508906	10	847	1375977	7	24284	2	1	0	8052	25	0	3	2601	0	11561	11273	641	0	0	0	0	129	0	13	12506	548926	38849	34	0	0	590726	546883	32812	0
3543	-111	-3	13	18	11193	7141	508843	10	847	1375851	7	24281	2	1	0	8050	25	0	3	2601	0	11561	11193	641	0	0	0	0	129	0	13	12506	548926	38849	34	0	0	590676	546883	32812	0
3542	-111	-3	13	17	11040	7141	508591	10	847	1375662	7	24269	2	1	0	8047	25	0	3	2601	0	11561	11040	641	0	0	0	0	129	0	13	12506	548926	38849	34	0	0	590577	546883	32812	0
3541	-114	-4	13	15	10960	7139	508465	10	846	1375536	7	24263	2	1	0	8045	25	0	3	2598	0	11554	10960	641	0	0	0	0	129	0	13	12506	548926	38849	34	0	0	590527	546883	32812	0
3540	-114	-4	12	14	10880	7139	508339	10	846	1375410	7	24257	2	1	0	8043	23	0	3	2598	0	11554	10880	641	0	0	0	0	129	0	13	12506	548926	38849	34	0	0	590477	546883	32812	0
3539	-114	-4	12	15	10800	7139	508213	10	846	1375284	7	24251	2	1	0	8041	23	0	3	2598	0	11554	10800	641	0	0	0	0	129	0	13	12506	548926	38849	34	0	0	590427	546883	32812	0
3538	-114	-4	11	16	10720	7139	508150	10	846	1375158	7	24248	2	1	0	8039	20	0	3	2598	0	11554	10720	641	0	0	0	0	129	0	13	12506	548926	38849	34	0	0	590377	546883	32812	0
3537	-114	-4	10	18	10633	7139	508024	10	846	1375032	7	24242	2	1	0	8037	18	0	3	2598	0	11554	10633	641	0	0	0	0	129	0	13	12506	548926	38849	34	0	0	590326	546883	32812	0
3536	-115	-5	10	19	10553	7137	507898	10	845	1374906	7	24236	2	1	0	8035	18	0	3	2595	0	11547	10553	641	0	0	0	0	129	0	13	12506	548926	38849	34	0	0	590276	546883	32812	0
3535	-115	-5	9	20	10473	7137	507772	10	845	1374780	7	24230	2	1	0	8033	16	0	3	2595	0	11547	10473	641	0	0	0	0	129	0	13	12506	548926	38849	34	0	0	590226	546883	32812	0
3534	-115	-5	8	20	10393	7137	507646	10	845	1374717	7	24224	2	1	0	8032	13	0	3	2595	0	11547	10393	641	0	0	0	0	129	0	13	12506	548926	38849	34	0	0	590176	546883	32812	0
3533	-115	-5	8	20	10313	7137	507520	10	845	1374591	7	24218	2	1	0	8030	13	0	3	2595	0	11547	10313	641	0	0	0	0	129	0	13	12506	548926	38849	34	0	0	590126	546883	32812	0
3532	-113	-4	8	19	10160	7135	507268	10	844	1374339	7	24206	2	1	0	8026	13	0	3	2592	0	11540	10160	641	0	0	0	0	129	0	13	12506	548926	38849	34	0	0	590027	546883	32812	0
3531	-113	-4	8	19	10080	7135	507142	10	844	1374213	7	24200	2	1	0	8024	13	0	3	2592	0	11540	10080	641	0	0	0	0	129	0	13	12506	548926	38849	34	0	0	589977	546883	32812	0
3530	-113	-4	9	18	10000	7135	507079	10	844	1374087	7	24197	2	1	0	8022	16	0	3	2592	0	11540	10000	641	0	0	0	0	129	0	13	12506	548926	38849	34	0	0	589927	546883	32812	0
3529	-113	-4	9	18	9920	7135	506953	10	844	1374024	7	24191	2	1	0	8021	16	0	3	2592	0	11540	9920	641	0	0	0	0	129	0	13	12506	548926	38849	34	0	0	589877	546883	32812	0
3528	-113	-4	9	18	9833	7135	506827	10	844	1373898	7	24185	2	1	0	8019	16	0	3	2592	0	11540	9833	641	0	0	0	0	129	0	13	12506	548926	38849	34	0	0	589826	546883	32812	0
3527	-110	-3	9	19	9760	7133	506701	10	843	1373772	7	24179	2	1	0	8017	16	0	3	2589	0	11533	9760	641	0	0	0	0	129	0	13	12506	548926	38849	34	0	0	589777	546883	32812	0
3526	-110	-3	9	20	9680	7133	506575	10	843	1373646	7	24173	2	1	0	8015	16	0	3	2589	0	11533	9680	641	0	0	0	0	129	0	13	12506	548926	38849	34	0	0	589727	546883	32812	0
3525	-110	-3	9	21	9600	7133	506449	10	843	1373520	7	24167	2	1	0	8013	16	0	3	2589	0	11533	9600	641	0	0	0	0	129	0	13	12506	548926	38849	34	0	0	589677	546883	32812	0
3524	-110	-3	10	20	9520	7133	506386	10	843	1373394	7	24164	2	1	0	8011	18	0	3	2589	0	11533	9520	641	0	0	0	0	129	0	13	12506	548926	38849	34	0	0	589627	546883	32812	0
3523	-110	-3	11	20	9433	7131	506260	10	842	1373268	7	24158	2	1	0	8009	20	0	3	2586	0	11526	9433	641	0	0	0	0	129	0	13	12506	548926	38849	34	0	0	589576	546883	32812	0
3522	-110	-3	11	17	9280	7131	506008	10	842	1373016	7	24146	2	1	0	8005	20	0	3	2586	0	11526	9280	641	0	0	0	0	129	0	13	12506	548926	38849	34	0	0	589477	546883	32812	0
3521	-110	-3	10	16	9200	7131	505882	10	842	1372953	7	24140	2	1	0	8004	18	0	3	2586	0	11526	9200	641	0	0	0	0	129	0	13	12506	548926	38849	34	0	0	589427	546883	32812	0
3520	-110	-3	11	15	9120	7131	505756	10	842	1372827	7	24134	2	1	0	8002	20	0	3	2586	0	11526	9120	641	0	0	0	0	129	0	13	12506	548926	38849	34	0	0	589377	546883	32812	0
3519	-111	-3	11	14	9033	7129	505630	10	841	1372701	7	24128	2	1	0	8000	20	0	3	2583	0	11519	9033	641	0	0	0	0	129	0	13	12506	548926	38849	34	0	0	589326	546883	32812	0
3518	-111	-3	12	14	8953	7129	505504	10	841	1372575	7	24122	2	1	0	7998	23	0	3	2583	0	11519	8953	641	0	0	0	0	129	0	13	12506	548926	38849	34	0	0	589276	546883	32812	0
3517	-111	-3	12	14	8873	7129	505378	10	841	1372449	7	24116	2	1	0	7996	23	0	3	2583	0	11519	8873	641	0	0	0	0	129	0	13	12506	548926	38849	34	0	0	589226	546883	32812	0
3516	-111	-3	12	15	8800	7129	505315	10	841	1372323	7	24113	2	1	0	7994	23	0	3	2583	0	11519	8800	641	0	0	0	0	129	0	13	12506	548926	38849	34	0	0	589177	546883	32812	0
3515	-111	-3	12	16	8720	7129	505189	10	841	1372260	7	24107	2	1	0	7993	23	0	3	2583	0	11519	8720	641	0	0	0	0	129	0	13	12506	548926	38849	34	0	0	589127	546883	32812	0
3514	-112	-3	11	18	8640	7127	505063	10	840	1372071	7	24101	2	1	0	7990	20	0	3	2580	0	11512	8640	641	0	0	0	0	129	0	13	12506	548926	38849	34	0	0	589077	546883	32812	0
3513	-112	-3	10	19	8553	7127	504937	10	840	1371945	7	24095	2	1	0	7988	18	0	3	2580	0	11512	8553	641	0	0	0	0	129	0	13	12506	548926	38849	34	0	0	589026	546883	32812	0
3512	-112	-3	9	21	8400	7127	504685	10	840	1371756	7	24083	2	1	0	7985	16	0	3	2580	0	11512	8400	641	0	0	0	0	129	0	13	12506	548926	38849	34	0	0	588927	546883	32812	0
3511	-112	-3	10	21	8320	7127	504559	10	840	1371630	7	24077	2	1	0	7983	18	0	3	2580	0	11512	8320	641	0	0	0	0	129	0	13	12506	548926	38849	34	0	0	588877	546883	32812	0
3510	-112	-3	10	22	8233	7125	504433	10	839	1371504	7	24071	2	1	0	7981	18	0	3	2577	0	11505	8233	641	0	0	0	0	129	0	13	12506	548926	38849	34	0	0	588826	546883	32812	0
3509	-112	-3	10	22	8160	7125	504307	10	839	1371378	7	24065	2	1	0	7979	18	0	3	2577	0	11505	8160	641	0	0	0	0	129	0	13	12506	548926	38849	34	0	0	588777	546883	32812	0
3508	-112	-3	10	21	8080	7125	504244	10	839	1371252	7	24062	2	1	0	7977	18	0	3	2577	0	11505	8080	641	0	0	0	0	129	0	13	12506	548926	38849	34	0	0	588727	546883	32812	0
3507	-112	-3	10	21	8000	7125	504118	10	839	1371189	7	24056	2	1	0	7976	18	0	3	2577	0	11505	8000	641	0	0	0	0	129	0	13	12506	548926	38849	34	0	0	588677	546883	32812	0
3506	-112	-3	10	23	7913	7125	503992	10	839	1371063	7	24050	2	1	0	7974	18	0	3	2577	0	11505	7913	641	0	0	0	0	129	0	13	12506	548926	38849	34	0	0	588626	546883	32812	0
3505	-114	-4	10	23	7833	7123	503866	10	838	1370937	7	24044	2	1	0	7972	18	0	3	2574	0	11498	7833	641	0	0	0	0	129	0	13	12506	548926	38849	34	0	0	588576	546883	32812	0
3504	-114	-4	10	22	7753	7123	503740	10	838	1370811	7	24038	2	1	0	7970	18	0	3	2574	0	11498	7753	641	0	0	0	0	129	0	13	12506	548926	38849	34	0	0	588526	546883	32812	0
3503	-114	-4	10	21	7673	7123	503614	10	838	1370685	7	24032	2	1	0	7968	18	0	3	2574	0	11498	7673	641	0	0	0	0	129	0	13	12506	548926	38849	34	0	0	588476	546883	32812	0
3502	-113	-4	9	17	7520	7121	503425	10	837	1370433	7	24023	2	1	0	7964	16	0	3	2571	0	11491	7520	641	0	0	0	0	129	0	13	12506	548926	38849	34	0	0	588377	546883	32812	0
3501	-113	-4	9	15	7440	7121	503299	10	837	1370307	7	24017	2	1	0	7962	16	0	3	2571	0	11491	7440	641	0	0	0	0	129	0	13	12506	548926	38849	34	0	0	588327	546883	32812	0
3500	-113	-4	9	15	7360	7121	503173	10	837	1370181	7	24011	2	1	0	7960	16	0	3	2571	0	11491	7360	641	0	0	0	0	129	0	13	12506	548926	38849	34	0	0	588277	546883	32812	0
3499	-113	-4	9	16	7273	7121	503047	10	837	1370118	7	24005	2	1	0	7959	16	0	3	2571	0	11491	7273	641	0	0	0	0	129	0	13	12506	548926	38849	34	0	0	588226	546883	32812	0
3498	-113	-4	9	18	7200	7121	502921	10	837	1369992	7	23999	2	1	0	7957	16	0	3	2571	0	11491	7200	641	0	0	0	0	129	0	13	12506	548926	38849	34	0	0	588177	546883	32812	0
3497	-115	-7	10	19	7113	7119	502795	10	836	1369866	7	23993	2	1	0	7955	18	0	3	2568	0	11484	7113	641	0	0	0	0	129	0	13	12506	548926	38849	34	0	0	588126	546883	32812	0
3496	-115	-7	10	19	7033	7119	502669	10	836	1369740	7	23987	2	1	0	7953	18	0	3	2568	0	11484	7033	641	0	0	0	0	129	0	13	12506	548926	38849	34	0	0	588076	546883	32812	0
3495	-115	-7	11	19	6953	7119	502543	10	836	1369614	7	23981	2	1	0	7951	20	0	3	2568	0	11484	6953	641	0	0	0	0	129	0	13	12506	548926	38849	34	0	0	588026	546883	32812	0
3494	-115	-7	11	18	6873	7119	502480	10	836	1369488	7	23978	2	1	0	7949	20	0	3	2568	0	11484	6873	641	0	0	0	0	129	0	13	12506	548926	38849	34	0	0	587976	546883	32812	0
3493	-115	-7	11	14	6793	7119	502354	10	836	1369362	7	23972	2	1	0	7947	20	0	3	2568	0	11484	6793	641	0	0	0	0	129	0	13	12506	548926	38849	34	0	0	587926	546883	32812	0
3492	-113	-4	9	16	6633	7117	502102	10	835	1369110	7	23960	2	1	0	7943	16	0	3	2565	0	11477	6633	641	0	0	0	0	129	0	13	12506	548926	38849	34	0	0	587826	546883	32812	0
3491	-113	-4	8	17	6560	7117	501976	10	835	1369047	7	23954	2	1	0	7942	13	0	3	2565	0	11477	6560	641	0	0	0	0	129	0	13	12506	548926	38849	34	0	0	587777	546883	32812	0
3490	-113	-4	7	18	6480	7117	501850	10	835	1368921	7	23948	2	1	0	7940	11	0	3	2565	0	11477	6480	641	0	0	0	0	129	0	13	12506	548926	38849	34	0	0	587727	546883	32812	0
3489	-113	-4	7	17	6393	7117	501724	10	835	1368795	7	23942	2	1	0	7938	11	0	3	2565	0	11477	6393	641	0	0	0	0	129	0	13	12506	548926	38849	34	0	0	587676	546883	32812	0
3488	-109	-3	8	16	6313	7115	501598	10	834	1368669	7	23936	2	1	0	7936	13	0	3	2562	0	11470	6313	641	0	0	0	0	129	0	13	12506	548926	38849	34	0	0	587626	546883	32812	0
3487	-109	-3	10	16	6233	7115	501472	10	834	1368543	7	23930	2	1	0	7934	18	0	3	2562	0	11470	6233	641	0	0	0	0	129	0	13	12506	548926	38849	34	0	0	587576	546883	32812	0
3486	-109	-3	12	18	6160	7115	501409	10	834	1368417	7	23927	2	1	0	7932	23	0	3	2562	0	11470	6160	641	0	0	0	0	129	0	13	12506	548926	38849	34	0	0	587527	546883	32812	0
3485	-109	-3	12	19	6080	7115	501283	10	834	1368354	7	23921	2	1	0	7931	23	0	3	2562	0	11470	6080	641	0	0	0	0	129	0	13	12506	548926	38849	34	0	0	587477	546883	32812	0
3484	-109	-3	12	24	5993	7115	501157	10	834	1368228	7	23915	2	1	0	7929	23	0	3	2562	0	11470	5993	641	0	0	0	0	129	0	13	12506	548926	38849	34	0	0	587426	546883	32812	0
3483	-109	-4	13	25	5913	7113	501031	10	833	1368102	7	23909	2	1	0	7927	25	0	3	2559	0	11463	5913	641	0	0	0	0	129	0	13	12506	548926	38849	34	0	0	587376	546883	32812	0
3482	-109	-4	12	24	5753	7113	500779	10	833	1367850	7	23897	2	1	0	7923	23	0	3	2559	0	11463	5753	641	0	0	0	0	129	0	13	12506	548926	38849	34	0	0	587276	546883	32812	0
3481	-109	-4	12	22	5680	7113	500716	10	833	1367724	7	23894	2	1	0	7921	23	0	3	2559	0	11463	5680	641	0	0	0	0	129	0	13	12506	548926	38849	34	0	0	587227	546883	32812	0
3480	-108	-3	12	20	5593	7111	500590	10	832	1367598	7	23888	2	1	0	7919	23	0	3	2556	0	11456	5593	641	0	0	0	0	129	0	13	12506	548926	38849	34	0	0	587176	546883	32812	0
3479	-108	-3	13	20	5513	7111	500401	10	832	1367472	7	23879	2	1	0	7917	25	0	3	2556	0	11456	5513	641	0	0	0	0	129	0	13	12506	548926	38849	34	0	0	587126	546883	32812	0
3478	-108	-3	12	19	5433	7111	500338	10	832	1367346	7	23876	2	1	0	7915	23	0	3	2556	0	11456	5433	641	0	0	0	0	129	0	13	12506	548926	38849	34	0	0	587076	546883	32812	0
3477	-108	-3	11	20	5353	7111	500212	10	832	1367283	7	23870	2	1	0	7914	20	0	3	2556	0	11456	5353	641	0	0	0	0	129	0	13	12506	548926	38849	34	0	0	587026	546883	32812	0
3476	-108	-3	12	23	5273	7111	500086	10	832	1367157	7	23864	2	1	0	7912	23	0	3	2556	0	11456	5273	641	0	0	0	0	129	0	13	12506	548926	38849	34	0	0	586976	546883	32812	0
3475	-109	-3	13	24	5193	7109	499960	10	831	1367031	7	23858	2	1	0	7910	25	0	3	2553	0	11449	5193	641	0	0	0	0	129	0	13	12506	548926	38849	34	0	0	586926	546883	32812	0
3474	-109	-3	13	22	5113	7109	499834	10	831	1366905	7	23852	2	1	0	7908	25	0	3	2553	0	11449	5113	641	0	0	0	0	129	0	13	12506	548926	38849	34	0	0	586876	546883	32812	0
3473	-109	-3	13	19	5033	7109	499708	10	831	1366779	7	23846	2	1	0	7906	25	0	3	2553	0	11449	5033	641	0	0	0	0	129	0	13	12506	548926	38849	34	0	0	586826	546883	32812	0
3472	-109	-3	12	14	4873	7109	499519	10	831	1366527	7	23837	2	1	0	7902	23	0	3	2553	0	11449	4873	641	0	0	0	0	129	0	13	12506	548926	38849	34	0	0	586726	546883	32812	0
3471	-107	-2	12	15	4793	7107	499393	10	830	1366401	7	23831	2	1	0	7900	23	0	3	2550	0	11442	4793	641	0	0	0	0	129	0	13	12506	548926	38849	34	0	0	586676	546883	32812	0
3470	-107	-2	12	17	4713	7107	499267	10	830	1366275	7	23825	2	1	0	7898	23	0	3	2550	0	11442	4713	641	0	0	0	0	129	0	13	12506	548926	38849	34	0	0	586626	546883	32812	0
3469	-107	-2	12	19	4633	7107	499141	10	830	1366212	7	23819	2	1	0	7897	23	0	3	2550	0	11442	4633	641	0	0	0	0	129	0	13	12506	548926	38849	34	0	0	586576	546883	32812	0
3468	-107	-2	13	20	4553	7107	499015	10	830	1366086	7	23813	2	1	0	7895	25	0	3	2550	0	11442	4553	641	0	0	0	0	129	0	13	12506	548926	38849	34	0	0	586526	546883	32812	0
3467	-107	-2	15	22	4480	7107	498889	10	830	1365960	7	23807	2	1	0	7893	28	0	3	2550	0	11442	4480	641	0	0	0	0	129	0	13	12506	548926	38849	34	0	0	586477	546883	32812	0
3466	-107	-2	15	21	4393	7105	498763	10	829	1365834	7	23801	2	1	0	7891	28	0	3	2547	0	11435	4393	641	0	0	0	0	129	0	13	12506	548926	38849	34	0	0	586426	546883	32812	0
3465	-107	-2	15	21	4320	7105	498637	10	829	1365708	7	23795	2	1	0	7889	28	0	3	2547	0	11435	4320	641	0	0	0	0	129	0	13	12506	548926	38849	34	0	0	586377	546883	32812	0
3464	-107	-2	13	21	4240	7105	498574	10	829	1365582	7	23792	2	1	0	7887	25	0	3	2547	0	11435	4240	641	0	0	0	0	129	0	13	12506	548926	38849	34	0	0	586327	546883	32812	0
3463	-107	-2	12	21	4153	7105	498448	10	829	1365519	7	23786	2	1	0	7886	23	0	3	2547	0	11435	4153	641	0	0	0	0	129	0	13	12506	548926	38849	34	0	0	586276	546883	32812	0
3462	-106	-2	13	20	3993	7103	498196	10	828	1365267	7	23774	2	1	0	7882	25	0	3	2544	0	11428	3993	641	0	0	0	0	129	0	13	12506	548926	38849	34	0	0	586176	546883	32812	0
3461	-106	-2	13	17	3920	7103	498070	10	828	1365141	7	23768	2	1	0	7880	25	0	3	2544	0	11428	3920	641	0	0	0	0	129	0	13	12506	548926	38849	34	0	0	586127	546883	32812	0
3460	-106	-2	13	15	3840	7103	497944	10	828	1365015	7	23762	2	1	0	7878	25	0	3	2544	0	11428	3840	641	0	0	0	0	129	0	13	12506	548926	38849	34	0	0	586077	546883	32812	0
3459	-106	-2	12	13	3753	7103	497818	10	828	1364889	7	23756	2	1	0	7876	23	0	3	2544	0	11428	3753	641	0	0	0	0	129	0	13	12506	548926	38849	34	0	0	586026	546883	32812	0
3458	-103	-2	12	14	3673	7101	497755	10	827	1364763	7	23753	2	1	0	7874	23	0	3	2541	0	11421	3673	641	0	0	0	0	129	0	13	12506	548926	38849	34	0	0	585976	546883	32812	0
3457	-103	-2	13	14	3593	7101	497566	10	827	1364637	7	23744	2	1	0	7872	25	0	3	2541	0	11421	3593	641	0	0	0	0	129	0	13	12506	548926	38849	34	0	0	585926	546883	32812	0
3456	-103	-2	13	14	3513	7101	497503	10	827	1364511	7	23741	2	1	0	7870	25	0	3	2541	0	11421	3513	641	0	0	0	0	129	0	13	12506	548926	38849	34	0	0	585876	546883	32812	0
3455	-103	-2	13	14	3433	7101	497377	10	827	1364448	7	23735	2	1	0	7869	25	0	3	2541	0	11421	3433	641	0	0	0	0	129	0	13	12506	548926	38849	34	0	0	585826	546883	32812	0
3454	-103	-2	15	17	3353	7101	497251	10	827	1364322	7	23729	2	1	0	7867	28	0	3	2541	0	11421	3353	641	0	0	0	0	129	0	13	12506	548926	38849	34	0	0	585776	546883	32812	0
3453	-103	-2	15	17	3273	7099	497125	10	826	1364196	7	23723	2	1	0	7865	28	0	3	2538	0	11414	3273	641	0	0	0	0	129	0	13	12506	548926	38849	34	0	0	585726	546883	32812	0
3452	-103	-2	15	21	3113	7099	496873	10	826	1363944	7	23711	2	1	0	7861	28	0	3	2538	0	11414	3113	641	0	0	0	0	129	0	13	12506	548926	38849	34	0	0	585626	546883	32812	0
3451	-103	-2	15	22	3033	7099	496810	10	826	1363818	7	23708	2	1	0	7859	28	0	3	2538	0	11414	3033	641	0	0	0	0	129	0	13	12506	548926	38849	34	0	0	585576	546883	32812	0
3450	-103	-2	15	22	2953	7099	496684	10	826	1363692	7	23702	2	1	0	7857	28	0	3	2538	0	11414	2953	641	0	0	0	0	129	0	13	12506	548926	38849	34	0	0	585526	546883	32812	0
3449	-103	-2	15	23	2873	7097	496558	10	825	1363566	7	23696	2	1	0	7855	28	0	3	2535	0	11407	2873	641	0	0	0	0	129	0	13	12506	548926	38849	34	0	0	585476	546883	32812	0
3448	-103	-2	15	23	2793	7097	496432	10	825	1363440	7	23690	2	1	0	7853	28	0	3	2535	0	11407	2793	641	0	0	0	0	129	0	13	12506	548926	38849	34	0	0	585426	546883	32812	0
3447	-103	-2	15	25	2713	7097	496306	10	825	1363377	7	23684	2	1	0	7852	28	0	3	2535	0	11407	2713	641	0	0	0	0	129	0	13	12506	548926	38849	34	0	0	585376	546883	32812	0
3446	-103	-2	15	27	2633	7097	496180	10	825	1363251	7	23678	2	1	0	7850	28	0	3	2535	0	11407	2633	641	0	0	0	0	129	0	13	12506	548926	38849	34	0	0	585326	546883	32812	0
3445	-103	-2	15	30	2553	7097	496054	10	825	1363125	7	23672	2	1	0	7848	28	0	3	2535	0	11407	2553	641	0	0	0	0	129	0	13	12506	548926	38849	34	0	0	585276	546883	32812	0
3444	-106	-2	15	30	2473	7095	495928	10	824	1362999	7	23666	2	1	0	7846	28	0	3	2532	0	11400	2473	641	0	0	0	0	129	0	13	12506	548926	38849	34	0	0	585226	546883	32812	0
3443	-106	-2	15	31	2393	7095	495802	10	824	1362873	7	23660	2	1	0	7844	28	0	3	2532	0	11400	2393	641	0	0	0	0	129	0	13	12506	548926	38849	34	0	0	585176	546883	32812	0
3442	-106	-2	15	31	2233	7095	495613	10	824	1362684	7	23651	2	1	0	7841	28	0	3	2532	0	11400	2233	641	0	0	0	0	129	0	13	12506	548926	38849	34	0	0	585076	546883	32812	0
3441	-106	-2	14	31	2153	7095	495487	10	824	1362558	7	23645	2	1	0	7839	27	0	3	2532	0	11400	2153	641	0	0	0	0	129	0	13	12506	548926	38849	34	0	0	585026	546883	32812	0
3440	-106	-2	13	31	2073	7093	495361	10	823	1362432	7	23639	2	1	0	7837	25	0	3	2529	0	11393	2073	641	0	0	0	0	129	0	13	12506	548926	38849	34	0	0	584976	546883	32812	0
3439	-106	-2	13	30	1993	7093	495235	10	823	1362306	7	23633	2	1	0	7835	25	0	3	2529	0	11393	1993	641	0	0	0	0	129	0	13	12506	548926	38849	34	0	0	584926	546883	32812	0
3438	-106	-2	14	29	1913	7093	495109	10	823	1362180	7	23627	2	1	0	7833	27	0	3	2529	0	11393	1913	641	0	0	0	0	129	0	13	12506	548926	38849	34	0	0	584876	546883	32812	0
3437	-106	-2	13	29	1833	7093	494983	10	823	1362054	7	23621	2	1	0	7831	25	0	3	2529	0	11393	1833	641	0	0	0	0	129	0	13	12506	548926	38849	34	0	0	584826	546883	32812	0
3436	-106	-3	13	28	1753	7091	494920	10	822	1361928	7	23618	2	1	0	7829	25	0	3	2526	0	11386	1753	641	0	0	0	0	129	0	13	12506	548926	38849	34	0	0	584776	546883	32812	0
3435	-106	-3	14	23	1673	7091	494731	10	822	1361802	7	23609	2	1	0	7827	27	0	3	2526	0	11386	1673	641	0	0	0	0	129	0	13	12506	548926	38849	34	0	0	584726	546883	32812	0
3434	-106	-3	14	23	1593	7091	494668	10	822	1361676	7	23606	2	1	0	7825	27	0	3	2526	0	11386	1593	641	0	0	0	0	129	0	13	12506	548926	38849	34	0	0	584676	546883	32812	0
3433	-106	-3	11	26	1433	7091	494416	10	822	1361487	7	23594	2	1	0	7822	20	0	3	2526	0	11386	1433	641	0	0	0	0	129	0	13	12506	548926	38849	34	0	0	584576	546883	32812	0
3432	-108	-4	15	23	1353	7089	494290	10	821	1361361	7	23588	2	1	0	7820	28	0	3	2523	0	11379	1353	641	0	0	0	0	129	0	13	12506	548926	38849	34	0	0	584526	546883	32812	0
3431	-108	-4	14	20	1273	7089	494164	10	821	1361235	7	23582	2	1	0	7818	27	0	3	2523	0	11379	1273	641	0	0	0	0	129	0	13	12506	548926	38849	34	0	0	584476	546883	32812	0
3430	-108	-4	11	20	1193	7089	494038	10	821	1361109	7	23576	2	1	0	7816	20	0	3	2523	0	11379	1193	641	0	0	0	0	129	0	13	12506	548926	38849	34	0	0	584426	546883	32812	0
3429	-108	-4	15	20	1113	7089	493975	10	821	1360983	7	23573	2	1	0	7814	28	0	3	2523	0	11379	1113	641	0	0	0	0	129	0	13	12506	548926	38849	34	0	0	584376	546883	32812	0
3428	-108	-4	13	15	1033	7089	493849	10	821	1360857	7	23567	2	1	0	7812	25	0	3	2523	0	11379	1033	641	0	0	0	0	129	0	13	12506	548926	38849	34	0	0	584326	546883	32812	0
3427	-107	-3	11	15	953	7087	493723	10	820	1360731	7	23561	2	1	0	7810	20	0	3	2520	0	11372	953	641	0	0	0	0	129	0	13	12506	548926	38849	34	0	0	584276	546883	32812	0
3426	-107	-3	12	16	873	7087	493597	10	820	1360605	7	23555	2	1	0	7808	23	0	3	2520	0	11372	873	641	0	0	0	0	129	0	13	12506	548926	38849	34	0	0	584226	546883	32812	0
3425	-107	-3	12	19	793	7087	493471	10	820	1360542	7	23549	2	1	0	7807	23	0	3	2520	0	11372	793	641	0	0	0	0	129	0	13	12506	548926	38849	34	0	0	584176	546883	32812	0
3424	-107	-3	12	22	713	7087	493345	10	820	1360416	7	23543	2	1	0	7805	23	0	3	2520	0	11372	713	641	0	0	0	0	129	0	13	12506	548926	38849	34	0	0	584126	546883	32812	0
3423	-107	-3	13	20	553	7085	493093	10	819	1360164	7	23531	2	1	0	7801	25	0	3	2517	0	11365	553	641	0	0	0	0	129	0	13	12506	548926	38849	34	0	0	584026	546883	32812	0
3422	-107	-3	13	17	473	7085	492967	10	819	1360038	7	23525	2	1	0	7799	25	0	3	2517	0	11365	473	641	0	0	0	0	129	0	13	12506	548926	38849	34	0	0	583976	546883	32812	0
3421	-107	-3	13	16	393	7085	492904	10	819	1359912	7	23522	2	1	0	7797	25	0	3	2517	0	11365	393	641	0	0	0	0	129	0	13	12506	548926	38849	34	0	0	583926	546883	32812	0
3420	-107	-3	13	16	313	7085	492778	10	819	1359849	7	23516	2	1	0	7796	25	0	3	2517	0	11365	313	641	0	0	0	0	129	0	13	12506	548926	38849	34	0	0	583876	546883	32812	0
3419	-107	-3	13	16	233	7085	492652	10	819	1359723	7	23510	2	1	0	7794	25	0	3	2517	0	11365	233	641	0	0	0	0	129	0	13	12506	548926	38849	34	0	0	583826	546883	32812	0
3418	-107	-2	13	17	153	7083	492526	10	818	1359597	7	23504	2	1	0	7792	25	0	3	2514	0	11358	153	641	0	0	0	0	129	0	13	12506	548926	38849	34	0	0	583776	546883	32812	0
3417	-107	-2	14	19	73	7083	492400	10	818	1359471	7	23498	2	1	0	7790	27	0	3	2514	0	11358	73	641	0	0	0	0	129	0	13	12506	548926	38849	34	0	0	583726	546883	32812	0
3416	-107	-2	13	20	16377	7083	492274	10	818	1359345	7	23492	2	1	0	7788	25	0	3	2514	0	11358	16377	641	0	0	0	0	129	0	13	12506	548926	38849	34	0	0	583676	546883	32812	0
3415	-107	-2	12	22	16297	7083	492148	10	818	1359219	7	23486	2	1	0	7786	23	0	3	2514	0	11358	16297	641	0	0	0	0	129	0	13	12506	548926	38849	34	0	0	583626	546883	32812	0
3414	-106	-2	12	24	16217	7081	492085	10	817	1359093	7	23483	2	1	0	7784	23	0	3	2511	0	11351	16217	641	0	0	0	0	129	0	13	12506	548926	38849	34	0	0	583576	546883	32812	0
3413	-106	-2	15	27	16056	7081	491833	10	817	1358841	7	23471	2	1	0	7780	28	0	3	2511	0	11351	16056	641	0	0	0	0	129	0	13	12506	548926	38849	34	0	0	583475	546883	32812	0
3412	-106	-2	15	27	15977	7081	491707	10	817	1358778	7	23465	2	1	0	7779	28	0	3	2511	0	11351	15977	641	0	0	0	0	129	0	13	12506	548926	38849	34	0	0	583426	546883	32812	0
3411	-106	-2	15	26	15897	7081	491581	10	817	1358652	7	23459	2	1	0	7777	28	0	3	2511	0	11351	15897	641	0	0	0	0	129	0	13	12506	548926	38849	34	0	0	583376	546883	32812	0
3410	-106	-2	15	25	15817	7079	491455	10	816	1358526	7	23453	2	1	0	7775	28	0	3	2508	0	11344	15817	641	0	0	0	0	129	0	13	12506	548926	38849	34	0	0	583326	546883	32812	0
3409	-106	-2	14	25	15737	7079	491329	10	816	1358400	7	23447	2	1	0	7773	27	0	3	2508	0	11344	15737	641	0	0	0	0	129	0	13	12506	548926	38849	34	0	0	583276	546883	32812	0
3408	-106	-2	12	28	15657	7079	491203	10	816	1358274	7	23441	2	1	0	7771	23	0	3	2508	0	11344	15657	641	0	0	0	0	129	0	13	12506	548926	38849	34	0	0	583226	546883	32812	0
3407	-106	-2	15	28	15577	7079	491140	10	816	1358148	7	23438	2	1	0	7769	28	0	3	2508	0	11344	15577	641	0	0	0	0	129	0	13	12506	548926	38849	34	0	0	583176	546883	32812	0
3406	-106	-2	14	30	15497	7079	491014	10	816	1358022	7	23432	2	1	0	7767	27	0	3	2508	0	11344	15497	641	0	0	0	0	129	0	13	12506	548926	38849	34	0	0	583126	546883	32812	0
3405	-109	-3	13	30	15417	7077	490888	10	815	1357896	7	23426	2	1	0	7765	25	0	3	2505	0	11337	15417	641	0	0	0	0	129	0	13	12506	548926	38849	34	0	0	583076	546883	32812	0
3404	-109	-3	15	30	15337	7077	490762	10	815	1357770	7	23420	2	1	0	7763	28	0	3	2505	0	11337	15337	641	0	0	0	0	129	0	13	12506	548926	38849	34	0	0	583026	546883	32812	0
3403	-109	-3	15	26	15177	7077	490510	10	815	1357581	7	23408	2	1	0	7760	28	0	3	2505	0	11337	15177	641	0	0	0	0	129	0	13	12506	548926	38849	34	0	0	582926	546883	32812	0
3402	-109	-3	13	20	15097	7077	490384	10	815	1357455	7	23402	2	1	0	7758	25	0	3	2505	0	11337	15097	641	0	0	0	0	129	0	13	12506	548926	38849	34	0	0	582876	546883	32812	0
3401	-110	-4	10	19	15017	7075	490258	10	814	1357329	7	23396	2	1	0	7756	18	0	3	2502	0	11330	15017	641	0	0	0	0	129	0	13	12506	548926	38849	34	0	0	582826	546883	32812	0
3400	-110	-4	13	18	14937	7075	490132	10	814	1357203	7	23390	2	1	0	7754	25	0	3	2502	0	11330	14937	641	0	0	0	0	129	0	13	12506	548926	38849	34	0	0	582776	546883	32812	0
3399	-110	-4	10	16	14857	7075	490069	10	814	1357077	7	23387	2	1	0	7752	18	0	3	2502	0	11330	14857	641	0	0	0	0	129	0	13	12506	548926	38849	34	0	0	582726	546883	32812	0
3398	-110	-4	10	16	14777	7075	489943	10	814	1357014	7	23381	2	1	0	7751	18	0	3	2502	0	11330	14777	641	0	0	0	0	129	0	13	12506	548926	38849	34	0	0	582676	546883	32812	0
3397	-110	-4	12	12	14697	7075	489817	10	814	1356888	7	23375	2	1	0	7749	23	0	3	2502	0	11330	14697	641	0	0	0	0	129	0	13	12506	548926	38849	34	0	0	582626	546883	32812	0
3396	-109	-5	10	12	14617	7073	489691	10	813	1356762	7	23369	2	1	0	7747	18	0	3	2499	0	11323	14617	641	0	0	0	0	129	0	13	12506	548926	38849	34	0	0	582576	546883	32812	0
3395	-109	-5	12	8	14537	7073	489565	10	813	1356636	7	23363	2	1	0	7745	23	0	3	2499	0	11323	14537	641	0	0	0	0	129	0	13	12506	548926	38849	34	0	0	582526	546883	32812	0
3394	-109	-5	11	5	14457	7073	489439	10	813	1356510	7	23357	2	1	0	7743	20	0	3	2499	0	11323	14457	641	0	0	0	0	129	0	13	12506	548926	38849	34	0	0	582476	546883	32812	0
3393	-109	-5	14	6	14297	7073	489250	10	813	1356258	7	23348	2	1	0	7739	27	0	3	2499	0	11323	14297	641	0	0	0	0	129	0	13	12506	548926	38849	34	0	0	582376	546883	32812	0
3392	-110	-7	12	8	14217	7071	489061	10	812	1356132	7	23339	2	1	0	7737	23	0	3	2496	0	11316	14217	641	0	0	0	0	129	0	13	12506	548926	38849	34	0	0	582326	546883	32812	0
3391	-110	-7	0	9	14137	7071	488998	10	812	1356006	7	23336	2	1	0	7735	0	0	3	2496	0	11316	14137	641	0	0	0	0	129	0	13	12506	548926	38849	34	0	0	582276	546883	32812	0
3390	-110	-7	13	9	14057	7071	488872	10	812	1356006	7	23330	2	1	0	7735	25	0	3	2496	0	11316	14057	641	0	0	0	0	129	0	13	12506	548926	38849	34	0	0	582226	546883	32812	0
3389	-110	-7	13	9	13977	7071	488746	10	812	1355880	7	23324	2	1	0	7733	25	0	3	2496	0	11316	13977	641	0	0	0	0	129	0	13	12506	548926	38849	34	0	0	582176	546883	32812	0
3388	-111	-7	13	9	13897	7069	488620	10	811	1355754	7	23318	2	1	0	7731	25	0	3	2493	0	11309	13897	641	0	0	0	0	129	0	13	12506	548926	38849	34	0	0	582126	546883	32812	0
3387	-111	-7	13	9	13817	7069	488494	10	811	1355628	7	23312	2	1	0	7729	25	0	3	2493	0	11309	13817	641	0	0	0	0	129	0	13	12506	548926	38849	34	0	0	582076	546883	32812	0
3386	-111	-7	11	10	13737	7069	488368	10	811	1355502	7	23306	2	1	0	7727	20	0	3	2493	0	11309	13737	641	0	0	0	0	129	0	13	12506	548926	38849	34	0	0	582026	546883	32812	0
3385	-111	-7	10	10	13657	7069	488305	10	811	1355376	7	23303	2	1	0	7725	18	0	3	2493	0	11309	13657	641	0	0	0	0	129	0	13	12506	548926	38849	34	0	0	581976	546883	32812	0
3384	-111	-7	12	13	13577	7069	488179	10	811	1355250	7	23297	2	1	0	7723	23	0	3	2493	0	11309	13577	641	0	0	0	0	129	0	13	12506	548926	38849	34	0	0	581926	546883	32812	0
3383	-113	-8	11	10	13417	7067	487927	10	810	1354998	7	23285	2	1	0	7719	20	0	3	2490	0	11302	13417	641	0	0	0	0	129	0	13	12506	548926	38849	34	0	0	581826	546883	32812	0
3382	-113	-8	11	8	13337	7067	487801	10	810	1354935	7	23279	2	1	0	7718	20	0	3	2490	0	11302	13337	641	0	0	0	0	129	0	13	12506	548926	38849	34	0	0	581776	546883	32812	0
3381	-113	-8	12	6	13257	7067	487675	10	810	1354809	7	23273	2	1	0	7716	23	0	3	2490	0	11302	13257	641	0	0	0	0	129	0	13	12506	548926	38849	34	0	0	581726	546883	32812	0
3380	-113	-8	12	9	13177	7067	487549	10	810	1354683	7	23267	2	1	0	7714	23	0	3	2490	0	11302	13177	641	0	0	0	0	129	0	13	12506	548926	38849	34	0	0	581676	546883	32812	0
3379	-120	-10	12	11	13097	7065	487423	10	809	1354557	7	23261	2	1	0	7712	23	0	3	2487	0	11295	13097	641	0	0	0	0	129	0	13	12506	548926	38849	34	0	0	581626	546883	32812	0
3378	-120	-10	11	13	13017	7065	487297	10	809	1354431	7	23255	2	1	0	7710	20	0	3	2487	0	11295	13017	641	0	0	0	0	129	0	13	12506	548926	38849	34	0	0	581576	546883	32812	0
3377	-120	-10	10	15	12937	7065	487234	10	809	1354305	7	23252	2	1	0	7708	18	0	3	2487	0	11295	12937	641	0	0	0	0	129	0	13	12506	548926	38849	34	0	0	581526	546883	32812	0
3376	-120	-10	10	16	12857	7065	487108	10	809	1354242	7	23246	2	1	0	7707	18	0	3	2487	0	11295	12857	641	0	0	0	0	129	0	13	12506	548926	38849	34	0	0	581476	546883	32812	0
3375	-120	-10	9	17	12777	7065	486982	10	809	1354116	7	23240	2	1	0	7705	16	0	3	2487	0	11295	12777	641	0	0	0	0	129	0	13	12506	548926	38849	34	0	0	581426	546883	32812	0
3374	-123	-11	8	17	12697	7063	486856	10	808	1353990	7	23234	2	1	0	7703	13	0	3	2484	0	11288	12697	641	0	0	0	0	129	0	13	12506	548926	38849	34	0	0	581376	546883	32812	0
3373	-123	-11	7	16	12537	7063	486604	10	808	1353738	7	23222	2	1	0	7699	11	0	3	2484	0	11288	12537	641	0	0	0	0	129	0	13	12506	548926	38849	34	0	0	581276	546883	32812	0
3372	-123	-11	5	16	12457	7063	486478	10	808	1353612	7	23216	2	1	0	7697	6	0	3	2484	0	11288	12457	641	0	0	0	0	129	0	13	12506	548926	38849	34	0	0	581226	546883	32812	0
3371	-120	-10	5	15	12377	7061	486415	10	807	1353486	7	23213	2	1	0	7695	6	0	3	2481	0	11281	12377	641	0	0	0	0	129	0	13	12506	548926	38849	34	0	0	581176	546883	32812	0
3370	-120	-10	4	14	12297	7061	486226	10	807	1353360	7	23204	2	1	0	7693	4	0	3	2481	0	11281	12297	641	0	0	0	0	129	0	13	12506	548926	38849	34	0	0	581126	546883	32812	0
3369	-120	-10	4	14	12217	7061	486163	10	807	1353234	7	23201	2	1	0	7691	4	0	3	2481	0	11281	12217	641	0	0	0	0	129	0	13	12506	548926	38849	34	0	0	581076	546883	32812	0
3368	-120	-10	4	14	12137	7061	486037	10	807	1353171	7	23195	2	1	0	7690	4	0	3	2481	0	11281	12137	641	0	0	0	0	129	0	13	12506	548926	38849	34	0	0	581026	546883	32812	0
3367	-120	-10	5	13	12057	7061	485911	10	807	1353045	7	23189	2	1	0	7688	6	0	3	2481	0	11281	12057	641	0	0	0	0	129	0	13	12506	548926	38849	34	0	0	580976	546883	32812	0
3366	-119	-9	5	14	11977	7059	485785	10	806	1352919	7	23183	2	1	0	7686	6	0	3	2478	0	11274	11977	641	0	0	0	0	129	0	13	12506	548926	38849	34	0	0	580926	546883	32812	0
3365	-119	-9	6	12	11897	7059	485659	10	806	1352793	7	23177	2	1	0	7684	8	0	3	2478	0	11274	11897	641	0	0	0	0	129	0	13	12506	548926	38849	34	0	0	580876	546883	32812	0
3364	-119	-9	6	10	11817	7059	485533	10	806	1352667	7	23171	2	1	0	7682	8	0	3	2478	0	11274	11817	641	0	0	0	0	129	0	13	12506	548926	38849	34	0	0	580826	546883	32812	0
3363	-119	-9	6	5	11657	7059	485344	10	806	1352415	7	23162	2	1	0	7678	8	0	3	2478	0	11274	11657	641	0	0	0	0	129	0	13	12506	548926	38849	34	0	0	580726	546883	32812	0
3362	-110	-7	5	4	11577	7057	485218	10	805	1352289	7	23156	2	1	0	7676	6	0	3	2475	0	11267	11577	641	0	0	0	0	129	0	13	12506	548926	38849	34	0	0	580676	546883	32812	0
3361	-110	-7	4	4	11497	7057	485092	10	805	1352163	7	23150	2	1	0	7674	4	0	3	2475	0	11267	11497	641	0	0	0	0	129	0	13	12506	548926	38849	34	0	0	580626	546883	32812	0
3360	-110	-7	4	5	11417	7057	484966	10	805	1352100	7	23144	2	1	0	7673	4	0	3	2475	0	11267	11417	641	0	0	0	0	129	0	13	12506	548926	38849	34	0	0	580576	546883	32812	0
3359	-110	-7	5	5	11337	7057	484840	10	805	1351974	7	23138	2	1	0	7671	6	0	3	2475	0	11267	11337	641	0	0	0	0	129	0	13	12506	548926	38849	34	0	0	580526	546883	32812	0
3358	-110	-7	8	9	11257	7057	484714	10	805	1351848	7	23132	2	1	0	7669	13	0	3	2475	0	11267	11257	641	0	0	0	0	129	0	13	12506	548926	38849	34	0	0	580476	546883	32812	0
3357	-109	-6	10	10	11177	7055	484588	10	804	1351722	7	23126	2	1	0	7667	18	0	3	2472	0	11260	11177	641	0	0	0	0	129	0	13	12506	548926	38849	34	0	0	580426	546883	32812	0
3356	-109	-6	11	11	11097	7055	484462	10	804	1351596	7	23120	2	1	0	7665	20	0	3	2472	0	11260	11097	641	0	0	0	0	129	0	13	12506	548926	38849	34	0	0	580376	546883	32812	0
3355	-109	-6	12	11	11017	7055	484399	10	804	1351470	7	23117	2	1	0	7663	23	0	3	2472	0	11260	11017	641	0	0	0	0	129	0	13	12506	548926	38849	34	0	0	580326	546883	32812	0
3354	-109	-6	12	10	10937	7055	484273	10	804	1351407	7	23111	2	1	0	7662	23	0	3	2472	0	11260	10937	641	0	0	0	0	129	0	13	12506	548926	38849	34	0	0	580276	546883	32812	0
3353	-113	-7	13	10	10777	7053	484021	10	803	1351155	7	23099	2	1	0	7658	25	0	3	2469	0	11253	10777	641	0	0	0	0	129	0	13	12506	548926	38849	34	0	0	580176	546883	32812	0
3352	-113	-7	13	11	10697	7053	483895	10	803	1351029	7	23093	2	1	0	7656	25	0	3	2469	0	11253	10697	641	0	0	0	0	129	0	13	12506	548926	38849	34	0	0	580126	546883	32812	0
3351	-113	-7	13	11	10617	7053	483769	10	803	1350903	7	23087	2	1	0	7654	25	0	3	2469	0	11253	10617	641	0	0	0	0	129	0	13	12506	548926	38849	34	0	0	580076	546883	32812	0
3350	-113	-7	12	10	10537	7053	483643	10	803	1350777	7	23081	2	1	0	7652	23	0	3	2469	0	11253	10537	641	0	0	0	0	129	0	13	12506	548926	38849	34	0	0	580026	546883	32812	0
3349	-116	-8	12	10	10457	7051	483580	10	802	1350651	7	23078	2	1	0	7650	23	0	3	2466	0	11246	10457	641	0	0	0	0	129	0	13	12506	548926	38849	34	0	0	579976	546883	32812	0
3348	-116	-8	11	9	10377	7051	483391	10	802	1350525	7	23069	2	1	0	7648	20	0	3	2466	0	11246	10377	641	0	0	0	0	129	0	13	12506	548926	38849	34	0	0	579926	546883	32812	0
3347	-116	-8	10	9	10297	7051	483328	10	802	1350399	7	23066	2	1	0	7646	18	0	3	2466	0	11246	10297	641	0	0	0	0	129	0	13	12506	548926	38849	34	0	0	579876	546883	32812	0
3346	-116	-8	10	8	10217	7051	483202	10	802	1350336	7	23060	2	1	0	7645	18	0	3	2466	0	11246	10217	641	0	0	0	0	129	0	13	12506	548926	38849	34	0	0	579826	546883	32812	0
3345	-116	-8	9	10	10137	7051	483076	10	802	1350210	7	23054	2	1	0	7643	16	0	3	2466	0	11246	10137	641	0	0	0	0	129	0	13	12506	548926	38849	34	0	0	579776	546883	32812	0
3344	-118	-9	9	12	9977	7049	482824	10	801	1349958	7	23042	2	1	0	7639	16	0	3	2463	0	11239	9977	641	0	0	0	0	129	0	13	12506	548926	38849	34	0	0	579676	546883	32812	0
3343	-118	-9	9	13	9897	7049	482698	10	801	1349832	7	23036	2	1	0	7637	16	0	3	2463	0	11239	9897	641	0	0	0	0	129	0	13	12506	548926	38849	34	0	0	579626	546883	32812	0
3342	-118	-9	9	12	9817	7049	482635	10	801	1349706	7	23033	2	1	0	7635	16	0	3	2463	0	11239	9817	641	0	0	0	0	129	0	13	12506	548926	38849	34	0	0	579576	546883	32812	0
3341	-118	-9	9	11	9737	7049	482509	10	801	1349580	7	23027	2	1	0	7633	16	0	3	2463	0	11239	9737	641	0	0	0	0	129	0	13	12506	548926	38849	34	0	0	579526	546883	32812	0
3340	-120	-9	8	11	9657	7047	482383	10	800	1349454	7	23021	2	1	0	7631	13	0	3	2460	0	11232	9657	641	0	0	0	0	129	0	13	12506	548926	38849	34	0	0	579476	546883	32812	0
3339	-120	-9	8	11	9577	7047	482257	10	800	1349328	7	23015	2	1	0	7629	13	0	3	2460	0	11232	9577	641	0	0	0	0	129	0	13	12506	548926	38849	34	0	0	579426	546883	32812	0
3338	-120	-9	7	10	9497	7047	482131	10	800	1349265	7	23009	2	1	0	7628	11	0	3	2460	0	11232	9497	641	0	0	0	0	129	0	13	12506	548926	38849	34	0	0	579376	546883	32812	0
3337	-120	-9	7	10	9417	7047	482005	10	800	1349139	7	23003	2	1	0	7626	11	0	3	2460	0	11232	9417	641	0	0	0	0	129	0	13	12506	548926	38849	34	0	0	579326	546883	32812	0
3336	-120	-9	7	10	9337	7047	481879	10	800	1349013	7	22997	2	1	0	7624	11	0	3	2460	0	11232	9337	641	0	0	0	0	129	0	13	12506	548926	38849	34	0	0	579276	546883	32812	0
3335	-119	-9	6	10	9257	7045	481753	10	799	1348887	7	22991	2	1	0	7622	8	0	3	2457	0	11225	9257	641	0	0	0	0	129	0	13	12506	548926	38849	34	0	0	579226	546883	32812	0
3334	-119	-9	7	9	9097	7045	481564	10	799	1348635	7	22982	2	1	0	7618	11	0	3	2457	0	11225	9097	641	0	0	0	0	129	0	13	12506	548926	38849	34	0	0	579126	546883	32812	0
3333	-119	-9	7	9	9017	7045	481438	10	799	1348572	7	22976	2	1	0	7617	11	0	3	2457	0	11225	9017	641	0	0	0	0	129	0	13	12506	548926	38849	34	0	0	579076	546883	32812	0
3332	-119	-9	7	8	8937	7045	481312	10	799	1348446	7	22970	2	1	0	7615	11	0	3	2457	0	11225	8937	641	0	0	0	0	129	0	13	12506	548926	38849	34	0	0	579026	546883	32812	0
3331	-119	-9	7	8	8857	7043	481186	10	798	1348320	7	22964	2	1	0	7613	11	0	3	2454	0	11218	8857	641	0	0	0	0	129	0	13	12506	548926	38849	34	0	0	578976	546883	32812	0
3330	-119	-9	7	7	8777	7043	481060	10	798	1348194	7	22958	2	1	0	7611	11	0	3	2454	0	11218	8777	641	0	0	0	0	129	0	13	12506	548926	38849	34	0	0	578926	546883	32812	0
3329	-119	-9	7	7	8697	7043	480934	10	798	1348068	7	22952	2	1	0	7609	11	0	3	2454	0	11218	8697	641	0	0	0	0	129	0	13	12506	548926	38849	34	0	0	578876	546883	32812	0
3328	-119	-9	7	6	8617	7043	480808	10	798	1347942	7	22946	2	1	0	7607	11	0	3	2454	0	11218	8617	641	0	0	0	0	129	0	13	12506	548926	38849	34	0	0	578826	546883	32812	0
3327	-119	-9	7	6	8537	7041	480745	10	797	1347816	7	22943	2	1	0	7605	11	0	3	2451	0	11211	8537	641	0	0	0	0	129	0	13	12506	548926	38849	34	0	0	578776	546883	32812	0
3326	-119	-9	7	6	8457	7041	480556	10	797	1347690	7	22934	2	1	0	7603	11	0	3	2451	0	11211	8457	641	0	0	0	0	129	0	13	12506	548926	38849	34	0	0	578726	546883	32812	0
3325	-119	-9	7	6	8377	7041	480493	10	797	1347564	7	22931	2	1	0	7601	11	0	3	2451	0	11211	8377	641	0	0	0	0	129	0	13	12506	548926	38849	34	0	0	578676	546883	32812	0
3324	-119	-9	7	5	8217	7041	480241	10	797	1347375	7	22919	2	1	0	7598	11	0	3	2451	0	11211	8217	641	0	0	0	0	129	0	13	12506	548926	38849	34	0	0	578576	546883	32812	0
3323	-119	-9	7	5	8137	7039	480115	10	796	1347249	7	22913	2	1	0	7596	11	0	3	2448	0	11204	8137	641	0	0	0	0	129	0	13	12506	548926	38849	34	0	0	578526	546883	32812	0
3322	-119	-9	7	5	8057	7039	479989	10	796	1347123	7	22907	2	1	0	7594	11	0	3	2448	0	11204	8057	641	0	0	0	0	129	0	13	12506	548926	38849	34	0	0	578476	546883	32812	0
3321	-119	-9	7	5	7977	7039	479863	10	796	1346997	7	22901	2	1	0	7592	11	0	3	2448	0	11204	7977	641	0	0	0	0	129	0	13	12506	548926	38849	34	0	0	578426	546883	32812	0
3320	-119	-9	7	5	7897	7039	479800	10	796	1346871	7	22898	2	1	0	7590	11	0	3	2448	0	11204	7897	641	0	0	0	0	129	0	13	12506	548926	38849	34	0	0	578376	546883	32812	0
3319	-119	-9	7	5	7817	7039	479674	10	796	1346745	7	22892	2	1	0	7588	11	0	3	2448	0	11204	7817	641	0	0	0	0	129	0	13	12506	548926	38849	34	0	0	578326	546883	32812	0
3318	-117	-8	7	5	7737	7037	479548	10	795	1346619	7	22886	2	1	0	7586	11	0	3	2445	0	11197	7737	641	0	0	0	0	129	0	13	12506	548926	38849	34	0	0	578276	546883	32812	0
3317	-117	-8	6	5	7657	7037	479422	10	795	1346493	7	22880	2	1	0	7584	8	0	3	2445	0	11197	7657	641	0	0	0	0	129	0	13	12506	548926	38849	34	0	0	578226	546883	32812	0
3316	-117	-8	6	4	7577	7037	479296	10	795	1346430	7	22874	2	1	0	7583	8	0	3	2445	0	11197	7577	641	0	0	0	0	129	0	13	12506	548926	38849	34	0	0	578176	546883	32812	0
3315	-117	-8	6	5	7497	7037	479170	10	795	1346304	7	22868	2	1	0	7581	8	0	3	2445	0	11197	7497	641	0	0	0	0	129	0	13	12506	548926	38849	34	0	0	578126	546883	32812	0
3314	-114	-7	6	4	7337	7035	478918	10	794	1346052	7	22856	2	1	0	7577	8	0	3	2442	0	11190	7337	641	0	0	0	0	129	0	13	12506	548926	38849	34	0	0	578026	546883	32812	0
3313	-114	-7	7	4	7257	7035	478792	10	794	1345926	7	22850	2	1	0	7575	11	0	3	2442	0	11190	7257	641	0	0	0	0	129	0	13	12506	548926	38849	34	0	0	577976	546883	32812	0
3312	-114	-7	7	4	7177	7035	478729	10	794	1345800	7	22847	2	1	0	7573	11	0	3	2442	0	11190	7177	641	0	0	0	0	129	0	13	12506	548926	38849	34	0	0	577926	546883	32812	0
3311	-114	-7	8	4	7097	7035	478603	10	794	1345737	7	22841	2	1	0	7572	13	0	3	2442	0	11190	7097	641	0	0	0	0	129	0	13	12506	548926	38849	34	0	0	577876	546883	32812	0
3310	-114	-7	9	5	7017	7035	478477	10	794	1345611	7	22835	2	1	0	7570	16	0	3	2442	0	11190	7017	641	0	0	0	0	129	0	13	12506	548926	38849	34	0	0	577826	546883	32812	0
3309	-115	-7	9	6	6937	7033	478351	10	793	1345485	7	22829	2	1	0	7568	16	0	3	2439	0	11183	6937	641	0	0	0	0	129	0	13	12506	548926	38849	34	0	0	577776	546883	32812	0
3308	-115	-7	10	6	6857	7033	478225	10	793	1345359	7	22823	2	1	0	7566	18	0	3	2439	0	11183	6857	641	0	0	0	0	129	0	13	12506	548926	38849	34	0	0	577726	546883	32812	0
3307	-115	-7	10	8	6777	7033	478099	10	793	1345233	7	22817	2	1	0	7564	18	0	3	2439	0	11183	6777	641	0	0	0	0	129	0	13	12506	548926	38849	34	0	0	577676	546883	32812	0
3306	-115	-7	10	8	6697	7033	477973	10	793	1345107	7	22811	2	1	0	7562	18	0	3	2439	0	11183	6697	641	0	0	0	0	129	0	13	12506	548926	38849	34	0	0	577626	546883	32812	0
3305	-118	-7	10	8	6617	7031	477910	10	792	1344981	7	22808	2	1	0	7560	18	0	3	2436	0	11176	6617	641	0	0	0	0	129	0	13	12506	548926	38849	34	0	0	577576	546883	32812	0
3304	-118	-7	10	10	6457	7031	477658	10	792	1344729	7	22796	2	1	0	7556	18	0	3	2436	0	11176	6457	641	0	0	0	0	129	0	13	12506	548926	38849	34	0	0	577476	546883	32812	0
3303	-118	-7	10	10	6377	7031	477532	10	792	1344666	7	22790	2	1	0	7555	18	0	3	2436	0	11176	6377	641	0	0	0	0	129	0	13	12506	548926	38849	34	0	0	577426	546883	32812	0
3302	-118	-7	9	10	6297	7031	477406	10	792	1344540	7	22784	2	1	0	7553	16	0	3	2436	0	11176	6297	641	0	0	0	0	129	0	13	12506	548926	38849	34	0	0	577376	546883	32812	0
3301	-117	-7	9	10	6217	7029	477280	10	791	1344414	7	22778	2	1	0	7551	16	0	3	2433	0	11169	6217	641	0	0	0	0	129	0	13	12506	548926	38849	34	0	0	577326	546883	32812	0
3300	-117	-7	8	10	6137	7029	477154	10	791	1344288	7	22772	2	1	0	7549	13	0	3	2433	0	11169	6137	641	0	0	0	0	129	0	13	12506	548926	38849	34	0	0	577276	546883	32812	0
3299	-117	-7	8	10	6057	7029	477028	10	791	1344162	7	22766	2	1	0	7547	13	0	3	2433	0	11169	6057	641	0	0	0	0	129	0	13	12506	548926	38849	34	0	0	577226	546883	32812	0
3298	-117	-7	7	10	5977	7029	476965	10	791	1344036	7	22763	2	1	0	7545	11	0	3	2433	0	11169	5977	641	0	0	0	0	129	0	13	12506	548926	38849	34	0	0	577176	546883	32812	0
3297	-117	-7	7	10	5897	7029	476839	10	791	1343910	7	22757	2	1	0	7543	11	0	3	2433	0	11169	5897	641	0	0	0	0	129	0	13	12506	548926	38849	34	0	0	577126	546883	32812	0
3296	-112	-7	7	10	5817	7027	476713	10	790	1343784	7	22751	2	1	0	7541	11	0	3	2430	0	11162	5817	641	0	0	0	0	129	0	13	12506	548926	38849	34	0	0	577076	546883	32812	0
3295	-112	-7	7	9	5737	7027	476587	10	790	1343658	7	22745	2	1	0	7539	11	0	3	2430	0	11162	5737	641	0	0	0	0	129	0	13	12506	548926	38849	34	0	0	577026	546883	32812	0
3294	-112	-7	9	9	5577	7027	476335	10	790	1343469	7	22733	2	1	0	7536	16	0	3	2430	0	11162	5577	641	0	0	0	0	129	0	13	12506	548926	38849	34	0	0	576926	546883	32812	0
3293	-112	-7	9	8	5497	7027	476209	10	790	1343343	7	22727	2	1	0	7534	16	0	3	2430	0	11162	5497	641	0	0	0	0	129	0	13	12506	548926	38849	34	0	0	576876	546883	32812	0
3292	-110	-7	10	7	5417	7025	476083	10	789	1343217	7	22721	2	1	0	7532	18	0	3	2427	0	11155	5417	641	0	0	0	0	129	0	13	12506	548926	38849	34	0	0	576826	546883	32812	0
3291	-110	-7	11	6	5337	7025	475957	10	789	1343091	7	22715	2	1	0	7530	20	0	3	2427	0	11155	5337	641	0	0	0	0	129	0	13	12506	548926	38849	34	0	0	576776	546883	32812	0
3290	-110	-7	11	6	5257	7025	475894	10	789	1342965	7	22712	2	1	0	7528	20	0	3	2427	0	11155	5257	641	0	0	0	0	129	0	13	12506	548926	38849	34	0	0	576726	546883	32812	0
3289	-110	-7	11	6	5177	7025	475768	10	789	1342902	7	22706	2	1	0	7527	20	0	3	2427	0	11155	5177	641	0	0	0	0	129	0	13	12506	548926	38849	34	0	0	576676	546883	32812	0
3288	-110	-7	11	5	5097	7025	475642	10	789	1342776	7	22700	2	1	0	7525	20	0	3	2427	0	11155	5097	641	0	0	0	0	129	0	13	12506	548926	38849	34	0	0	576626	546883	32812	0
3287	-110	-7	12	5	5017	7023	475516	10	788	1342650	7	22694	2	1	0	7523	23	0	3	2424	0	11148	5017	641	0	0	0	0	129	0	13	12506	548926	38849	34	0	0	576576	546883	32812	0
3286	-110	-7	12	5	4937	7023	475390	10	788	1342524	7	22688	2	1	0	7521	23	0	3	2424	0	11148	4937	641	0	0	0	0	129	0	13	12506	548926	38849	34	0	0	576526	546883	32812	0
3285	-110	-7	12	4	4857	7023	475327	10	788	1342398	7	22685	2	1	0	7519	23	0	3	2424	0	11148	4857	641	0	0	0	0	129	0	13	12506	548926	38849	34	0	0	576476	546883	32812	0
3284	-110	-7	12	6	4697	7023	475075	10	788	1342209	7	22673	2	1	0	7516	23	0	3	2424	0	11148	4697	641	0	0	0	0	129	0	13	12506	548926	38849	34	0	0	576376	546883	32812	0
3283	-112	-7	12	8	4617	7021	474949	10	787	1342083	7	22667	2	1	0	7514	23	0	3	2421	0	11141	4617	641	0	0	0	0	129	0	13	12506	548926	38849	34	0	0	576326	546883	32812	0
3282	-112	-7	12	8	4537	7021	474886	10	787	1342083	7	22664	2	1	0	7514	23	0	3	2421	0	11141	4537	641	0	0	0	0	129	0	13	12506	548926	38849	34	0	0	576276	546883	32812	0
3281	-112	-7	12	8	4457	7021	474760	10	787	1342020	7	22658	2	1	0	7513	23	0	3	2421	0	11141	4457	641	0	0	0	0	129	0	13	12506	548926	38849	34	0	0	576226	546883	32812	0
3280	-112	-7	11	9	4377	7021	474634	10	787	1341894	7	22652	2	1	0	7511	20	0	3	2421	0	11141	4377	641	0	0	0	0	129	0	13	12506	548926	38849	34	0	0	576176	546883	32812	0
3279	-114	-7	11	10	4297	7019	474508	10	786	1341768	7	22646	2	1	0	7509	20	0	3	2418	0	11134	4297	641	0	0	0	0	129	0	13	12506	548926	38849	34	0	0	576126	546883	32812	0
3278	-114	-7	11	8	4217	7019	474382	10	786	1341642	7	22640	2	1	0	7507	20	0	3	2418	0	11134	4217	641	0	0	0	0	129	0	13	12506	548926	38849	34	0	0	576076	546883	32812	0
3277	-114	-7	11	7	4137	7019	474256	10	786	1341516	7	22634	2	1	0	7505	20	0	3	2418	0	11134	4137	641	0	0	0	0	129	0	13	12506	548926	38849	34	0	0	576026	546883	32812	0
3276	-114	-7	10	7	4057	7019	474193	10	786	1341390	7	22631	2	1	0	7503	18	0	3	2418	0	11134	4057	641	0	0	0	0	129	0	13	12506	548926	38849	34	0	0	575976	546883	32812	0
3275	-114	-7	10	7	3977	7019	474067	10	786	1341264	7	22625	2	1	0	7501	18	0	3	2418	0	11134	3977	641	0	0	0	0	129	0	13	12506	548926	38849	34	0	0	575926	546883	32812	0
3274	-114	-7	10	7	3817	7017	473815	10	785	1341012	7	22613	2	1	0	7497	18	0	3	2415	0	11127	3817	641	0	0	0	0	129	0	13	12506	548926	38849	34	0	0	575826	546883	32812	0
3273	-114	-7	10	7	3737	7017	473689	10	785	1340949	7	22607	2	1	0	7496	18	0	3	2415	0	11127	3737	641	0	0	0	0	129	0	13	12506	548926	38849	34	0	0	575776	546883	32812	0
3272	-114	-7	10	7	3657	7017	473563	10	785	1340823	7	22601	2	1	0	7494	18	0	3	2415	0	11127	3657	641	0	0	0	0	129	0	13	12506	548926	38849	34	0	0	575726	546883	32812	0
3271	-114	-7	10	7	3577	7017	473437	10	785	1340697	7	22595	2	1	0	7492	18	0	3	2415	0	11127	3577	641	0	0	0	0	129	0	13	12506	548926	38849	34	0	0	575676	546883	32812	0
3270	-116	-8	10	8	3497	7015	473311	10	784	1340571	7	22589	2	1	0	7490	18	0	3	2412	0	11120	3497	641	0	0	0	0	129	0	13	12506	548926	38849	34	0	0	575626	546883	32812	0
3269	-116	-8	10	8	3417	7015	473185	10	784	1340445	7	22583	2	1	0	7488	18	0	3	2412	0	11120	3417	641	0	0	0	0	129	0	13	12506	548926	38849	34	0	0	575576	546883	32812	0
3268	-116	-8	10	9	3337	7015	473122	10	784	1340319	7	22580	2	1	0	7486	18	0	3	2412	0	11120	3337	641	0	0	0	0	129	0	13	12506	548926	38849	34	0	0	575526	546883	32812	0
3267	-116	-8	10	9	3257	7015	472996	10	784	1340256	7	22574	2	1	0	7485	18	0	3	2412	0	11120	3257	641	0	0	0	0	129	0	13	12506	548926	38849	34	0	0	575476	546883	32812	0
3266	-116	-8	9	9	3177	7015	472870	10	784	1340130	7	22568	2	1	0	7483	16	0	3	2412	0	11120	3177	641	0	0	0	0	129	0	13	12506	548926	38849	34	0	0	575426	546883	32812	0
3265	-118	-8	9	9	3097	7013	472744	10	783	1340004	7	22562	2	1	0	7481	16	0	3	2409	0	11113	3097	641	0	0	0	0	129	0	13	12506	548926	38849	34	0	0	575376	546883	32812	0
3264	-118	-8	9	6	2937	7013	472492	10	783	1339752	7	22550	2	1	0	7477	16	0	3	2409	0	11113	2937	641	0	0	0	0	129	0	13	12506	548926	38849	34	0	0	575276	546883	32812	0
3263	-118	-8	8	5	2857	7013	472366	10	783	1339626	7	22544	2	1	0	7475	13	0	3	2409	0	11113	2857	641	0	0	0	0	129	0	13	12506	548926	38849	34	0	0	575226	546883	32812	0
3262	-121	-8	8	6	2777	7011	472303	10	782	1339500	7	22541	2	1	0	7473	13	0	3	2406	0	11106	2777	641	0	0	0	0	129	0	13	12506	548926	38849	34	0	0	575176	546883	32812	0
3261	-121	-8	8	6	2697	7011	472114	10	782	1339374	7	22532	2	1	0	7471	13	0	3	2406	0	11106	2697	641	0	0	0	0	129	0	13	12506	548926	38849	34	0	0	575126	546883	32812	0
3260	-121	-8	8	5	2617	7011	472051	10	782	1339248	7	22529	2	1	0	7469	13	0	3	2406	0	11106	2617	641	0	0	0	0	129	0	13	12506	548926	38849	34	0	0	575076	546883	32812	0
3259	-121	-8	8	4	2537	7011	471925	10	782	1339185	7	22523	2	1	0	7468	13	0	3	2406	0	11106	2537	641	0	0	0	0	129	0	13	12506	548926	38849	34	0	0	575026	546883	32812	0
3258	-121	-8	8	3	2457	7011	471799	10	782	1339059	7	22517	2	1	0	7466	13	0	3	2406	0	11106	2457	641	0	0	0	0	129	0	13	12506	548926	38849	34	0	0	574976	546883	32812	0
3257	-120	-8	7	1	2377	7009	471673	10	781	1338933	7	22511	2	1	0	7464	11	0	3	2403	0	11099	2377	641	0	0	0	0	129	0	13	12506	548926	38849	34	0	0	574926	546883	32812	0
3256	-120	-8	7	0	2297	7009	471547	10	781	1338807	7	22505	2	1	0	7462	11	0	3	2403	0	11099	2297	641	0	0	0	0	129	0	13	12506	548926	38849	34	0	0	574876	546883	32812	0
3255	-120	-8	8	0	2137	7009	471358	10	781	1338555	7	22496	2	1	0	7458	13	0	3	2403	0	11099	2137	641	0	0	0	0	129	0	13	12506	548926	38849	34	0	0	574776	546883	32812	0
3254	-120	-8	8	0	2057	7009	471232	10	781	1338429	7	22490	2	1	0	7456	13	0	3	2403	0	11099	2057	641	0	0	0	0	129	0	13	12506	548926	38849	34	0	0	574726	546883	32812	0
3253	-121	-9	8	0	1977	7007	471106	10	780	1338303	7	22484	2	1	0	7454	13	0	3	2400	0	11092	1977	641	0	0	0	0	129	0	13	12506	548926	38849	34	0	0	574676	546883	32812	0
3252	-121	-9	8	1	1897	7007	470980	10	780	1338177	7	22478	2	1	0	7452	13	0	3	2400	0	11092	1897	641	0	0	0	0	129	0	13	12506	548926	38849	34	0	0	574626	546883	32812	0
3251	-121	-9	8	2	1817	7007	470854	10	780	1338114	7	22472	2	1	0	7451	13	0	3	2400	0	11092	1817	641	0	0	0	0	129	0	13	12506	548926	38849	34	0	0	574576	546883	32812	0
3250	-121	-9	8	3	1737	7007	470728	10	780	1337988	7	22466	2	1	0	7449	13	0	3	2400	0	11092	1737	641	0	0	0	0	129	0	13	12506	548926	38849	34	0	0	574526	546883	32812	0
3249	-121	-9	7	2	1657	7007	470602	10	780	1337862	7	22460	2	1	0	7447	11	0	3	2400	0	11092	1657	641	0	0	0	0	129	0	13	12506	548926	38849	34	0	0	574476	546883	32812	0
3248	-117	-7	7	2	1577	7005	470476	10	779	1337736	7	22454	2	1	0	7445	11	0	3	2397	0	11085	1577	641	0	0	0	0	129	0	13	12506	548926	38849	34	0	0	574426	546883	32812	0
3247	-117	-7	6	1	1497	7005	470350	10	779	1337610	7	22448	2	1	0	7443	8	0	3	2397	0	11085	1497	641	0	0	0	0	129	0	13	12506	548926	38849	34	0	0	574376	546883	32812	0
3246	-117	-7	6	2	1417	7005	470287	10	779	1337484	7	22445	2	1	0	7441	8	0	3	2397	0	11085	1417	641	0	0	0	0	129	0	13	12506	548926	38849	34	0	0	574326	546883	32812	0
3245	-117	-7	5	0	1257	7005	470035	10	779	1337295	7	22433	2	1	0	7438	6	0	3	2397	0	11085	1257	641	0	0	0	0	129	0	13	12506	548926	38849	34	0	0	574226	546883	32812	0
3244	-115	-6	7	1	1177	7003	469909	10	778	1337169	7	22427	2	1	0	7436	11	0	3	2394	0	11078	1177	641	0	0	0	0	129	0	13	12506	548926	38849	34	0	0	574176	546883	32812	0
3243	-115	-6	9	3	1097	7003	469783	10	778	1337043	7	22421	2	1	0	7434	16	0	3	2394	0	11078	1097	641	0	0	0	0	129	0	13	12506	548926	38849	34	0	0	574126	546883	32812	0
3242	-115	-6	10	6	1017	7003	469657	10	778	1336917	7	22415	2	1	0	7432	18	0	3	2394	0	11078	1017	641	0	0	0	0	129	0	13	12506	548926	38849	34	0	0	574076	546883	32812	0
3241	-115	-6	10	8	937	7003	469531	10	778	1336791	7	22409	2	1	0	7430	18	0	3	2394	0	11078	937	641	0	0	0	0	129	0	13	12506	548926	38849	34	0	0	574026	546883	32812	0
3240	-117	-7	11	11	857	7001	469468	10	777	1336665	7	22406	2	1	0	7428	20	0	3	2391	0	11071	857	641	0	0	0	0	129	0	13	12506	548926	38849	34	0	0	573976	546883	32812	0
3239	-117	-7	10	12	777	7001	469279	10	777	1336539	7	22397	2	1	0	7426	18	0	3	2391	0	11071	777	641	0	0	0	0	129	0	13	12506	548926	38849	34	0	0	573926	546883	32812	0
3238	-117	-7	10	13	697	7001	469216	10	777	1336413	7	22394	2	1	0	7424	18	0	3	2391	0	11071	697	641	0	0	0	0	129	0	13	12506	548926	38849	34	0	0	573876	546883	32812	0
3237	-117	-7	10	13	617	7001	469090	10	777	1336350	7	22388	2	1	0	7423	18	0	3	2391	0	11071	617	641	0	0	0	0	129	0	13	12506	548926	38849	34	0	0	573826	546883	32812	0
3236	-117	-7	9	12	537	7001	468964	10	777	1336224	7	22382	2	1	0	7421	16	0	3	2391	0	11071	537	641	0	0	0	0	129	0	13	12506	548926	38849	34	0	0	573776	546883	32812	0
3235	-113	-7	8	11	377	6999	468712	10	776	1335972	7	22370	2	1	0	7417	13	0	3	2388	0	11064	377	641	0	0	0	0	129	0	13	12506	548926	38849	34	0	0	573676	546883	32812	0
3234	-113	-7	7	10	297	6999	468586	10	776	1335846	7	22364	2	1	0	7415	11	0	3	2388	0	11064	297	641	0	0	0	0	129	0	13	12506	548926	38849	34	0	0	573626	546883	32812	0
3233	-113	-7	7	12	217	6999	468523	10	776	1335720	7	22361	2	1	0	7413	11	0	3	2388	0	11064	217	641	0	0	0	0	129	0	13	12506	548926	38849	34	0	0	573576	546883	32812	0
3232	-113	-7	8	11	137	6999	468397	10	776	1335594	7	22355	2	1	0	7411	13	0	3	2388	0	11064	137	641	0	0	0	0	129	0	13	12506	548926	38849	34	0	0	573526	546883	32812	0
3231	-112	-6	9	13	57	6997	468271	10	775	1335468	7	22349	2	1	0	7409	16	0	3	2385	0	11057	57	641	0	0	0	0	129	0	13	12506	548926	38849	34	0	0	573476	546883	32812	0
3230	-112	-6	10	13	16361	6997	468145	10	775	1335342	7	22343	2	1	0	7407	18	0	3	2385	0	11057	16361	641	0	0	0	0	129	0	13	12506	548926	38849	34	0	0	573426	546883	32812	0
3229	-112	-6	10	14	16281	6997	468019	10	775	1335279	7	22337	2	1	0	7406	18	0	3	2385	0	11057	16281	641	0	0	0	0	129	0	13	12506	548926	38849	34	0	0	573376	546883	32812	0
3228	-112	-6	10	14	16201	6997	467893	10	775	1335153	7	22331	2	1	0	7404	18	0	3	2385	0	11057	16201	641	0	0	0	0	129	0	13	12506	548926	38849	34	0	0	573326	546883	32812	0
3227	-112	-6	10	13	16121	6997	467767	10	775	1335027	7	22325	2	1	0	7402	18	0	3	2385	0	11057	16121	641	0	0	0	0	129	0	13	12506	548926	38849	34	0	0	573276	546883	32812	0
3226	-110	-5	10	14	16041	6995	467641	10	774	1334901	7	22319	2	1	0	7400	18	0	3	2382	0	11050	16041	641	0	0	0	0	129	0	13	12506	548926	38849	34	0	0	573226	546883	32812	0
3225	-110	-5	11	12	15881	6995	467452	10	774	1334649	7	22310	2	1	0	7396	20	0	3	2382	0	11050	15881	641	0	0	0	0	129	0	13	12506	548926	38849	34	0	0	573126	546883	32812	0
3224	-110	-5	11	11	15801	6995	467326	10	774	1334586	7	22304	2	1	0	7395	20	0	3	2382	0	11050	15801	641	0	0	0	0	129	0	13	12506	548926	38849	34	0	0	573076	546883	32812	0
3223	-110	-5	11	13	15721	6995	467200	10	774	1334460	7	22298	2	1	0	7393	20	0	3	2382	0	11050	15721	641	0	0	0	0	129	0	13	12506	548926	38849	34	0	0	573026	546883	32812	0
3222	-110	-3	11	14	15641	6993	467074	10	773	1334334	7	22292	2	1	0	7391	20	0	3	2379	0	11043	15641	641	0	0	0	0	129	0	13	12506	548926	38849	34	0	0	572976	546883	32812	0
3221	-110	-3	12	18	15561	6993	466948	10	773	1334208	7	22286	2	1	0	7389	23	0	3	2379	0	11043	15561	641	0	0	0	0	129	0	13	12506	548926	38849	34	0	0	572926	546883	32812	0
3220	-110	-3	12	21	15481	6993	466822	10	773	1334082	7	22280	2	1	0	7387	23	0	3	2379	0	11043	15481	641	0	0	0	0	129	0	13	12506	548926	38849	34	0	0	572876	546883	32812	0
3219	-110	-3	13	22	15401	6993	466696	10	773	1333956	7	22274	2	1	0	7385	25	0	3	2379	0	11043	15401	641	0	0	0	0	129	0	13	12506	548926	38849	34	0	0	572826	546883	32812	0
3218	-112	-3	13	24	15321	6991	466633	10	772	1333830	7	22271	2	1	0	7383	25	0	3	2376	0	11036	15321	641	0	0	0	0	129	0	13	12506	548926	38849	34	0	0	572776	546883	32812	0
3217	-112	-3	13	23	15241	6991	466444	10	772	1333704	7	22262	2	1	0	7381	25	0	3	2376	0	11036	15241	641	0	0	0	0	129	0	13	12506	548926	38849	34	0	0	572726	546883	32812	0
3216	-112	-3	13	23	15161	6991	466381	10	772	1333578	7	22259	2	1	0	7379	25	0	3	2376	0	11036	15161	641	0	0	0	0	129	0	13	12506	548926	38849	34	0	0	572676	546883	32812	0
3215	-112	-3	12	21	15001	6991	466129	10	772	1333389	7	22247	2	1	0	7376	23	0	3	2376	0	11036	15001	641	0	0	0	0	129	0	13	12506	548926	38849	34	0	0	572576	546883	32812	0
3214	-109	-3	11	20	14921	6989	466003	10	771	1333263	7	22241	2	1	0	7374	20	0	3	2373	0	11029	14921	641	0	0	0	0	129	0	13	12506	548926	38849	34	0	0	572526	546883	32812	0
3213	-109	-3	10	18	14841	6989	465877	10	771	1333137	7	22235	2	1	0	7372	18	0	3	2373	0	11029	14841	641	0	0	0	0	129	0	13	12506	548926	38849	34	0	0	572476	546883	32812	0
3212	-109	-3	10	16	14761	6989	465751	10	771	1333011	7	22229	2	1	0	7370	18	0	3	2373	0	11029	14761	641	0	0	0	0	129	0	13	12506	548926	38849	34	0	0	572426	546883	32812	0
3211	-109	-3	11	15	14681	6989	465688	10	771	1332885	7	22226	2	1	0	7368	20	0	3	2373	0	11029	14681	641	0	0	0	0	129	0	13	12506	548926	38849	34	0	0	572376	546883	32812	0
3210	-109	-3	12	15	14601	6989	465562	10	771	1332759	7	22220	2	1	0	7366	23	0	3	2373	0	11029	14601	641	0	0	0	0	129	0	13	12506	548926	38849	34	0	0	572326	546883	32812	0
3209	-107	-3	13	15	14521	6987	465436	10	770	1332633	7	22214	2	1	0	7364	25	0	3	2370	0	11022	14521	641	0	0	0	0	129	0	13	12506	548926	38849	34	0	0	572276	546883	32812	0
3208	-107	-3	13	16	14441	6987	465310	10	770	1332507	7	22208	2	1	0	7362	25	0	3	2370	0	11022	14441	641	0	0	0	0	129	0	13	12506	548926	38849	34	0	0	572226	546883	32812	0
3207	-107	-3	13	17	14361	6987	465184	10	770	1332444	7	22202	2	1	0	7361	25	0	3	2370	0	11022	14361	641	0	0	0	0	129	0	13	12506	548926	38849	34	0	0	572176	546883	32812	0
3206	-107	-3	13	17	14281	6987	465058	10	770	1332318	7	22196	2	1	0	7359	25	0	3	2370	0	11022	14281	641	0	0	0	0	129	0	13	12506	548926	38849	34	0	0	572126	546883	32812	0
3205	-107	-3	14	19	14121	6985	464806	10	769	1332066	7	22184	2	1	0	7355	27	0	3	2367	0	11015	14121	641	0	0	0	0	129	0	13	12506	548926	38849	34	0	0	572026	546883	32812	0
3204	-107	-3	14	21	14041	6985	464680	10	769	1331940	7	22178	2	1	0	7353	27	0	3	2367	0	11015	14041	641	0	0	0	0	129	0	13	12506	548926	38849	34	0	0	571976	546883	32812	0
3203	-107	-3	13	21	13961	6985	464617	10	769	1331814	7	22175	2	1	0	7351	25	0	3	2367	0	11015	13961	641	0	0	0	0	129	0	13	12506	548926	38849	34	0	0	571926	546883	32812	0
3202	-107	-3	12	21	13881	6985	464491	10	769	1331751	7	22169	2	1	0	7350	23	0	3	2367	0	11015	13881	641	0	0	0	0	129	0	13	12506	548926	38849	34	0	0	571876	546883	32812	0
3201	-107	-3	12	20	13801	6985	464365	10	769	1331625	7	22163	2	1	0	7348	23	0	3	2367	0	11015	13801	641	0	0	0	0	129	0	13	12506	548926	38849	34	0	0	571826	546883	32812	0
3200	-109	-3	13	20	13721	6983	464239	10	768	1331499	7	22157	2	1	0	7346	25	0	3	2364	0	11008	13721	641	0	0	0	0	129	0	13	12506	548926	38849	34	0	0	571776	546883	32812	0
3199	-109	-3	15	22	13641	6983	464113	10	768	1331373	7	22151	2	1	0	7344	28	0	3	2364	0	11008	13641	641	0	0	0	0	129	0	13	12506	548926	38849	34	0	0	571726	546883	32812	0
3198	-109	-3	15	23	13561	6983	463987	10	768	1331247	7	22145	2	1	0	7342	28	0	3	2364	0	11008	13561	641	0	0	0	0	129	0	13	12506	548926	38849	34	0	0	571676	546883	32812	0
3197	-109	-3	13	25	13481	6983	463861	10	768	1331121	7	22139	2	1	0	7340	25	0	3	2364	0	11008	13481	641	0	0	0	0	129	0	13	12506	548926	38849	34	0	0	571626	546883	32812	0
3196	-109	-5	12	27	13401	6981	463798	10	767	1330995	7	22136	2	1	0	7338	23	0	3	2361	0	11001	13401	641	0	0	0	0	129	0	13	12506	548926	38849	34	0	0	571576	546883	32812	0
3195	-109	-5	13	26	13241	6981	463546	10	767	1330743	7	22124	2	1	0	7334	25	0	3	2361	0	11001	13241	641	0	0	0	0	129	0	13	12506	548926	38849	34	0	0	571476	546883	32812	0
3194	-109	-5	13	25	13161	6981	463420	10	767	1330680	7	22118	2	1	0	7333	25	0	3	2361	0	11001	13161	641	0	0	0	0	129	0	13	12506	548926	38849	34	0	0	571426	546883	32812	0
3193	-109	-5	13	24	13081	6981	463294	10	767	1330554	7	22112	2	1	0	7331	25	0	3	2361	0	11001	13081	641	0	0	0	0	129	0	13	12506	548926	38849	34	0	0	571376	546883	32812	0
3192	-111	-4	14	21	13001	6979	463168	10	766	1330428	7	22106	2	1	0	7329	27	0	3	2358	0	10994	13001	641	0	0	0	0	129	0	13	12506	548926	38849	34	0	0	571326	546883	32812	0
3191	-111	-4	13	21	12921	6979	463042	10	766	1330302	7	22100	2	1	0	7327	25	0	3	2358	0	10994	12921	641	0	0	0	0	129	0	13	12506	548926	38849	34	0	0	571276	546883	32812	0
3190	-111	-4	12	21	12841	6979	462916	10	766	1330176	7	22094	2	1	0	7325	23	0	3	2358	0	10994	12841	641	0	0	0	0	129	0	13	12506	548926	38849	34	0	0	571226	546883	32812	0
3189	-111	-4	12	22	12761	6979	462853	10	766	1330050	7	22091	2	1	0	7323	23	0	3	2358	0	10994	12761	641	0	0	0	0	129	0	13	12506	548926	38849	34	0	0	571176	546883	32812	0
3188	-111	-4	11	19	12681	6979	462727	10	766	1329924	7	22085	2	1	0	7321	20	0	3	2358	0	10994	12681	641	0	0	0	0	129	0	13	12506	548926	38849	34	0	0	571126	546883	32812	0
3187	-111	-3	12	17	12601	6977	462601	10	765	1329798	7	22079	2	1	0	7319	23	0	3	2355	0	10987	12601	641	0	0	0	0	129	0	13	12506	548926	38849	34	0	0	571076	546883	32812	0
3186	-111	-3	11	16	12521	6977	462475	10	765	1329672	7	22073	2	1	0	7317	20	0	3	2355	0	10987	12521	641	0	0	0	0	129	0	13	12506	548926	38849	34	0	0	571026	546883	32812	0
3185	-111	-3	12	20	12361	6977	462223	10	765	1329483	7	22061	2	1	0	7314	23	0	3	2355	0	10987	12361	641	0	0	0	0	129	0	13	12506	548926	38849	34	0	0	570926	546883	32812	0
3184	-111	-3	10	22	12281	6977	462097	10	765	1329357	7	22055	2	1	0	7312	18	0	3	2355	0	10987	12281	641	0	0	0	0	129	0	13	12506	548926	38849	34	0	0	570876	546883	32812	0
3183	-109	-3	11	24	12201	6975	461971	10	764	1329231	7	22049	2	1	0	7310	20	0	3	2352	0	10980	12201	641	0	0	0	0	129	0	13	12506	548926	38849	34	0	0	570826	546883	32812	0
3182	-109	-3	12	25	12121	6975	461845	10	764	1329105	7	22043	2	1	0	7308	23	0	3	2352	0	10980	12121	641	0	0	0	0	129	0	13	12506	548926	38849	34	0	0	570776	546883	32812	0
3181	-109	-3	10	29	12041	6975	461782	10	764	1328979	7	22040	2	1	0	7306	18	0	3	2352	0	10980	12041	641	0	0	0	0	129	0	13	12506	548926	38849	34	0	0	570726	546883	32812	0
3180	-109	-3	10	29	11961	6975	461656	10	764	1328916	7	22034	2	1	0	7305	18	0	3	2352	0	10980	11961	641	0	0	0	0	129	0	13	12506	548926	38849	34	0	0	570676	546883	32812	0
3179	-109	-3	13	27	11881	6975	461530	10	764	1328790	7	22028	2	1	0	7303	25	0	3	2352	0	10980	11881	641	0	0	0	0	129	0	13	12506	548926	38849	34	0	0	570626	546883	32812	0
3178	-110	-3	13	25	11801	6973	461404	10	763	1328601	7	22022	2	1	0	7300	25	0	3	2349	0	10973	11801	641	0	0	0	0	129	0	13	12506	548926	38849	34	0	0	570576	546883	32812	0
3177	-110	-3	13	25	11721	6973	461278	10	763	1328538	7	22016	2	1	0	7299	25	0	3	2349	0	10973	11721	641	0	0	0	0	129	0	13	12506	548926	38849	34	0	0	570526	546883	32812	0
3176	-110	-3	11	27	11641	6973	461152	10	763	1328412	7	22010	2	1	0	7297	20	0	3	2349	0	10973	11641	641	0	0	0	0	129	0	13	12506	548926	38849	34	0	0	570476	546883	32812	0
3175	-115	-5	13	28	11481	6971	460963	10	762	1328223	7	22001	2	1	0	7294	25	0	3	2346	0	10966	11481	641	0	0	0	0	129	0	13	12506	548926	38849	34	0	0	570376	546883	32812	0
3174	-115	-5	13	25	11401	6971	460774	10	762	1328097	7	21992	2	1	0	7292	25	0	3	2346	0	10966	11401	641	0	0	0	0	129	0	13	12506	548926	38849	34	0	0	570326	546883	32812	0
3173	-115	-5	11	25	11321	6971	460711	10	762	1327971	7	21989	2	1	0	7290	20	0	3	2346	0	10966	11321	641	0	0	0	0	129	0	13	12506	548926	38849	34	0	0	570276	546883	32812	0
3172	-115	-5	11	25	11241	6971	460585	10	762	1327908	7	21983	2	1	0	7289	20	0	3	2346	0	10966	11241	641	0	0	0	0	129	0	13	12506	548926	38849	34	0	0	570226	546883	32812	0
3171	-115	-5	9	28	11161	6971	460459	10	762	1327782	7	21977	2	1	0	7287	16	0	3	2346	0	10966	11161	641	0	0	0	0	129	0	13	12506	548926	38849	34	0	0	570176	546883	32812	0
3170	-115	-4	10	28	11081	6969	460333	10	761	1327656	7	21971	2	1	0	7285	18	0	3	2343	0	10959	11081	641	0	0	0	0	129	0	13	12506	548926	38849	34	0	0	570126	546883	32812	0
3169	-115	-4	10	27	11001	6969	460207	10	761	1327530	7	21965	2	1	0	7283	18	0	3	2343	0	10959	11001	641	0	0	0	0	129	0	13	12506	548926	38849	34	0	0	570076	546883	32812	0
3168	-115	-4	10	24	10921	6969	460081	10	761	1327404	7	21959	2	1	0	7281	18	0	3	2343	0	10959	10921	641	0	0	0	0	129	0	13	12506	548926	38849	34	0	0	570026	546883	32812	0
3167	-115	-4	9	23	10841	6969	460018	10	761	1327278	7	21956	2	1	0	7279	16	0	3	2343	0	10959	10841	641	0	0	0	0	129	0	13	12506	548926	38849	34	0	0	569976	546883	32812	0
3166	-115	-5	9	24	10681	6967	459766	10	760	1327026	7	21944	2	1	0	7275	16	0	3	2340	0	10952	10681	641	0	0	0	0	129	0	13	12506	548926	38849	34	0	0	569876	546883	32812	0
3165	-115	-5	9	24	10601	6967	459640	10	760	1326900	7	21938	2	1	0	7273	16	0	3	2340	0	10952	10601	641	0	0	0	0	129	0	13	12506	548926	38849	34	0	0	569826	546883	32812	0
3164	-115	-5	10	24	10521	6967	459514	10	760	1326837	7	21932	2	1	0	7272	18	0	3	2340	0	10952	10521	641	0	0	0	0	129	0	13	12506	548926	38849	34	0	0	569776	546883	32812	0
3163	-115	-5	9	25	10441	6967	459388	10	760	1326711	7	21926	2	1	0	7270	16	0	3	2340	0	10952	10441	641	0	0	0	0	129	0	13	12506	548926	38849	34	0	0	569726	546883	32812	0
3162	-115	-5	9	24	10361	6967	459262	10	760	1326585	7	21920	2	1	0	7268	16	0	3	2340	0	10952	10361	641	0	0	0	0	129	0	13	12506	548926	38849	34	0	0	569676	546883	32812	0
3161	-116	-7	9	25	10281	6965	459136	10	759	1326459	7	21914	2	1	0	7266	16	0	3	2337	0	10945	10281	641	0	0	0	0	129	0	13	12506	548926	38849	34	0	0	569626	546883	32812	0
3160	-116	-7	10	24	10201	6965	459010	10	759	1326333	7	21908	2	1	0	7264	18	0	3	2337	0	10945	10201	641	0	0	0	0	129	0	13	12506	548926	38849	34	0	0	569576	546883	32812	0
3159	-116	-7	9	20	10121	6965	458947	10	759	1326207	7	21905	2	1	0	7262	16	0	3	2337	0	10945	10121	641	0	0	0	0	129	0	13	12506	548926	38849	34	0	0	569526	546883	32812	0
3158	-116	-7	9	19	10041	6965	458821	10	759	1326144	7	21899	2	1	0	7261	16	0	3	2337	0	10945	10041	641	0	0	0	0	129	0	13	12506	548926	38849	34	0	0	569476	546883	32812	0
3157	-116	-7	8	15	9961	6965	458695	10	759	1326018	7	21893	2	1	0	7259	13	0	3	2337	0	10945	9961	641	0	0	0	0	129	0	13	12506	548926	38849	34	0	0	569426	546883	32812	0
3156	-113	-5	8	15	9801	6963	458443	10	758	1325766	7	21881	2	1	0	7255	13	0	3	2334	0	10938	9801	641	0	0	0	0	129	0	13	12506	548926	38849	34	0	0	569326	546883	32812	0
3155	-113	-5	8	14	9721	6963	458317	10	758	1325640	7	21875	2	1	0	7253	13	0	3	2334	0	10938	9721	641	0	0	0	0	129	0	13	12506	548926	38849	34	0	0	569276	546883	32812	0
3154	-113	-5	8	14	9641	6963	458191	10	758	1325514	7	21869	2	1	0	7251	13	0	3	2334	0	10938	9641	641	0	0	0	0	129	0	13	12506	548926	38849	34	0	0	569226	546883	32812	0
3153	-107	-2	8	16	9561	6961	458128	10	757	1325388	7	21866	2	1	0	7249	13	0	3	2331	0	10931	9561	641	0	0	0	0	129	0	13	12506	548926	38849	34	0	0	569176	546883	32812	0
3152	-107	-2	7	22	9481	6961	457939	10	757	1325262	7	21857	2	1	0	7247	11	0	3	2331	0	10931	9481	641	0	0	0	0	129	0	13	12506	548926	38849	34	0	0	569126	546883	32812	0
3151	-107	-2	8	25	9401	6961	457876	10	757	1325136	7	21854	2	1	0	7245	13	0	3	2331	0	10931	9401	641	0	0	0	0	129	0	13	12506	548926	38849	34	0	0	569076	546883	32812	0
3150	-107	-2	10	26	9321	6961	457750	10	757	1325073	7	21848	2	1	0	7244	18	0	3	2331	0	10931	9321	641	0	0	0	0	129	0	13	12506	548926	38849	34	0	0	569026	546883	32812	0
3149	-107	-2	12	25	9241	6961	457624	10	757	1324947	7	21842	2	1	0	7242	23	0	3	2331	0	10931	9241	641	0	0	0	0	129	0	13	12506	548926	38849	34	0	0	568976	546883	32812	0
3148	-103	-2	12	26	9161	6959	457498	10	756	1324821	7	21836	2	1	0	7240	23	0	3	2328	0	10924	9161	641	0	0	0	0	129	0	13	12506	548926	38849	34	0	0	568926	546883	32812	0
3147	-103	-2	12	26	9081	6959	457372	10	756	1324695	7	21830	2	1	0	7238	23	0	3	2328	0	10924	9081	641	0	0	0	0	129	0	13	12506	548926	38849	34	0	0	568876	546883	32812	0
3146	-103	-2	13	24	8921	6959	457183	10	756	1324443	7	21821	2	1	0	7234	25	0	3	2328	0	10924	8921	641	0	0	0	0	129	0	13	12506	548926	38849	34	0	0	568776	546883	32812	0
3145	-103	-2	13	25	8841	6959	457057	10	756	1324317	7	21815	2	1	0	7232	25	0	3	2328	0	10924	8841	641	0	0	0	0	129	0	13	12506	548926	38849	34	0	0	568726	546883	32812	0
3144	-103	-2	15	26	8761	6957	456931	10	755	1324191	7	21809	2	1	0	7230	28	0	3	2325	0	10917	8761	641	0	0	0	0	129	0	13	12506	548926	38849	34	0	0	568676	546883	32812	0
3143	-103	-2	15	27	8681	6957	456805	10	755	1324065	7	21803	2	1	0	7228	28	0	3	2325	0	10917	8681	641	0	0	0	0	129	0	13	12506	548926	38849	34	0	0	568626	546883	32812	0
3142	-103	-2	15	27	8601	6957	456679	10	755	1324002	7	21797	2	1	0	7227	28	0	3	2325	0	10917	8601	641	0	0	0	0	129	0	13	12506	548926	38849	34	0	0	568576	546883	32812	0
3141	-103	-2	15	27	8521	6957	456553	10	755	1323876	7	21791	2	1	0	7225	28	0	3	2325	0	10917	8521	641	0	0	0	0	129	0	13	12506	548926	38849	34	0	0	568526	546883	32812	0
3140	-103	-2	15	27	8441	6957	456427	10	755	1323750	7	21785	2	1	0	7223	28	0	3	2325	0	10917	8441	641	0	0	0	0	129	0	13	12506	548926	38849	34	0	0	568476	546883	32812	0
3139	-103	-2	15	27	8361	6955	456301	10	754	1323624	7	21779	2	1	0	7221	28	0	3	2322	0	10910	8361	641	0	0	0	0	129	0	13	12506	548926	38849	34	0	0	568426	546883	32812	0
3138	-103	-2	15	27	8281	6955	456175	10	754	1323498	7	21773	2	1	0	7219	28	0	3	2322	0	10910	8281	641	0	0	0	0	129	0	13	12506	548926	38849	34	0	0	568376	546883	32812	0
3137	-103	-2	15	27	8201	6955	456112	10	754	1323372	7	21770	2	1	0	7217	28	0	3	2322	0	10910	8201	641	0	0	0	0	129	0	13	12506	548926	38849	34	0	0	568326	546883	32812	0
3136	-103	-2	15	27	8041	6955	455860	10	754	1323183	7	21758	2	1	0	7214	28	0	3	2322	0	10910	8041	641	0	0	0	0	129	0	13	12506	548926	38849	34	0	0	568226	546883	32812	0
3135	-103	-2	15	27	7961	6953	455734	10	753	1323057	7	21752	2	1	0	7212	28	0	3	2319	0	10903	7961	641	0	0	0	0	129	0	13	12506	548926	38849	34	0	0	568176	546883	32812	0
3134	-103	-2	15	27	7881	6953	455608	10	753	1322931	7	21746	2	1	0	7210	28	0	3	2319	0	10903	7881	641	0	0	0	0	129	0	13	12506	548926	38849	34	0	0	568126	546883	32812	0
3133	-103	-2	15	27	7801	6953	455482	10	753	1322805	7	21740	2	1	0	7208	28	0	3	2319	0	10903	7801	641	0	0	0	0	129	0	13	12506	548926	38849	34	0	0	568076	546883	32812	0
3132	-103	-2	15	27	7721	6953	455356	10	753	1322679	7	21734	2	1	0	7206	28	0	3	2319	0	10903	7721	641	0	0	0	0	129	0	13	12506	548926	38849	34	0	0	568026	546883	32812	0
3131	-103	-2	15	27	7641	6951	455293	10	752	1322553	7	21731	2	1	0	7204	28	0	3	2316	0	10896	7641	641	0	0	0	0	129	0	13	12506	548926	38849	34	0	0	567976	546883	32812	0
3130	-103	-2	15	27	7561	6951	455104	10	752	1322427	7	21722	2	1	0	7202	28	0	3	2316	0	10896	7561	641	0	0	0	0	129	0	13	12506	548926	38849	34	0	0	567926	546883	32812	0
3129	-103	-2	15	27	7481	6951	455041	10	752	1322301	7	21719	2	1	0	7200	28	0	3	2316	0	10896	7481	641	0	0	0	0	129	0	13	12506	548926	38849	34	0	0	567876	546883	32812	0
3128	-103	-2	15	27	7401	6951	454915	10	752	1322238	7	21713	2	1	0	7199	28	0	3	2316	0	10896	7401	641	0	0	0	0	129	0	13	12506	548926	38849	34	0	0	567826	546883	32812	0
3127	-103	-2	15	27	7321	6951	454789	10	752	1322112	7	21707	2	1	0	7197	28	0	3	2316	0	10896	7321	641	0	0	0	0	129	0	13	12506	548926	38849	34	0	0	567776	546883	32812	0
3126	-103	-2	15	27	7161	6949	454537	10	751	1321860	7	21695	2	1	0	7193	28	0	3	2313	0	10889	7161	641	0	0	0	0	129	0	13	12506	548926	38849	34	0	0	567676	546883	32812	0
3125	-103	-2	15	27	7081	6949	454411	10	751	1321734	7	21689	2	1	0	7191	28	0	3	2313	0	10889	7081	641	0	0	0	0	129	0	13	12506	548926	38849	34	0	0	567626	546883	32812	0
3124	-103	-2	15	27	7001	6949	454348	10	751	1321608	7	21686	2	1	0	7189	28	0	3	2313	0	10889	7001	641	0	0	0	0	129	0	13	12506	548926	38849	34	0	0	567576	546883	32812	0
3123	-103	-2	15	27	6921	6949	454222	10	751	1321482	7	21680	2	1	0	7187	28	0	3	2313	0	10889	6921	641	0	0	0	0	129	0	13	12506	548926	38849	34	0	0	567526	546883	32812	0
3122	-103	-2	15	27	6841	6947	454096	10	750	1321356	7	21674	2	1	0	7185	28	0	3	2310	0	10882	6841	641	0	0	0	0	129	0	13	12506	548926	38849	34	0	0	567476	546883	32812	0
3121	-103	-2	15	27	6761	6947	453970	10	750	1321230	7	21668	2	1	0	7183	28	0	3	2310	0	10882	6761	641	0	0	0	0	129	0	13	12506	548926	38849	34	0	0	567426	546883	32812	0
3120	-103	-2	15	27	6681	6947	453844	10	750	1321167	7	21662	2	1	0	7182	28	0	3	2310	0	10882	6681	641	0	0	0	0	129	0	13	12506	548926	38849	34	0	0	567376	546883	32812	0
3119	-103	-2	15	27	6601	6947	453718	10	750	1321041	7	21656	2	1	0	7180	28	0	3	2310	0	10882	6601	641	0	0	0	0	129	0	13	12506	548926	38849	34	0	0	567326	546883	32812	0
3118	-103	-2	15	27	6521	6947	453592	10	750	1320915	7	21650	2	1	0	7178	28	0	3	2310	0	10882	6521	641	0	0	0	0	129	0	13	12506	548926	38849	34	0	0	567276	546883	32812	0
3117	-103	-2	15	27	6441	6945	453466	10	749	1320789	7	21644	2	1	0	7176	28	0	3	2307	0	10875	6441	641	0	0	0	0	129	0	13	12506	548926	38849	34	0	0	567226	546883	32812	0
3116	-103	-2	15	27	6281	6945	453277	10	749	1320537	7	21635	2	1	0	7172	28	0	3	2307	0	10875	6281	641	0	0	0	0	129	0	13	12506	548926	38849	34	0	0	567126	546883	32812	0
3115	-103	-2	15	27	6201	6945	453151	10	749	1320474	7	21629	2	1	0	7171	28	0	3	2307	0	10875	6201	641	0	0	0	0	129	0	13	12506	548926	38849	34	0	0	567076	546883	32812	0
3114	-103	-2	15	27	6121	6945	453025	10	749	1320348	7	21623	2	1	0	7169	28	0	3	2307	0	10875	6121	641	0	0	0	0	129	0	13	12506	548926	38849	34	0	0	567026	546883	32812	0
3113	-103	-2	15	27	6041	6943	452899	10	748	1320222	7	21617	2	1	0	7167	28	0	3	2304	0	10868	6041	641	0	0	0	0	129	0	13	12506	548926	38849	34	0	0	566976	546883	32812	0
3112	-103	-2	15	27	5961	6943	452773	10	748	1320096	7	21611	2	1	0	7165	28	0	3	2304	0	10868	5961	641	0	0	0	0	129	0	13	12506	548926	38849	34	0	0	566926	546883	32812	0
3111	-103	-2	15	27	5881	6943	452647	10	748	1319970	7	21605	2	1	0	7163	28	0	3	2304	0	10868	5881	641	0	0	0	0	129	0	13	12506	548926	38849	34	0	0	566876	546883	32812	0
3110	-103	-2	15	27	5801	6943	452521	10	748	1319844	7	21599	2	1	0	7161	28	0	3	2304	0	10868	5801	641	0	0	0	0	129	0	13	12506	548926	38849	34	0	0	566826	546883	32812	0
3109	-103	-2	15	27	5721	6941	452458	10	747	1319718	7	21596	2	1	0	7159	28	0	3	2301	0	10861	5721	641	0	0	0	0	129	0	13	12506	548926	38849	34	0	0	566776	546883	32812	0
3108	-103	-2	15	27	5641	6941	452269	10	747	1319592	7	21587	2	1	0	7157	28	0	3	2301	0	10861	5641	641	0	0	0	0	129	0	13	12506	548926	38849	34	0	0	566726	546883	32812	0
3107	-103	-2	15	27	5561	6941	452206	10	747	1319466	7	21584	2	1	0	7155	28	0	3	2301	0	10861	5561	641	0	0	0	0	129	0	13	12506	548926	38849	34	0	0	566676	546883	32812	0
3106	-103	-2	15	27	5401	6941	451954	10	747	1319277	7	21572	2	1	0	7152	28	0	3	2301	0	10861	5401	641	0	0	0	0	129	0	13	12506	548926	38849	34	0	0	566576	546883	32812	0
3105	-102	-2	15	27	5321	6939	451828	10	746	1319151	7	21566	2	1	0	7150	28	0	3	2298	0	10854	5321	641	0	0	0	0	129	0	13	12506	548926	38849	34	0	0	566526	546883	32812	0
3104	-102	-2	15	27	5241	6939	451702	10	746	1319025	7	21560	2	1	0	7148	28	0	3	2298	0	10854	5241	641	0	0	0	0	129	0	13	12506	548926	38849	34	0	0	566476	546883	32812	0
3103	-102	-2	15	27	5160	6939	451576	10	746	1318899	7	21554	2	1	0	7146	28	0	3	2298	0	10854	5160	641	0	0	0	0	129	0	13	12506	548926	38849	34	0	0	566425	546883	32812	0
3102	-102	-2	15	27	5081	6939	451513	10	746	1318773	7	21551	2	1	0	7144	28	0	3	2298	0	10854	5081	641	0	0	0	0	129	0	13	12506	548926	38849	34	0	0	566376	546883	32812	0
3101	-102	-2	15	27	5001	6939	451387	10	746	1318647	7	21545	2	1	0	7142	28	0	3	2298	0	10854	5001	641	0	0	0	0	129	0	13	12506	548926	38849	34	0	0	566326	546883	32812	0
3100	-102	-2	15	27	4921	6937	451261	10	745	1318521	7	21539	2	1	0	7140	28	0	3	2295	0	10847	4921	641	0	0	0	0	129	0	13	12506	548926	38849	34	0	0	566276	546883	32812	0
3099	-102	-2	15	27	4841	6937	451135	10	745	1318395	7	21533	2	1	0	7138	28	0	3	2295	0	10847	4841	641	0	0	0	0	129	0	13	12506	548926	38849	34	0	0	566226	546883	32812	0
3098	-102	-2	15	27	4761	6937	451009	10	745	1318332	7	21527	2	1	0	7137	28	0	3	2295	0	10847	4761	641	0	0	0	0	129	0	13	12506	548926	38849	34	0	0	566176	546883	32812	0
3097	-102	-2	15	27	4681	6937	450883	10	745	1318206	7	21521	2	1	0	7135	28	0	3	2295	0	10847	4681	641	0	0	0	0	129	0	13	12506	548926	38849	34	0	0	566126	546883	32812	0
3096	-103	-2	15	27	4521	6935	450631	10	744	1317954	7	21509	2	1	0	7131	28	0	3	2292	0	10840	4521	641	0	0	0	0	129	0	13	12506	548926	38849	34	0	0	566026	546883	32812	0
3095	-103	-2	15	27	4441	6935	450505	10	744	1317828	7	21503	2	1	0	7129	28	0	3	2292	0	10840	4441	641	0	0	0	0	129	0	13	12506	548926	38849	34	0	0	565976	546883	32812	0
3094	-103	-2	15	27	4361	6935	450442	10	744	1317702	7	21500	2	1	0	7127	28	0	3	2292	0	10840	4361	641	0	0	0	0	129	0	13	12506	548926	38849	34	0	0	565926	546883	32812	0
3093	-103	-2	15	27	4281	6935	450316	10	744	1317639	7	21494	2	1	0	7126	28	0	3	2292	0	10840	4281	641	0	0	0	0	129	0	13	12506	548926	38849	34	0	0	565876	546883	32812	0
3092	-103	-2	15	27	4201	6935	450190	10	744	1317513	7	21488	2	1	0	7124	28	0	3	2292	0	10840	4201	641	0	0	0	0	129	0	13	12506	548926	38849	34	0	0	565826	546883	32812	0
3091	-103	-2	15	27	4121	6933	450064	10	743	1317387	7	21482	2	1	0	7122	28	0	3	2289	0	10833	4121	641	0	0	0	0	129	0	13	12506	548926	38849	34	0	0	565776	546883	32812	0
3090	-103	-2	15	27	4041	6933	449938	10	743	1317261	7	21476	2	1	0	7120	28	0	3	2289	0	10833	4041	641	0	0	0	0	129	0	13	12506	548926	38849	34	0	0	565726	546883	32812	0
3089	-103	-2	15	27	3961	6933	449812	10	743	1317135	7	21470	2	1	0	7118	28	0	3	2289	0	10833	3961	641	0	0	0	0	129	0	13	12506	548926	38849	34	0	0	565676	546883	32812	0
3088	-103	-2	15	27	3881	6933	449686	10	743	1317009	7	21464	2	1	0	7116	28	0	3	2289	0	10833	3881	641	0	0	0	0	129	0	13	12506	548926	38849	34	0	0	565626	546883	32812	0
3087	-102	-2	15	27	3801	6931	449623	10	742	1316883	7	21461	2	1	0	7114	28	0	3	2286	0	10826	3801	641	0	0	0	0	129	0	13	12506	548926	38849	34	0	0	565576	546883	32812	0
3086	-102	-2	15	27	3641	6931	449371	10	742	1316631	7	21449	2	1	0	7110	28	0	3	2286	0	10826	3641	641	0	0	0	0	129	0	13	12506	548926	38849	34	0	0	565476	546883	32812	0
3085	-102	-2	15	27	3561	6931	449245	10	742	1316568	7	21443	2	1	0	7109	28	0	3	2286	0	10826	3561	641	0	0	0	0	129	0	13	12506	548926	38849	34	0	0	565426	546883	32812	0
3084	-102	-2	15	27	3481	6931	449119	10	742	1316442	7	21437	2	1	0	7107	28	0	3	2286	0	10826	3481	641	0	0	0	0	129	0	13	12506	548926	38849	34	0	0	565376	546883	32812	0
3083	-102	-2	15	27	3401	6929	448993	10	741	1316316	7	21431	2	1	0	7105	28	0	3	2283	0	10819	3401	641	0	0	0	0	129	0	13	12506	548926	38849	34	0	0	565326	546883	32812	0
3082	-102	-2	15	27	3321	6929	448867	10	741	1316190	7	21425	2	1	0	7103	28	0	3	2283	0	10819	3321	641	0	0	0	0	129	0	13	12506	548926	38849	34	0	0	565276	546883	32812	0
3081	-102	-2	15	27	3241	6929	448741	10	741	1316064	7	21419	2	1	0	7101	28	0	3	2283	0	10819	3241	641	0	0	0	0	129	0	13	12506	548926	38849	34	0	0	565226	546883	32812	0
3080	-102	-2	15	27	3161	6929	448678	10	741	1315938	7	21416	2	1	0	7099	28	0	3	2283	0	10819	3161	641	0	0	0	0	129	0	13	12506	548926	38849	34	0	0	565176	546883	32812	0
3079	-102	-2	15	27	3081	6929	448552	10	741	1315812	7	21410	2	1	0	7097	28	0	3	2283	0	10819	3081	641	0	0	0	0	129	0	13	12506	548926	38849	34	0	0	565126	546883	32812	0
3078	-102	-2	15	27	3001	6927	448426	10	740	1315686	7	21404	2	1	0	7095	28	0	3	2280	0	10812	3001	641	0	0	0	0	129	0	13	12506	548926	38849	34	0	0	565076	546883	32812	0
3077	-102	-2	15	27	2841	6927	448174	10	740	1315497	7	21392	2	1	0	7092	28	0	3	2280	0	10812	2841	641	0	0	0	0	129	0	13	12506	548926	38849	34	0	0	564976	546883	32812	0
3076	-102	-2	15	27	2761	6927	448048	10	740	1315371	7	21386	2	1	0	7090	28	0	3	2280	0	10812	2761	641	0	0	0	0	129	0	13	12506	548926	38849	34	0	0	564926	546883	32812	0
3075	-102	-2	15	27	2681	6927	447922	10	740	1315245	7	21380	2	1	0	7088	28	0	3	2280	0	10812	2681	641	0	0	0	0	129	0	13	12506	548926	38849	34	0	0	564876	546883	32812	0
3074	-102	-2	15	27	2601	6925	447796	10	739	1315119	7	21374	2	1	0	7086	28	0	3	2277	0	10805	2601	641	0	0	0	0	129	0	13	12506	548926	38849	34	0	0	564826	546883	32812	0
3073	-102	-2	15	27	2521	6925	447670	10	739	1314993	7	21368	2	1	0	7084	28	0	3	2277	0	10805	2521	641	0	0	0	0	129	0	13	12506	548926	38849	34	0	0	564776	546883	32812	0
3072	-102	-2	15	27	2441	6925	447607	10	739	1314867	7	21365	2	1	0	7082	28	0	3	2277	0	10805	2441	641	0	0	0	0	129	0	13	12506	548926	38849	34	0	0	564726	546883	32812	0
3071	-102	-2	15	27	2361	6925	447481	10	739	1314804	7	21359	2	1	0	7081	28	0	3	2277	0	10805	2361	641	0	0	0	0	129	0	13	12506	548926	38849	34	0	0	564676	546883	32812	0
3070	-102	-2	15	27	2281	6925	447355	10	739	1314678	7	21353	2	1	0	7079	28	0	3	2277	0	10805	2281	641	0	0	0	0	129	0	13	12506	548926	38849	34	0	0	564626	546883	32812	0
3069	-102	-2	15	27	2201	6923	447229	10	738	1314552	7	21347	2	1	0	7077	28	0	3	2274	0	10798	2201	641	0	0	0	0	129	0	13	12506	548926	38849	34	0	0	564576	546883	32812	0
3068	-102	-2	15	27	2121	6923	447103	10	738	1314426	7	21341	2	1	0	7075	28	0	3	2274	0	10798	2121	641	0	0	0	0	129	0	13	12506	548926	38849	34	0	0	564526	546883	32812	0
3067	-102	-2	15	27	1961	6923	446851	10	738	1314174	7	21329	2	1	0	7071	28	0	3	2274	0	10798	1961	641	0	0	0	0	129	0	13	12506	548926	38849	34	0	0	564426	546883	32812	0
3066	-102	-2	15	27	1881	6921	446788	10	737	1314048	7	21326	2	1	0	7069	28	0	3	2271	0	10791	1881	641	0	0	0	0	129	0	13	12506	548926	38849	34	0	0	564376	546883	32812	0
3065	-102	-2	15	27	1801	6921	446599	10	737	1313922	7	21317	2	1	0	7067	28	0	3	2271	0	10791	1801	641	0	0	0	0	129	0	13	12506	548926	38849	34	0	0	564326	546883	32812	0
3064	-102	-2	15	27	1721	6921	446536	10	737	1313796	7	21314	2	1	0	7065	28	0	3	2271	0	10791	1721	641	0	0	0	0	129	0	13	12506	548926	38849	34	0	0	564276	546883	32812	0
3063	-102	-2	15	27	1641	6921	446410	10	737	1313733	7	21308	2	1	0	7064	28	0	3	2271	0	10791	1641	641	0	0	0	0	129	0	13	12506	548926	38849	34	0	0	564226	546883	32812	0
3062	-102	-2	15	27	1561	6921	446284	10	737	1313607	7	21302	2	1	0	7062	28	0	3	2271	0	10791	1561	641	0	0	0	0	129	0	13	12506	548926	38849	34	0	0	564176	546883	32812	0
3061	-102	-2	15	27	1481	6919	446158	10	736	1313481	7	21296	2	1	0	7060	28	0	3	2268	0	10784	1481	641	0	0	0	0	129	0	13	12506	548926	38849	34	0	0	564126	546883	32812	0
3060	-102	-2	15	27	1401	6919	446032	10	736	1313355	7	21290	2	1	0	7058	28	0	3	2268	0	10784	1401	641	0	0	0	0	129	0	13	12506	548926	38849	34	0	0	564076	546883	32812	0
3059	-102	-2	15	27	1321	6919	445906	10	736	1313229	7	21284	2	1	0	7056	28	0	3	2268	0	10784	1321	641	0	0	0	0	129	0	13	12506	548926	38849	34	0	0	564026	546883	32812	0
3058	-102	-2	15	27	1241	6919	445843	10	736	1313103	7	21281	2	1	0	7054	28	0	3	2268	0	10784	1241	641	0	0	0	0	129	0	13	12506	548926	38849	34	0	0	563976	546883	32812	0
3057	-102	-2	15	27	1081	6917	445591	10	735	1312851	7	21269	2	1	0	7050	28	0	3	2265	0	10777	1081	641	0	0	0	0	129	0	13	12506	548926	38849	34	0	0	563876	546883	32812	0
3056	-102	-2	15	27	1001	6917	445465	10	735	1312725	7	21263	2	1	0	7048	28	0	3	2265	0	10777	1001	641	0	0	0	0	129	0	13	12506	548926	38849	34	0	0	563826	546883	32812	0
3055	-102	-2	15	27	921	6917	445339	10	735	1312662	7	21257	2	1	0	7047	28	0	3	2265	0	10777	921	641	0	0	0	0	129	0	13	12506	548926	38849	34	0	0	563776	546883	32812	0
3054	-102	-2	15	27	841	6917	445213	10	735	1312536	7	21251	2	1	0	7045	28	0	3	2265	0	10777	841	641	0	0	0	0	129	0	13	12506	548926	38849	34	0	0	563726	546883	32812	0
3053	-102	-2	15	27	761	6917	445087	10	735	1312410	7	21245	2	1	0	7043	28	0	3	2265	0	10777	761	641	0	0	0	0	129	0	13	12506	548926	38849	34	0	0	563676	546883	32812	0
3052	-102	-2	15	27	681	6915	444961	10	734	1312284	7	21239	2	1	0	7041	28	0	3	2262	0	10770	681	641	0	0	0	0	129	0	13	12506	548926	38849	34	0	0	563626	546883	32812	0
3051	-102	-2	15	27	601	6915	444835	10	734	1312158	7	21233	2	1	0	7039	28	0	3	2262	0	10770	601	641	0	0	0	0	129	0	13	12506	548926	38849	34	0	0	563576	546883	32812	0
3050	-102	-2	15	27	521	6915	444772	10	734	1312032	7	21230	2	1	0	7037	28	0	3	2262	0	10770	521	641	0	0	0	0	129	0	13	12506	548926	38849	34	0	0	563526	546883	32812	0
3049	-102	-2	15	27	441	6915	444646	10	734	1311969	7	21224	2	1	0	7036	28	0	3	2262	0	10770	441	641	0	0	0	0	129	0	13	12506	548926	38849	34	0	0	563476	546883	32812	0
3048	-102	-2	15	27	361	6915	444520	10	734	1311843	7	21218	2	1	0	7034	28	0	3	2262	0	10770	361	641	0	0	0	0	129	0	13	12506	548926	38849	34	0	0	563426	546883	32812	0
3047	-102	-2	15	27	201	6913	444268	10	733	1311591	7	21206	2	1	0	7030	28	0	3	2259	0	10763	201	641	0	0	0	0	129	0	13	12506	548926	38849	34	0	0	563326	546883	32812	0
3046	-102	-2	15	27	121	6913	444142	10	733	1311465	7	21200	2	1	0	7028	28	0	3	2259	0	10763	121	641	0	0	0	0	129	0	13	12506	548926	38849	34	0	0	563276	546883	32812	0
3045	-102	-2	15	27	41	6913	444016	10	733	1311339	7	21194	2	1	0	7026	28	0	3	2259	0	10763	41	641	0	0	0	0	129	0	13	12506	548926	38849	34	0	0	563226	546883	32812	0
3044	-102	-2	15	27	16345	6911	443953	10	732	1311213	7	21191	2	1	0	7024	28	0	3	2256	0	10756	16345	641	0	0	0	0	129	0	13	12506	548926	38849	34	0	0	563176	546883	32812	0
3043	-102	-2	15	27	16265	6911	443764	10	732	1311087	7	21182	2	1	0	7022	28	0	3	2256	0	10756	16265	641	0	0	0	0	129	0	13	12506	548926	38849	34	0	0	563126	546883	32812	0
3042	-102	-2	15	27	16185	6911	443701	10	732	1310961	7	21179	2	1	0	7020	28	0	3	2256	0	10756	16185	641	0	0	0	0	129	0	13	12506	548926	38849	34	0	0	563076	546883	32812	0
3041	-102	-2	15	27	16105	6911	443575	10	732	1310898	7	21173	2	1	0	7019	28	0	3	2256	0	10756	16105	641	0	0	0	0	129	0	13	12506	548926	38849	34	0	0	563026	546883	32812	0
3040	-102	-2	15	27	16025	6911	443449	10	732	1310772	7	21167	2	1	0	7017	28	0	3	2256	0	10756	16025	641	0	0	0	0	129	0	13	12506	548926	38849	34	0	0	562976	546883	32812	0
3039	-103	-2	15	27	15945	6909	443323	10	731	1310646	7	21161	2	1	0	7015	28	0	3	2253	0	10749	15945	641	0	0	0	0	129	0	13	12506	548926	38849	34	0	0	562926	546883	32812	0
3038	-103	-2	15	27	15865	6909	443197	10	731	1310520	7	21155	2	1	0	7013	28	0	3	2253	0	10749	15865	641	0	0	0	0	129	0	13	12506	548926	38849	34	0	0	562876	546883	32812	0
3037	-103	-2	15	27	15705	6909	443008	10	731	1310268	7	21146	2	1	0	7009	28	0	3	2253	0	10749	15705	641	0	0	0	0	129	0	13	12506	548926	38849	34	0	0	562776	546883	32812	0
3036	-103	-2	15	27	15625	6909	442882	10	731	1310142	7	21140	2	1	0	7007	28	0	3	2253	0	10749	15625	641	0	0	0	0	129	0	13	12506	548926	38849	34	0	0	562726	546883	32812	0
3035	-103	-2	15	27	15545	6907	442756	10	730	1310016	7	21134	2	1	0	7005	28	0	3	2250	0	10742	15545	641	0	0	0	0	129	0	13	12506	548926	38849	34	0	0	562676	546883	32812	0
3034	-103	-2	15	27	15465	6907	442630	10	730	1309890	7	21128	2	1	0	7003	28	0	3	2250	0	10742	15465	641	0	0	0	0	129	0	13	12506	548926	38849	34	0	0	562626	546883	32812	0
3033	-103	-2	15	27	15385	6907	442504	10	730	1309827	7	21122	2	1	0	7002	28	0	3	2250	0	10742	15385	641	0	0	0	0	129	0	13	12506	548926	38849	34	0	0	562576	546883	32812	0
3032	-103	-2	15	27	15305	6907	442378	10	730	1309701	7	21116	2	1	0	7000	28	0	3	2250	0	10742	15305	641	0	0	0	0	129	0	13	12506	548926	38849	34	0	0	562526	546883	32812	0
3031	-103	-2	15	27	15225	6907	442252	10	730	1309575	7	21110	2	1	0	6998	28	0	3	2250	0	10742	15225	641	0	0	0	0	129	0	13	12506	548926	38849	34	0	0	562476	546883	32812	0
3030	-103	-2	15	27	15145	6905	442126	10	729	1309449	7	21104	2	1	0	6996	28	0	3	2247	0	10735	15145	641	0	0	0	0	129	0	13	12506	548926	38849	34	0	0	562426	546883	32812	0
3029	-103	-2	15	27	15065	6905	442000	10	729	1309323	7	21098	2	1	0	6994	28	0	3	2247	0	10735	15065	641	0	0	0	0	129	0	13	12506	548926	38849	34	0	0	562376	546883	32812	0
3028	-103	-2	15	26	14985	6905	441937	10	729	1309197	7	21095	2	1	0	6992	28	0	3	2247	0	10735	14985	641	0	0	0	0	129	0	13	12506	548926	38849	34	0	0	562326	546883	32812	0
3027	-103	-2	15	26	14825	6905	441685	10	729	1309008	7	21083	2	1	0	6989	28	0	3	2247	0	10735	14825	641	0	0	0	0	129	0	13	12506	548926	38849	34	0	0	562226	546883	32812	0
3026	-103	-2	15	26	14745	6903	441559	10	728	1308882	7	21077	2	1	0	6987	28	0	3	2244	0	10728	14745	641	0	0	0	0	129	0	13	12506	548926	38849	34	0	0	562176	546883	32812	0
3025	-103	-2	15	26	14665	6903	441433	10	728	1308756	7	21071	2	1	0	6985	28	0	3	2244	0	10728	14665	641	0	0	0	0	129	0	13	12506	548926	38849	34	0	0	562126	546883	32812	0
3024	-103	-2	15	26	14585	6903	441307	10	728	1308630	7	21065	2	1	0	6983	28	0	3	2244	0	10728	14585	641	0	0	0	0	129	0	13	12506	548926	38849	34	0	0	562076	546883	32812	0
3023	-103	-2	15	26	14505	6903	441181	10	728	1308504	7	21059	2	1	0	6981	28	0	3	2244	0	10728	14505	641	0	0	0	0	129	0	13	12506	548926	38849	34	0	0	562026	546883	32812	0
3022	-103	-2	15	26	14425	6901	441118	10	727	1308378	7	21056	2	1	0	6979	28	0	3	2241	0	10721	14425	641	0	0	0	0	129	0	13	12506	548926	38849	34	0	0	561976	546883	32812	0
3021	-103	-2	15	26	14345	6901	440929	10	727	1308252	7	21047	2	1	0	6977	28	0	3	2241	0	10721	14345	641	0	0	0	0	129	0	13	12506	548926	38849	34	0	0	561926	546883	32812	0
3020	-103	-2	15	26	14265	6901	440866	10	727	1308126	7	21044	2	1	0	6975	28	0	3	2241	0	10721	14265	641	0	0	0	0	129	0	13	12506	548926	38849	34	0	0	561876	546883	32812	0
3019	-103	-2	15	26	14185	6901	440740	10	727	1308063	7	21038	2	1	0	6974	28	0	3	2241	0	10721	14185	641	0	0	0	0	129	0	13	12506	548926	38849	34	0	0	561826	546883	32812	0
3018	-103	-2	15	26	14105	6901	440614	10	727	1307937	7	21032	2	1	0	6972	28	0	3	2241	0	10721	14105	641	0	0	0	0	129	0	13	12506	548926	38849	34	0	0	561776	546883	32812	0
3017	-103	-2	15	27	13945	6899	440362	10	726	1307685	7	21020	2	1	0	6968	28	0	3	2238	0	10714	13945	641	0	0	0	0	129	0	13	12506	548926	38849	34	0	0	561676	546883	32812	0
3016	-103	-2	15	27	13865	6899	440236	10	726	1307559	7	21014	2	1	0	6966	28	0	3	2238	0	10714	13865	641	0	0	0	0	129	0	13	12506	548926	38849	34	0	0	561626	546883	32812	0
3015	-103	-2	15	26	13785	6899	440173	10	726	1307433	7	21011	2	1	0	6964	28	0	3	2238	0	10714	13785	641	0	0	0	0	129	0	13	12506	548926	38849	34	0	0	561576	546883	32812	0
3014	-103	-2	15	26	13705	6899	440047	10	726	1307307	7	21005	2	1	0	6962	28	0	3	2238	0	10714	13705	641	0	0	0	0	129	0	13	12506	548926	38849	34	0	0	561526	546883	32812	0
3013	-103	-2	15	26	13625	6897	439921	10	725	1307181	7	20999	2	1	0	6960	28	0	3	2235	0	10707	13625	641	0	0	0	0	129	0	13	12506	548926	38849	34	0	0	561476	546883	32812	0
3012	-103	-2	14	26	13545	6897	439795	10	725	1307055	7	20993	2	1	0	6958	27	0	3	2235	0	10707	13545	641	0	0	0	0	129	0	13	12506	548926	38849	34	0	0	561426	546883	32812	0
3011	-103	-2	14	26	13465	6897	439669	10	725	1306992	7	20987	2	1	0	6957	27	0	3	2235	0	10707	13465	641	0	0	0	0	129	0	13	12506	548926	38849	34	0	0	561376	546883	32812	0
3010	-103	-2	15	27	13385	6897	439543	10	725	1306866	7	20981	2	1	0	6955	28	0	3	2235	0	10707	13385	641	0	0	0	0	129	0	13	12506	548926	38849	34	0	0	561326	546883	32812	0
3009	-103	-2	15	27	13305	6897	439417	10	725	1306740	7	20975	2	1	0	6953	28	0	3	2235	0	10707	13305	641	0	0	0	0	129	0	13	12506	548926	38849	34	0	0	561276	546883	32812	0
3008	-103	-2	15	27	13225	6895	439291	10	724	1306614	7	20969	2	1	0	6951	28	0	3	2232	0	10700	13225	641	0	0	0	0	129	0	13	12506	548926	38849	34	0	0	561226	546883	32812	0
3007	-103	-2	15	26	13065	6895	439102	10	724	1306362	7	20960	2	1	0	6947	28	0	3	2232	0	10700	13065	641	0	0	0	0	129	0	13	12506	548926	38849	34	0	0	561126	546883	32812	0
3006	-103	-2	15	26	12985	6895	438976	10	724	1306299	7	20954	2	1	0	6946	28	0	3	2232	0	10700	12985	641	0	0	0	0	129	0	13	12506	548926	38849	34	0	0	561076	546883	32812	0
3005	-103	-2	15	26	12905	6895	438850	10	724	1306173	7	20948	2	1	0	6944	28	0	3	2232	0	10700	12905	641	0	0	0	0	129	0	13	12506	548926	38849	34	0	0	561026	546883	32812	0
3004	-103	-2	15	26	12825	6893	438724	10	723	1306047	7	20942	2	1	0	6942	28	0	3	2229	0	10693	12825	641	0	0	0	0	129	0	13	12506	548926	38849	34	0	0	560976	546883	32812	0
3003	-103	-2	15	27	12745	6893	438598	10	723	1305921	7	20936	2	1	0	6940	28	0	3	2229	0	10693	12745	641	0	0	0	0	129	0	13	12506	548926	38849	34	0	0	560926	546883	32812	0
3002	-103	-2	15	27	12665	6893	438472	10	723	1305795	7	20930	2	1	0	6938	28	0	3	2229	0	10693	12665	641	0	0	0	0	129	0	13	12506	548926	38849	34	0	0	560876	546883	32812	0
3001	-103	-2	15	27	12585	6893	438346	10	723	1305669	7	20924	2	1	0	6936	28	0	3	2229	0	10693	12585	641	0	0	0	0	129	0	13	12506	548926	38849	34	0	0	560826	546883	32812	0
3000	-103	-2	15	27	12505	6891	438283	10	722	1305543	7	20921	2	1	0	6934	28	0	3	2226	0	10686	12505	641	0	0	0	0	129	0	13	12506	548926	38849	34	0	0	560776	546883	32812	0
2999	-103	-2	15	27	12425	6891	438094	10	722	1305417	7	20912	2	1	0	6932	28	0	3	2226	0	10686	12425	641	0	0	0	0	129	0	13	12506	548926	38849	34	0	0	560726	546883	32812	0
2998	-103	-2	15	27	12345	6891	438031	10	722	1305291	7	20909	2	1	0	6930	28	0	3	2226	0	10686	12345	641	0	0	0	0	129	0	13	12506	548926	38849	34	0	0	560676	546883	32812	0
2997	-103	-2	15	26	12185	6891	437779	10	722	1305102	7	20897	2	1	0	6927	28	0	3	2226	0	10686	12185	641	0	0	0	0	129	0	13	12506	548926	38849	34	0	0	560576	546883	32812	0
2996	-103	-2	15	26	12105	6889	437653	10	721	1304976	7	20891	2	1	0	6925	28	0	3	2223	0	10679	12105	641	0	0	0	0	129	0	13	12506	548926	38849	34	0	0	560526	546883	32812	0
2995	-103	-2	15	26	12025	6889	437527	10	721	1304850	7	20885	2	1	0	6923	28	0	3	2223	0	10679	12025	641	0	0	0	0	129	0	13	12506	548926	38849	34	0	0	560476	546883	32812	0
2994	-103	-2	15	27	11945	6889	437401	10	721	1304724	7	20879	2	1	0	6921	28	0	3	2223	0	10679	11945	641	0	0	0	0	129	0	13	12506	548926	38849	34	0	0	560426	546883	32812	0
2993	-103	-2	15	27	11865	6889	437338	10	721	1304598	7	20876	2	1	0	6919	28	0	3	2223	0	10679	11865	641	0	0	0	0	129	0	13	12506	548926	38849	34	0	0	560376	546883	32812	0
2992	-103	-2	15	27	11785	6889	437212	10	721	1304472	7	20870	2	1	0	6917	28	0	3	2223	0	10679	11785	641	0	0	0	0	129	0	13	12506	548926	38849	34	0	0	560326	546883	32812	0
2991	-103	-2	15	27	11705	6887	437086	10	720	1304346	7	20864	2	1	0	6915	28	0	3	2220	0	10672	11705	641	0	0	0	0	129	0	13	12506	548926	38849	34	0	0	560276	546883	32812	0
2990	-103	-2	15	27	11625	6887	436960	10	720	1304220	7	20858	2	1	0	6913	28	0	3	2220	0	10672	11625	641	0	0	0	0	129	0	13	12506	548926	38849	34	0	0	560226	546883	32812	0
2989	-103	-2	15	27	11545	6887	436834	10	720	1304157	7	20852	2	1	0	6912	28	0	3	2220	0	10672	11545	641	0	0	0	0	129	0	13	12506	548926	38849	34	0	0	560176	546883	32812	0
2988	-103	-2	15	27	11465	6887	436708	10	720	1304031	7	20846	2	1	0	6910	28	0	3	2220	0	10672	11465	641	0	0	0	0	129	0	13	12506	548926	38849	34	0	0	560126	546883	32812	0
2987	-103	-2	15	27	11305	6885	436456	10	719	1303779	7	20834	2	1	0	6906	28	0	3	2217	0	10665	11305	641	0	0	0	0	129	0	13	12506	548926	38849	34	0	0	560026	546883	32812	0
2986	-103	-2	15	27	11225	6885	436330	10	719	1303653	7	20828	2	1	0	6904	28	0	3	2217	0	10665	11225	641	0	0	0	0	129	0	13	12506	548926	38849	34	0	0	559976	546883	32812	0
2985	-103	-2	15	27	11145	6885	436267	10	719	1303527	7	20825	2	1	0	6902	28	0	3	2217	0	10665	11145	641	0	0	0	0	129	0	13	12506	548926	38849	34	0	0	559926	546883	32812	0
2984	-103	-2	15	27	11065	6885	436141	10	719	1303464	7	20819	2	1	0	6901	28	0	3	2217	0	10665	11065	641	0	0	0	0	129	0	13	12506	548926	38849	34	0	0	559876	546883	32812	0
2983	-103	-2	15	27	10985	6885	436015	10	719	1303338	7	20813	2	1	0	6899	28	0	3	2217	0	10665	10985	641	0	0	0	0	129	0	13	12506	548926	38849	34	0	0	559826	546883	32812	0
2982	-103	-2	15	27	10905	6883	435889	10	718	1303212	7	20807	2	1	0	6897	28	0	3	2214	0	10658	10905	641	0	0	0	0	129	0	13	12506	548926	38849	34	0	0	559776	546883	32812	0
2981	-103	-2	15	27	10825	6883	435763	10	718	1303086	7	20801	2	1	0	6895	28	0	3	2214	0	10658	10825	641	0	0	0	0	129	0	13	12506	548926	38849	34	0	0	559726	546883	32812	0
2980	-103	-2	15	27	10745	6883	435637	10	718	1302960	7	20795	2	1	0	6893	28	0	3	2214	0	10658	10745	641	0	0	0	0	129	0	13	12506	548926	38849	34	0	0	559676	546883	32812	0
2979	-103	-2	15	27	10665	6883	435511	10	718	1302834	7	20789	2	1	0	6891	28	0	3	2214	0	10658	10665	641	0	0	0	0	129	0	13	12506	548926	38849	34	0	0	559626	546883	32812	0
2978	-103	-2	15	26	10585	6881	435448	10	717	1302708	7	20786	2	1	0	6889	28	0	3	2211	0	10651	10585	641	0	0	0	0	129	0	13	12506	548926	38849	34	0	0	559576	546883	32812	0
2977	-103	-2	15	26	10425	6881	435196	10	717	1302456	7	20774	2	1	0	6885	28	0	3	2211	0	10651	10425	641	0	0	0	0	129	0	13	12506	548926	38849	34	0	0	559476	546883	32812	0
2976	-103	-2	15	26	10345	6881	435070	10	717	1302393	7	20768	2	1	0	6884	28	0	3	2211	0	10651	10345	641	0	0	0	0	129	0	13	12506	548926	38849	34	0	0	559426	546883	32812	0
2975	-103	-2	15	26	10265	6881	434944	10	717	1302267	7	20762	2	1	0	6882	28	0	3	2211	0	10651	10265	641	0	0	0	0	129	0	13	12506	548926	38849	34	0	0	559376	546883	32812	0
2974	-103	-2	15	26	10185	6879	434818	10	716	1302141	7	20756	2	1	0	6880	28	0	3	2208	0	10644	10185	641	0	0	0	0	129	0	13	12506	548926	38849	34	0	0	559326	546883	32812	0
2973	-103	-2	15	26	10105	6879	434692	10	716	1302015	7	20750	2	1	0	6878	28	0	3	2208	0	10644	10105	641	0	0	0	0	129	0	13	12506	548926	38849	34	0	0	559276	546883	32812	0
2972	-103	-2	15	26	10025	6879	434566	10	716	1301889	7	20744	2	1	0	6876	28	0	3	2208	0	10644	10025	641	0	0	0	0	129	0	13	12506	548926	38849	34	0	0	559226	546883	32812	0
2971	-103	-2	15	26	9945	6879	434503	10	716	1301763	7	20741	2	1	0	6874	28	0	3	2208	0	10644	9945	641	0	0	0	0	129	0	13	12506	548926	38849	34	0	0	559176	546883	32812	0
2970	-103	-2	15	26	9865	6879	434377	10	716	1301637	7	20735	2	1	0	6872	28	0	3	2208	0	10644	9865	641	0	0	0	0	129	0	13	12506	548926	38849	34	0	0	559126	546883	32812	0
2969	-103	-2	15	26	9785	6877	434251	10	715	1301511	7	20729	2	1	0	6870	28	0	3	2205	0	10637	9785	641	0	0	0	0	129	0	13	12506	548926	38849	34	0	0	559076	546883	32812	0
2968	-103	-2	15	26	9705	6877	434125	10	715	1301385	7	20723	2	1	0	6868	28	0	3	2205	0	10637	9705	641	0	0	0	0	129	0	13	12506	548926	38849	34	0	0	559026	546883	32812	0
2967	-103	-2	15	26	9545	6877	433873	10	715	1301196	7	20711	2	1	0	6865	28	0	3	2205	0	10637	9545	641	0	0	0	0	129	0	13	12506	548926	38849	34	0	0	558926	546883	32812	0
2966	-103	-2	15	26	9465	6877	433747	10	715	1301070	7	20705	2	1	0	6863	28	0	3	2205	0	10637	9465	641	0	0	0	0	129	0	13	12506	548926	38849	34	0	0	558876	546883	32812	0
2965	-103	-2	15	26	9385	6875	433621	10	714	1300944	7	20699	2	1	0	6861	28	0	3	2202	0	10630	9385	641	0	0	0	0	129	0	13	12506	548926	38849	34	0	0	558826	546883	32812	0
2964	-103	-2	15	26	9305	6875	433495	10	714	1300818	7	20693	2	1	0	6859	28	0	3	2202	0	10630	9305	641	0	0	0	0	129	0	13	12506	548926	38849	34	0	0	558776	546883	32812	0
2963	-103	-2	15	27	9225	6875	433432	10	714	1300692	7	20690	2	1	0	6857	28	0	3	2202	0	10630	9225	641	0	0	0	0	129	0	13	12506	548926	38849	34	0	0	558726	546883	32812	0
2962	-103	-2	15	27	9145	6875	433306	10	714	1300629	7	20684	2	1	0	6856	28	0	3	2202	0	10630	9145	641	0	0	0	0	129	0	13	12506	548926	38849	34	0	0	558676	546883	32812	0
2961	-103	-2	15	27	9065	6875	433180	10	714	1300503	7	20678	2	1	0	6854	28	0	3	2202	0	10630	9065	641	0	0	0	0	129	0	13	12506	548926	38849	34	0	0	558626	546883	32812	0
2960	-103	-2	15	26	8985	6873	433054	10	713	1300377	7	20672	2	1	0	6852	28	0	3	2199	0	10623	8985	641	0	0	0	0	129	0	13	12506	548926	38849	34	0	0	558576	546883	32812	0
2959	-103	-2	15	26	8905	6873	432928	10	713	1300251	7	20666	2	1	0	6850	28	0	3	2199	0	10623	8905	641	0	0	0	0	129	0	13	12506	548926	38849	34	0	0	558526	546883	32812	0
2958	-103	-2	15	27	8825	6873	432802	10	713	1300125	7	20660	2	1	0	6848	28	0	3	2199	0	10623	8825	641	0	0	0	0	129	0	13	12506	548926	38849	34	0	0	558476	546883	32812	0
2957	-103	-2	15	27	8665	6871	432613	10	712	1299873	7	20651	2	1	0	6844	28	0	3	2196	0	10616	8665	641	0	0	0	0	129	0	13	12506	548926	38849	34	0	0	558376	546883	32812	0
2956	-103	-2	15	27	8585	6871	432424	10	712	1299747	7	20642	2	1	0	6842	28	0	3	2196	0	10616	8585	641	0	0	0	0	129	0	13	12506	548926	38849	34	0	0	558326	546883	32812	0
2955	-103	-2	15	27	8505	6871	432361	10	712	1299621	7	20639	2	1	0	6840	28	0	3	2196	0	10616	8505	641	0	0	0	0	129	0	13	12506	548926	38849	34	0	0	558276	546883	32812	0
2954	-103	-2	15	27	8425	6871	432235	10	712	1299558	7	20633	2	1	0	6839	28	0	3	2196	0	10616	8425	641	0	0	0	0	129	0	13	12506	548926	38849	34	0	0	558226	546883	32812	0
2953	-103	-2	15	27	8345	6871	432109	10	712	1299432	7	20627	2	1	0	6837	28	0	3	2196	0	10616	8345	641	0	0	0	0	129	0	13	12506	548926	38849	34	0	0	558176	546883	32812	0
2952	-103	-2	15	27	8265	6869	431983	10	711	1299306	7	20621	2	1	0	6835	28	0	3	2193	0	10609	8265	641	0	0	0	0	129	0	13	12506	548926	38849	34	0	0	558126	546883	32812	0
2951	-103	-2	15	27	8185	6869	431857	10	711	1299180	7	20615	2	1	0	6833	28	0	3	2193	0	10609	8185	641	0	0	0	0	129	0	13	12506	548926	38849	34	0	0	558076	546883	32812	0
2950	-103	-2	15	27	8105	6869	431731	10	711	1299054	7	20609	2	1	0	6831	28	0	3	2193	0	10609	8105	641	0	0	0	0	129	0	13	12506	548926	38849	34	0	0	558026	546883	32812	0
2949	-103	-2	15	27	8025	6869	431668	10	711	1298928	7	20606	2	1	0	6829	28	0	3	2193	0	10609	8025	641	0	0	0	0	129	0	13	12506	548926	38849	34	0	0	557976	546883	32812	0
2948	-103	-2	15	27	7945	6869	431542	10	711	1298802	7	20600	2	1	0	6827	28	0	3	2193	0	10609	7945	641	0	0	0	0	129	0	13	12506	548926	38849	34	0	0	557926	546883	32812	0
2947	-103	-2	15	27	7785	6867	431290	10	710	1298550	7	20588	2	1	0	6823	28	0	3	2190	0	10602	7785	641	0	0	0	0	129	0	13	12506	548926	38849	34	0	0	557826	546883	32812	0
2946	-103	-2	15	27	7705	6867	431164	10	710	1298487	7	20582	2	1	0	6822	28	0	3	2190	0	10602	7705	641	0	0	0	0	129	0	13	12506	548926	38849	34	0	0	557776	546883	32812	0
2945	-103	-2	15	27	7625	6867	431038	10	710	1298361	7	20576	2	1	0	6820	28	0	3	2190	0	10602	7625	641	0	0	0	0	129	0	13	12506	548926	38849	34	0	0	557726	546883	32812	0
2944	-103	-2	15	27	7545	6867	430912	10	710	1298235	7	20570	2	1	0	6818	28	0	3	2190	0	10602	7545	641	0	0	0	0	129	0	13	12506	548926	38849	34	0	0	557676	546883	32812	0
2943	-103	-2	15	27	7465	6865	430786	10	709	1298109	7	20564	2	1	0	6816	28	0	3	2187	0	10595	7465	641	0	0	0	0	129	0	13	12506	548926	38849	34	0	0	557626	546883	32812	0
2942	-103	-2	15	27	7385	6865	430660	10	709	1297983	7	20558	2	1	0	6814	28	0	3	2187	0	10595	7385	641	0	0	0	0	129	0	13	12506	548926	38849	34	0	0	557576	546883	32812	0
2941	-103	-2	15	27	7305	6865	430597	10	709	1297857	7	20555	2	1	0	6812	28	0	3	2187	0	10595	7305	641	0	0	0	0	129	0	13	12506	548926	38849	34	0	0	557526	546883	32812	0
2940	-103	-2	15	27	7225	6865	430471	10	709	1297794	7	20549	2	1	0	6811	28	0	3	2187	0	10595	7225	641	0	0	0	0	129	0	13	12506	548926	38849	34	0	0	557476	546883	32812	0
2939	-103	-2	15	27	7145	6865	430345	10	709	1297668	7	20543	2	1	0	6809	28	0	3	2187	0	10595	7145	641	0	0	0	0	129	0	13	12506	548926	38849	34	0	0	557426	546883	32812	0
2938	-103	-2	15	27	7065	6863	430219	10	708	1297542	7	20537	2	1	0	6807	28	0	3	2184	0	10588	7065	641	0	0	0	0	129	0	13	12506	548926	38849	34	0	0	557376	546883	32812	0
2937	-103	-2	15	27	6905	6863	429967	10	708	1297290	7	20525	2	1	0	6803	28	0	3	2184	0	10588	6905	641	0	0	0	0	129	0	13	12506	548926	38849	34	0	0	557276	546883	32812	0
2936	-103	-2	15	27	6825	6863	429841	10	708	1297164	7	20519	2	1	0	6801	28	0	3	2184	0	10588	6825	641	0	0	0	0	129	0	13	12506	548926	38849	34	0	0	557226	546883	32812	0
2935	-103	-2	15	27	6745	6861	429778	10	707	1297038	7	20516	2	1	0	6799	28	0	3	2181	0	10581	6745	641	0	0	0	0	129	0	13	12506	548926	38849	34	0	0	557176	546883	32812	0
2934	-103	-2	15	27	6665	6861	429589	10	707	1296912	7	20507	2	1	0	6797	28	0	3	2181	0	10581	6665	641	0	0	0	0	129	0	13	12506	548926	38849	34	0	0	557126	546883	32812	0
2933	-103	-2	15	27	6585	6861	429526	10	707	1296786	7	20504	2	1	0	6795	28	0	3	2181	0	10581	6585	641	0	0	0	0	129	0	13	12506	548926	38849	34	0	0	557076	546883	32812	0
2932	-103	-2	15	27	6505	6861	429400	10	707	1296723	7	20498	2	1	0	6794	28	0	3	2181	0	10581	6505	641	0	0	0	0	129	0	13	12506	548926	38849	34	0	0	557026	546883	32812	0
2931	-103	-2	15	27	6425	6861	429274	10	707	1296597	7	20492	2	1	0	6792	28	0	3	2181	0	10581	6425	641	0	0	0	0	129	0	13	12506	548926	38849	34	0	0	556976	546883	32812	0
2930	-103	-2	15	27	6345	6859	429148	10	706	1296471	7	20486	2	1	0	6790	28	0	3	2178	0	10574	6345	641	0	0	0	0	129	0	13	12506	548926	38849	34	0	0	556926	546883	32812	0
2929	-103	-2	15	27	6265	6859	429022	10	706	1296345	7	20480	2	1	0	6788	28	0	3	2178	0	10574	6265	641	0	0	0	0	129	0	13	12506	548926	38849	34	0	0	556876	546883	32812	0
2928	-103	-2	15	27	6185	6859	428896	10	706	1296219	7	20474	2	1	0	6786	28	0	3	2178	0	10574	6185	641	0	0	0	0	129	0	13	12506	548926	38849	34	0	0	556826	546883	32812	0
2927	-103	-2	15	27	6025	6859	428707	10	706	1295967	7	20465	2	1	0	6782	28	0	3	2178	0	10574	6025	641	0	0	0	0	129	0	13	12506	548926	38849	34	0	0	556726	546883	32812	0
2926	-103	-2	15	27	5945	6857	428581	10	705	1295841	7	20459	2	1	0	6780	28	0	3	2175	0	10567	5945	641	0	0	0	0	129	0	13	12506	548926	38849	34	0	0	556676	546883	32812	0
2925	-103	-2	15	27	5865	6857	428455	10	705	1295715	7	20453	2	1	0	6778	28	0	3	2175	0	10567	5865	641	0	0	0	0	129	0	13	12506	548926	38849	34	0	0	556626	546883	32812	0
2924	-103	-2	15	27	5785	6857	428329	10	705	1295652	7	20447	2	1	0	6777	28	0	3	2175	0	10567	5785	641	0	0	0	0	129	0	13	12506	548926	38849	34	0	0	556576	546883	32812	0
2923	-103	-2	15	27	5705	6857	428203	10	705	1295526	7	20441	2	1	0	6775	28	0	3	2175	0	10567	5705	641	0	0	0	0	129	0	13	12506	548926	38849	34	0	0	556526	546883	32812	0
2922	-103	-2	15	27	5625	6857	428077	10	705	1295400	7	20435	2	1	0	6773	28	0	3	2175	0	10567	5625	641	0	0	0	0	129	0	13	12506	548926	38849	34	0	0	556476	546883	32812	0
2921	-103	-2	15	27	5545	6855	427951	10	704	1295274	7	20429	2	1	0	6771	28	0	3	2172	0	10560	5545	641	0	0	0	0	129	0	13	12506	548926	38849	34	0	0	556426	546883	32812	0
2920	-103	-2	15	27	5465	6855	427825	10	704	1295148	7	20423	2	1	0	6769	28	0	3	2172	0	10560	5465	641	0	0	0	0	129	0	13	12506	548926	38849	34	0	0	556376	546883	32812	0
2919	-103	-2	15	27	5385	6855	427762	10	704	1295022	7	20420	2	1	0	6767	28	0	3	2172	0	10560	5385	641	0	0	0	0	129	0	13	12506	548926	38849	34	0	0	556326	546883	32812	0
2918	-103	-2	15	27	5305	6855	427636	10	704	1294959	7	20414	2	1	0	6766	28	0	3	2172	0	10560	5305	641	0	0	0	0	129	0	13	12506	548926	38849	34	0	0	556276	546883	32812	0
2917	-103	-2	15	27	5145	6853	427384	10	703	1294707	7	20402	2	1	0	6762	28	0	3	2169	0	10553	5145	641	0	0	0	0	129	0	13	12506	548926	38849	34	0	0	556176	546883	32812	0
2916	-103	-2	15	27	5065	6853	427258	10	703	1294581	7	20396	2	1	0	6760	28	0	3	2169	0	10553	5065	641	0	0	0	0	129	0	13	12506	548926	38849	34	0	0	556126	546883	32812	0
2915	-103	-2	15	27	4985	6853	427132	10	703	1294455	7	20390	2	1	0	6758	28	0	3	2169	0	10553	4985	641	0	0	0	0	129	0	13	12506	548926	38849	34	0	0	556076	546883	32812	0
2914	-103	-2	15	27	4905	6853	427006	10	703	1294329	7	20384	2	1	0	6756	28	0	3	2169	0	10553	4905	641	0	0	0	0	129	0	13	12506	548926	38849	34	0	0	556026	546883	32812	0
2913	-102	-2	15	27	4825	6851	426943	10	702	1294203	7	20381	2	1	0	6754	28	0	3	2166	0	10546	4825	641	0	0	0	0	129	0	13	12506	548926	38849	34	0	0	555976	546883	32812	0
2912	-102	-2	15	27	4745	6851	426754	10	702	1294077	7	20372	2	1	0	6752	28	0	3	2166	0	10546	4745	641	0	0	0	0	129	0	13	12506	548926	38849	34	0	0	555926	546883	32812	0
2911	-102	-2	15	27	4665	6851	426691	10	702	1293951	7	20369	2	1	0	6750	28	0	3	2166	0	10546	4665	641	0	0	0	0	129	0	13	12506	548926	38849	34	0	0	555876	546883	32812	0
2910	-102	-2	15	27	4585	6851	426565	10	702	1293888	7	20363	2	1	0	6749	28	0	3	2166	0	10546	4585	641	0	0	0	0	129	0	13	12506	548926	38849	34	0	0	555826	546883	32812	0
2909	-102	-2	15	27	4505	6851	426439	10	702	1293762	7	20357	2	1	0	6747	28	0	3	2166	0	10546	4505	641	0	0	0	0	129	0	13	12506	548926	38849	34	0	0	555776	546883	32812	0
2908	-102	-2	15	27	4425	6849	426313	10	701	1293636	7	20351	2	1	0	6745	28	0	3	2163	0	10539	4425	641	0	0	0	0	129	0	13	12506	548926	38849	34	0	0	555726	546883	32812	0
2907	-102	-2	15	27	4265	6849	426061	10	701	1293384	7	20339	2	1	0	6741	28	0	3	2163	0	10539	4265	641	0	0	0	0	129	0	13	12506	548926	38849	34	0	0	555626	546883	32812	0
2906	-102	-2	15	27	4185	6849	425998	10	701	1293258	7	20336	2	1	0	6739	28	0	3	2163	0	10539	4185	641	0	0	0	0	129	0	13	12506	548926	38849	34	0	0	555576	546883	32812	0
2905	-102	-2	15	27	4105	6849	425872	10	701	1293132	7	20330	2	1	0	6737	28	0	3	2163	0	10539	4105	641	0	0	0	0	129	0	13	12506	548926	38849	34	0	0	555526	546883	32812	0
2904	-102	-2	15	27	4025	6847	425746	10	700	1293006	7	20324	2	1	0	6735	28	0	3	2160	0	10532	4025	641	0	0	0	0	129	0	13	12506	548926	38849	34	0	0	555476	546883	32812	0
2903	-102	-2	15	27	3945	6847	425620	10	700	1292880	7	20318	2	1	0	6733	28	0	3	2160	0	10532	3945	641	0	0	0	0	129	0	13	12506	548926	38849	34	0	0	555426	546883	32812	0
2902	-102	-2	15	27	3865	6847	425494	10	700	1292817	7	20312	2	1	0	6732	28	0	3	2160	0	10532	3865	641	0	0	0	0	129	0	13	12506	548926	38849	34	0	0	555376	546883	32812	0
2901	-102	-2	15	27	3785	6847	425368	10	700	1292691	7	20306	2	1	0	6730	28	0	3	2160	0	10532	3785	641	0	0	0	0	129	0	13	12506	548926	38849	34	0	0	555326	546883	32812	0
2900	-102	-2	15	27	3705	6847	425242	10	700	1292565	7	20300	2	1	0	6728	28	0	3	2160	0	10532	3705	641	0	0	0	0	129	0	13	12506	548926	38849	34	0	0	555276	546883	32812	0
2899	-102	-2	15	27	3625	6845	425116	10	699	1292439	7	20294	2	1	0	6726	28	0	3	2157	0	10525	3625	641	0	0	0	0	129	0	13	12506	548926	38849	34	0	0	555226	546883	32812	0
2898	-102	-2	15	27	3545	6845	424990	10	699	1292313	7	20288	2	1	0	6724	28	0	3	2157	0	10525	3545	641	0	0	0	0	129	0	13	12506	548926	38849	34	0	0	555176	546883	32812	0
2897	-102	-2	15	27	3385	6845	424801	10	699	1292124	7	20279	2	1	0	6721	28	0	3	2157	0	10525	3385	641	0	0	0	0	129	0	13	12506	548926	38849	34	0	0	555076	546883	32812	0
2896	-102	-2	15	27	3305	6845	424675	10	699	1291998	7	20273	2	1	0	6719	28	0	3	2157	0	10525	3305	641	0	0	0	0	129	0	13	12506	548926	38849	34	0	0	555026	546883	32812	0
2895	-103	-2	15	27	3225	6843	424549	10	698	1291872	7	20267	2	1	0	6717	28	0	3	2154	0	10518	3225	641	0	0	0	0	129	0	13	12506	548926	38849	34	0	0	554976	546883	32812	0
2894	-103	-2	15	27	3145	6843	424423	10	698	1291746	7	20261	2	1	0	6715	28	0	3	2154	0	10518	3145	641	0	0	0	0	129	0	13	12506	548926	38849	34	0	0	554926	546883	32812	0
2893	-103	-2	15	27	3065	6843	424297	10	698	1291620	7	20255	2	1	0	6713	28	0	3	2154	0	10518	3065	641	0	0	0	0	129	0	13	12506	548926	38849	34	0	0	554876	546883	32812	0
2892	-103	-2	15	27	2985	6843	424171	10	698	1291494	7	20249	2	1	0	6711	28	0	3	2154	0	10518	2985	641	0	0	0	0	129	0	13	12506	548926	38849	34	0	0	554826	546883	32812	0
2891	-103	-2	15	27	2905	6841	424108	10	697	1291368	7	20246	2	1	0	6709	28	0	3	2151	0	10511	2905	641	0	0	0	0	129	0	13	12506	548926	38849	34	0	0	554776	546883	32812	0
2890	-103	-2	15	27	2825	6841	423919	10	697	1291242	7	20237	2	1	0	6707	28	0	3	2151	0	10511	2825	641	0	0	0	0	129	0	13	12506	548926	38849	34	0	0	554726	546883	32812	0
2889	-103	-2	15	27	2745	6841	423856	10	697	1291116	7	20234	2	1	0	6705	28	0	3	2151	0	10511	2745	641	0	0	0	0	129	0	13	12506	548926	38849	34	0	0	554676	546883	32812	0
2888	-103	-2	15	27	2585	6841	423604	10	697	1290927	7	20222	2	1	0	6702	28	0	3	2151	0	10511	2585	641	0	0	0	0	129	0	13	12506	548926	38849	34	0	0	554576	546883	32812	0
2887	-103	-2	15	27	2505	6839	423478	10	696	1290801	7	20216	2	1	0	6700	28	0	3	2148	0	10504	2505	641	0	0	0	0	129	0	13	12506	548926	38849	34	0	0	554526	546883	32812	0
2886	-103	-2	15	27	2425	6839	423352	10	696	1290675	7	20210	2	1	0	6698	28	0	3	2148	0	10504	2425	641	0	0	0	0	129	0	13	12506	548926	38849	34	0	0	554476	546883	32812	0
2885	-103	-2	15	27	2345	6839	423226	10	696	1290549	7	20204	2	1	0	6696	28	0	3	2148	0	10504	2345	641	0	0	0	0	129	0	13	12506	548926	38849	34	0	0	554426	546883	32812	0
2884	-103	-2	15	27	2265	6839	423163	10	696	1290423	7	20201	2	1	0	6694	28	0	3	2148	0	10504	2265	641	0	0	0	0	129	0	13	12506	548926	38849	34	0	0	554376	546883	32812	0
2883	-103	-2	15	27	2185	6839	423037	10	696	1290297	7	20195	2	1	0	6692	28	0	3	2148	0	10504	2185	641	0	0	0	0	129	0	13	12506	548926	38849	34	0	0	554326	546883	32812	0
2882	-103	-2	15	27	2105	6837	422911	10	695	1290171	7	20189	2	1	0	6690	28	0	3	2145	0	10497	2105	641	0	0	0	0	129	0	13	12506	548926	38849	34	0	0	554276	546883	32812	0
2881	-103	-2	15	27	2025	6837	422785	10	695	1290045	7	20183	2	1	0	6688	28	0	3	2145	0	10497	2025	641	0	0	0	0	129	0	13	12506	548926	38849	34	0	0	554226	546883	32812	0
2880	-103	-2	15	27	1945	6837	422659	10	695	1289982	7	20177	2	1	0	6687	28	0	3	2145	0	10497	1945	641	0	0	0	0	129	0	13	12506	548926	38849	34	0	0	554176	546883	32812	0
2879	-103	-2	15	27	1865	6837	422533	10	695	1289856	7	20171	2	1	0	6685	28	0	3	2145	0	10497	1865	641	0	0	0	0	129	0	13	12506	548926	38849	34	0	0	554126	546883	32812	0
2878	-103	-2	15	27	1705	6835	422281	10	694	1289604	7	20159	2	1	0	6681	28	0	3	2142	0	10490	1705	641	0	0	0	0	129	0	13	12506	548926	38849	34	0	0	554026	546883	32812	0
2877	-103	-2	15	27	1625	6835	422155	10	694	1289478	7	20153	2	1	0	6679	28	0	3	2142	0	10490	1625	641	0	0	0	0	129	0	13	12506	548926	38849	34	0	0	553976	546883	32812	0
2876	-103	-2	15	27	1545	6835	422092	10	694	1289352	7	20150	2	1	0	6677	28	0	3	2142	0	10490	1545	641	0	0	0	0	129	0	13	12506	548926	38849	34	0	0	553926	546883	32812	0
2875	-103	-2	15	27	1465	6835	421966	10	694	1289289	7	20144	2	1	0	6676	28	0	3	2142	0	10490	1465	641	0	0	0	0	129	0	13	12506	548926	38849	34	0	0	553876	546883	32812	0
2874	-103	-2	15	27	1385	6835	421840	10	694	1289163	7	20138	2	1	0	6674	28	0	3	2142	0	10490	1385	641	0	0	0	0	129	0	13	12506	548926	38849	34	0	0	553826	546883	32812	0
2873	-103	-2	15	27	1305	6833	421714	10	693	1289037	7	20132	2	1	0	6672	28	0	3	2139	0	10483	1305	641	0	0	0	0	129	0	13	12506	548926	38849	34	0	0	553776	546883	32812	0
2872	-103	-2	15	27	1225	6833	421588	10	693	1288911	7	20126	2	1	0	6670	28	0	3	2139	0	10483	1225	641	0	0	0	0	129	0	13	12506	548926	38849	34	0	0	553726	546883	32812	0
2871	-103	-2	15	27	1145	6833	421462	10	693	1288785	7	20120	2	1	0	6668	28	0	3	2139	0	10483	1145	641	0	0	0	0	129	0	13	12506	548926	38849	34	0	0	553676	546883	32812	0
2870	-103	-2	15	27	1065	6833	421336	10	693	1288659	7	20114	2	1	0	6666	28	0	3	2139	0	10483	1065	641	0	0	0	0	129	0	13	12506	548926	38849	34	0	0	553626	546883	32812	0
2869	-103	-2	15	27	985	6831	421273	10	692	1288533	7	20111	2	1	0	6664	28	0	3	2136	0	10476	985	641	0	0	0	0	129	0	13	12506	548926	38849	34	0	0	553576	546883	32812	0
2868	-103	-2	15	27	825	6831	421021	10	692	1288281	7	20099	2	1	0	6660	28	0	3	2136	0	10476	825	641	0	0	0	0	129	0	13	12506	548926	38849	34	0	0	553476	546883	32812	0
2867	-103	-2	15	27	745	6831	420895	10	692	1288218	7	20093	2	1	0	6659	28	0	3	2136	0	10476	745	641	0	0	0	0	129	0	13	12506	548926	38849	34	0	0	553426	546883	32812	0
2866	-103	-2	15	27	665	6831	420769	10	692	1288092	7	20087	2	1	0	6657	28	0	3	2136	0	10476	665	641	0	0	0	0	129	0	13	12506	548926	38849	34	0	0	553376	546883	32812	0
2865	-103	-2	15	27	585	6829	420643	10	691	1287966	7	20081	2	1	0	6655	28	0	3	2133	0	10469	585	641	0	0	0	0	129	0	13	12506	548926	38849	34	0	0	553326	546883	32812	0
2864	-103	-2	15	27	505	6829	420517	10	691	1287840	7	20075	2	1	0	6653	28	0	3	2133	0	10469	505	641	0	0	0	0	129	0	13	12506	548926	38849	34	0	0	553276	546883	32812	0
2863	-103	-2	15	27	425	6829	420391	10	691	1287714	7	20069	2	1	0	6651	28	0	3	2133	0	10469	425	641	0	0	0	0	129	0	13	12506	548926	38849	34	0	0	553226	546883	32812	0
2862	-103	-2	15	27	345	6829	420328	10	691	1287588	7	20066	2	1	0	6649	28	0	3	2133	0	10469	345	641	0	0	0	0	129	0	13	12506	548926	38849	34	0	0	553176	546883	32812	0
2861	-103	-2	15	27	265	6829	420202	10	691	1287462	7	20060	2	1	0	6647	28	0	3	2133	0	10469	265	641	0	0	0	0	129	0	13	12506	548926	38849	34	0	0	553126	546883	32812	0
2860	-103	-2	15	27	185	6827	420076	10	690	1287336	7	20054	2	1	0	6645	28	0	3	2130	0	10462	185	641	0	0	0	0	129	0	13	12506	548926	38849	34	0	0	553076	546883	32812	0
2859	-103	-2	15	27	105	6827	419950	10	690	1287210	7	20048	2	1	0	6643	28	0	3	2130	0	10462	105	641	0	0	0	0	129	0	13	12506	548926	38849	34	0	0	553026	546883	32812	0
2858	-103	-2	15	27	16329	6827	419698	10	690	1287021	7	20036	2	1	0	6640	28	0	3	2130	0	10462	16329	641	0	0	0	0	129	0	13	12506	548926	38849	34	0	0	552926	546883	32812	0
2857	-103	-2	15	27	16249	6827	419572	10	690	1286895	7	20030	2	1	0	6638	28	0	3	2130	0	10462	16249	641	0	0	0	0	129	0	13	12506	548926	38849	34	0	0	552876	546883	32812	0
2856	-103	-2	15	27	16169	6825	419446	10	689	1286769	7	20024	2	1	0	6636	28	0	3	2127	0	10455	16169	641	0	0	0	0	129	0	13	12506	548926	38849	34	0	0	552826	546883	32812	0
2855	-103	-2	15	27	16089	6825	419320	10	689	1286643	7	20018	2	1	0	6634	28	0	3	2127	0	10455	16089	641	0	0	0	0	129	0	13	12506	548926	38849	34	0	0	552776	546883	32812	0
2854	-103	-2	15	27	16009	6825	419257	10	689	1286517	7	20015	2	1	0	6632	28	0	3	2127	0	10455	16009	641	0	0	0	0	129	0	13	12506	548926	38849	34	0	0	552726	546883	32812	0
2853	-103	-2	15	27	15929	6825	419131	10	689	1286454	7	20009	2	1	0	6631	28	0	3	2127	0	10455	15929	641	0	0	0	0	129	0	13	12506	548926	38849	34	0	0	552676	546883	32812	0
2852	-103	-2	15	27	15849	6825	419005	10	689	1286328	7	20003	2	1	0	6629	28	0	3	2127	0	10455	15849	641	0	0	0	0	129	0	13	12506	548926	38849	34	0	0	552626	546883	32812	0
2851	-102	-2	15	27	15769	6823	418879	10	688	1286202	7	19997	2	1	0	6627	28	0	3	2124	0	10448	15769	641	0	0	0	0	129	0	13	12506	548926	38849	34	0	0	552576	546883	32812	0
2850	-102	-2	15	27	15689	6823	418753	10	688	1286076	7	19991	2	1	0	6625	28	0	3	2124	0	10448	15689	641	0	0	0	0	129	0	13	12506	548926	38849	34	0	0	552526	546883	32812	0
2849	-102	-2	15	27	15609	6823	418627	10	688	1285950	7	19985	2	1	0	6623	28	0	3	2124	0	10448	15609	641	0	0	0	0	129	0	13	12506	548926	38849	34	0	0	552476	546883	32812	0
2848	-102	-2	15	27	15449	6821	418438	10	687	1285698	7	19976	2	1	0	6619	28	0	3	2121	0	10441	15449	641	0	0	0	0	129	0	13	12506	548926	38849	34	0	0	552376	546883	32812	0
2847	-102	-2	15	27	15369	6821	418249	10	687	1285572	7	19967	2	1	0	6617	28	0	3	2121	0	10441	15369	641	0	0	0	0	129	0	13	12506	548926	38849	34	0	0	552326	546883	32812	0
2846	-102	-2	15	27	15289	6821	418186	10	687	1285446	7	19964	2	1	0	6615	28	0	3	2121	0	10441	15289	641	0	0	0	0	129	0	13	12506	548926	38849	34	0	0	552276	546883	32812	0
2845	-102	-2	15	27	15209	6821	418060	10	687	1285383	7	19958	2	1	0	6614	28	0	3	2121	0	10441	15209	641	0	0	0	0	129	0	13	12506	548926	38849	34	0	0	552226	546883	32812	0
2844	-102	-2	15	27	15129	6821	417934	10	687	1285257	7	19952	2	1	0	6612	28	0	3	2121	0	10441	15129	641	0	0	0	0	129	0	13	12506	548926	38849	34	0	0	552176	546883	32812	0
2843	-102	-2	15	27	15049	6819	417808	10	686	1285131	7	19946	2	1	0	6610	28	0	3	2118	0	10434	15049	641	0	0	0	0	129	0	13	12506	548926	38849	34	0	0	552126	546883	32812	0
2842	-102	-2	15	27	14969	6819	417682	10	686	1285005	7	19940	2	1	0	6608	28	0	3	2118	0	10434	14969	641	0	0	0	0	129	0	13	12506	548926	38849	34	0	0	552076	546883	32812	0
2841	-102	-2	15	27	14889	6819	417556	10	686	1284879	7	19934	2	1	0	6606	28	0	3	2118	0	10434	14889	641	0	0	0	0	129	0	13	12506	548926	38849	34	0	0	552026	546883	32812	0
2840	-102	-2	15	27	14809	6819	417493	10	686	1284753	7	19931	2	1	0	6604	28	0	3	2118	0	10434	14809	641	0	0	0	0	129	0	13	12506	548926	38849	34	0	0	551976	546883	32812	0
2839	-102	-2	15	27	14729	6819	417367	10	686	1284627	7	19925	2	1	0	6602	28	0	3	2118	0	10434	14729	641	0	0	0	0	129	0	13	12506	548926	38849	34	0	0	551926	546883	32812	0
2838	-102	-2	15	27	14569	6817	417115	10	685	1284375	7	19913	2	1	0	6598	28	0	3	2115	0	10427	14569	641	0	0	0	0	129	0	13	12506	548926	38849	34	0	0	551826	546883	32812	0
2837	-102	-2	15	27	14489	6817	416989	10	685	1284312	7	19907	2	1	0	6597	28	0	3	2115	0	10427	14489	641	0	0	0	0	129	0	13	12506	548926	38849	34	0	0	551776	546883	32812	0
2836	-102	-2	15	27	14409	6817	416863	10	685	1284186	7	19901	2	1	0	6595	28	0	3	2115	0	10427	14409	641	0	0	0	0	129	0	13	12506	548926	38849	34	0	0	551726	546883	32812	0
2835	-102	-2	15	27	14329	6817	416737	10	685	1284060	7	19895	2	1	0	6593	28	0	3	2115	0	10427	14329	641	0	0	0	0	129	0	13	12506	548926	38849	34	0	0	551676	546883	32812	0
2834	-102	-2	15	27	14249	6815	416611	10	684	1283934	7	19889	2	1	0	6591	28	0	3	2112	0	10420	14249	641	0	0	0	0	129	0	13	12506	548926	38849	34	0	0	551626	546883	32812	0
2833	-102	-2	15	27	14169	6815	416485	10	684	1283808	7	19883	2	1	0	6589	28	0	3	2112	0	10420	14169	641	0	0	0	0	129	0	13	12506	548926	38849	34	0	0	551576	546883	32812	0
2832	-102	-2	15	27	14089	6815	416422	10	684	1283682	7	19880	2	1	0	6587	28	0	3	2112	0	10420	14089	641	0	0	0	0	129	0	13	12506	548926	38849	34	0	0	551526	546883	32812	0
2831	-102	-2	15	27	14009	6815	416296	10	684	1283619	7	19874	2	1	0	6586	28	0	3	2112	0	10420	14009	641	0	0	0	0	129	0	13	12506	548926	38849	34	0	0	551476	546883	32812	0
2830	-102	-2	15	27	13929	6815	416170	10	684	1283493	7	19868	2	1	0	6584	28	0	3	2112	0	10420	13929	641	0	0	0	0	129	0	13	12506	548926	38849	34	0	0	551426	546883	32812	0
2829	-102	-2	15	27	13849	6813	416044	10	683	1283367	7	19862	2	1	0	6582	28	0	3	2109	0	10413	13849	641	0	0	0	0	129	0	13	12506	548926	38849	34	0	0	551376	546883	32812	0
2828	-102	-2	15	27	13689	6813	415792	10	683	1283115	7	19850	2	1	0	6578	28	0	3	2109	0	10413	13689	641	0	0	0	0	129	0	13	12506	548926	38849	34	0	0	551276	546883	32812	0
2827	-102	-2	15	27	13609	6813	415666	10	683	1282989	7	19844	2	1	0	6576	28	0	3	2109	0	10413	13609	641	0	0	0	0	129	0	13	12506	548926	38849	34	0	0	551226	546883	32812	0
2826	-102	-2	15	27	13529	6811	415603	10	682	1282863	7	19841	2	1	0	6574	28	0	3	2106	0	10406	13529	641	0	0	0	0	129	0	13	12506	548926	38849	34	0	0	551176	546883	32812	0
2825	-102	-2	15	27	13449	6811	415414	10	682	1282737	7	19832	2	1	0	6572	28	0	3	2106	0	10406	13449	641	0	0	0	0	129	0	13	12506	548926	38849	34	0	0	551126	546883	32812	0
2824	-102	-2	15	27	13369	6811	415351	10	682	1282611	7	19829	2	1	0	6570	28	0	3	2106	0	10406	13369	641	0	0	0	0	129	0	13	12506	548926	38849	34	0	0	551076	546883	32812	0
2823	-102	-2	15	27	13289	6811	415225	10	682	1282548	7	19823	2	1	0	6569	28	0	3	2106	0	10406	13289	641	0	0	0	0	129	0	13	12506	548926	38849	34	0	0	551026	546883	32812	0
2822	-102	-2	15	27	13209	6811	415099	10	682	1282422	7	19817	2	1	0	6567	28	0	3	2106	0	10406	13209	641	0	0	0	0	129	0	13	12506	548926	38849	34	0	0	550976	546883	32812	0
2821	-102	-2	15	27	13129	6809	414973	10	681	1282296	7	19811	2	1	0	6565	28	0	3	2103	0	10399	13129	641	0	0	0	0	129	0	13	12506	548926	38849	34	0	0	550926	546883	32812	0
2820	-102	-2	15	27	13049	6809	414847	10	681	1282170	7	19805	2	1	0	6563	28	0	3	2103	0	10399	13049	641	0	0	0	0	129	0	13	12506	548926	38849	34	0	0	550876	546883	32812	0
2819	-102	-2	15	27	12969	6809	414721	10	681	1282044	7	19799	2	1	0	6561	28	0	3	2103	0	10399	12969	641	0	0	0	0	129	0	13	12506	548926	38849	34	0	0	550826	546883	32812	0
2818	-102	-2	15	28	12809	6809	414532	10	681	1281792	7	19790	2	1	0	6557	28	0	3	2103	0	10399	12809	641	0	0	0	0	129	0	13	12506	548926	38849	34	0	0	550726	546883	32812	0
2817	-103	-2	15	28	12729	6807	414406	10	680	1281666	7	19784	2	1	0	6555	28	0	3	2100	0	10392	12729	641	0	0	0	0	129	0	13	12506	548926	38849	34	0	0	550676	546883	32812	0
2816	-103	-2	15	28	12649	6807	414280	10	680	1281540	7	19778	2	1	0	6553	28	0	3	2100	0	10392	12649	641	0	0	0	0	129	0	13	12506	548926	38849	34	0	0	550626	546883	32812	0
2815	-103	-2	15	28	12569	6807	414154	10	680	1281477	7	19772	2	1	0	6552	28	0	3	2100	0	10392	12569	641	0	0	0	0	129	0	13	12506	548926	38849	34	0	0	550576	546883	32812	0
2814	-103	-2	15	28	12489	6807	414028	10	680	1281351	7	19766	2	1	0	6550	28	0	3	2100	0	10392	12489	641	0	0	0	0	129	0	13	12506	548926	38849	34	0	0	550526	546883	32812	0
2813	-103	-2	15	27	12409	6807	413902	10	680	1281225	7	19760	2	1	0	6548	28	0	3	2100	0	10392	12409	641	0	0	0	0	129	0	13	12506	548926	38849	34	0	0	550476	546883	32812	0
2812	-104	-2	15	27	12329	6805	413776	10	679	1281099	7	19754	2	1	0	6546	28	0	3	2097	0	10385	12329	641	0	0	0	0	129	0	13	12506	548926	38849	34	0	0	550426	546883	32812	0
2811	-104	-2	15	27	12249	6805	413650	10	679	1280973	7	19748	2	1	0	6544	28	0	3	2097	0	10385	12249	641	0	0	0	0	129	0	13	12506	548926	38849	34	0	0	550376	546883	32812	0
2810	-104	-2	13	26	12169	6805	413587	10	679	1280847	7	19745	2	1	0	6542	25	0	3	2097	0	10385	12169	641	0	0	0	0	129	0	13	12506	548926	38849	34	0	0	550326	546883	32812	0
2809	-104	-2	13	26	12089	6805	413461	10	679	1280784	7	19739	2	1	0	6541	25	0	3	2097	0	10385	12089	641	0	0	0	0	129	0	13	12506	548926	38849	34	0	0	550276	546883	32812	0
2808	-103	-2	13	27	11929	6803	413209	10	678	1280532	7	19727	2	1	0	6537	25	0	3	2094	0	10378	11929	641	0	0	0	0	129	0	13	12506	548926	38849	34	0	0	550176	546883	32812	0
2807	-103	-2	13	27	11849	6803	413083	10	678	1280406	7	19721	2	1	0	6535	25	0	3	2094	0	10378	11849	641	0	0	0	0	129	0	13	12506	548926	38849	34	0	0	550126	546883	32812	0
2806	-103	-2	14	27	11769	6803	412957	10	678	1280280	7	19715	2	1	0	6533	27	0	3	2094	0	10378	11769	641	0	0	0	0	129	0	13	12506	548926	38849	34	0	0	550076	546883	32812	0
2805	-103	-2	14	27	11689	6803	412831	10	678	1280154	7	19709	2	1	0	6531	27	0	3	2094	0	10378	11689	641	0	0	0	0	129	0	13	12506	548926	38849	34	0	0	550026	546883	32812	0
2804	-103	-2	14	27	11609	6801	412768	10	677	1280028	7	19706	2	1	0	6529	27	0	3	2091	0	10371	11609	641	0	0	0	0	129	0	13	12506	548926	38849	34	0	0	549976	546883	32812	0
2803	-103	-2	14	27	11529	6801	412579	10	677	1279902	7	19697	2	1	0	6527	27	0	3	2091	0	10371	11529	641	0	0	0	0	129	0	13	12506	548926	38849	34	0	0	549926	546883	32812	0
2802	-103	-2	14	27	11449	6801	412516	10	677	1279776	7	19694	2	1	0	6525	27	0	3	2091	0	10371	11449	641	0	0	0	0	129	0	13	12506	548926	38849	34	0	0	549876	546883	32812	0
2801	-103	-2	14	27	11369	6801	412390	10	677	1279713	7	19688	2	1	0	6524	27	0	3	2091	0	10371	11369	641	0	0	0	0	129	0	13	12506	548926	38849	34	0	0	549826	546883	32812	0
2800	-103	-2	14	27	11289	6801	412264	10	677	1279587	7	19682	2	1	0	6522	27	0	3	2091	0	10371	11289	641	0	0	0	0	129	0	13	12506	548926	38849	34	0	0	549776	546883	32812	0
2799	-103	-2	15	28	11129	6799	412012	10	676	1279335	7	19670	2	1	0	6518	28	0	3	2088	0	10364	11129	641	0	0	0	0	129	0	13	12506	548926	38849	34	0	0	549676	546883	32812	0
2798	-103	-2	15	28	11049	6799	411886	10	676	1279209	7	19664	2	1	0	6516	28	0	3	2088	0	10364	11049	641	0	0	0	0	129	0	13	12506	548926	38849	34	0	0	549626	546883	32812	0
2797	-103	-2	15	28	10969	6799	411823	10	676	1279083	7	19661	2	1	0	6514	28	0	3	2088	0	10364	10969	641	0	0	0	0	129	0	13	12506	548926	38849	34	0	0	549576	546883	32812	0
2796	-103	-2	15	26	10889	6799	411697	10	676	1278957	7	19655	2	1	0	6512	28	0	3	2088	0	10364	10889	641	0	0	0	0	129	0	13	12506	548926	38849	34	0	0	549526	546883	32812	0
2795	-103	-2	14	26	10809	6797	411571	10	675	1278831	7	19649	2	1	0	6510	27	0	3	2085	0	10357	10809	641	0	0	0	0	129	0	13	12506	548926	38849	34	0	0	549476	546883	32812	0
2794	-103	-2	14	26	10729	6797	411445	10	675	1278705	7	19643	2	1	0	6508	27	0	3	2085	0	10357	10729	641	0	0	0	0	129	0	13	12506	548926	38849	34	0	0	549426	546883	32812	0
2793	-103	-2	14	25	10649	6797	411319	10	675	1278642	7	19637	2	1	0	6507	27	0	3	2085	0	10357	10649	641	0	0	0	0	129	0	13	12506	548926	38849	34	0	0	549376	546883	32812	0
2792	-103	-2	14	25	10569	6797	411193	10	675	1278516	7	19631	2	1	0	6505	27	0	3	2085	0	10357	10569	641	0	0	0	0	129	0	13	12506	548926	38849	34	0	0	549326	546883	32812	0
2791	-103	-2	14	26	10489	6797	411067	10	675	1278390	7	19625	2	1	0	6503	27	0	3	2085	0	10357	10489	641	0	0	0	0	129	0	13	12506	548926	38849	34	0	0	549276	546883	32812	0
2790	-103	-2	15	26	10409	6795	410941	10	674	1278264	7	19619	2	1	0	6501	28	0	3	2082	0	10350	10409	641	0	0	0	0	129	0	13	12506	548926	38849	34	0	0	549226	546883	32812	0
2789	-103	-2	15	26	10249	6795	410752	10	674	1278075	7	19610	2	1	0	6498	28	0	3	2082	0	10350	10249	641	0	0	0	0	129	0	13	12506	548926	38849	34	0	0	549126	546883	32812	0
2788	-103	-2	15	25	10169	6795	410626	10	674	1277949	7	19604	2	1	0	6496	28	0	3	2082	0	10350	10169	641	1	230	0	60	129	0	13	12506	548926	38849	34	0	0	549076	546883	32812	0
2787	-103	-2	15	24	10089	6795	410500	10	674	1277823	7	19598	2	1	0	6494	28	0	3	2082	0	10350	10089	641	1	230	0	60	129	0	13	12506	548926	38849	34	0	0	549026	546883	32812	0
2786	-103	-2	15	23	10009	6793	410437	10	673	1277697	7	19595	2	1	0	6492	28	0	3	2079	0	10343	10009	641	0	0	0	0	129	0	13	12506	548926	38849	34	0	0	548976	546883	32812	0
2785	-103	-2	15	24	9929	6793	410311	3	673	1277612	7	19589	2	1	0	6490	28	0	3	2079	0	10343	9929	640	0	0	0	0	128	0	13	12506	548696	38789	34	0	0	548926	546883	32812	0
2784	-103	-2	14	24	9849	6793	410163	10	673	1277486	7	19580	2	1	0	6488	27	0	3	2079	0	10343	9849	640	0	0	0	0	128	0	13	12506	548696	38789	34	0	0	548876	546883	32812	0
2783	-103	-2	13	24	9769	6793	410037	10	673	1277360	7	19574	2	1	0	6486	25	0	3	2079	0	10343	9769	640	0	0	0	0	128	0	13	12506	548696	38789	34	0	0	548826	546883	32812	0
2782	-103	-2	14	24	9689	6791	409974	10	672	1277234	7	19571	2	1	0	6484	27	0	3	2076	0	10336	9689	640	1	770	0	60	128	0	13	12506	548696	38789	34	0	0	548776	546883	32812	0
2781	-103	-2	14	25	9609	6791	409848	10	672	1277171	7	19565	2	1	0	6483	27	0	3	2076	0	10336	9609	640	1	770	0	60	128	0	13	12506	548696	38789	34	0	0	548726	546883	32812	0
2780	-103	-2	15	25	9529	6791	409700	10	672	1276960	7	19556	2	1	0	6479	28	0	3	2076	0	10336	9529	639	0	0	0	0	127	0	13	12506	547926	38729	34	0	0	548676	546883	32812	0
2779	-103	-2	14	25	9369	6791	409448	10	672	1276771	7	19544	2	1	0	6476	27	0	3	2076	0	10336	9369	639	0	0	0	0	127	0	13	12506	547926	38729	34	0	0	548576	546883	32812	0
2778	-103	-2	15	26	9289	6789	409322	10	671	1276645	7	19538	2	1	0	6474	28	0	3	2073	0	10329	9289	639	0	0	0	0	127	0	13	12506	547926	38729	34	0	0	548526	546883	32812	0
2777	-103	-2	15	25	9209	6789	409196	10	671	1276519	7	19532	2	1	0	6472	28	0	3	2073	0	10329	9209	639	0	0	0	0	127	0	13	12506	547926	38729	34	0	0	548476	546883	32812	0
2776	-103	-2	15	26	9129	6789	409070	10	671	1276393	7	19526	2	1	0	6470	28	0	3	2073	0	10329	9129	639	0	0	0	0	127	0	13	12506	547926	38729	34	0	0	548426	546883	32812	0
2775	-103	-2	15	26	9049	6789	409007	10	671	1276267	7	19523	2	1	0	6468	28	0	3	2073	0	10329	9049	639	0	0	0	0	127	0	13	12506	547926	38729	34	0	0	548376	546883	32812	0
2774	-103	-2	14	25	8969	6789	408881	10	671	1276141	7	19517	2	1	0	6466	27	0	3	2073	0	10329	8969	639	0	0	0	0	127	0	13	12506	547926	38729	34	0	0	548326	546883	32812	0
2773	-103	-2	14	26	8889	6787	408755	10	670	1276015	7	19511	2	1	0	6464	27	0	3	2070	0	10322	8889	639	0	0	0	0	127	0	13	12506	547926	38729	34	0	0	548276	546883	32812	0
2772	-103	-2	15	26	8809	6787	408629	10	670	1275889	7	19505	2	1	0	6462	28	0	3	2070	0	10322	8809	639	0	0	0	0	127	0	13	12506	547926	38729	34	0	0	548226	546883	32812	0
2771	-103	-2	15	26	8729	6787	408503	10	670	1275826	7	19499	2	1	0	6461	28	0	3	2070	0	10322	8729	639	0	0	0	0	127	0	13	12506	547926	38729	34	0	0	548176	546883	32812	0
2770	-103	-2	15	26	8649	6787	408377	10	670	1275700	7	19493	2	1	0	6459	28	0	3	2070	0	10322	8649	639	0	0	0	0	127	0	13	12506	547926	38729	34	0	0	548126	546883	32812	0
2769	-103	-2	15	25	8489	6785	408125	10	669	1275448	7	19481	2	1	0	6455	28	0	3	2067	0	10315	8489	639	1	1000	0	60	127	0	13	12506	547926	38729	34	0	0	548026	546883	32812	0
2768	-103	-2	15	25	8409	6785	408062	10	669	1275322	7	19478	2	1	0	6453	28	0	3	2067	0	10315	8409	639	0	0	0	0	127	0	13	12506	547926	38729	34	0	0	547976	546883	32812	0
2767	-103	-2	15	26	8329	6785	407936	3	669	1275237	7	19472	2	1	0	6451	28	0	3	2067	0	10315	8329	638	0	0	0	0	126	0	13	12506	546926	38669	34	0	0	547926	546883	32812	0
2766	-103	-2	15	26	8249	6785	407788	10	669	1275111	7	19463	2	1	0	6449	28	0	3	2067	0	10315	8249	638	0	0	0	0	126	0	13	12506	546926	38669	34	0	0	547876	546883	32812	0
2765	-103	-2	15	26	8169	6785	407662	10	669	1274985	7	19457	2	1	0	6447	28	0	3	2067	0	10315	8169	638	0	0	0	0	126	0	13	12506	546926	38669	34	0	0	547826	546883	32812	0
2764	-103	-2	15	26	8089	6783	407536	10	668	1274859	7	19451	2	1	0	6445	28	0	3	2064	0	10308	8089	638	0	0	0	0	126	0	13	12506	546926	38669	34	0	0	547776	546883	32812	0
2763	-103	-2	15	26	8009	6783	407410	10	668	1274733	7	19445	2	1	0	6443	28	0	3	2064	0	10308	8009	638	0	0	0	0	126	0	13	12506	546926	38669	34	0	0	547726	546883	32812	0
2762	-103	-2	15	26	7929	6783	407284	10	668	1274607	7	19439	2	1	0	6441	28	0	3	2064	0	10308	7929	638	0	0	0	0	126	0	13	12506	546926	38669	34	0	0	547676	546883	32812	0
2761	-103	-2	15	25	7849	6783	407158	10	668	1274481	7	19433	2	1	0	6439	28	0	3	2064	0	10308	7849	638	0	0	0	0	126	0	13	12506	546926	38669	34	0	0	547626	546883	32812	0
2760	-102	-2	15	25	7769	6781	407095	10	667	1274355	7	19430	2	1	0	6437	28	0	3	2061	0	10301	7769	638	0	0	0	0	126	0	13	12506	546926	38669	34	0	0	547576	546883	32812	0
2759	-102	-2	15	25	7609	6781	406843	10	667	1274103	7	19418	2	1	0	6433	28	0	3	2061	0	10301	7609	638	0	0	0	0	126	0	13	12506	546926	38669	34	0	0	547476	546883	32812	0
2758	-102	-2	15	25	7529	6781	406717	10	667	1274040	7	19412	2	1	0	6432	28	0	3	2061	0	10301	7529	638	0	0	0	0	126	0	13	12506	546926	38669	34	0	0	547426	546883	32812	0
2757	-102	-2	15	27	7449	6781	406591	10	667	1273914	7	19406	2	1	0	6430	28	0	3	2061	0	10301	7449	638	0	0	0	0	126	0	13	12506	546926	38669	34	0	0	547376	546883	32812	0
2756	-102	-2	15	27	7369	6779	406465	10	666	1273788	7	19400	2	1	0	6428	28	0	3	2058	0	10294	7369	638	0	0	0	0	126	0	13	12506	546926	38669	34	0	0	547326	546883	32812	0
2755	-102	-2	15	27	7289	6779	406339	10	666	1273662	7	19394	2	1	0	6426	28	0	3	2058	0	10294	7289	638	0	0	0	0	126	0	13	12506	546926	38669	34	0	0	547276	546883	32812	0
2754	-102	-2	15	27	7209	6779	406213	10	666	1273536	7	19388	2	1	0	6424	28	0	3	2058	0	10294	7209	638	0	0	0	0	126	0	13	12506	546926	38669	34	0	0	547226	546883	32812	0
2753	-102	-2	15	27	7129	6779	406150	10	666	1273410	7	19385	2	1	0	6422	28	0	3	2058	0	10294	7129	638	0	0	0	0	126	0	13	12506	546926	38669	34	0	0	547176	546883	32812	0
2752	-102	-2	15	28	7049	6779	406024	10	666	1273284	7	19379	2	1	0	6420	28	0	3	2058	0	10294	7049	638	0	0	0	0	126	0	13	12506	546926	38669	34	0	0	547126	546883	32812	0
2751	-102	-2	15	28	6969	6777	405835	10	665	1273158	437	19370	415	3	0	6418	28	25	6	2055	0	10287	6969	638	3	16	0	180	126	0	13	12506	546926	38669	34	0	0	547076	546883	32812	0
2750	-102	-2	15	28	6889	6777	405709	10	665	1273032	437	19364	415	3	0	6416	28	25	6	2055	0	10287	6889	638	3	16	0	180	126	0	13	12506	546926	38669	34	0	0	547026	546883	32812	0
2749	-102	-2	15	27	6729	6777	405520	19	665	1272650	437	19355	415	3	0	6412	28	25	6	2055	0	10287	6729	635	6	58	0	365	123	411	13	12506	546876	38489	34	1	2997	546926	546883	32812	0
2748	-102	-2	15	23	6649	6362	405201	20	664	1272307	7	19345	2	1	0	6409	28	0	3	2049	0	9850	6649	631	0	0	0	0	119	0	12	12095	546856	38249	33	0	0	546876	543886	32812	0
2747	-103	-2	15	27	6569	6360	404682	10	663	1272005	7	19328	2	1	0	6405	28	0	3	2046	0	9843	6569	629	0	0	0	0	117	0	12	12095	546526	38124	33	0	0	546826	543886	32812	0
2746	-103	-2	15	27	6489	6360	404619	10	663	1271879	7	19325	2	1	0	6403	28	0	3	2046	0	9843	6489	629	0	0	0	0	117	0	12	12095	546526	38124	33	0	0	546776	543886	32812	0
2745	-103	-2	15	27	6409	6360	404493	10	663	1271816	7	19319	2	1	0	6402	28	0	3	2046	0	9843	6409	629	0	0	0	0	117	0	12	12095	546526	38124	33	0	0	546726	543886	32812	0
2744	-103	-2	15	27	6329	6360	404367	10	663	1271690	7	19313	2	1	0	6400	28	0	3	2046	0	9843	6329	629	3	233	0	180	117	0	12	12095	546526	38124	33	0	0	546676	543886	32812	0
2743	-103	-2	15	27	6249	6360	404241	10	663	1271564	7	19307	2	1	0	6398	28	0	3	2046	0	9843	6249	629	3	233	0	180	117	0	12	12095	546526	38124	33	0	0	546626	543886	32812	0
2742	-102	-2	15	28	6169	6358	404178	10	662	1271438	7	19304	2	1	0	6396	28	0	3	2043	0	9836	6169	629	0	0	0	0	117	0	12	12095	546526	38124	33	0	0	546576	543886	32812	0
2741	-102	-2	15	28	6089	6358	404052	19	662	1271182	7	19298	2	1	0	6394	28	0	3	2043	0	9836	6089	626	0	0	0	0	114	0	12	12095	545826	37944	33	0	0	546526	543886	32812	0
2740	-102	-2	15	28	6009	6358	403733	10	662	1271056	7	19288	2	1	0	6392	28	0	3	2043	0	9836	6009	626	0	0	0	0	114	0	12	12095	545826	37944	33	0	0	546476	543886	32812	0
2739	-102	-2	15	28	5849	6356	403544	10	661	1270804	7	19279	2	1	0	6388	28	0	3	2040	0	9829	5849	626	0	0	0	0	114	0	12	12095	545826	37944	33	0	0	546376	543886	32812	0
2738	-102	-2	15	28	5769	6356	403355	10	661	1270678	7	19270	2	1	0	6386	28	0	3	2040	0	9829	5769	626	0	0	0	0	114	0	12	12095	545826	37944	33	0	0	546326	543886	32812	0
2737	-102	-2	15	28	5689	6356	403292	10	661	1270552	7	19267	2	1	0	6384	28	0	3	2040	0	9829	5689	626	0	0	0	0	114	0	12	12095	545826	37944	33	0	0	546276	543886	32812	0
2736	-102	-2	15	28	5609	6356	403166	10	661	1270489	7	19261	2	1	0	6383	28	0	3	2040	0	9829	5609	626	0	0	0	0	114	0	12	12095	545826	37944	33	0	0	546226	543886	32812	0
2735	-102	-2	15	28	5529	6356	403040	10	661	1270363	7	19255	2	1	0	6381	28	0	3	2040	0	9829	5529	626	0	0	0	0	114	0	12	12095	545826	37944	33	0	0	546176	543886	32812	0
2734	-103	-2	15	28	5449	6354	402914	10	660	1270237	7	19249	2	1	0	6379	28	0	3	2037	0	9822	5449	626	0	0	0	0	114	0	12	12095	545826	37944	33	0	0	546126	543886	32812	0
2733	-103	-2	15	28	5369	6354	402788	10	660	1270111	7	19243	2	1	0	6377	28	0	3	2037	0	9822	5369	626	0	0	0	0	114	0	12	12095	545826	37944	33	0	0	546076	543886	32812	0
2732	-103	-2	15	28	5289	6354	402662	10	660	1269985	7	19237	2	1	0	6375	28	0	3	2037	0	9822	5289	626	0	0	0	0	114	0	12	12095	545826	37944	33	0	0	546026	543886	32812	0
2731	-103	-2	15	28	5209	6354	402599	10	660	1269859	7	19234	2	1	0	6373	28	0	3	2037	0	9822	5209	626	1	200	0	60	114	0	12	12095	545826	37944	33	0	0	545976	543886	32812	0
2730	-103	-2	15	27	5129	6354	402473	10	660	1269733	7	19228	2	1	0	6371	28	0	3	2037	0	9822	5129	626	1	200	0	60	114	0	12	12095	545826	37944	33	0	0	545926	543886	32812	0
2729	-107	-3	15	29	4969	6352	402221	3	659	1269522	7	19216	2	1	0	6367	28	0	3	2034	0	9815	4969	625	0	0	0	0	113	0	12	12095	545626	37884	33	0	0	545826	543886	32812	0
2728	-107	-3	15	28	4889	6352	402073	10	659	1269396	7	19207	2	1	0	6365	28	0	3	2034	0	9815	4889	625	1	50	0	60	113	0	12	12095	545626	37884	33	0	0	545776	543886	32812	0
2727	-107	-3	15	28	4809	6352	401947	10	659	1269270	7	19201	2	1	0	6363	28	0	3	2034	0	9815	4809	625	1	50	0	60	113	0	12	12095	545626	37884	33	0	0	545726	543886	32812	0
2726	-107	-3	15	27	4729	6352	401821	10	659	1269144	7	19195	2	1	0	6361	28	0	3	2034	0	9815	4729	625	4	55	0	240	113	0	12	12095	545626	37884	33	0	0	545676	543886	32812	0
2725	-110	-3	15	26	4649	6350	401695	3	658	1268996	7	19189	2	1	0	6358	28	0	3	2031	0	9808	4649	624	4	55	0	240	112	0	12	12095	545576	37824	33	0	0	545626	543886	32812	0
2724	-110	-3	13	25	4569	6350	401547	12	658	1268773	7	19180	2	1	0	6355	25	0	3	2031	0	9808	4569	622	0	0	0	0	110	0	12	12095	545546	37704	33	0	0	545576	543886	32812	0
2723	-110	-3	11	22	4489	6350	401302	3	658	1268603	7	19167	2	1	0	6351	20	0	3	2031	0	9808	4489	620	0	0	0	0	108	0	12	12095	545356	37584	33	0	0	545526	543886	32812	0
2722	-114	-5	10	22	4409	6348	401091	10	657	1268414	7	19155	2	1	0	6348	18	0	3	2028	0	9801	4409	620	3	76	0	180	108	0	12	12095	545356	37584	33	0	0	545476	543886	32812	0
2721	-114	-5	12	24	4329	6348	400965	10	657	1268288	7	19149	2	1	0	6346	23	0	3	2028	0	9801	4329	620	3	76	0	180	108	0	12	12095	545356	37584	33	0	0	545426	543886	32812	0
2720	-114	-5	12	25	4249	6348	400776	3	657	1268162	7	19140	2	1	0	6344	23	0	3	2028	0	9801	4249	620	0	0	0	0	108	0	12	12095	545356	37584	33	0	0	545376	543886	32812	0
2719	-114	-5	12	25	4089	6348	400417	10	657	1267803	7	19121	2	1	0	6338	23	0	3	2028	0	9801	4089	617	1	200	0	60	105	0	12	12095	545126	37404	33	0	0	545276	543886	32812	0
2718	-114	-5	12	24	4009	6348	400291	10	657	1267677	7	19115	2	1	0	6336	23	0	3	2028	0	9801	4009	617	1	200	0	60	105	0	12	12095	545126	37404	33	0	0	545226	543886	32812	0
2717	-115	-7	11	20	3929	6346	400228	10	656	1267551	7	19112	2	1	0	6334	20	0	3	2025	0	9794	3929	617	0	0	0	0	105	0	12	12095	545126	37404	33	0	0	545176	543886	32812	0
2716	-115	-7	10	18	3849	6346	400102	3	656	1267466	7	19106	2	1	0	6332	18	0	3	2025	0	9794	3849	616	0	0	0	0	104	0	12	12095	544926	37344	33	0	0	545126	543886	32812	0
2715	-115	-7	9	18	3769	6346	399954	10	656	1267277	7	19097	2	1	0	6329	16	0	3	2025	0	9794	3769	616	2	30	0	120	104	0	12	12095	544926	37344	33	0	0	545076	543886	32812	0
2714	-115	-7	9	18	3689	6346	399828	10	656	1267214	7	19091	2	1	0	6328	16	0	3	2025	0	9794	3689	616	2	30	0	120	104	0	12	12095	544926	37344	33	0	0	545026	543886	32812	0
2713	-115	-7	10	19	3609	6346	399702	10	656	1267088	7	19085	2	1	0	6326	18	0	3	2025	0	9794	3609	616	1	349	0	60	104	0	12	12095	544926	37344	33	0	0	544976	543886	32812	0
2712	-115	-7	10	18	3529	6344	399576	12	655	1266865	7	19079	2	1	0	6323	18	0	3	2022	0	9787	3529	614	1	349	0	60	102	0	12	12095	544866	37224	33	0	0	544926	543886	32812	0
2711	-115	-7	10	16	3449	6344	399353	3	655	1266739	7	19069	2	1	0	6321	18	0	3	2022	0	9787	3449	614	0	0	0	0	102	0	12	12095	544866	37224	33	0	0	544876	543886	32812	0
2710	-115	-7	7	13	3289	6344	399142	10	655	1266465	7	19057	2	1	0	6316	11	0	3	2022	0	9787	3289	613	0	0	0	0	101	0	12	12095	544517	37164	33	0	0	544776	543886	32812	0
2709	-115	-7	6	11	3209	6344	399016	10	655	1266339	7	19051	2	1	0	6314	8	0	3	2022	0	9787	3209	613	0	0	0	0	101	0	12	12095	544517	37164	33	0	0	544726	543886	32812	0
2708	-115	-6	8	10	3129	6342	398827	10	654	1266213	7	19042	2	1	0	6312	13	0	3	2019	0	9780	3129	613	3	198	0	180	101	0	12	12095	544517	37164	33	0	0	544676	543886	32812	0
2707	-115	-6	10	10	3049	6342	398764	10	654	1266087	7	19039	2	1	0	6310	18	0	3	2019	0	9780	3049	613	3	198	0	180	101	0	12	12095	544517	37164	33	0	0	544626	543886	32812	0
2706	-115	-6	10	10	2969	6342	398638	10	654	1266024	7	19033	2	1	0	6309	18	0	3	2019	0	9780	2969	613	0	0	0	0	101	0	12	12095	544517	37164	33	0	0	544576	543886	32812	0
2705	-115	-6	10	11	2889	6342	398512	8	654	1265898	7	19027	2	1	0	6307	18	0	3	2019	0	9780	2889	613	0	0	0	0	101	0	12	12095	544517	37164	33	0	0	544526	543886	32812	0
2704	-115	-6	11	14	2809	6342	398226	10	654	1265612	7	19014	2	1	0	6303	20	0	3	2019	0	9780	2809	610	0	0	0	0	98	0	12	12095	543923	36984	33	0	0	544476	543886	32812	0
2703	-116	-7	9	15	2729	6340	398100	10	653	1265486	7	19008	2	1	0	6301	16	0	3	2016	0	9773	2729	610	0	0	0	0	98	0	12	12095	543923	36984	33	0	0	544426	543886	32812	0
2702	-116	-7	10	15	2649	6340	397974	10	653	1265360	7	19002	2	1	0	6299	18	0	3	2016	0	9773	2649	610	0	0	0	0	98	0	12	12095	543923	36984	33	0	0	544376	543886	32812	0
2701	-116	-7	10	14	2569	6340	397911	10	653	1265234	7	18999	2	1	0	6297	18	0	3	2016	0	9773	2569	610	0	0	0	0	98	0	12	12095	543923	36984	33	0	0	544326	543886	32812	0
2700	-116	-7	9	14	2409	6340	397659	10	653	1265045	7	18987	2	1	0	6294	16	0	3	2016	0	9773	2409	610	0	0	0	0	98	0	12	12095	543923	36984	33	0	0	544226	543886	32812	0
2699	-116	-7	10	14	2329	6338	397533	10	652	1264919	7	18981	2	1	0	6292	18	0	3	2013	0	9766	2329	610	0	0	0	0	98	0	12	12095	543923	36984	33	0	0	544176	543886	32812	0
2698	-116	-7	9	12	2249	6338	397407	10	652	1264793	7	18975	2	1	0	6290	16	0	3	2013	0	9766	2249	610	0	0	0	0	98	0	12	12095	543923	36984	33	0	0	544126	543886	32812	0
2697	-116	-7	6	11	2169	6338	397281	10	652	1264667	7	18969	2	1	0	6288	8	0	3	2013	0	9766	2169	610	2	32	0	120	98	0	12	12095	543923	36984	33	0	0	544076	543886	32812	0
2696	-116	-7	6	10	2089	6338	397155	10	652	1264541	7	18963	2	1	0	6286	8	0	3	2013	0	9766	2089	610	2	32	0	120	98	0	12	12095	543923	36984	33	0	0	544026	543886	32812	0
2695	-115	-7	7	8	2009	6336	397092	10	651	1264415	693	18960	678	3	0	6284	11	13	24	2010	0	9759	2009	610	3	117	0	195	98	670	12	12095	543923	36984	33	2	80893	543976	543886	32812	0
2694	-115	-7	7	10	1929	6336	396966	3	651	1264352	693	18954	678	3	0	6283	11	13	24	2010	0	9759	1929	610	3	117	0	195	98	670	12	12095	543923	36984	33	2	80893	543926	543886	32812	0
2693	-115	-7	8	15	1849	5658	396755	3	650	1264141	7	18942	2	1	0	6279	13	0	3	1986	0	9066	1849	608	0	0	0	0	96	0	10	11425	543859	36864	31	0	0	543876	382099	32812	0
2692	-115	-7	8	16	1769	5658	396525	10	650	1263911	7	18933	2	1	0	6276	13	0	3	1986	0	9066	1769	605	0	0	0	0	93	0	10	11425	543507	36669	31	0	0	543826	382099	32812	0
2691	-115	-7	8	17	1689	5658	396399	10	650	1263785	7	18927	2	1	0	6274	13	0	3	1986	0	9066	1689	605	0	0	0	0	93	0	10	11425	543507	36669	31	0	0	543776	382099	32812	0
2690	-113	-6	8	16	1529	5656	396147	10	649	1263533	7	18915	2	1	0	6270	13	0	3	1983	0	9059	1529	605	3	31	0	180	93	0	10	11425	543507	36669	31	0	0	543676	382099	32812	0
2689	-113	-6	10	13	1449	5656	396021	10	649	1263407	7	18909	2	1	0	6268	18	0	3	1983	0	9059	1449	605	3	31	0	180	93	0	10	11425	543507	36669	31	0	0	543626	382099	32812	0
2688	-113	-6	11	11	1369	5656	395895	10	649	1263281	7	18903	2	1	0	6266	20	0	3	1983	0	9059	1369	605	1	154258	0	76	93	0	10	11425	543507	36669	31	0	0	543576	382099	32812	0
2687	-113	-6	10	11	1289	5656	395769	8	649	1263155	7	18897	2	1	0	6264	18	0	3	1983	0	9059	1289	605	1	154258	0	76	93	0	10	11425	543507	36669	31	0	0	543526	382099	32812	0
2686	-117	-7	8	12	1209	5654	395546	10	648	1262932	7	18887	2	1	0	6261	13	0	3	1980	0	9052	1209	602	0	0	0	0	90	0	10	11425	543414	36489	31	0	0	543476	382099	32812	0
2685	-117	-7	8	17	1129	5654	395420	3	648	1262806	7	18881	2	1	0	6259	13	0	3	1980	0	9052	1129	602	0	0	0	0	90	0	10	11425	543414	36489	31	0	0	543426	382099	32812	0
2684	-117	-7	11	18	1049	5654	395313	10	648	1262699	7	18872	2	1	0	6256	20	0	3	1980	0	9052	1049	601	0	0	0	0	89	0	10	11425	389156	36413	31	0	0	543376	382099	32812	0
2683	-117	-7	10	18	969	5654	395187	10	648	1262573	7	18866	2	1	0	6254	18	0	3	1980	0	9052	969	601	0	0	0	0	89	0	10	11425	389156	36413	31	0	0	543326	382099	32812	0
2682	-117	-7	11	12	889	5654	395061	10	648	1262447	7	18860	2	1	0	6252	20	0	3	1980	0	9052	889	601	0	0	0	0	89	0	10	11425	389156	36413	31	0	0	543276	382099	32812	0
2681	-117	-7	8	10	809	5652	394935	10	647	1262321	7	18854	2	1	0	6250	13	0	3	1977	0	9045	809	601	0	0	0	0	89	0	10	11425	389156	36413	31	0	0	543226	382099	32812	0
2680	-117	-7	9	11	649	5652	394746	10	647	1262069	7	18845	2	1	0	6246	16	0	3	1977	0	9045	649	601	0	0	0	0	89	0	10	11425	389156	36413	31	0	0	543126	382099	32812	0
2679	-117	-7	9	11	569	5652	394620	10	647	1262006	7	18839	2	1	0	6245	16	0	3	1977	0	9045	569	601	0	0	0	0	89	0	10	11425	389156	36413	31	0	0	543076	382099	32812	0
2678	-117	-7	8	11	489	5652	394494	10	647	1261880	7	18833	2	1	0	6243	13	0	3	1977	0	9045	489	601	0	0	0	0	89	0	10	11425	389156	36413	31	0	0	543026	382099	32812	0
2677	-116	-6	8	11	409	5650	394368	10	646	1261754	7	18827	2	1	0	6241	13	0	3	1974	0	9038	409	601	0	0	0	0	89	0	10	11425	389156	36413	31	0	0	542976	382099	32812	0
2676	-116	-6	7	10	329	5650	394242	10	646	1261628	7	18821	2	1	0	6239	11	0	3	1974	0	9038	329	601	0	0	0	0	89	0	10	11425	389156	36413	31	0	0	542926	382099	32812	0
2675	-116	-6	9	11	249	5650	394116	10	646	1261502	7	18815	2	1	0	6237	16	0	3	1974	0	9038	249	601	0	0	0	0	89	0	10	11425	389156	36413	31	0	0	542876	382099	32812	0
2674	-116	-6	9	10	169	5650	393990	10	646	1261376	7	18809	2	1	0	6235	16	0	3	1974	0	9038	169	601	0	0	0	0	89	0	10	11425	389156	36413	31	0	0	542826	382099	32812	0
2673	-113	-4	7	9	89	5648	393927	10	645	1261250	7	18806	2	1	0	6233	11	0	3	1971	0	9031	89	601	0	0	0	0	89	0	10	11425	389156	36413	31	0	0	542776	382099	32812	0
2672	-113	-4	7	10	9	5648	393738	10	645	1261124	7	18797	2	1	0	6231	11	0	3	1971	0	9031	9	601	0	0	0	0	89	0	10	11425	389156	36413	31	0	0	542726	382099	32812	0
2671	-113	-4	8	13	16313	5648	393675	10	645	1260998	7	18794	2	1	0	6229	13	0	3	1971	0	9031	16313	601	0	0	0	0	89	0	10	11425	389156	36413	31	0	0	542676	382099	32812	0
2670	-113	-4	9	15	16153	5648	393423	10	645	1260809	7	18782	2	1	0	6226	16	0	3	1971	0	9031	16153	601	0	0	0	0	89	0	10	11425	389156	36413	31	0	0	542576	382099	32812	0
2669	-110	-3	7	18	16073	5646	393297	10	644	1260683	7	18776	2	1	0	6224	11	0	3	1968	0	9024	16073	601	0	0	0	0	89	0	10	11425	389156	36413	31	0	0	542526	382099	32812	0
2668	-110	-3	10	19	15993	5646	393171	10	644	1260557	7	18770	2	1	0	6222	18	0	3	1968	0	9024	15993	601	0	0	0	0	89	0	10	11425	389156	36413	31	0	0	542476	382099	32812	0
2667	-110	-3	10	22	15911	5646	393045	10	644	1260431	7	18764	2	1	0	6220	18	0	3	1968	0	9024	15911	601	0	0	0	0	89	0	10	11425	389156	36413	31	0	0	542424	382099	32812	0
2666	-110	-3	10	22	15833	5646	392982	10	644	1260305	7	18761	2	1	0	6218	18	0	3	1968	0	9024	15833	601	0	0	0	0	89	0	10	11425	389156	36413	31	0	0	542376	382099	32812	0
2665	-110	-3	12	22	15753	5646	392856	10	644	1260179	7	18755	2	1	0	6216	23	0	3	1968	0	9024	15753	601	0	0	0	0	89	0	10	11425	389156	36413	31	0	0	542326	382099	32812	0
2664	-107	-3	8	21	15673	5644	392730	10	643	1260053	7	18749	2	1	0	6214	13	0	3	1965	0	9017	15673	601	0	0	0	0	89	0	10	11425	389156	36413	31	0	0	542276	382099	32812	0
2663	-107	-3	12	22	15593	5644	392604	10	643	1259927	7	18743	2	1	0	6212	23	0	3	1965	0	9017	15593	601	0	0	0	0	89	0	10	11425	389156	36413	31	0	0	542226	382099	32812	0
2662	-107	-3	12	21	15513	5644	392478	10	643	1259864	7	18737	2	1	0	6211	23	0	3	1965	0	9017	15513	601	0	0	0	0	89	0	10	11425	389156	36413	31	0	0	542176	382099	32812	0
2661	-107	-3	12	20	15433	5644	392352	10	643	1259738	7	18731	2	1	0	6209	23	0	3	1965	0	9017	15433	601	0	0	0	0	89	0	10	11425	389156	36413	31	0	0	542126	382099	32812	0
2660	-106	-3	12	19	15273	5642	392100	10	642	1259486	7	18719	2	1	0	6205	23	0	3	1962	0	9010	15273	601	0	0	0	0	89	0	10	11425	389156	36413	31	0	0	542026	382099	32812	0
2659	-106	-3	13	20	15193	5642	391974	10	642	1259360	7	18713	2	1	0	6203	25	0	3	1962	0	9010	15193	601	0	0	0	0	89	0	10	11425	389156	36413	31	0	0	541976	382099	32812	0
2658	-106	-3	12	23	15113	5642	391911	10	642	1259234	7	18710	2	1	0	6201	23	0	3	1962	0	9010	15113	601	0	0	0	0	89	0	10	11425	389156	36413	31	0	0	541926	382099	32812	0
2657	-106	-3	14	23	15033	5642	391785	10	642	1259171	7	18704	2	1	0	6200	27	0	3	1962	0	9010	15033	601	0	0	0	0	89	0	10	11425	389156	36413	31	0	0	541876	382099	32812	0
2656	-106	-3	12	19	14953	5642	391659	10	642	1259045	7	18698	2	1	0	6198	23	0	3	1962	0	9010	14953	601	0	0	0	0	89	0	10	11425	389156	36413	31	0	0	541826	382099	32812	0
2655	-104	-3	12	20	14873	5640	391533	10	641	1258919	7	18692	2	1	0	6196	23	0	3	1959	0	9003	14873	601	0	0	0	0	89	0	10	11425	389156	36413	31	0	0	541776	382099	32812	0
2654	-104	-3	13	20	14793	5640	391407	10	641	1258793	7	18686	2	1	0	6194	25	0	3	1959	0	9003	14793	601	0	0	0	0	89	0	10	11425	389156	36413	31	0	0	541726	382099	32812	0
2653	-104	-3	13	20	14713	5640	391281	10	641	1258667	7	18680	2	1	0	6192	25	0	3	1959	0	9003	14713	601	0	0	0	0	89	0	10	11425	389156	36413	31	0	0	541676	382099	32812	0
2652	-104	-3	14	20	14633	5640	391155	10	641	1258541	7	18674	2	1	0	6190	27	0	3	1959	0	9003	14633	601	0	0	0	0	89	0	10	11425	389156	36413	31	0	0	541626	382099	32812	0
2651	-106	-3	15	22	14553	5638	391092	10	640	1258415	7	18671	2	1	0	6188	28	0	3	1956	0	8996	14553	601	0	0	0	0	89	0	10	11425	389156	36413	31	0	0	541576	382099	32812	0
2650	-106	-3	15	21	14393	5638	390840	10	640	1258163	7	18659	2	1	0	6184	28	0	3	1956	0	8996	14393	601	0	0	0	0	89	0	10	11425	389156	36413	31	0	0	541476	382099	32812	0
2649	-106	-3	15	21	14313	5638	390714	10	640	1258100	7	18653	2	1	0	6183	28	0	3	1956	0	8996	14313	601	0	0	0	0	89	0	10	11425	389156	36413	31	0	0	541426	382099	32812	0
2648	-106	-3	12	20	14233	5638	390588	10	640	1257974	7	18647	2	1	0	6181	23	0	3	1956	0	8996	14233	601	0	0	0	0	89	0	10	11425	389156	36413	31	0	0	541376	382099	32812	0
2647	-106	-2	15	20	14153	5636	390462	10	639	1257848	7	18641	2	1	0	6179	28	0	3	1953	0	8989	14153	601	0	0	0	0	89	0	10	11425	389156	36413	31	0	0	541326	382099	32812	0
2646	-106	-2	13	19	14073	5636	390336	10	639	1257722	7	18635	2	1	0	6177	25	0	3	1953	0	8989	14073	601	0	0	0	0	89	0	10	11425	389156	36413	31	0	0	541276	382099	32812	0
2645	-106	-2	13	17	13993	5636	390210	10	639	1257596	7	18629	2	1	0	6175	25	0	3	1953	0	8989	13993	601	0	0	0	0	89	0	10	11425	389156	36413	31	0	0	541226	382099	32812	0
2644	-106	-2	14	15	13913	5636	390147	10	639	1257470	7	18626	2	1	0	6173	27	0	3	1953	0	8989	13913	601	0	0	0	0	89	0	10	11425	389156	36413	31	0	0	541176	382099	32812	0
2643	-106	-2	13	18	13833	5636	390021	10	639	1257344	7	18620	2	1	0	6171	25	0	3	1953	0	8989	13833	601	0	0	0	0	89	0	10	11425	389156	36413	31	0	0	541126	382099	32812	0
2642	-108	-3	15	19	13753	5634	389895	10	638	1257218	7	18614	2	1	0	6169	28	0	3	1950	0	8982	13753	601	0	0	0	0	89	0	10	11425	389156	36413	31	0	0	541076	382099	32812	0
2641	-108	-3	15	19	13673	5634	389769	10	638	1257092	7	18608	2	1	0	6167	28	0	3	1950	0	8982	13673	601	0	0	0	0	89	0	10	11425	389156	36413	31	0	0	541026	382099	32812	0
2640	-108	-3	11	14	13513	5634	389517	10	638	1256903	7	18596	2	1	0	6164	20	0	3	1950	0	8982	13513	601	0	0	0	0	89	0	10	11425	389156	36413	31	0	0	540926	382099	32812	0
2639	-108	-3	12	13	13433	5634	389391	10	638	1256777	7	18590	2	1	0	6162	23	0	3	1950	0	8982	13433	601	0	0	0	0	89	0	10	11425	389156	36413	31	0	0	540876	382099	32812	0
2638	-108	-3	13	14	13353	5632	389265	10	637	1256651	7	18584	2	1	0	6160	25	0	3	1947	0	8975	13353	601	0	0	0	0	89	0	10	11425	389156	36413	31	0	0	540826	382099	32812	0
2637	-108	-3	13	14	13273	5632	389202	10	637	1256525	7	18581	2	1	0	6158	25	0	3	1947	0	8975	13273	601	0	0	0	0	89	0	10	11425	389156	36413	31	0	0	540776	382099	32812	0
2636	-108	-3	13	15	13193	5632	389076	10	637	1256399	7	18575	2	1	0	6156	25	0	3	1947	0	8975	13193	601	0	0	0	0	89	0	10	11425	389156	36413	31	0	0	540726	382099	32812	0
2635	-106	-3	12	16	13113	5630	388887	10	636	1256273	7	18566	2	1	0	6154	23	0	3	1944	0	8968	13113	601	0	0	0	0	89	0	10	11425	389156	36413	31	0	0	540676	382099	32812	0
2634	-106	-3	11	19	13033	5630	388761	10	636	1256147	7	18560	2	1	0	6152	20	0	3	1944	0	8968	13033	601	0	0	0	0	89	0	10	11425	389156	36413	31	0	0	540626	382099	32812	0
2633	-106	-3	12	20	12953	5630	388698	10	636	1256084	7	18557	2	1	0	6151	23	0	3	1944	0	8968	12953	601	0	0	0	0	89	0	10	11425	389156	36413	31	0	0	540576	382099	32812	0
2632	-106	-3	12	21	12873	5630	388572	10	636	1256021	7	18551	2	1	0	6150	23	0	3	1944	0	8968	12873	601	0	0	0	0	89	0	10	11425	389156	36413	31	0	0	540526	382099	32812	0
2631	-106	-3	0	23	12793	5630	388446	10	636	1255895	7	18545	2	1	0	6148	0	0	3	1944	0	8968	12793	601	0	0	0	0	89	0	10	11425	389156	36413	31	0	0	540476	382099	32812	0
2630	-106	-3	14	23	12633	5630	388257	10	636	1255706	7	18536	2	1	0	6145	27	0	3	1944	0	8968	12633	601	0	0	0	0	89	0	10	11425	389156	36413	31	0	0	540376	382099	32812	0
2629	-107	-3	15	21	12553	5628	388068	10	635	1255580	7	18527	2	1	0	6143	28	0	3	1941	0	8961	12553	601	0	0	0	0	89	0	10	11425	389156	36413	31	0	0	540326	382099	32812	0
2628	-107	-3	15	21	12473	5628	388005	10	635	1255454	7	18524	2	1	0	6141	28	0	3	1941	0	8961	12473	601	0	0	0	0	89	0	10	11425	389156	36413	31	0	0	540276	382099	32812	0
2627	-107	-3	12	24	12393	5628	387879	10	635	1255391	7	18518	2	1	0	6140	23	0	3	1941	0	8961	12393	601	0	0	0	0	89	0	10	11425	389156	36413	31	0	0	540226	382099	32812	0
2626	-107	-3	12	24	12313	5628	387753	10	635	1255328	7	18512	2	1	0	6139	23	0	3	1941	0	8961	12313	601	0	0	0	0	89	0	10	11425	389156	36413	31	0	0	540176	382099	32812	0
2625	-105	-3	11	24	12233	5626	387627	10	634	1255202	7	18506	2	1	0	6137	20	0	3	1938	0	8954	12233	601	0	0	0	0	89	0	10	11425	389156	36413	31	0	0	540126	382099	32812	0
2624	-105	-3	12	28	12153	5626	387501	10	634	1255076	7	18500	2	1	0	6135	23	0	3	1938	0	8954	12153	601	0	0	0	0	89	0	10	11425	389156	36413	31	0	0	540076	382099	32812	0
2623	-105	-3	15	28	12073	5626	387375	10	634	1254950	7	18494	2	1	0	6133	28	0	3	1938	0	8954	12073	601	0	0	0	0	89	0	10	11425	389156	36413	31	0	0	540026	382099	32812	0
2622	-105	-3	15	28	11993	5626	387312	10	634	1254824	7	18491	2	1	0	6131	28	0	3	1938	0	8954	11993	601	0	0	0	0	89	0	10	11425	389156	36413	31	0	0	539976	382099	32812	0
2621	-106	-2	14	22	11833	5624	387060	10	633	1254572	7	18479	2	1	0	6127	27	0	3	1935	0	8947	11833	601	0	0	0	0	89	0	10	11425	389156	36413	31	0	0	539876	382099	32812	0
2620	-106	-2	14	22	11753	5624	386934	10	633	1254446	7	18473	2	1	0	6125	27	0	3	1935	0	8947	11753	601	0	0	0	0	89	0	10	11425	389156	36413	31	0	0	539826	382099	32812	0
2619	-106	-2	15	24	11673	5624	386808	10	633	1254383	7	18467	2	1	0	6124	28	0	3	1935	0	8947	11673	601	0	0	0	0	89	0	10	11425	389156	36413	31	0	0	539776	382099	32812	0
2618	-106	-2	15	23	11593	5624	386682	10	633	1254257	7	18461	2	1	0	6122	28	0	3	1935	0	8947	11593	601	0	0	0	0	89	0	10	11425	389156	36413	31	0	0	539726	382099	32812	0
2617	-106	-2	15	22	11513	5624	386556	10	633	1254131	7	18455	2	1	0	6120	28	0	3	1935	0	8947	11513	601	0	0	0	0	89	0	10	11425	389156	36413	31	0	0	539676	382099	32812	0
2616	-105	-3	13	22	11433	5622	386430	10	632	1254005	7	18449	2	1	0	6118	25	0	3	1932	0	8940	11433	601	0	0	0	0	89	0	10	11425	389156	36413	31	0	0	539626	382099	32812	0
2615	-105	-3	13	19	11353	5622	386304	10	632	1253879	7	18443	2	1	0	6116	25	0	3	1932	0	8940	11353	601	0	0	0	0	89	0	10	11425	389156	36413	31	0	0	539576	382099	32812	0
2614	-105	-3	13	21	11273	5622	386241	10	632	1253753	7	18440	2	1	0	6114	25	0	3	1932	0	8940	11273	601	0	0	0	0	89	0	10	11425	389156	36413	31	0	0	539526	382099	32812	0
2613	-105	-3	13	21	11193	5622	386115	10	632	1253690	7	18434	2	1	0	6113	25	0	3	1932	0	8940	11193	601	0	0	0	0	89	0	10	11425	389156	36413	31	0	0	539476	382099	32812	0
2612	-105	-3	12	20	11113	5622	385989	10	632	1253564	7	18428	2	1	0	6111	23	0	3	1932	0	8940	11113	601	0	0	0	0	89	0	10	11425	389156	36413	31	0	0	539426	382099	32812	0
2611	-103	-3	12	25	10953	5620	385737	10	631	1253312	7	18416	2	1	0	6107	23	0	3	1929	0	8933	10953	601	0	0	0	0	89	0	10	11425	389156	36413	31	0	0	539326	382099	32812	0
2610	-103	-3	15	26	10873	5620	385611	10	631	1253186	7	18410	2	1	0	6105	28	0	3	1929	0	8933	10873	601	0	0	0	0	89	0	10	11425	389156	36413	31	0	0	539276	382099	32812	0
2609	-103	-3	15	28	10793	5620	385485	10	631	1253060	7	18404	2	1	0	6103	28	0	3	1929	0	8933	10793	601	0	0	0	0	89	0	10	11425	389156	36413	31	0	0	539226	382099	32812	0
2608	-103	-2	15	28	10713	5618	385422	10	630	1252997	7	18401	2	1	0	6102	28	0	3	1926	0	8926	10713	601	0	0	0	0	89	0	10	11425	389156	36413	31	0	0	539176	382099	32812	0
2607	-103	-2	15	26	10633	5618	385233	10	630	1252871	7	18392	2	1	0	6100	28	0	3	1926	0	8926	10633	601	0	0	0	0	89	0	10	11425	389156	36413	31	0	0	539126	382099	32812	0
2606	-103	-2	15	26	10553	5618	385170	10	630	1252745	7	18389	2	1	0	6098	28	0	3	1926	0	8926	10553	601	0	0	0	0	89	0	10	11425	389156	36413	31	0	0	539076	382099	32812	0
2605	-103	-2	15	27	10473	5618	385044	10	630	1252682	7	18383	2	1	0	6097	28	0	3	1926	0	8926	10473	601	0	0	0	0	89	0	10	11425	389156	36413	31	0	0	539026	382099	32812	0
2604	-103	-2	15	27	10393	5618	384918	10	630	1252556	7	18377	2	1	0	6095	28	0	3	1926	0	8926	10393	601	0	0	0	0	89	0	10	11425	389156	36413	31	0	0	538976	382099	32812	0
2603	-104	-2	15	27	10313	5616	384792	10	629	1252430	7	18371	2	1	0	6093	28	0	3	1923	0	8919	10313	601	0	0	0	0	89	0	10	11425	389156	36413	31	0	0	538926	382099	32812	0
2602	-104	-2	15	26	10233	5616	384666	10	629	1252304	7	18365	2	1	0	6091	28	0	3	1923	0	8919	10233	601	0	0	0	0	89	0	10	11425	389156	36413	31	0	0	538876	382099	32812	0
2601	-104	-2	15	25	10073	5616	384477	10	629	1252052	7	18356	2	1	0	6087	28	0	3	1923	0	8919	10073	601	0	0	0	0	89	0	10	11425	389156	36413	31	0	0	538776	382099	32812	0
2600	-104	-2	15	24	9993	5616	384351	10	629	1251926	7	18350	2	1	0	6085	28	0	3	1923	0	8919	9993	601	0	0	0	0	89	0	10	11425	389156	36413	31	0	0	538726	382099	32812	0
2599	-106	-3	15	23	9913	5614	384225	10	628	1251800	7	18344	2	1	0	6083	28	0	3	1920	0	8912	9913	601	0	0	0	0	89	0	10	11425	389156	36413	31	0	0	538676	382099	32812	0
2598	-106	-3	15	20	9833	5614	384099	10	628	1251674	7	18338	2	1	0	6081	28	0	3	1920	0	8912	9833	601	0	0	0	0	89	0	10	11425	389156	36413	31	0	0	538626	382099	32812	0
2597	-106	-3	15	18	9753	5614	383973	10	628	1251611	7	18332	2	1	0	6080	28	0	3	1920	0	8912	9753	601	0	0	0	0	89	0	10	11425	389156	36413	31	0	0	538576	382099	32812	0
2596	-106	-3	13	15	9673	5614	383847	10	628	1251485	7	18326	2	1	0	6078	25	0	3	1920	0	8912	9673	601	0	0	0	0	89	0	10	11425	389156	36413	31	0	0	538526	382099	32812	0
2595	-106	-3	13	15	9593	5614	383721	10	628	1251359	7	18320	2	1	0	6076	25	0	3	1920	0	8912	9593	601	0	0	0	0	89	0	10	11425	389156	36413	31	0	0	538476	382099	32812	0
2594	-105	-2	13	15	9513	5612	383595	10	627	1251233	7	18314	2	1	0	6074	25	0	3	1917	0	8905	9513	601	0	0	0	0	89	0	10	11425	389156	36413	31	0	0	538426	382099	32812	0
2593	-105	-2	13	15	9433	5612	383469	10	627	1251107	7	18308	2	1	0	6072	25	0	3	1917	0	8905	9433	601	0	0	0	0	89	0	10	11425	389156	36413	31	0	0	538376	382099	32812	0
2592	-105	-2	13	19	9353	5612	383406	10	627	1250981	7	18305	2	1	0	6070	25	0	3	1917	0	8905	9353	601	0	0	0	0	89	0	10	11425	389156	36413	31	0	0	538326	382099	32812	0
2591	-105	-2	13	24	9193	5612	383154	10	627	1250792	7	18293	2	1	0	6067	25	0	3	1917	0	8905	9193	601	0	0	0	0	89	0	10	11425	389156	36413	31	0	0	538226	382099	32812	0
2590	-103	-3	13	25	9113	5610	383028	10	626	1250666	7	18287	2	1	0	6065	25	0	3	1914	0	8898	9113	601	0	0	0	0	89	0	10	11425	389156	36413	31	0	0	538176	382099	32812	0
2589	-103	-3	13	27	9033	5610	382902	10	626	1250540	7	18281	2	1	0	6063	25	0	3	1914	0	8898	9033	601	0	0	0	0	89	0	10	11425	389156	36413	31	0	0	538126	382099	32812	0
2588	-103	-3	14	24	8953	5610	382776	10	626	1250414	7	18275	2	1	0	6061	27	0	3	1914	0	8898	8953	601	0	0	0	0	89	0	10	11425	389156	36413	31	0	0	538076	382099	32812	0
2587	-103	-3	15	22	8873	5610	382650	10	626	1250288	7	18269	2	1	0	6059	28	0	3	1914	0	8898	8873	601	0	0	0	0	89	0	10	11425	389156	36413	31	0	0	538026	382099	32812	0
2586	-104	-2	15	20	8793	5608	382587	10	625	1250162	7	18266	2	1	0	6057	28	0	3	1911	0	8891	8793	601	0	0	0	0	89	0	10	11425	389156	36413	31	0	0	537976	382099	32812	0
2585	-104	-2	15	22	8713	5608	382398	10	625	1250036	7	18257	2	1	0	6055	28	0	3	1911	0	8891	8713	601	0	0	0	0	89	0	10	11425	389156	36413	31	0	0	537926	382099	32812	0
2584	-104	-2	15	23	8633	5608	382335	10	625	1249910	7	18254	2	1	0	6053	28	0	3	1911	0	8891	8633	601	0	0	0	0	89	0	10	11425	389156	36413	31	0	0	537876	382099	32812	0
2583	-104	-2	15	23	8553	5608	382209	10	625	1249847	7	18248	2	1	0	6052	28	0	3	1911	0	8891	8553	601	0	0	0	0	89	0	10	11425	389156	36413	31	0	0	537826	382099	32812	0
2582	-104	-2	15	23	8473	5608	382083	10	625	1249721	7	18242	2	1	0	6050	28	0	3	1911	0	8891	8473	601	0	0	0	0	89	0	10	11425	389156	36413	31	0	0	537776	382099	32812	0
2581	-108	-3	15	25	8313	5606	381831	10	624	1249469	7	18230	2	1	0	6046	28	0	3	1908	0	8884	8313	601	0	0	0	0	89	0	10	11425	389156	36413	31	0	0	537676	382099	32812	0
2580	-108	-3	15	22	8233	5606	381705	10	624	1249343	7	18224	2	1	0	6044	28	0	3	1908	0	8884	8233	601	0	0	0	0	89	0	10	11425	389156	36413	31	0	0	537626	382099	32812	0
2579	-108	-3	14	20	8153	5606	381642	10	624	1249217	7	18221	2	1	0	6042	27	0	3	1908	0	8884	8153	601	0	0	0	0	89	0	10	11425	389156	36413	31	0	0	537576	382099	32812	0
2578	-108	-3	11	19	8073	5606	381516	10	624	1249091	7	18215	2	1	0	6040	20	0	3	1908	0	8884	8073	601	0	0	0	0	89	0	10	11425	389156	36413	31	0	0	537526	382099	32812	0
2577	-104	-2	10	21	7993	5604	381390	10	623	1248965	7	18209	2	1	0	6038	18	0	3	1905	0	8877	7993	601	0	0	0	0	89	0	10	11425	389156	36413	31	0	0	537476	382099	32812	0
2576	-104	-2	10	23	7913	5604	381264	10	623	1248902	7	18203	2	1	0	6037	18	0	3	1905	0	8877	7913	601	0	0	0	0	89	0	10	11425	389156	36413	31	0	0	537426	382099	32812	0
2575	-104	-2	13	25	7833	5604	381138	10	623	1248839	7	18197	2	1	0	6036	25	0	3	1905	0	8877	7833	601	0	0	0	0	89	0	10	11425	389156	36413	31	0	0	537376	382099	32812	0
2574	-104	-2	14	27	7753	5604	381012	10	623	1248713	7	18191	2	1	0	6034	27	0	3	1905	0	8877	7753	601	0	0	0	0	89	0	10	11425	389156	36413	31	0	0	537326	382099	32812	0
2573	-104	-2	13	29	7673	5604	380949	10	623	1248587	7	18188	2	1	0	6032	25	0	3	1905	0	8877	7673	601	0	0	0	0	89	0	10	11425	389156	36413	31	0	0	537276	382099	32812	0
2572	-101	-3	13	31	7593	5602	380823	10	622	1248524	7	18182	2	1	0	6031	25	0	3	1902	0	8870	7593	601	0	0	0	0	89	0	10	11425	389156	36413	31	0	0	537226	382099	32812	0
2571	-101	-3	15	38	7433	5602	380571	10	622	1248335	7	18170	2	1	0	6028	28	0	3	1902	0	8870	7433	601	0	0	0	0	89	0	10	11425	389156	36413	31	0	0	537126	382099	32812	0
2570	-101	-3	15	38	7353	5602	380508	10	622	1248335	7	18167	2	1	0	6028	28	0	3	1902	0	8870	7353	601	0	0	0	0	89	0	10	11425	389156	36413	31	0	0	537076	382099	32812	0
2569	-101	-3	15	38	7273	5602	380382	10	622	1248209	7	18161	2	1	0	6026	28	0	3	1902	0	8870	7273	601	0	0	0	0	89	0	10	11425	389156	36413	31	0	0	537026	382099	32812	0
2568	-105	-3	15	38	7193	5600	380256	10	621	1248083	7	18155	2	1	0	6024	28	0	3	1899	0	8863	7193	601	0	0	0	0	89	0	10	11425	389156	36413	31	0	0	536976	382099	32812	0
2567	-105	-3	15	36	7113	5600	380130	10	621	1247957	7	18149	2	1	0	6022	28	0	3	1899	0	8863	7113	601	0	0	0	0	89	0	10	11425	389156	36413	31	0	0	536926	382099	32812	0
2566	-105	-3	15	31	7033	5600	380004	10	621	1247831	7	18143	2	1	0	6020	28	0	3	1899	0	8863	7033	601	0	0	0	0	89	0	10	11425	389156	36413	31	0	0	536876	382099	32812	0
2565	-105	-3	13	29	6953	5600	379878	10	621	1247705	7	18137	2	1	0	6018	25	0	3	1899	0	8863	6953	601	0	0	0	0	89	0	10	11425	389156	36413	31	0	0	536826	382099	32812	0
2564	-100	-2	12	29	6873	5598	379815	10	620	1247579	7	18134	2	1	0	6016	23	0	3	1896	0	8856	6873	601	0	0	0	0	89	0	10	11425	389156	36413	31	0	0	536776	382099	32812	0
2563	-100	-2	12	32	6793	5598	379626	10	620	1247453	7	18125	2	1	0	6014	23	0	3	1896	0	8856	6793	601	0	0	0	0	89	0	10	11425	389156	36413	31	0	0	536726	382099	32812	0
2562	-100	-2	15	33	6713	5598	379563	10	620	1247327	7	18122	2	1	0	6012	28	0	3	1896	0	8856	6713	601	0	0	0	0	89	0	10	11425	389156	36413	31	0	0	536676	382099	32812	0
2561	-100	-2	15	33	6551	5598	379311	10	620	1247138	7	18110	2	1	0	6009	28	0	3	1896	0	8856	6551	601	0	0	0	0	89	0	10	11425	389156	36413	31	0	0	536574	382099	32812	0
2560	-101	-2	15	32	6472	5596	379185	10	619	1247012	7	18104	2	1	0	6007	28	0	3	1893	0	8849	6472	601	0	0	0	0	89	0	10	11425	389156	36413	31	0	0	536525	382099	32812	0
2559	-101	-2	15	30	6393	5596	379059	10	619	1246886	7	18098	2	1	0	6005	28	0	3	1893	0	8849	6393	601	0	0	0	0	89	0	10	11425	389156	36413	31	0	0	536476	382099	32812	0
2558	-101	-2	15	29	6313	5596	378933	10	619	1246760	7	18092	2	1	0	6003	28	0	3	1893	0	8849	6313	601	0	0	0	0	89	0	10	11425	389156	36413	31	0	0	536426	382099	32812	0
2557	-101	-2	15	26	6233	5596	378870	10	619	1246634	7	18089	2	1	0	6001	28	0	3	1893	0	8849	6233	601	0	0	0	0	89	0	10	11425	389156	36413	31	0	0	536376	382099	32812	0
2556	-101	-2	15	28	6153	5596	378744	10	619	1246508	7	18083	2	1	0	5999	28	0	3	1893	0	8849	6153	601	0	0	0	0	89	0	10	11425	389156	36413	31	0	0	536326	382099	32812	0
2555	-103	-2	15	28	6073	5594	378618	10	618	1246382	7	18077	2	1	0	5997	28	0	3	1890	0	8842	6073	601	0	0	0	0	89	0	10	11425	389156	36413	31	0	0	536276	382099	32812	0
2554	-103	-2	15	27	5993	5594	378492	10	618	1246256	7	18071	2	1	0	5995	28	0	3	1890	0	8842	5993	601	0	0	0	0	89	0	10	11425	389156	36413	31	0	0	536226	382099	32812	0
2553	-103	-2	15	25	5913	5594	378366	10	618	1246193	7	18065	2	1	0	5994	28	0	3	1890	0	8842	5913	601	0	0	0	0	89	0	10	11425	389156	36413	31	0	0	536176	382099	32812	0
2552	-103	-2	13	23	5833	5594	378240	10	618	1246067	7	18059	2	1	0	5992	25	0	3	1890	0	8842	5833	601	0	0	0	0	89	0	10	11425	389156	36413	31	0	0	536126	382099	32812	0
2551	-101	-3	13	30	5673	5592	377988	10	617	1245815	7	18047	2	1	0	5988	25	0	3	1887	0	8835	5673	601	0	0	0	0	89	0	10	11425	389156	36413	31	0	0	536026	382099	32812	0
2550	-101	-3	15	28	5593	5592	377862	10	617	1245689	7	18041	2	1	0	5986	28	0	3	1887	0	8835	5593	601	0	0	0	0	89	0	10	11425	389156	36413	31	0	0	535976	382099	32812	0
2549	-101	-3	15	29	5513	5592	377799	10	617	1245563	7	18038	2	1	0	5984	28	0	3	1887	0	8835	5513	601	0	0	0	0	89	0	10	11425	389156	36413	31	0	0	535926	382099	32812	0
2548	-101	-3	15	30	5433	5592	377673	10	617	1245500	7	18032	2	1	0	5983	28	0	3	1887	0	8835	5433	601	0	0	0	0	89	0	10	11425	389156	36413	31	0	0	535876	382099	32812	0
2547	-101	-3	15	27	5353	5592	377547	10	617	1245374	7	18026	2	1	0	5981	28	0	3	1887	0	8835	5353	601	0	0	0	0	89	0	10	11425	389156	36413	31	0	0	535826	382099	32812	0
2546	-101	-2	15	27	5273	5590	377421	10	616	1245248	7	18020	2	1	0	5979	28	0	3	1884	0	8828	5273	601	0	0	0	0	89	0	10	11425	389156	36413	31	0	0	535776	382099	32812	0
2545	-101	-2	15	26	5193	5590	377295	10	616	1245122	7	18014	2	1	0	5977	28	0	3	1884	0	8828	5193	601	0	0	0	0	89	0	10	11425	389156	36413	31	0	0	535726	382099	32812	0
2544	-101	-2	15	26	5113	5590	377169	10	616	1244996	7	18008	2	1	0	5975	28	0	3	1884	0	8828	5113	601	0	0	0	0	89	0	10	11425	389156	36413	31	0	0	535676	382099	32812	0
2543	-101	-2	15	27	5033	5590	377043	10	616	1244870	7	18002	2	1	0	5973	28	0	3	1884	0	8828	5033	601	0	0	0	0	89	0	10	11425	389156	36413	31	0	0	535626	382099	32812	0
2542	-102	-3	15	26	4953	5588	376980	10	615	1244744	7	17999	2	1	0	5971	28	0	3	1881	0	8821	4953	601	0	0	0	0	89	0	10	11425	389156	36413	31	0	0	535576	382099	32812	0
2541	-102	-3	15	22	4793	5588	376728	10	615	1244492	7	17987	2	1	0	5967	28	0	3	1881	0	8821	4793	601	0	0	0	0	89	0	10	11425	389156	36413	31	0	0	535476	382099	32812	0
2540	-102	-3	15	22	4713	5588	376602	10	615	1244429	7	17981	2	1	0	5966	28	0	3	1881	0	8821	4713	601	0	0	0	0	89	0	10	11425	389156	36413	31	0	0	535426	382099	32812	0
2539	-102	-3	15	22	4633	5588	376476	10	615	1244303	7	17975	2	1	0	5964	28	0	3	1881	0	8821	4633	601	0	0	0	0	89	0	10	11425	389156	36413	31	0	0	535376	382099	32812	0
2538	-102	-3	15	20	4553	5586	376350	10	614	1244114	11	17969	2	1	0	5961	28	0	4	1878	0	8814	4553	601	0	0	0	0	89	0	10	11425	389156	36413	31	0	0	535326	382099	32812	0
2537	-102	-3	15	17	4473	5586	376224	10	614	1243988	11	17963	2	1	0	5959	28	0	4	1878	0	8814	4473	601	0	0	0	0	89	0	10	11425	389156	36413	31	0	0	535276	382099	32812	0
2536	-102	-3	15	15	4393	5586	376098	10	614	1243925	11	17957	2	1	0	5958	28	0	4	1878	0	8814	4393	601	0	0	0	0	89	0	10	11425	389156	36413	31	0	0	535226	382099	32812	0
2535	-102	-3	15	13	4313	5586	375972	10	614	1243799	11	17951	2	1	0	5956	28	0	4	1878	0	8814	4313	601	0	0	0	0	89	0	10	11425	389156	36413	31	0	0	535176	382099	32812	0
2534	-102	-3	0	13	4233	5586	375846	10	614	1243673	11	17945	2	1	0	5954	0	0	4	1878	0	8814	4233	601	0	0	0	0	89	0	10	11425	389156	36413	31	0	0	535126	382099	32812	0
2533	-104	-2	15	17	4153	5584	375783	10	613	1243610	7	17942	2	1	0	5953	28	0	3	1874	0	8803	4153	601	0	0	0	0	89	0	10	11425	389156	36413	31	0	0	535076	382099	32812	0
2532	-104	-2	15	20	3993	5584	375531	10	613	1243421	7	17930	2	1	0	5950	28	0	3	1874	0	8803	3993	601	0	0	0	0	89	0	10	11425	389156	36413	31	0	0	534976	382099	32812	0
2531	-104	-2	15	20	3913	5584	375405	10	613	1243295	7	17924	2	1	0	5948	28	0	3	1874	0	8803	3913	601	0	0	0	0	89	0	10	11425	389156	36413	31	0	0	534926	382099	32812	0
2530	-104	-2	15	21	3833	5584	375279	10	613	1243169	7	17918	2	1	0	5946	28	0	3	1874	0	8803	3833	601	0	0	0	0	89	0	10	11425	389156	36413	31	0	0	534876	382099	32812	0
2529	-104	-2	15	22	3753	5582	375153	10	612	1243043	7	17912	2	1	0	5944	28	0	3	1871	0	8796	3753	601	0	0	0	0	89	0	10	11425	389156	36413	31	0	0	534826	382099	32812	0
2528	-104	-2	15	24	3673	5582	375027	10	612	1242917	7	17906	2	1	0	5942	28	0	3	1871	0	8796	3673	601	0	0	0	0	89	0	10	11425	389156	36413	31	0	0	534776	382099	32812	0
2527	-104	-2	15	25	3593	5582	374964	10	612	1242791	7	17903	2	1	0	5940	28	0	3	1871	0	8796	3593	601	0	0	0	0	89	0	10	11425	389156	36413	31	0	0	534726	382099	32812	0
2526	-104	-2	15	26	3513	5582	374838	10	612	1242728	7	17897	2	1	0	5939	28	0	3	1871	0	8796	3513	601	0	0	0	0	89	0	10	11425	389156	36413	31	0	0	534676	382099	32812	0
2525	-104	-2	15	26	3433	5582	374712	10	612	1242602	7	17891	2	1	0	5937	28	0	3	1871	0	8796	3433	601	0	0	0	0	89	0	10	11425	389156	36413	31	0	0	534626	382099	32812	0
2524	-104	-3	15	24	3353	5580	374586	10	611	1242476	7	17885	2	1	0	5935	28	0	3	1868	0	8789	3353	601	0	0	0	0	89	0	10	11425	389156	36413	31	0	0	534576	382099	32812	0
2523	-104	-3	15	23	3273	5580	374460	10	611	1242350	7	17879	2	1	0	5933	28	0	3	1868	0	8789	3273	601	0	0	0	0	89	0	10	11425	389156	36413	31	0	0	534526	382099	32812	0
2522	-104	-3	15	19	3113	5580	374208	10	611	1242098	7	17867	2	1	0	5929	28	0	3	1868	0	8789	3113	601	0	0	0	0	89	0	10	11425	389156	36413	31	0	0	534426	382099	32812	0
2521	-102	-2	15	17	3033	5578	374145	10	610	1241972	7	17864	2	1	0	5927	28	0	3	1865	0	8782	3033	601	0	0	0	0	89	0	10	11425	389156	36413	31	0	0	534376	382099	32812	0
2520	-102	-2	15	19	2953	5578	373956	10	610	1241846	7	17855	2	1	0	5925	28	0	3	1865	0	8782	2953	601	0	0	0	0	89	0	10	11425	389156	36413	31	0	0	534326	382099	32812	0
2519	-102	-2	14	21	2873	5578	373893	10	610	1241720	7	17852	2	1	0	5923	27	0	3	1865	0	8782	2873	601	0	0	0	0	89	0	10	11425	389156	36413	31	0	0	534276	382099	32812	0
2518	-102	-2	14	22	2793	5578	373767	10	610	1241657	7	17846	2	1	0	5922	27	0	3	1865	0	8782	2793	601	0	0	0	0	89	0	10	11425	389156	36413	31	0	0	534226	382099	32812	0
2517	-102	-2	15	22	2713	5578	373641	10	610	1241531	7	17840	2	1	0	5920	28	0	3	1865	0	8782	2713	601	0	0	0	0	89	0	10	11425	389156	36413	31	0	0	534176	382099	32812	0
2516	-104	-3	15	24	2633	5576	373515	10	609	1241405	7	17834	2	1	0	5918	28	0	3	1862	0	8775	2633	601	0	0	0	0	89	0	10	11425	389156	36413	31	0	0	534126	382099	32812	0
2515	-104	-3	15	24	2553	5576	373389	10	609	1241279	7	17828	2	1	0	5916	28	0	3	1862	0	8775	2553	601	0	0	0	0	89	0	10	11425	389156	36413	31	0	0	534076	382099	32812	0
2514	-104	-3	15	24	2473	5576	373263	10	609	1241153	7	17822	2	1	0	5914	28	0	3	1862	0	8775	2473	601	0	0	0	0	89	0	10	11425	389156	36413	31	0	0	534026	382099	32812	0
2513	-104	-3	15	24	2393	5576	373200	10	609	1241027	7	17819	2	1	0	5912	28	0	3	1862	0	8775	2393	601	0	0	0	0	89	0	10	11425	389156	36413	31	0	0	533976	382099	32812	0
2512	-108	-4	15	25	2233	5574	372948	10	608	1240775	7	17807	2	1	0	5908	28	0	3	1859	0	8768	2233	601	0	0	0	0	89	0	10	11425	389156	36413	31	0	0	533876	382099	32812	0
2511	-108	-4	15	24	2153	5574	372822	10	608	1240649	7	17801	2	1	0	5906	28	0	3	1859	0	8768	2153	601	0	0	0	0	89	0	10	11425	389156	36413	31	0	0	533826	382099	32812	0
2510	-108	-4	15	23	2073	5574	372696	10	608	1240586	7	17795	2	1	0	5905	28	0	3	1859	0	8768	2073	601	0	0	0	0	89	0	10	11425	389156	36413	31	0	0	533776	382099	32812	0
2509	-108	-4	14	22	1993	5574	372570	10	608	1240460	7	17789	2	1	0	5903	27	0	3	1859	0	8768	1993	601	0	0	0	0	89	0	10	11425	389156	36413	31	0	0	533726	382099	32812	0
2508	-108	-4	13	18	1913	5574	372444	10	608	1240334	7	17783	2	1	0	5901	25	0	3	1859	0	8768	1913	601	0	0	0	0	89	0	10	11425	389156	36413	31	0	0	533676	382099	32812	0
2507	-108	-3	12	19	1833	5572	372318	10	607	1240208	7	17777	2	1	0	5899	23	0	3	1856	0	8761	1833	601	0	0	0	0	89	0	10	11425	389156	36413	31	0	0	533626	382099	32812	0
2506	-108	-3	12	18	1753	5572	372192	10	607	1240082	7	17771	2	1	0	5897	23	0	3	1856	0	8761	1753	601	0	0	0	0	89	0	10	11425	389156	36413	31	0	0	533576	382099	32812	0
2505	-108	-3	11	17	1673	5572	372129	10	607	1239956	7	17768	2	1	0	5895	20	0	3	1856	0	8761	1673	601	0	0	0	0	89	0	10	11425	389156	36413	31	0	0	533526	382099	32812	0
2504	-108	-3	11	16	1593	5572	372003	10	607	1239893	7	17762	2	1	0	5894	20	0	3	1856	0	8761	1593	601	0	0	0	0	89	0	10	11425	389156	36413	31	0	0	533476	382099	32812	0
2503	-108	-3	10	15	1513	5572	371877	10	607	1239767	7	17756	2	1	0	5892	18	0	3	1856	0	8761	1513	601	0	0	0	0	89	0	10	11425	389156	36413	31	0	0	533426	382099	32812	0
2502	-103	-2	11	20	1353	5570	371625	10	606	1239515	7	17744	2	1	0	5888	20	0	3	1853	0	8754	1353	601	0	0	0	0	89	0	10	11425	389156	36413	31	0	0	533326	382099	32812	0
2501	-103	-2	13	24	1273	5570	371499	10	606	1239389	7	17738	2	1	0	5886	25	0	3	1853	0	8754	1273	601	0	0	0	0	89	0	10	11425	389156	36413	31	0	0	533276	382099	32812	0
2500	-103	-2	15	26	1193	5570	371373	10	606	1239263	7	17732	2	1	0	5884	28	0	3	1853	0	8754	1193	601	0	0	0	0	89	0	10	11425	389156	36413	31	0	0	533226	382099	32812	0
2499	-107	-2	15	28	1113	5568	371310	10	605	1239137	7	17729	2	1	0	5882	28	0	3	1850	0	8747	1113	601	0	0	0	0	89	0	10	11425	389156	36413	31	0	0	533176	382099	32812	0
2498	-107	-2	15	27	1032	5568	371121	10	605	1239011	7	17720	2	1	0	5880	28	0	3	1850	0	8747	1032	601	0	0	0	0	89	0	10	11425	389156	36413	31	0	0	533125	382099	32812	0
2497	-107	-2	15	26	952	5568	371058	10	605	1238885	7	17717	2	1	0	5878	28	0	3	1850	0	8747	952	601	0	0	0	0	89	0	10	11425	389156	36413	31	0	0	533075	382099	32812	0
2496	-107	-2	15	24	873	5568	370932	10	605	1238822	7	17711	2	1	0	5877	28	0	3	1850	0	8747	873	601	0	0	0	0	89	0	10	11425	389156	36413	31	0	0	533026	382099	32812	0
2495	-107	-2	15	21	793	5568	370806	10	605	1238696	7	17705	2	1	0	5875	28	0	3	1850	0	8747	793	601	0	0	0	0	89	0	10	11425	389156	36413	31	0	0	532976	382099	32812	0
2494	-107	-3	13	19	713	5566	370680	10	604	1238507	7	17699	2	1	0	5872	25	0	3	1847	0	8740	713	601	0	0	0	0	89	0	10	11425	389156	36413	31	0	0	532926	382099	32812	0
2493	-107	-3	13	20	633	5566	370554	10	604	1238444	7	17693	2	1	0	5871	25	0	3	1847	0	8740	633	601	0	0	0	0	89	0	10	11425	389156	36413	31	0	0	532876	382099	32812	0
2492	-107	-3	13	23	473	5566	370365	10	604	1238255	7	17684	2	1	0	5868	25	0	3	1847	0	8740	473	601	0	0	0	0	89	0	10	11425	389156	36413	31	0	0	532776	382099	32812	0
2491	-107	-3	13	26	393	5566	370239	10	604	1238129	7	17678	2	1	0	5866	25	0	3	1847	0	8740	393	601	0	0	0	0	89	0	10	11425	389156	36413	31	0	0	532726	382099	32812	0
2490	-105	-3	13	27	313	5564	370113	10	603	1238003	7	17672	2	1	0	5864	25	0	3	1844	0	8733	313	601	0	0	0	0	89	0	10	11425	389156	36413	31	0	0	532676	382099	32812	0
2489	-105	-3	12	29	233	5564	369987	10	603	1237877	7	17666	2	1	0	5862	23	0	3	1844	0	8733	233	601	0	0	0	0	89	0	10	11425	389156	36413	31	0	0	532626	382099	32812	0
2488	-105	-3	13	30	153	5564	369861	10	603	1237814	7	17660	2	1	0	5861	25	0	3	1844	0	8733	153	601	0	0	0	0	89	0	10	11425	389156	36413	31	0	0	532576	382099	32812	0
2487	-105	-3	13	29	73	5564	369735	10	603	1237688	7	17654	2	1	0	5859	25	0	3	1844	0	8733	73	601	0	0	0	0	89	0	10	11425	389156	36413	31	0	0	532526	382099	32812	0
2486	-105	-3	13	28	16377	5564	369609	10	603	1237562	7	17648	2	1	0	5857	25	0	3	1844	0	8733	16377	601	0	0	0	0	89	0	10	11425	389156	36413	31	0	0	532476	382099	32812	0
2485	-106	-3	13	29	16297	5562	369483	10	602	1237436	7	17642	2	1	0	5855	25	0	3	1841	0	8726	16297	601	0	0	0	0	89	0	10	11425	389156	36413	31	0	0	532426	382099	32812	0
2484	-106	-3	14	30	16217	5562	369357	10	602	1237310	7	17636	2	1	0	5853	27	0	3	1841	0	8726	16217	601	0	0	0	0	89	0	10	11425	389156	36413	31	0	0	532376	382099	32812	0
2483	-106	-3	13	30	16137	5562	369231	10	602	1237184	7	17630	2	1	0	5851	25	0	3	1841	0	8726	16137	601	0	0	0	0	89	0	10	11425	389156	36413	31	0	0	532326	382099	32812	0
2482	-106	-3	15	29	15977	5562	369042	10	602	1237058	7	17621	2	1	0	5849	28	0	3	1841	0	8726	15977	601	0	0	0	0	89	0	10	11425	389156	36413	31	0	0	532226	382099	32812	0
2481	-107	-3	12	26	15897	5560	368916	10	601	1236869	7	17615	2	1	0	5846	23	0	3	1838	0	8719	15897	601	0	0	0	0	89	0	10	11425	389156	36413	31	0	0	532176	382099	32812	0
2480	-107	-3	12	26	15817	5560	368790	10	601	1236806	7	17609	2	1	0	5845	23	0	3	1838	0	8719	15817	601	0	0	0	0	89	0	10	11425	389156	36413	31	0	0	532126	382099	32812	0
2479	-107	-3	15	24	15737	5560	368664	10	601	1236680	7	17603	2	1	0	5843	28	0	3	1838	0	8719	15737	601	0	0	0	0	89	0	10	11425	389156	36413	31	0	0	532076	382099	32812	0
2478	-107	-3	15	23	15657	5560	368538	10	601	1236554	7	17597	2	1	0	5841	28	0	3	1838	0	8719	15657	601	0	0	0	0	89	0	10	11425	389156	36413	31	0	0	532026	382099	32812	0
2477	-101	-3	15	23	15577	5558	368475	10	600	1236491	7	17594	2	1	0	5840	28	0	3	1835	0	8712	15577	601	0	0	0	0	89	0	10	11425	389156	36413	31	0	0	531976	382099	32812	0
2476	-101	-3	12	23	15497	5558	368286	10	600	1236365	7	17585	2	1	0	5838	23	0	3	1835	0	8712	15497	601	0	0	0	0	89	0	10	11425	389156	36413	31	0	0	531926	382099	32812	0
2475	-101	-3	10	23	15417	5558	368223	10	600	1236239	7	17582	2	1	0	5836	18	0	3	1835	0	8712	15417	601	0	0	0	0	89	0	10	11425	389156	36413	31	0	0	531876	382099	32812	0
2474	-101	-3	13	23	15337	5558	368097	10	600	1236176	7	17576	2	1	0	5835	25	0	3	1835	0	8712	15337	601	0	0	0	0	89	0	10	11425	389156	36413	31	0	0	531826	382099	32812	0
2473	-101	-3	15	23	15257	5558	367971	10	600	1236050	7	17570	2	1	0	5833	28	0	3	1835	0	8712	15257	601	0	0	0	0	89	0	10	11425	389156	36413	31	0	0	531776	382099	32812	0
2472	-101	-2	15	23	15097	5556	367719	10	599	1235798	7	17558	2	1	0	5829	28	0	3	1832	0	8705	15097	601	0	0	0	0	89	0	10	11425	389156	36413	31	0	0	531676	382099	32812	0
2471	-101	-2	15	24	15017	5556	367593	10	599	1235672	7	17552	2	1	0	5827	28	0	3	1832	0	8705	15017	601	0	0	0	0	89	0	10	11425	389156	36413	31	0	0	531626	382099	32812	0
2470	-101	-2	15	25	14937	5556	367530	10	599	1235546	7	17549	2	1	0	5825	28	0	3	1832	0	8705	14937	601	0	0	0	0	89	0	10	11425	389156	36413	31	0	0	531576	382099	32812	0
2469	-101	-2	15	30	14857	5556	367404	10	599	1235420	7	17543	2	1	0	5823	28	0	3	1832	0	8705	14857	601	0	0	0	0	89	0	10	11425	389156	36413	31	0	0	531526	382099	32812	0
2468	-102	-2	15	30	14777	5554	367278	10	598	1235294	7	17537	2	1	0	5821	28	0	3	1829	0	8698	14777	601	0	0	0	0	89	0	10	11425	389156	36413	31	0	0	531476	382099	32812	0
2467	-102	-2	15	31	14697	5554	367152	10	598	1235168	7	17531	2	1	0	5819	28	0	3	1829	0	8698	14697	601	0	0	0	0	89	0	10	11425	389156	36413	31	0	0	531426	382099	32812	0
2466	-102	-2	15	31	14617	5554	367026	10	598	1235105	7	17525	2	1	0	5818	28	0	3	1829	0	8698	14617	601	0	0	0	0	89	0	10	11425	389156	36413	31	0	0	531376	382099	32812	0
2465	-102	-2	15	30	14537	5554	366900	10	598	1234979	7	17519	2	1	0	5816	28	0	3	1829	0	8698	14537	601	0	0	0	0	89	0	10	11425	389156	36413	31	0	0	531326	382099	32812	0
2464	-102	-2	15	28	14457	5554	366774	10	598	1234853	7	17513	2	1	0	5814	28	0	3	1829	0	8698	14457	601	0	0	0	0	89	0	10	11425	389156	36413	31	0	0	531276	382099	32812	0
2463	-104	-2	15	27	14377	5552	366648	10	597	1234727	7	17507	2	1	0	5812	28	0	3	1826	0	8691	14377	601	0	0	0	0	89	0	10	11425	389156	36413	31	0	0	531226	382099	32812	0
2462	-104	-2	15	28	14217	5552	366459	10	597	1234475	7	17498	2	1	0	5808	28	0	3	1826	0	8691	14217	601	0	0	0	0	89	0	10	11425	389156	36413	31	0	0	531126	382099	32812	0
2461	-104	-2	15	29	14137	5552	366333	10	597	1234412	7	17492	2	1	0	5807	28	0	3	1826	0	8691	14137	601	0	0	0	0	89	0	10	11425	389156	36413	31	0	0	531076	382099	32812	0
2460	-104	-2	15	28	14057	5552	366207	10	597	1234286	7	17486	2	1	0	5805	28	0	3	1826	0	8691	14057	601	0	0	0	0	89	0	10	11425	389156	36413	31	0	0	531026	382099	32812	0
2459	-103	-2	15	28	13977	5550	366081	10	596	1234160	7	17480	2	1	0	5803	28	0	3	1823	0	8684	13977	601	0	0	0	0	89	0	10	11425	389156	36413	31	0	0	530976	382099	32812	0
2458	-103	-2	15	28	13897	5550	365955	10	596	1234034	7	17474	2	1	0	5801	28	0	3	1823	0	8684	13897	601	0	0	0	0	89	0	10	11425	389156	36413	31	0	0	530926	382099	32812	0
2457	-103	-2	15	28	13817	5550	365829	10	596	1233908	7	17468	2	1	0	5799	28	0	3	1823	0	8684	13817	601	0	0	0	0	89	0	10	11425	389156	36413	31	0	0	530876	382099	32812	0
2456	-103	-2	15	28	13737	5550	365703	10	596	1233782	7	17462	2	1	0	5797	28	0	3	1823	0	8684	13737	601	0	0	0	0	89	0	10	11425	389156	36413	31	0	0	530826	382099	32812	0
2455	-102	-2	15	29	13657	5548	365640	10	595	1233656	7	17459	2	1	0	5795	28	0	3	1820	0	8677	13657	601	0	0	0	0	89	0	10	11425	389156	36413	31	0	0	530776	382099	32812	0
2454	-102	-2	15	29	13577	5548	365451	10	595	1233530	7	17450	2	1	0	5793	28	0	3	1820	0	8677	13577	601	0	0	0	0	89	0	10	11425	389156	36413	31	0	0	530726	382099	32812	0
2453	-102	-2	15	29	13497	5548	365388	10	595	1233404	7	17447	2	1	0	5791	28	0	3	1820	0	8677	13497	601	0	0	0	0	89	0	10	11425	389156	36413	31	0	0	530676	382099	32812	0
2452	-102	-2	15	29	13337	5548	365136	10	595	1233215	7	17435	2	1	0	5788	28	0	3	1820	0	8677	13337	601	0	0	0	0	89	0	10	11425	389156	36413	31	0	0	530576	382099	32812	0
2451	-99	-2	15	28	13257	5546	365010	10	594	1233089	7	17429	2	1	0	5786	28	0	3	1817	0	8670	13257	601	0	0	0	0	89	0	10	11425	389156	36413	31	0	0	530526	382099	32812	0
2450	-99	-2	15	27	13177	5546	364884	10	594	1232963	7	17423	2	1	0	5784	28	0	3	1817	0	8670	13177	601	0	0	0	0	89	0	10	11425	389156	36413	31	0	0	530476	382099	32812	0
2449	-99	-2	15	26	13097	5546	364758	10	594	1232837	7	17417	2	1	0	5782	28	0	3	1817	0	8670	13097	601	0	0	0	0	89	0	10	11425	389156	36413	31	0	0	530426	382099	32812	0
2448	-99	-2	15	27	13017	5546	364695	10	594	1232711	7	17414	2	1	0	5780	28	0	3	1817	0	8670	13017	601	0	0	0	0	89	0	10	11425	389156	36413	31	0	0	530376	382099	32812	0
2447	-99	-2	15	30	12937	5546	364569	10	594	1232585	7	17408	2	1	0	5778	28	0	3	1817	0	8670	12937	601	0	0	0	0	89	0	10	11425	389156	36413	31	0	0	530326	382099	32812	0
2446	-99	-2	15	31	12857	5544	364443	10	593	1232459	7	17402	2	1	0	5776	28	0	3	1814	0	8663	12857	601	0	0	0	0	89	0	10	11425	389156	36413	31	0	0	530276	382099	32812	0
2445	-99	-2	15	32	12777	5544	364317	10	593	1232333	7	17396	2	1	0	5774	28	0	3	1814	0	8663	12777	601	0	0	0	0	89	0	10	11425	389156	36413	31	0	0	530226	382099	32812	0
2444	-99	-2	15	32	12697	5544	364191	10	593	1232270	7	17390	2	1	0	5773	28	0	3	1814	0	8663	12697	601	0	0	0	0	89	0	10	11425	389156	36413	31	0	0	530176	382099	32812	0
2443	-99	-2	15	32	12617	5544	364065	10	593	1232144	7	17384	2	1	0	5771	28	0	3	1814	0	8663	12617	601	0	0	0	0	89	0	10	11425	389156	36413	31	0	0	530126	382099	32812	0
2442	-99	-2	15	32	12457	5542	363813	10	592	1231892	7	17372	2	1	0	5767	28	0	3	1811	0	8656	12457	601	0	0	0	0	89	0	10	11425	389156	36413	31	0	0	530026	382099	32812	0
2441	-99	-2	15	31	12377	5542	363687	10	592	1231766	7	17366	2	1	0	5765	28	0	3	1811	0	8656	12377	601	0	0	0	0	89	0	10	11425	389156	36413	31	0	0	529976	382099	32812	0
2440	-99	-2	15	31	12297	5542	363624	10	592	1231640	7	17363	2	1	0	5763	28	0	3	1811	0	8656	12297	601	0	0	0	0	89	0	10	11425	389156	36413	31	0	0	529926	382099	32812	0
2439	-99	-2	15	31	12217	5542	363498	10	592	1231577	7	17357	2	1	0	5762	28	0	3	1811	0	8656	12217	601	0	0	0	0	89	0	10	11425	389156	36413	31	0	0	529876	382099	32812	0
2438	-99	-2	15	31	12137	5542	363372	10	592	1231451	7	17351	2	1	0	5760	28	0	3	1811	0	8656	12137	601	0	0	0	0	89	0	10	11425	389156	36413	31	0	0	529826	382099	32812	0
2437	-99	-2	15	30	12057	5540	363246	10	591	1231325	7	17345	2	1	0	5758	28	0	3	1808	0	8649	12057	601	0	0	0	0	89	0	10	11425	389156	36413	31	0	0	529776	382099	32812	0
2436	-99	-2	15	30	11977	5540	363120	10	591	1231199	7	17339	2	1	0	5756	28	0	3	1808	0	8649	11977	601	0	0	0	0	89	0	10	11425	389156	36413	31	0	0	529726	382099	32812	0
2435	-99	-2	15	30	11897	5540	362994	10	591	1231073	7	17333	2	1	0	5754	28	0	3	1808	0	8649	11897	601	0	0	0	0	89	0	10	11425	389156	36413	31	0	0	529676	382099	32812	0
2434	-99	-2	15	30	11817	5540	362868	10	591	1230947	7	17327	2	1	0	5752	28	0	3	1808	0	8649	11817	601	0	0	0	0	89	0	10	11425	389156	36413	31	0	0	529626	382099	32812	0
2433	-99	-2	15	31	11737	5538	362805	10	590	1230821	7	17324	2	1	0	5750	28	0	3	1805	0	8642	11737	601	0	0	0	0	89	0	10	11425	389156	36413	31	0	0	529576	382099	32812	0
2432	-99	-2	15	31	11577	5538	362553	10	590	1230569	7	17312	2	1	0	5746	28	0	3	1805	0	8642	11577	601	0	0	0	0	89	0	10	11425	389156	36413	31	0	0	529476	382099	32812	0
2431	-99	-2	15	31	11497	5538	362427	10	590	1230506	7	17306	2	1	0	5745	28	0	3	1805	0	8642	11497	601	0	0	0	0	89	0	10	11425	389156	36413	31	0	0	529426	382099	32812	0
2430	-99	-2	15	31	11417	5538	362301	10	590	1230380	7	17300	2	1	0	5743	28	0	3	1805	0	8642	11417	601	0	0	0	0	89	0	10	11425	389156	36413	31	0	0	529376	382099	32812	0
2429	-98	-2	15	31	11337	5536	362175	10	589	1230254	7	17294	2	1	0	5741	28	0	3	1802	0	8635	11337	601	0	0	0	0	89	0	10	11425	389156	36413	31	0	0	529326	382099	32812	0
2428	-98	-2	15	31	11257	5536	362049	10	589	1230128	7	17288	2	1	0	5739	28	0	3	1802	0	8635	11257	601	0	0	0	0	89	0	10	11425	389156	36413	31	0	0	529276	382099	32812	0
2427	-98	-2	15	31	11177	5536	361923	10	589	1230002	7	17282	2	1	0	5737	28	0	3	1802	0	8635	11177	601	0	0	0	0	89	0	10	11425	389156	36413	31	0	0	529226	382099	32812	0
2426	-98	-2	15	31	11097	5536	361860	10	589	1229876	7	17279	2	1	0	5735	28	0	3	1802	0	8635	11097	601	0	0	0	0	89	0	10	11425	389156	36413	31	0	0	529176	382099	32812	0
2425	-98	-2	15	31	11017	5536	361734	10	589	1229750	7	17273	2	1	0	5733	28	0	3	1802	0	8635	11017	601	0	0	0	0	89	0	10	11425	389156	36413	31	0	0	529126	382099	32812	0
2424	-98	-2	15	31	10937	5534	361608	10	588	1229624	7	17267	2	1	0	5731	28	0	3	1799	0	8628	10937	601	0	0	0	0	89	0	10	11425	389156	36413	31	0	0	529076	382099	32812	0
2423	-98	-2	15	31	10857	5534	361482	10	588	1229498	7	17261	2	1	0	5729	28	0	3	1799	0	8628	10857	601	0	0	0	0	89	0	10	11425	389156	36413	31	0	0	529026	382099	32812	0
2422	-98	-2	15	31	10697	5534	361230	10	588	1229309	7	17249	2	1	0	5726	28	0	3	1799	0	8628	10697	601	0	0	0	0	89	0	10	11425	389156	36413	31	0	0	528926	382099	32812	0
2421	-98	-2	15	31	10617	5534	361104	10	588	1229183	7	17243	2	1	0	5724	28	0	3	1799	0	8628	10617	601	0	0	0	0	89	0	10	11425	389156	36413	31	0	0	528876	382099	32812	0
2420	-98	-2	15	31	10537	5532	360978	10	587	1229057	7	17237	2	1	0	5722	28	0	3	1796	0	8621	10537	601	0	0	0	0	89	0	10	11425	389156	36413	31	0	0	528826	382099	32812	0
2419	-98	-2	15	31	10457	5532	360852	10	587	1228931	7	17231	2	1	0	5720	28	0	3	1796	0	8621	10457	601	0	0	0	0	89	0	10	11425	389156	36413	31	0	0	528776	382099	32812	0
2418	-98	-2	15	31	10377	5532	360789	10	587	1228805	7	17228	2	1	0	5718	28	0	3	1796	0	8621	10377	601	0	0	0	0	89	0	10	11425	389156	36413	31	0	0	528726	382099	32812	0
2417	-98	-2	15	31	10297	5532	360663	10	587	1228742	7	17222	2	1	0	5717	28	0	3	1796	0	8621	10297	601	0	0	0	0	89	0	10	11425	389156	36413	31	0	0	528676	382099	32812	0
2416	-98	-2	15	31	10217	5532	360537	10	587	1228616	7	17216	2	1	0	5715	28	0	3	1796	0	8621	10217	601	0	0	0	0	89	0	10	11425	389156	36413	31	0	0	528626	382099	32812	0
2415	-98	-2	15	31	10137	5530	360411	10	586	1228490	7	17210	2	1	0	5713	28	0	3	1793	0	8614	10137	601	0	0	0	0	89	0	10	11425	389156	36413	31	0	0	528576	382099	32812	0
2414	-98	-2	15	31	10057	5530	360285	10	586	1228364	7	17204	2	1	0	5711	28	0	3	1793	0	8614	10057	601	0	0	0	0	89	0	10	11425	389156	36413	31	0	0	528526	382099	32812	0
2413	-98	-2	15	31	9977	5530	360159	10	586	1228238	7	17198	2	1	0	5709	28	0	3	1793	0	8614	9977	601	0	0	0	0	89	0	10	11425	389156	36413	31	0	0	528476	382099	32812	0
2412	-98	-2	15	31	9817	5528	359970	10	585	1227986	7	17189	2	1	0	5705	28	0	3	1790	0	8607	9817	601	0	0	0	0	89	0	10	11425	389156	36413	31	0	0	528376	382099	32812	0
2411	-98	-2	15	31	9737	5528	359781	10	585	1227860	7	17180	2	1	0	5703	28	0	3	1790	0	8607	9737	601	0	0	0	0	89	0	10	11425	389156	36413	31	0	0	528326	382099	32812	0
2410	-98	-2	15	31	9657	5528	359718	10	585	1227734	7	17177	2	1	0	5701	28	0	3	1790	0	8607	9657	601	0	0	0	0	89	0	10	11425	389156	36413	31	0	0	528276	382099	32812	0
2409	-98	-2	15	31	9577	5528	359592	10	585	1227671	7	17171	2	1	0	5700	28	0	3	1790	0	8607	9577	601	0	0	0	0	89	0	10	11425	389156	36413	31	0	0	528226	382099	32812	0
2408	-98	-2	15	31	9497	5528	359466	10	585	1227545	7	17165	2	1	0	5698	28	0	3	1790	0	8607	9497	601	0	0	0	0	89	0	10	11425	389156	36413	31	0	0	528176	382099	32812	0
2407	-98	-2	15	31	9417	5526	359340	10	584	1227419	7	17159	2	1	0	5696	28	0	3	1787	0	8600	9417	601	0	0	0	0	89	0	10	11425	389156	36413	31	0	0	528126	382099	32812	0
2406	-98	-2	15	31	9337	5526	359214	10	584	1227293	7	17153	2	1	0	5694	28	0	3	1787	0	8600	9337	601	0	0	0	0	89	0	10	11425	389156	36413	31	0	0	528076	382099	32812	0
2405	-98	-2	15	31	9257	5526	359088	10	584	1227167	7	17147	2	1	0	5692	28	0	3	1787	0	8600	9257	601	0	0	0	0	89	0	10	11425	389156	36413	31	0	0	528026	382099	32812	0
2404	-98	-2	15	31	9177	5526	359025	10	584	1227041	7	17144	2	1	0	5690	28	0	3	1787	0	8600	9177	601	0	0	0	0	89	0	10	11425	389156	36413	31	0	0	527976	382099	32812	0
2403	-98	-2	15	31	9097	5526	358899	10	584	1226915	7	17138	2	1	0	5688	28	0	3	1787	0	8600	9097	601	0	0	0	0	89	0	10	11425	389156	36413	31	0	0	527926	382099	32812	0
2402	-98	-2	15	32	8937	5524	358647	10	583	1226663	7	17126	2	1	0	5684	28	0	3	1784	0	8593	8937	601	0	0	0	0	89	0	10	11425	389156	36413	31	0	0	527826	382099	32812	0
2401	-98	-2	15	32	8857	5524	358521	10	583	1226600	7	17120	2	1	0	5683	28	0	3	1784	0	8593	8857	601	0	0	0	0	89	0	10	11425	389156	36413	31	0	0	527776	382099	32812	0
2400	-98	-2	15	32	8777	5524	358395	10	583	1226474	7	17114	2	1	0	5681	28	0	3	1784	0	8593	8777	601	0	0	0	0	89	0	10	11425	389156	36413	31	0	0	527726	382099	32812	0
2399	-98	-2	15	32	8697	5524	358269	10	583	1226348	7	17108	2	1	0	5679	28	0	3	1784	0	8593	8697	601	0	0	0	0	89	0	10	11425	389156	36413	31	0	0	527676	382099	32812	0
2398	-97	-2	15	32	8617	5522	358143	10	582	1226222	7	17102	2	1	0	5677	28	0	3	1781	0	8586	8617	601	0	0	0	0	89	0	10	11425	389156	36413	31	0	0	527626	382099	32812	0
2397	-97	-2	15	33	8537	5522	358017	10	582	1226096	7	17096	2	1	0	5675	28	0	3	1781	0	8586	8537	601	0	0	0	0	89	0	10	11425	389156	36413	31	0	0	527576	382099	32812	0
2396	-97	-2	15	33	8457	5522	357954	10	582	1225970	7	17093	2	1	0	5673	28	0	3	1781	0	8586	8457	601	0	0	0	0	89	0	10	11425	389156	36413	31	0	0	527526	382099	32812	0
2395	-97	-2	15	33	8377	5522	357828	10	582	1225907	7	17087	2	1	0	5672	28	0	3	1781	0	8586	8377	601	0	0	0	0	89	0	10	11425	389156	36413	31	0	0	527476	382099	32812	0
2394	-97	-2	15	33	8297	5522	357702	10	582	1225781	7	17081	2	1	0	5670	28	0	3	1781	0	8586	8297	601	0	0	0	0	89	0	10	11425	389156	36413	31	0	0	527426	382099	32812	0
2393	-97	-2	15	33	8217	5520	357576	10	581	1225655	7	17075	2	1	0	5668	28	0	3	1778	0	8579	8217	601	0	0	0	0	89	0	10	11425	389156	36413	31	0	0	527376	382099	32812	0
2392	-97	-2	15	34	8057	5520	357324	10	581	1225403	7	17063	2	1	0	5664	28	0	3	1778	0	8579	8057	601	0	0	0	0	89	0	10	11425	389156	36413	31	0	0	527276	382099	32812	0
2391	-97	-2	15	34	7977	5520	357198	10	581	1225277	7	17057	2	1	0	5662	28	0	3	1778	0	8579	7977	601	0	0	0	0	89	0	10	11425	389156	36413	31	0	0	527226	382099	32812	0
2390	-97	-2	15	34	7897	5518	357135	10	580	1225151	7	17054	2	1	0	5660	28	0	3	1775	0	8572	7897	601	0	0	0	0	89	0	10	11425	389156	36413	31	0	0	527176	382099	32812	0
2389	-97	-2	15	34	7817	5518	356946	10	580	1225025	7	17045	2	1	0	5658	28	0	3	1775	0	8572	7817	601	0	0	0	0	89	0	10	11425	389156	36413	31	0	0	527126	382099	32812	0
2388	-97	-2	15	35	7737	5518	356883	10	580	1224899	7	17042	2	1	0	5656	28	0	3	1775	0	8572	7737	601	0	0	0	0	89	0	10	11425	389156	36413	31	0	0	527076	382099	32812	0
2387	-97	-2	15	34	7657	5518	356757	10	580	1224836	7	17036	2	1	0	5655	28	0	3	1775	0	8572	7657	601	0	0	0	0	89	0	10	11425	389156	36413	31	0	0	527026	382099	32812	0
2386	-97	-2	15	34	7577	5518	356631	10	580	1224710	7	17030	2	1	0	5653	28	0	3	1775	0	8572	7577	601	0	0	0	0	89	0	10	11425	389156	36413	31	0	0	526976	382099	32812	0
2385	-97	-2	15	34	7497	5516	356505	10	579	1224584	7	17024	2	1	0	5651	28	0	3	1772	0	8565	7497	601	0	0	0	0	89	0	10	11425	389156	36413	31	0	0	526926	382099	32812	0
2384	-97	-2	15	34	7417	5516	356379	10	579	1224458	7	17018	2	1	0	5649	28	0	3	1772	0	8565	7417	601	0	0	0	0	89	0	10	11425	389156	36413	31	0	0	526876	382099	32812	0
2383	-97	-2	15	34	7337	5516	356253	10	579	1224332	7	17012	2	1	0	5647	28	0	3	1772	0	8565	7337	601	0	0	0	0	89	0	10	11425	389156	36413	31	0	0	526826	382099	32812	0
2382	-97	-2	15	34	7177	5516	356064	10	579	1224080	7	17003	2	1	0	5643	28	0	3	1772	0	8565	7177	601	0	0	0	0	89	0	10	11425	389156	36413	31	0	0	526726	382099	32812	0
2381	-97	-2	15	34	7097	5514	355938	10	578	1223954	7	16997	2	1	0	5641	28	0	3	1769	0	8558	7097	601	0	0	0	0	89	0	10	11425	389156	36413	31	0	0	526676	382099	32812	0
2380	-97	-2	15	34	7017	5514	355812	10	578	1223828	7	16991	2	1	0	5639	28	0	3	1769	0	8558	7017	601	0	0	0	0	89	0	10	11425	389156	36413	31	0	0	526626	382099	32812	0
2379	-97	-2	15	34	6937	5514	355686	10	578	1223765	7	16985	2	1	0	5638	28	0	3	1769	0	8558	6937	601	0	0	0	0	89	0	10	11425	389156	36413	31	0	0	526576	382099	32812	0
2378	-97	-2	15	34	6857	5514	355560	10	578	1223639	7	16979	2	1	0	5636	28	0	3	1769	0	8558	6857	601	0	0	0	0	89	0	10	11425	389156	36413	31	0	0	526526	382099	32812	0
2377	-97	-2	15	34	6777	5514	355434	10	578	1223513	7	16973	2	1	0	5634	28	0	3	1769	0	8558	6777	601	0	0	0	0	89	0	10	11425	389156	36413	31	0	0	526476	382099	32812	0
2376	-97	-2	15	34	6697	5512	355308	10	577	1223387	7	16967	2	1	0	5632	28	0	3	1766	0	8551	6697	601	0	0	0	0	89	0	10	11425	389156	36413	31	0	0	526426	382099	32812	0
2375	-97	-2	15	34	6617	5512	355182	10	577	1223261	7	16961	2	1	0	5630	28	0	3	1766	0	8551	6617	601	0	0	0	0	89	0	10	11425	389156	36413	31	0	0	526376	382099	32812	0
2374	-97	-2	15	34	6537	5512	355119	10	577	1223135	7	16958	2	1	0	5628	28	0	3	1766	0	8551	6537	601	0	0	0	0	89	0	10	11425	389156	36413	31	0	0	526326	382099	32812	0
2373	-97	-2	15	34	6457	5512	354993	10	577	1223072	7	16952	2	1	0	5627	28	0	3	1766	0	8551	6457	601	0	0	0	0	89	0	10	11425	389156	36413	31	0	0	526276	382099	32812	0
2372	-97	-2	15	34	6297	5510	354741	10	576	1222820	7	16940	2	1	0	5623	28	0	3	1763	0	8544	6297	601	0	0	0	0	89	0	10	11425	389156	36413	31	0	0	526176	382099	32812	0
2371	-97	-2	15	34	6217	5510	354615	10	576	1222694	7	16934	2	1	0	5621	28	0	3	1763	0	8544	6217	601	0	0	0	0	89	0	10	11425	389156	36413	31	0	0	526126	382099	32812	0
2370	-97	-2	15	34	6137	5510	354489	10	576	1222568	7	16928	2	1	0	5619	28	0	3	1763	0	8544	6137	601	0	0	0	0	89	0	10	11425	389156	36413	31	0	0	526076	382099	32812	0
2369	-97	-2	15	34	6057	5510	354363	10	576	1222442	7	16922	2	1	0	5617	28	0	3	1763	0	8544	6057	601	0	0	0	0	89	0	10	11425	389156	36413	31	0	0	526026	382099	32812	0
2368	-98	-2	15	34	5977	5508	354300	10	575	1222316	7	16919	2	1	0	5615	28	0	3	1760	0	8537	5977	601	0	0	0	0	89	0	10	11425	389156	36413	31	0	0	525976	382099	32812	0
2367	-98	-2	15	34	5897	5508	354111	10	575	1222190	7	16910	2	1	0	5613	28	0	3	1760	0	8537	5897	601	0	0	0	0	89	0	10	11425	389156	36413	31	0	0	525926	382099	32812	0
2366	-98	-2	15	34	5817	5508	354048	10	575	1222064	7	16907	2	1	0	5611	28	0	3	1760	0	8537	5817	601	0	0	0	0	89	0	10	11425	389156	36413	31	0	0	525876	382099	32812	0
2365	-98	-2	15	34	5737	5508	353922	10	575	1222001	7	16901	2	1	0	5610	28	0	3	1760	0	8537	5737	601	0	0	0	0	89	0	10	11425	389156	36413	31	0	0	525826	382099	32812	0
2364	-98	-2	15	34	5657	5508	353796	10	575	1221875	7	16895	2	1	0	5608	28	0	3	1760	0	8537	5657	601	0	0	0	0	89	0	10	11425	389156	36413	31	0	0	525776	382099	32812	0
2363	-98	-2	15	34	5577	5506	353670	10	574	1221749	7	16889	2	1	0	5606	28	0	3	1757	0	8530	5577	601	0	0	0	0	89	0	10	11425	389156	36413	31	0	0	525726	382099	32812	0
2362	-98	-2	15	34	5417	5506	353418	10	574	1221497	7	16877	2	1	0	5602	28	0	3	1757	0	8530	5417	601	0	0	0	0	89	0	10	11425	389156	36413	31	0	0	525626	382099	32812	0
2361	-98	-2	15	34	5337	5506	353355	10	574	1221371	7	16874	2	1	0	5600	28	0	3	1757	0	8530	5337	601	0	0	0	0	89	0	10	11425	389156	36413	31	0	0	525576	382099	32812	0
2360	-98	-2	15	34	5257	5506	353229	10	574	1221245	7	16868	2	1	0	5598	28	0	3	1757	0	8530	5257	601	0	0	0	0	89	0	10	11425	389156	36413	31	0	0	525526	382099	32812	0
2359	-98	-2	15	34	5177	5504	353103	10	573	1221119	7	16862	2	1	0	5596	28	0	3	1754	0	8523	5177	601	0	0	0	0	89	0	10	11425	389156	36413	31	0	0	525476	382099	32812	0
2358	-98	-2	15	34	5097	5504	352977	10	573	1220993	7	16856	2	1	0	5594	28	0	3	1754	0	8523	5097	601	0	0	0	0	89	0	10	11425	389156	36413	31	0	0	525426	382099	32812	0
2357	-98	-2	15	34	5017	5504	352851	10	573	1220930	7	16850	2	1	0	5593	28	0	3	1754	0	8523	5017	601	0	0	0	0	89	0	10	11425	389156	36413	31	0	0	525376	382099	32812	0
2356	-98	-2	15	34	4937	5504	352725	10	573	1220804	7	16844	2	1	0	5591	28	0	3	1754	0	8523	4937	601	0	0	0	0	89	0	10	11425	389156	36413	31	0	0	525326	382099	32812	0
2355	-98	-2	15	34	4857	5504	352599	10	573	1220678	7	16838	2	1	0	5589	28	0	3	1754	0	8523	4857	601	0	0	0	0	89	0	10	11425	389156	36413	31	0	0	525276	382099	32812	0
2354	-98	-2	15	34	4777	5502	352473	10	572	1220552	7	16832	2	1	0	5587	28	0	3	1751	0	8516	4777	601	0	0	0	0	89	0	10	11425	389156	36413	31	0	0	525226	382099	32812	0
2353	-98	-2	15	34	4697	5502	352347	10	572	1220426	7	16826	2	1	0	5585	28	0	3	1751	0	8516	4697	601	0	0	0	0	89	0	10	11425	389156	36413	31	0	0	525176	382099	32812	0
2352	-98	-2	15	34	4537	5502	352158	10	572	1220237	7	16817	2	1	0	5582	28	0	3	1751	0	8516	4537	601	0	0	0	0	89	0	10	11425	389156	36413	31	0	0	525076	382099	32812	0
2351	-98	-2	15	34	4457	5502	352032	10	572	1220111	7	16811	2	1	0	5580	28	0	3	1751	0	8516	4457	601	0	0	0	0	89	0	10	11425	389156	36413	31	0	0	525026	382099	32812	0
2350	-98	-2	15	34	4377	5500	351906	10	571	1219985	7	16805	2	1	0	5578	28	0	3	1748	0	8509	4377	601	0	0	0	0	89	0	10	11425	389156	36413	31	0	0	524976	382099	32812	0
2349	-98	-2	15	34	4297	5500	351780	10	571	1219859	7	16799	2	1	0	5576	28	0	3	1748	0	8509	4297	601	0	0	0	0	89	0	10	11425	389156	36413	31	0	0	524926	382099	32812	0
2348	-98	-2	15	34	4217	5500	351654	10	571	1219733	7	16793	2	1	0	5574	28	0	3	1748	0	8509	4217	601	0	0	0	0	89	0	10	11425	389156	36413	31	0	0	524876	382099	32812	0
2347	-98	-2	15	34	4137	5500	351528	10	571	1219607	7	16787	2	1	0	5572	28	0	3	1748	0	8509	4137	601	0	0	0	0	89	0	10	11425	389156	36413	31	0	0	524826	382099	32812	0
2346	-98	-2	15	34	4057	5498	351465	10	570	1219481	7	16784	2	1	0	5570	28	0	3	1745	0	8502	4057	601	0	0	0	0	89	0	10	11425	389156	36413	31	0	0	524776	382099	32812	0
2345	-98	-2	15	34	3977	5498	351276	10	570	1219355	7	16775	2	1	0	5568	28	0	3	1745	0	8502	3977	601	0	0	0	0	89	0	10	11425	389156	36413	31	0	0	524726	382099	32812	0
2344	-98	-2	15	34	3897	5498	351213	10	570	1219229	7	16772	2	1	0	5566	28	0	3	1745	0	8502	3897	601	0	0	0	0	89	0	10	11425	389156	36413	31	0	0	524676	382099	32812	0
2343	-98	-2	15	34	3737	5498	350961	10	570	1219040	7	16760	2	1	0	5563	28	0	3	1745	0	8502	3737	601	0	0	0	0	89	0	10	11425	389156	36413	31	0	0	524576	382099	32812	0
2342	-97	-2	15	34	3657	5496	350835	10	569	1218914	7	16754	2	1	0	5561	28	0	3	1742	0	8495	3657	601	0	0	0	0	89	0	10	11425	389156	36413	31	0	0	524526	382099	32812	0
2341	-97	-2	15	34	3577	5496	350709	10	569	1218788	7	16748	2	1	0	5559	28	0	3	1742	0	8495	3577	601	0	0	0	0	89	0	10	11425	389156	36413	31	0	0	524476	382099	32812	0
2340	-97	-2	15	34	3495	5496	350583	10	569	1218662	7	16742	2	1	0	5557	28	0	3	1742	0	8495	3495	601	0	0	0	0	89	0	10	11425	389156	36413	31	0	0	524424	382099	32812	0
2339	-97	-2	15	34	3416	5496	350520	10	569	1218536	7	16739	2	1	0	5555	28	0	3	1742	0	8495	3416	601	0	0	0	0	89	0	10	11425	389156	36413	31	0	0	524375	382099	32812	0
2338	-97	-2	15	34	3337	5496	350394	10	569	1218410	7	16733	2	1	0	5553	28	0	3	1742	0	8495	3337	601	0	0	0	0	89	0	10	11425	389156	36413	31	0	0	524326	382099	32812	0
2337	-97	-2	15	34	3257	5494	350268	10	568	1218284	7	16727	2	1	0	5551	28	0	3	1739	0	8488	3257	601	0	0	0	0	89	0	10	11425	389156	36413	31	0	0	524276	382099	32812	0
2336	-97	-2	15	34	3177	5494	350142	10	568	1218158	7	16721	2	1	0	5549	28	0	3	1739	0	8488	3177	601	0	0	0	0	89	0	10	11425	389156	36413	31	0	0	524226	382099	32812	0
2335	-97	-2	15	34	3097	5494	350016	10	568	1218095	7	16715	2	1	0	5548	28	0	3	1739	0	8488	3097	601	0	0	0	0	89	0	10	11425	389156	36413	31	0	0	524176	382099	32812	0
2334	-97	-2	15	34	3017	5494	349890	10	568	1217969	7	16709	2	1	0	5546	28	0	3	1739	0	8488	3017	601	0	0	0	0	89	0	10	11425	389156	36413	31	0	0	524126	382099	32812	0
2333	-98	-2	15	34	2857	5492	349638	10	567	1217717	7	16697	2	1	0	5542	28	0	3	1736	0	8481	2857	601	0	0	0	0	89	0	10	11425	389156	36413	31	0	0	524026	382099	32812	0
2332	-98	-2	15	34	2777	5492	349512	10	567	1217591	7	16691	2	1	0	5540	28	0	3	1736	0	8481	2777	601	0	0	0	0	89	0	10	11425	389156	36413	31	0	0	523976	382099	32812	0
2331	-98	-2	15	34	2697	5492	349449	10	567	1217465	7	16688	2	1	0	5538	28	0	3	1736	0	8481	2697	601	0	0	0	0	89	0	10	11425	389156	36413	31	0	0	523926	382099	32812	0
2330	-98	-2	15	34	2617	5492	349323	10	567	1217402	7	16682	2	1	0	5537	28	0	3	1736	0	8481	2617	601	0	0	0	0	89	0	10	11425	389156	36413	31	0	0	523876	382099	32812	0
2329	-98	-2	15	34	2537	5492	349197	10	567	1217276	7	16676	2	1	0	5535	28	0	3	1736	0	8481	2537	601	0	0	0	0	89	0	10	11425	389156	36413	31	0	0	523826	382099	32812	0
2328	-98	-2	15	34	2457	5490	349071	10	566	1217150	7	16670	2	1	0	5533	28	0	3	1733	0	8474	2457	601	0	0	0	0	89	0	10	11425	389156	36413	31	0	0	523776	382099	32812	0
2327	-98	-2	15	34	2377	5490	348945	10	566	1217024	7	16664	2	1	0	5531	28	0	3	1733	0	8474	2377	601	0	0	0	0	89	0	10	11425	389156	36413	31	0	0	523726	382099	32812	0
2326	-98	-2	15	34	2297	5490	348819	10	566	1216898	7	16658	2	1	0	5529	28	0	3	1733	0	8474	2297	601	0	0	0	0	89	0	10	11425	389156	36413	31	0	0	523676	382099	32812	0
2325	-98	-2	15	34	2217	5490	348693	10	566	1216772	7	16652	2	1	0	5527	28	0	3	1733	0	8474	2217	601	0	0	0	0	89	0	10	11425	389156	36413	31	0	0	523626	382099	32812	0
2324	-98	-2	15	34	2137	5488	348630	10	565	1216646	7	16649	2	1	0	5525	28	0	3	1730	0	8467	2137	601	0	0	0	0	89	0	10	11425	389156	36413	31	0	0	523576	382099	32812	0
2323	-98	-2	15	34	1976	5488	348378	10	565	1216394	7	16637	2	1	0	5521	28	0	3	1730	0	8467	1976	601	0	0	0	0	89	0	10	11425	389156	36413	31	0	0	523475	382099	32812	0
2322	-98	-2	15	34	1897	5488	348252	10	565	1216331	7	16631	2	1	0	5520	28	0	3	1730	0	8467	1897	601	0	0	0	0	89	0	10	11425	389156	36413	31	0	0	523426	382099	32812	0
2321	-98	-2	15	34	1817	5488	348126	10	565	1216205	7	16625	2	1	0	5518	28	0	3	1730	0	8467	1817	601	0	0	0	0	89	0	10	11425	389156	36413	31	0	0	523376	382099	32812	0
2320	-98	-2	15	34	1737	5486	348000	10	564	1216079	7	16619	2	1	0	5516	28	0	3	1727	0	8460	1737	601	0	0	0	0	89	0	10	11425	389156	36413	31	0	0	523326	382099	32812	0
2319	-98	-2	15	34	1657	5486	347874	10	564	1215953	7	16613	2	1	0	5514	28	0	3	1727	0	8460	1657	601	0	0	0	0	89	0	10	11425	389156	36413	31	0	0	523276	382099	32812	0
2318	-98	-2	15	34	1577	5486	347748	10	564	1215827	7	16607	2	1	0	5512	28	0	3	1727	0	8460	1577	601	0	0	0	0	89	0	10	11425	389156	36413	31	0	0	523226	382099	32812	0
2317	-98	-2	15	34	1497	5486	347685	10	564	1215701	7	16604	2	1	0	5510	28	0	3	1727	0	8460	1497	601	0	0	0	0	89	0	10	11425	389156	36413	31	0	0	523176	382099	32812	0
2316	-98	-2	15	34	1417	5486	347559	10	564	1215575	7	16598	2	1	0	5508	28	0	3	1727	0	8460	1417	601	0	0	0	0	89	0	10	11425	389156	36413	31	0	0	523126	382099	32812	0
2315	-98	-2	15	34	1337	5484	347433	10	563	1215449	7	16592	2	1	0	5506	28	0	3	1724	0	8453	1337	601	0	0	0	0	89	0	10	11425	389156	36413	31	0	0	523076	382099	32812	0
2314	-98	-2	15	34	1257	5484	347307	10	563	1215323	7	16586	2	1	0	5504	28	0	3	1724	0	8453	1257	601	0	0	0	0	89	0	10	11425	389156	36413	31	0	0	523026	382099	32812	0
2313	-98	-2	15	34	1097	5484	347055	10	563	1215134	7	16574	2	1	0	5501	28	0	3	1724	0	8453	1097	601	0	0	0	0	89	0	10	11425	389156	36413	31	0	0	522926	382099	32812	0
2312	-98	-2	15	34	1017	5484	346929	10	563	1215008	7	16568	2	1	0	5499	28	0	3	1724	0	8453	1017	601	0	0	0	0	89	0	10	11425	389156	36413	31	0	0	522876	382099	32812	0
2311	-98	-2	15	34	937	5482	346803	10	562	1214882	7	16562	2	1	0	5497	28	0	3	1721	0	8446	937	601	0	0	0	0	89	0	10	11425	389156	36413	31	0	0	522826	382099	32812	0
2310	-98	-2	15	34	857	5482	346677	10	562	1214756	7	16556	2	1	0	5495	28	0	3	1721	0	8446	857	601	0	0	0	0	89	0	10	11425	389156	36413	31	0	0	522776	382099	32812	0
2309	-98	-2	15	33	777	5482	346614	10	562	1214630	7	16553	2	1	0	5493	28	0	3	1721	0	8446	777	601	0	0	0	0	89	0	10	11425	389156	36413	31	0	0	522726	382099	32812	0
2308	-98	-2	15	33	697	5482	346488	10	562	1214567	7	16547	2	1	0	5492	28	0	3	1721	0	8446	697	601	0	0	0	0	89	0	10	11425	389156	36413	31	0	0	522676	382099	32812	0
2307	-98	-2	15	33	617	5482	346362	10	562	1214441	7	16541	2	1	0	5490	28	0	3	1721	0	8446	617	601	0	0	0	0	89	0	10	11425	389156	36413	31	0	0	522626	382099	32812	0
2306	-98	-2	15	33	537	5480	346236	10	561	1214315	7	16535	2	1	0	5488	28	0	3	1718	0	8439	537	601	0	0	0	0	89	0	10	11425	389156	36413	31	0	0	522576	382099	32812	0
2305	-98	-2	15	33	457	5480	346110	10	561	1214189	7	16529	2	1	0	5486	28	0	3	1718	0	8439	457	601	0	0	0	0	89	0	10	11425	389156	36413	31	0	0	522526	382099	32812	0
2304	-98	-2	15	33	377	5480	345984	10	561	1214063	7	16523	2	1	0	5484	28	0	3	1718	0	8439	377	601	0	0	0	0	89	0	10	11425	389156	36413	31	0	0	522476	382099	32812	0
2303	-98	-2	15	33	217	5478	345795	10	560	1213811	7	16514	2	1	0	5480	28	0	3	1715	0	8432	217	601	0	0	0	0	89	0	10	11425	389156	36413	31	0	0	522376	382099	32812	0
2302	-98	-2	15	33	137	5478	345606	10	560	1213685	7	16505	2	1	0	5478	28	0	3	1715	0	8432	137	601	0	0	0	0	89	0	10	11425	389156	36413	31	0	0	522326	382099	32812	0
2301	-98	-2	15	33	57	5478	345543	10	560	1213559	7	16502	2	1	0	5476	28	0	3	1715	0	8432	57	601	0	0	0	0	89	0	10	11425	389156	36413	31	0	0	522276	382099	32812	0
2300	-98	-2	15	33	16361	5478	345417	10	560	1213496	7	16496	2	1	0	5475	28	0	3	1715	0	8432	16361	601	0	0	0	0	89	0	10	11425	389156	36413	31	0	0	522226	382099	32812	0
2299	-98	-2	15	33	16281	5478	345291	10	560	1213370	7	16490	2	1	0	5473	28	0	3	1715	0	8432	16281	601	0	0	0	0	89	0	10	11425	389156	36413	31	0	0	522176	382099	32812	0
2298	-98	-2	15	33	16201	5476	345165	10	559	1213244	7	16484	2	1	0	5471	28	0	3	1712	0	8425	16201	601	0	0	0	0	89	0	10	11425	389156	36413	31	0	0	522126	382099	32812	0
2297	-98	-2	15	33	16121	5476	345039	10	559	1213118	7	16478	2	1	0	5469	28	0	3	1712	0	8425	16121	601	0	0	0	0	89	0	10	11425	389156	36413	31	0	0	522076	382099	32812	0
2296	-98	-2	15	33	16041	5476	344913	10	559	1212992	7	16472	2	1	0	5467	28	0	3	1712	0	8425	16041	601	0	0	0	0	89	0	10	11425	389156	36413	31	0	0	522026	382099	32812	0
2295	-98	-2	15	33	15961	5476	344850	10	559	1212866	7	16469	2	1	0	5465	28	0	3	1712	0	8425	15961	601	0	0	0	0	89	0	10	11425	389156	36413	31	0	0	521976	382099	32812	0
2294	-98	-2	15	33	15881	5476	344724	10	559	1212740	7	16463	2	1	0	5463	28	0	3	1712	0	8425	15881	601	0	0	0	0	89	0	10	11425	389156	36413	31	0	0	521926	382099	32812	0
2293	-98	-2	15	33	15721	5474	344472	10	558	1212488	7	16451	2	1	0	5459	28	0	3	1709	0	8418	15721	601	0	0	0	0	89	0	10	11425	389156	36413	31	0	0	521826	382099	32812	0
2292	-98	-2	15	33	15641	5474	344346	10	558	1212425	7	16445	2	1	0	5458	28	0	3	1709	0	8418	15641	601	0	0	0	0	89	0	10	11425	389156	36413	31	0	0	521776	382099	32812	0
2291	-98	-2	15	33	15561	5474	344220	10	558	1212299	7	16439	2	1	0	5456	28	0	3	1709	0	8418	15561	601	0	0	0	0	89	0	10	11425	389156	36413	31	0	0	521726	382099	32812	0
2290	-98	-2	15	33	15481	5474	344094	10	558	1212173	7	16433	2	1	0	5454	28	0	3	1709	0	8418	15481	601	0	0	0	0	89	0	10	11425	389156	36413	31	0	0	521676	382099	32812	0
2289	-98	-2	15	33	15401	5472	343968	10	557	1212047	7	16427	2	1	0	5452	28	0	3	1706	0	8411	15401	601	0	0	0	0	89	0	10	11425	389156	36413	31	0	0	521626	382099	32812	0
2288	-98	-2	15	33	15321	5472	343842	10	557	1211921	7	16421	2	1	0	5450	28	0	3	1706	0	8411	15321	601	0	0	0	0	89	0	10	11425	389156	36413	31	0	0	521576	382099	32812	0
2287	-98	-2	15	33	15241	5472	343779	10	557	1211795	7	16418	2	1	0	5448	28	0	3	1706	0	8411	15241	601	0	0	0	0	89	0	10	11425	389156	36413	31	0	0	521526	382099	32812	0
2286	-98	-2	15	33	15161	5472	343653	10	557	1211732	7	16412	2	1	0	5447	28	0	3	1706	0	8411	15161	601	0	0	0	0	89	0	10	11425	389156	36413	31	0	0	521476	382099	32812	0
2285	-98	-2	15	33	15081	5472	343527	10	557	1211606	7	16406	2	1	0	5445	28	0	3	1706	0	8411	15081	601	0	0	0	0	89	0	10	11425	389156	36413	31	0	0	521426	382099	32812	0
2284	-98	-2	15	33	15001	5470	343401	10	556	1211480	7	16400	2	1	0	5443	28	0	3	1703	0	8404	15001	601	0	0	0	0	89	0	10	11425	389156	36413	31	0	0	521376	382099	32812	0
2283	-98	-2	15	33	14841	5470	343149	10	556	1211228	7	16388	2	1	0	5439	28	0	3	1703	0	8404	14841	601	0	0	0	0	89	0	10	11425	389156	36413	31	0	0	521276	382099	32812	0
2282	-98	-2	15	33	14761	5470	343023	10	556	1211102	7	16382	2	1	0	5437	28	0	3	1703	0	8404	14761	601	0	0	0	0	89	0	10	11425	389156	36413	31	0	0	521226	382099	32812	0
2281	-99	-2	15	33	14681	5468	342960	10	555	1210976	7	16379	2	1	0	5435	28	0	3	1700	0	8397	14681	601	0	0	0	0	89	0	10	11425	389156	36413	31	0	0	521176	382099	32812	0
2280	-99	-2	15	33	14601	5468	342771	10	555	1210850	7	16370	2	1	0	5433	28	0	3	1700	0	8397	14601	601	0	0	0	0	89	0	10	11425	389156	36413	31	0	0	521126	382099	32812	0
2279	-99	-2	15	33	14521	5468	342708	10	555	1210724	7	16367	2	1	0	5431	28	0	3	1700	0	8397	14521	601	0	0	0	0	89	0	10	11425	389156	36413	31	0	0	521076	382099	32812	0
2278	-99	-2	15	33	14441	5468	342582	10	555	1210661	7	16361	2	1	0	5430	28	0	3	1700	0	8397	14441	601	0	0	0	0	89	0	10	11425	389156	36413	31	0	0	521026	382099	32812	0
2277	-99	-2	15	33	14361	5468	342456	10	555	1210535	7	16355	2	1	0	5428	28	0	3	1700	0	8397	14361	601	0	0	0	0	89	0	10	11425	389156	36413	31	0	0	520976	382099	32812	0
2276	-99	-2	15	33	14281	5466	342330	10	554	1210409	7	16349	2	1	0	5426	28	0	3	1697	0	8390	14281	601	0	0	0	0	89	0	10	11425	389156	36413	31	0	0	520926	382099	32812	0
2275	-99	-2	15	33	14201	5466	342204	10	554	1210283	7	16343	2	1	0	5424	28	0	3	1697	0	8390	14201	601	0	0	0	0	89	0	10	11425	389156	36413	31	0	0	520876	382099	32812	0
2274	-99	-2	15	33	14121	5466	342078	10	554	1210157	7	16337	2	1	0	5422	28	0	3	1697	0	8390	14121	601	0	0	0	0	89	0	10	11425	389156	36413	31	0	0	520826	382099	32812	0
2273	-99	-2	15	33	13961	5466	341889	10	554	1209905	7	16328	2	1	0	5418	28	0	3	1697	0	8390	13961	601	0	0	0	0	89	0	10	11425	389156	36413	31	0	0	520726	382099	32812	0
2272	-99	-2	15	33	13881	5464	341763	10	553	1209779	7	16322	2	1	0	5416	28	0	3	1694	0	8383	13881	601	0	0	0	0	89	0	10	11425	389156	36413	31	0	0	520676	382099	32812	0
2271	-99	-2	15	33	13801	5464	341637	10	553	1209653	7	16316	2	1	0	5414	28	0	3	1694	0	8383	13801	601	0	0	0	0	89	0	10	11425	389156	36413	31	0	0	520626	382099	32812	0
2270	-99	-2	15	33	13721	5464	341511	10	553	1209590	7	16310	2	1	0	5413	28	0	3	1694	0	8383	13721	601	0	0	0	0	89	0	10	11425	389156	36413	31	0	0	520576	382099	32812	0
2269	-99	-2	15	33	13641	5464	341385	10	553	1209464	7	16304	2	1	0	5411	28	0	3	1694	0	8383	13641	601	0	0	0	0	89	0	10	11425	389156	36413	31	0	0	520526	382099	32812	0
2268	-99	-2	15	33	13561	5464	341259	10	553	1209338	7	16298	2	1	0	5409	28	0	3	1694	0	8383	13561	601	0	0	0	0	89	0	10	11425	389156	36413	31	0	0	520476	382099	32812	0
2267	-98	-2	15	33	13481	5462	341133	10	552	1209212	7	16292	2	1	0	5407	28	0	3	1691	0	8376	13481	601	0	0	0	0	89	0	10	11425	389156	36413	31	0	0	520426	382099	32812	0
2266	-98	-2	15	33	13401	5462	341007	10	552	1209086	7	16286	2	1	0	5405	28	0	3	1691	0	8376	13401	601	0	0	0	0	89	0	10	11425	389156	36413	31	0	0	520376	382099	32812	0
2265	-98	-2	15	33	13321	5462	340944	10	552	1208960	7	16283	2	1	0	5403	28	0	3	1691	0	8376	13321	601	0	0	0	0	89	0	10	11425	389156	36413	31	0	0	520326	382099	32812	0
2264	-98	-2	15	33	13241	5462	340818	10	552	1208897	7	16277	2	1	0	5402	28	0	3	1691	0	8376	13241	601	0	0	0	0	89	0	10	11425	389156	36413	31	0	0	520276	382099	32812	0
2263	-98	-2	15	33	13081	5460	340566	10	551	1208645	7	16265	2	1	0	5398	28	0	3	1688	0	8369	13081	601	0	0	0	0	89	0	10	11425	389156	36413	31	0	0	520176	382099	32812	0
2262	-98	-2	15	33	13001	5460	340440	10	551	1208519	7	16259	2	1	0	5396	28	0	3	1688	0	8369	13001	601	0	0	0	0	89	0	10	11425	389156	36413	31	0	0	520126	382099	32812	0
2261	-98	-2	15	33	12921	5460	340314	10	551	1208393	7	16253	2	1	0	5394	28	0	3	1688	0	8369	12921	601	0	0	0	0	89	0	10	11425	389156	36413	31	0	0	520076	382099	32812	0
2260	-98	-2	15	33	12841	5460	340188	10	551	1208267	7	16247	2	1	0	5392	28	0	3	1688	0	8369	12841	601	0	0	0	0	89	0	10	11425	389156	36413	31	0	0	520026	382099	32812	0
2259	-98	-2	15	33	12761	5458	340125	10	550	1208141	7	16244	2	1	0	5390	28	0	3	1685	0	8362	12761	601	0	0	0	0	89	0	10	11425	389156	36413	31	0	0	519976	382099	32812	0
2258	-98	-2	15	33	12681	5458	339936	10	550	1208015	7	16235	2	1	0	5388	28	0	3	1685	0	8362	12681	601	0	0	0	0	89	0	10	11425	389156	36413	31	0	0	519926	382099	32812	0
2257	-98	-2	15	33	12601	5458	339873	10	550	1207889	7	16232	2	1	0	5386	28	0	3	1685	0	8362	12601	601	0	0	0	0	89	0	10	11425	389156	36413	31	0	0	519876	382099	32812	0
2256	-98	-2	15	33	12521	5458	339747	10	550	1207826	7	16226	2	1	0	5385	28	0	3	1685	0	8362	12521	601	0	0	0	0	89	0	10	11425	389156	36413	31	0	0	519826	382099	32812	0
2255	-98	-2	15	33	12441	5458	339621	10	550	1207700	7	16220	2	1	0	5383	28	0	3	1685	0	8362	12441	601	0	0	0	0	89	0	10	11425	389156	36413	31	0	0	519776	382099	32812	0
2254	-99	-2	15	33	12281	5456	339369	10	549	1207448	7	16208	2	1	0	5379	28	0	3	1682	0	8355	12281	601	0	0	0	0	89	0	10	11425	389156	36413	31	0	0	519676	382099	32812	0
2253	-99	-2	15	33	12201	5456	339243	10	549	1207322	7	16202	2	1	0	5377	28	0	3	1682	0	8355	12201	601	0	0	0	0	89	0	10	11425	389156	36413	31	0	0	519626	382099	32812	0
2252	-99	-2	15	33	12121	5456	339180	10	549	1207196	7	16199	2	1	0	5375	28	0	3	1682	0	8355	12121	601	0	0	0	0	89	0	10	11425	389156	36413	31	0	0	519576	382099	32812	0
2251	-99	-2	15	33	12041	5456	339054	10	549	1207070	7	16193	2	1	0	5373	28	0	3	1682	0	8355	12041	601	0	0	0	0	89	0	10	11425	389156	36413	31	0	0	519526	382099	32812	0
2250	-99	-2	15	33	11961	5454	338928	10	548	1206944	7	16187	2	1	0	5371	28	0	3	1679	0	8348	11961	601	0	0	0	0	89	0	10	11425	389156	36413	31	0	0	519476	382099	32812	0
2249	-99	-2	15	32	11881	5454	338802	10	548	1206818	7	16181	2	1	0	5369	28	0	3	1679	0	8348	11881	601	0	0	0	0	89	0	10	11425	389156	36413	31	0	0	519426	382099	32812	0
2248	-99	-2	15	32	11801	5454	338676	10	548	1206755	7	16175	2	1	0	5368	28	0	3	1679	0	8348	11801	601	0	0	0	0	89	0	10	11425	389156	36413	31	0	0	519376	382099	32812	0
2247	-99	-2	15	31	11721	5454	338550	10	548	1206629	7	16169	2	1	0	5366	28	0	3	1679	0	8348	11721	601	0	0	0	0	89	0	10	11425	389156	36413	31	0	0	519326	382099	32812	0
2246	-99	-2	15	31	11641	5454	338424	10	548	1206503	7	16163	2	1	0	5364	28	0	3	1679	0	8348	11641	601	0	0	0	0	89	0	10	11425	389156	36413	31	0	0	519276	382099	32812	0
2245	-99	-2	15	31	11561	5452	338298	10	547	1206377	7	16157	2	1	0	5362	28	0	3	1676	0	8341	11561	601	0	0	0	0	89	0	10	11425	389156	36413	31	0	0	519226	382099	32812	0
2244	-99	-2	15	29	11401	5452	338109	10	547	1206125	7	16148	2	1	0	5358	28	0	3	1676	0	8341	11401	601	0	0	0	0	89	0	10	11425	389156	36413	31	0	0	519126	382099	32812	0
2243	-99	-2	15	29	11321	5452	337983	10	547	1206062	7	16142	2	1	0	5357	28	0	3	1676	0	8341	11321	601	0	0	0	0	89	0	10	11425	389156	36413	31	0	0	519076	382099	32812	0
2242	-99	-2	15	30	11241	5452	337857	10	547	1205936	7	16136	2	1	0	5355	28	0	3	1676	0	8341	11241	601	0	0	0	0	89	0	10	11425	389156	36413	31	0	0	519026	382099	32812	0
2241	-99	-2	15	30	11161	5450	337731	10	546	1205810	7	16130	2	1	0	5353	28	0	3	1673	0	8334	11161	601	0	0	0	0	89	0	10	11425	389156	36413	31	0	0	518976	382099	32812	0
2240	-99	-2	15	30	11081	5450	337605	10	546	1205684	7	16124	2	1	0	5351	28	0	3	1673	0	8334	11081	601	0	0	0	0	89	0	10	11425	389156	36413	31	0	0	518926	382099	32812	0
2239	-99	-2	15	30	11001	5450	337479	10	546	1205558	7	16118	2	1	0	5349	28	0	3	1673	0	8334	11001	601	0	0	0	0	89	0	10	11425	389156	36413	31	0	0	518876	382099	32812	0
2238	-99	-2	15	32	10921	5450	337353	10	546	1205432	7	16112	2	1	0	5347	28	0	3	1673	0	8334	10921	601	0	0	0	0	89	0	10	11425	389156	36413	31	0	0	518826	382099	32812	0
2237	-99	-2	15	32	10841	5448	337290	10	545	1205306	7	16109	2	1	0	5345	28	0	3	1670	0	8327	10841	601	0	0	0	0	89	0	10	11425	389156	36413	31	0	0	518776	382099	32812	0
2236	-99	-2	15	33	10761	5448	337101	10	545	1205180	7	16100	2	1	0	5343	28	0	3	1670	0	8327	10761	601	0	0	0	0	89	0	10	11425	389156	36413	31	0	0	518726	382099	32812	0
2235	-99	-2	15	34	10681	5448	337038	10	545	1205054	7	16097	2	1	0	5341	28	0	3	1670	0	8327	10681	601	0	0	0	0	89	0	10	11425	389156	36413	31	0	0	518676	382099	32812	0
2234	-99	-2	15	34	10521	5448	336786	10	545	1204865	7	16085	2	1	0	5338	28	0	3	1670	0	8327	10521	601	0	0	0	0	89	0	10	11425	389156	36413	31	0	0	518576	382099	32812	0
2233	-99	-2	15	34	10441	5446	336660	10	544	1204739	7	16079	2	1	0	5336	28	0	3	1667	0	8320	10441	601	0	0	0	0	89	0	10	11425	389156	36413	31	0	0	518526	382099	32812	0
2232	-99	-2	15	34	10361	5446	336534	10	544	1204613	7	16073	2	1	0	5334	28	0	3	1667	0	8320	10361	601	0	0	0	0	89	0	10	11425	389156	36413	31	0	0	518476	382099	32812	0
2231	-99	-2	15	34	10281	5446	336408	10	544	1204487	7	16067	2	1	0	5332	28	0	3	1667	0	8320	10281	601	0	0	0	0	89	0	10	11425	389156	36413	31	0	0	518426	382099	32812	0
2230	-99	-2	15	33	10201	5446	336345	10	544	1204361	7	16064	2	1	0	5330	28	0	3	1667	0	8320	10201	601	0	0	0	0	89	0	10	11425	389156	36413	31	0	0	518376	382099	32812	0
2229	-99	-2	15	32	10121	5446	336219	10	544	1204235	7	16058	2	1	0	5328	28	0	3	1667	0	8320	10121	601	0	0	0	0	89	0	10	11425	389156	36413	31	0	0	518326	382099	32812	0
2228	-98	-2	15	32	10041	5444	336093	10	543	1204109	7	16052	2	1	0	5326	28	0	3	1664	0	8313	10041	601	0	0	0	0	89	0	10	11425	389156	36413	31	0	0	518276	382099	32812	0
2227	-98	-2	15	31	9961	5444	335967	10	543	1203983	7	16046	2	1	0	5324	28	0	3	1664	0	8313	9961	601	0	0	0	0	89	0	10	11425	389156	36413	31	0	0	518226	382099	32812	0
2226	-98	-2	15	32	9881	5444	335841	10	543	1203920	7	16040	2	1	0	5323	28	0	3	1664	0	8313	9881	601	0	0	0	0	89	0	10	11425	389156	36413	31	0	0	518176	382099	32812	0
2225	-98	-2	15	31	9801	5444	335715	10	543	1203794	7	16034	2	1	0	5321	28	0	3	1664	0	8313	9801	601	0	0	0	0	89	0	10	11425	389156	36413	31	0	0	518126	382099	32812	0
2224	-98	-2	15	31	9641	5442	335463	10	542	1203542	7	16022	2	1	0	5317	28	0	3	1661	0	8306	9641	601	0	0	0	0	89	0	10	11425	389156	36413	31	0	0	518026	382099	32812	0
2223	-98	-2	15	30	9561	5442	335337	10	542	1203416	7	16016	2	1	0	5315	28	0	3	1661	0	8306	9561	601	0	0	0	0	89	0	10	11425	389156	36413	31	0	0	517976	382099	32812	0
2222	-98	-2	15	29	9481	5442	335274	10	542	1203290	7	16013	2	1	0	5313	28	0	3	1661	0	8306	9481	601	0	0	0	0	89	0	10	11425	389156	36413	31	0	0	517926	382099	32812	0
2221	-98	-2	15	29	9401	5442	335148	10	542	1203227	7	16007	2	1	0	5312	28	0	3	1661	0	8306	9401	601	0	0	0	0	89	0	10	11425	389156	36413	31	0	0	517876	382099	32812	0
2220	-98	-2	15	30	9321	5442	335022	10	542	1203101	7	16001	2	1	0	5310	28	0	3	1661	0	8306	9321	601	0	0	0	0	89	0	10	11425	389156	36413	31	0	0	517826	382099	32812	0
2219	-97	-2	15	30	9241	5440	334896	10	541	1202975	7	15995	2	1	0	5308	28	0	3	1658	0	8299	9241	601	0	0	0	0	89	0	10	11425	389156	36413	31	0	0	517776	382099	32812	0
2218	-97	-2	15	30	9161	5440	334770	10	541	1202849	7	15989	2	1	0	5306	28	0	3	1658	0	8299	9161	601	0	0	0	0	89	0	10	11425	389156	36413	31	0	0	517726	382099	32812	0
2217	-97	-2	15	31	9081	5440	334644	10	541	1202723	7	15983	2	1	0	5304	28	0	3	1658	0	8299	9081	601	0	0	0	0	89	0	10	11425	389156	36413	31	0	0	517676	382099	32812	0
2216	-97	-2	15	31	9001	5440	334518	10	541	1202597	7	15977	2	1	0	5302	28	0	3	1658	0	8299	9001	601	0	0	0	0	89	0	10	11425	389156	36413	31	0	0	517626	382099	32812	0
2215	-98	-2	15	31	8921	5438	334455	10	540	1202471	7	15974	2	1	0	5300	28	0	3	1655	0	8292	8921	601	0	0	0	0	89	0	10	11425	389156	36413	31	0	0	517576	382099	32812	0
2214	-98	-2	15	30	8761	5438	334203	10	540	1202219	7	15962	2	1	0	5296	28	0	3	1655	0	8292	8761	601	0	0	0	0	89	0	10	11425	389156	36413	31	0	0	517476	382099	32812	0
2213	-98	-2	15	30	8681	5438	334077	10	540	1202156	7	15956	2	1	0	5295	28	0	3	1655	0	8292	8681	601	0	0	0	0	89	0	10	11425	389156	36413	31	0	0	517426	382099	32812	0
2212	-98	-2	15	30	8601	5438	333951	10	540	1202030	7	15950	2	1	0	5293	28	0	3	1655	0	8292	8601	601	0	0	0	0	89	0	10	11425	389156	36413	31	0	0	517376	382099	32812	0
2211	-98	-2	15	30	8521	5436	333825	10	539	1201904	7	15944	2	1	0	5291	28	0	3	1652	0	8285	8521	601	0	0	0	0	89	0	10	11425	389156	36413	31	0	0	517326	382099	32812	0
2210	-98	-2	15	30	8441	5436	333699	10	539	1201778	7	15938	2	1	0	5289	28	0	3	1652	0	8285	8441	601	0	0	0	0	89	0	10	11425	389156	36413	31	0	0	517276	382099	32812	0
2209	-98	-2	15	32	8361	5436	333573	10	539	1201652	7	15932	2	1	0	5287	28	0	3	1652	0	8285	8361	601	0	0	0	0	89	0	10	11425	389156	36413	31	0	0	517226	382099	32812	0
2208	-98	-2	15	33	8281	5436	333510	10	539	1201526	7	15929	2	1	0	5285	28	0	3	1652	0	8285	8281	601	0	0	0	0	89	0	10	11425	389156	36413	31	0	0	517176	382099	32812	0
2207	-98	-2	15	33	8201	5436	333384	10	539	1201400	7	15923	2	1	0	5283	28	0	3	1652	0	8285	8201	601	0	0	0	0	89	0	10	11425	389156	36413	31	0	0	517126	382099	32812	0
2206	-99	-2	15	33	8121	5434	333258	10	538	1201274	7	15917	2	1	0	5281	28	0	3	1649	0	8278	8121	601	0	0	0	0	89	0	10	11425	389156	36413	31	0	0	517076	382099	32812	0
2205	-99	-2	15	33	8041	5434	333132	10	538	1201148	7	15911	2	1	0	5279	28	0	3	1649	0	8278	8041	601	0	0	0	0	89	0	10	11425	389156	36413	31	0	0	517026	382099	32812	0
2204	-99	-2	15	33	7881	5434	332880	10	538	1200959	7	15899	2	1	0	5276	28	0	3	1649	0	8278	7881	601	0	0	0	0	89	0	10	11425	389156	36413	31	0	0	516926	382099	32812	0
2203	-99	-2	15	30	7801	5434	332754	10	538	1200833	7	15893	2	1	0	5274	28	0	3	1649	0	8278	7801	601	0	0	0	0	89	0	10	11425	389156	36413	31	0	0	516876	382099	32812	0
2202	-98	-2	15	30	7721	5432	332628	10	537	1200707	7	15887	2	1	0	5272	28	0	3	1646	0	8271	7721	601	0	0	0	0	89	0	10	11425	389156	36413	31	0	0	516826	382099	32812	0
2201	-98	-2	15	30	7641	5432	332502	10	537	1200581	7	15881	2	1	0	5270	28	0	3	1646	0	8271	7641	601	0	0	0	0	89	0	10	11425	389156	36413	31	0	0	516776	382099	32812	0
2200	-98	-2	15	32	7561	5432	332439	10	537	1200455	7	15878	2	1	0	5268	28	0	3	1646	0	8271	7561	601	0	0	0	0	89	0	10	11425	389156	36413	31	0	0	516726	382099	32812	0
2199	-98	-2	15	32	7481	5432	332313	10	537	1200392	7	15872	2	1	0	5267	28	0	3	1646	0	8271	7481	601	0	0	0	0	89	0	10	11425	389156	36413	31	0	0	516676	382099	32812	0
2198	-98	-2	15	32	7401	5432	332187	10	537	1200266	7	15866	2	1	0	5265	28	0	3	1646	0	8271	7401	601	0	0	0	0	89	0	10	11425	389156	36413	31	0	0	516626	382099	32812	0
2197	-100	-2	15	30	7321	5430	332061	10	536	1200140	7	15860	2	1	0	5263	28	0	3	1643	0	8264	7321	601	0	0	0	0	89	0	10	11425	389156	36413	31	0	0	516576	382099	32812	0
2196	-100	-2	15	29	7241	5430	331935	10	536	1200014	7	15854	2	1	0	5261	28	0	3	1643	0	8264	7241	601	0	0	0	0	89	0	10	11425	389156	36413	31	0	0	516526	382099	32812	0
2195	-100	-2	15	27	7161	5430	331809	10	536	1199888	7	15848	2	1	0	5259	28	0	3	1643	0	8264	7161	601	0	0	0	0	89	0	10	11425	389156	36413	31	0	0	516476	382099	32812	0
2194	-101	-2	15	30	7001	5428	331620	10	535	1199636	7	15839	2	1	0	5255	28	0	3	1640	0	8257	7001	601	0	0	0	0	89	0	10	11425	389156	36413	31	0	0	516376	382099	32812	0
2193	-101	-2	15	30	6921	5428	331431	10	535	1199510	7	15830	2	1	0	5253	28	0	3	1640	0	8257	6921	601	0	0	0	0	89	0	10	11425	389156	36413	31	0	0	516326	382099	32812	0
2192	-101	-2	15	29	6841	5428	331368	10	535	1199384	7	15827	2	1	0	5251	28	0	3	1640	0	8257	6841	601	0	0	0	0	89	0	10	11425	389156	36413	31	0	0	516276	382099	32812	0
2191	-101	-2	15	29	6761	5428	331242	10	535	1199321	7	15821	2	1	0	5250	28	0	3	1640	0	8257	6761	601	0	0	0	0	89	0	10	11425	389156	36413	31	0	0	516226	382099	32812	0
2190	-101	-2	15	29	6681	5428	331116	10	535	1199195	7	15815	2	1	0	5248	28	0	3	1640	0	8257	6681	601	0	0	0	0	89	0	10	11425	389156	36413	31	0	0	516176	382099	32812	0
2189	-100	-2	15	28	6601	5426	330990	10	534	1199069	7	15809	2	1	0	5246	28	0	3	1637	0	8250	6601	601	0	0	0	0	89	0	10	11425	389156	36413	31	0	0	516126	382099	32812	0
2188	-100	-2	15	27	6521	5426	330864	10	534	1198943	7	15803	2	1	0	5244	28	0	3	1637	0	8250	6521	601	0	0	0	0	89	0	10	11425	389156	36413	31	0	0	516076	382099	32812	0
2187	-100	-2	15	28	6441	5426	330738	10	534	1198817	7	15797	2	1	0	5242	28	0	3	1637	0	8250	6441	601	0	0	0	0	89	0	10	11425	389156	36413	31	0	0	516026	382099	32812	0
2186	-100	-2	15	28	6361	5426	330675	10	534	1198691	7	15794	2	1	0	5240	28	0	3	1637	0	8250	6361	601	0	0	0	0	89	0	10	11425	389156	36413	31	0	0	515976	382099	32812	0
2185	-100	-2	15	30	6281	5426	330549	10	534	1198565	7	15788	2	1	0	5238	28	0	3	1637	0	8250	6281	601	0	0	0	0	89	0	10	11425	389156	36413	31	0	0	515926	382099	32812	0
2184	-101	-2	15	29	6121	5424	330297	10	533	1198313	7	15776	2	1	0	5234	28	0	3	1634	0	8243	6121	601	0	0	0	0	89	0	10	11425	389156	36413	31	0	0	515826	382099	32812	0
2183	-101	-2	15	30	6041	5424	330171	10	533	1198250	7	15770	2	1	0	5233	28	0	3	1634	0	8243	6041	601	0	0	0	0	89	0	10	11425	389156	36413	31	0	0	515776	382099	32812	0
2182	-101	-2	15	29	5961	5424	330045	10	533	1198124	7	15764	2	1	0	5231	28	0	3	1634	0	8243	5961	601	0	0	0	0	89	0	10	11425	389156	36413	31	0	0	515726	382099	32812	0
2181	-101	-2	15	30	5881	5424	329919	10	533	1197998	7	15758	2	1	0	5229	28	0	3	1634	0	8243	5881	601	0	0	0	0	89	0	10	11425	389156	36413	31	0	0	515676	382099	32812	0
2180	-102	-2	15	29	5801	5422	329793	10	532	1197872	7	15752	2	1	0	5227	28	0	3	1631	0	8236	5801	601	0	0	0	0	89	0	10	11425	389156	36413	31	0	0	515626	382099	32812	0
2179	-102	-2	15	29	5721	5422	329667	10	532	1197746	7	15746	2	1	0	5225	28	0	3	1631	0	8236	5721	601	0	0	0	0	89	0	10	11425	389156	36413	31	0	0	515576	382099	32812	0
2178	-102	-2	15	27	5641	5422	329604	10	532	1197620	7	15743	2	1	0	5223	28	0	3	1631	0	8236	5641	601	0	0	0	0	89	0	10	11425	389156	36413	31	0	0	515526	382099	32812	0
2177	-102	-2	15	27	5561	5422	329478	10	532	1197557	7	15737	2	1	0	5222	28	0	3	1631	0	8236	5561	601	0	0	0	0	89	0	10	11425	389156	36413	31	0	0	515476	382099	32812	0
2176	-102	-2	15	27	5481	5422	329352	10	532	1197431	7	15731	2	1	0	5220	28	0	3	1631	0	8236	5481	601	0	0	0	0	89	0	10	11425	389156	36413	31	0	0	515426	382099	32812	0
2175	-100	-2	15	26	5401	5420	329226	10	531	1197305	7	15725	2	1	0	5218	28	0	3	1628	0	8229	5401	601	0	0	0	0	89	0	10	11425	389156	36413	31	0	0	515376	382099	32812	0
2174	-100	-2	15	30	5241	5420	328974	10	531	1197053	7	15713	2	1	0	5214	28	0	3	1628	0	8229	5241	601	0	0	0	0	89	0	10	11425	389156	36413	31	0	0	515276	382099	32812	0
2173	-100	-2	15	30	5161	5420	328848	10	531	1196927	7	15707	2	1	0	5212	28	0	3	1628	0	8229	5161	601	0	0	0	0	89	0	10	11425	389156	36413	31	0	0	515226	382099	32812	0
2172	-100	-2	15	31	5081	5418	328785	10	530	1196801	7	15704	2	1	0	5210	28	0	3	1625	0	8222	5081	601	0	0	0	0	89	0	10	11425	389156	36413	31	0	0	515176	382099	32812	0
2171	-100	-2	15	30	5001	5418	328596	10	530	1196675	7	15695	2	1	0	5208	28	0	3	1625	0	8222	5001	601	0	0	0	0	89	0	10	11425	389156	36413	31	0	0	515126	382099	32812	0
2170	-100	-2	15	30	4921	5418	328533	10	530	1196549	7	15692	2	1	0	5206	28	0	3	1625	0	8222	4921	601	0	0	0	0	89	0	10	11425	389156	36413	31	0	0	515076	382099	32812	0
2169	-100	-2	15	31	4841	5418	328407	10	530	1196486	7	15686	2	1	0	5205	28	0	3	1625	0	8222	4841	601	0	0	0	0	89	0	10	11425	389156	36413	31	0	0	515026	382099	32812	0
2168	-100	-2	15	32	4761	5418	328281	10	530	1196360	7	15680	2	1	0	5203	28	0	3	1625	0	8222	4761	601	0	0	0	0	89	0	10	11425	389156	36413	31	0	0	514976	382099	32812	0
2167	-98	-2	15	33	4681	5416	328155	10	529	1196234	7	15674	2	1	0	5201	28	0	3	1622	0	8215	4681	601	0	0	0	0	89	0	10	11425	389156	36413	31	0	0	514926	382099	32812	0
2166	-98	-2	15	34	4601	5416	328029	10	529	1196108	7	15668	2	1	0	5199	28	0	3	1622	0	8215	4601	601	0	0	0	0	89	0	10	11425	389156	36413	31	0	0	514876	382099	32812	0
2165	-98	-2	15	34	4441	5416	327840	10	529	1195856	7	15659	2	1	0	5195	28	0	3	1622	0	8215	4441	601	0	0	0	0	89	0	10	11425	389156	36413	31	0	0	514776	382099	32812	0
2164	-98	-2	15	34	4361	5416	327714	10	529	1195730	7	15653	2	1	0	5193	28	0	3	1622	0	8215	4361	601	0	0	0	0	89	0	10	11425	389156	36413	31	0	0	514726	382099	32812	0
2163	-98	-2	15	34	4281	5414	327588	10	528	1195604	7	15647	2	1	0	5191	28	0	3	1619	0	8208	4281	601	0	0	0	0	89	0	10	11425	389156	36413	31	0	0	514676	382099	32812	0
2162	-98	-2	15	33	4201	5414	327462	10	528	1195478	7	15641	2	1	0	5189	28	0	3	1619	0	8208	4201	601	0	0	0	0	89	0	10	11425	389156	36413	31	0	0	514626	382099	32812	0
2161	-98	-2	15	33	4121	5414	327336	10	528	1195415	7	15635	2	1	0	5188	28	0	3	1619	0	8208	4121	601	0	0	0	0	89	0	10	11425	389156	36413	31	0	0	514576	382099	32812	0
2160	-98	-2	15	32	4041	5414	327210	10	528	1195289	7	15629	2	1	0	5186	28	0	3	1619	0	8208	4041	601	0	0	0	0	89	0	10	11425	389156	36413	31	0	0	514526	382099	32812	0
2159	-98	-2	15	32	3961	5414	327084	10	528	1195163	7	15623	2	1	0	5184	28	0	3	1619	0	8208	3961	601	0	0	0	0	89	0	10	11425	389156	36413	31	0	0	514476	382099	32812	0
2158	-98	-2	15	32	3881	5412	326958	10	527	1195037	7	15617	2	1	0	5182	28	0	3	1616	0	8201	3881	601	0	0	0	0	89	0	10	11425	389156	36413	31	0	0	514426	382099	32812	0
2157	-98	-2	15	32	3801	5412	326832	10	527	1194911	7	15611	2	1	0	5180	28	0	3	1616	0	8201	3801	601	0	0	0	0	89	0	10	11425	389156	36413	31	0	0	514376	382099	32812	0
2156	-98	-2	15	32	3721	5412	326769	10	527	1194785	7	15608	2	1	0	5178	28	0	3	1616	0	8201	3721	601	0	0	0	0	89	0	10	11425	389156	36413	31	0	0	514326	382099	32812	0
2155	-98	-2	15	29	3561	5412	326517	10	527	1194596	7	15596	2	1	0	5175	28	0	3	1616	0	8201	3561	601	0	0	0	0	89	0	10	11425	389156	36413	31	0	0	514226	382099	32812	0
2154	-99	-2	15	30	3481	5410	326391	10	526	1194470	7	15590	2	1	0	5173	28	0	3	1613	0	8194	3481	601	0	0	0	0	89	0	10	11425	389156	36413	31	0	0	514176	382099	32812	0
2153	-99	-2	15	31	3401	5410	326265	10	526	1194344	7	15584	2	1	0	5171	28	0	3	1613	0	8194	3401	601	0	0	0	0	89	0	10	11425	389156	36413	31	0	0	514126	382099	32812	0
2152	-99	-2	15	31	3321	5410	326139	10	526	1194218	7	15578	2	1	0	5169	28	0	3	1613	0	8194	3321	601	0	0	0	0	89	0	10	11425	389156	36413	31	0	0	514076	382099	32812	0
2151	-99	-2	15	31	3241	5410	326013	10	526	1194092	7	15572	2	1	0	5167	28	0	3	1613	0	8194	3241	601	0	0	0	0	89	0	10	11425	389156	36413	31	0	0	514026	382099	32812	0
2150	-99	-2	15	29	3161	5408	325950	10	525	1193966	7	15569	2	1	0	5165	28	0	3	1610	0	8187	3161	601	0	0	0	0	89	0	10	11425	389156	36413	31	0	0	513976	382099	32812	0
2149	-99	-2	15	29	3081	5408	325761	10	525	1193840	7	15560	2	1	0	5163	28	0	3	1610	0	8187	3081	601	0	0	0	0	89	0	10	11425	389156	36413	31	0	0	513926	382099	32812	0
2148	-99	-2	15	31	3001	5408	325698	10	525	1193714	7	15557	2	1	0	5161	28	0	3	1610	0	8187	3001	601	0	0	0	0	89	0	10	11425	389156	36413	31	0	0	513876	382099	32812	0
2147	-99	-2	15	31	2921	5408	325572	10	525	1193651	7	15551	2	1	0	5160	28	0	3	1610	0	8187	2921	601	0	0	0	0	89	0	10	11425	389156	36413	31	0	0	513826	382099	32812	0
2146	-99	-2	15	31	2841	5408	325446	10	525	1193525	7	15545	2	1	0	5158	28	0	3	1610	0	8187	2841	601	0	0	0	0	89	0	10	11425	389156	36413	31	0	0	513776	382099	32812	0
2145	-99	-2	15	32	2681	5406	325194	10	524	1193273	7	15533	2	1	0	5154	28	0	3	1607	0	8180	2681	601	0	0	0	0	89	0	10	11425	389156	36413	31	0	0	513676	382099	32812	0
2144	-99	-2	15	33	2601	5406	325068	10	524	1193147	7	15527	2	1	0	5152	28	0	3	1607	0	8180	2601	601	0	0	0	0	89	0	10	11425	389156	36413	31	0	0	513626	382099	32812	0
2143	-99	-2	15	31	2521	5406	325005	10	524	1193021	7	15524	2	1	0	5150	28	0	3	1607	0	8180	2521	601	0	0	0	0	89	0	10	11425	389156	36413	31	0	0	513576	382099	32812	0
2142	-99	-2	15	30	2441	5406	324879	10	524	1192895	7	15518	2	1	0	5148	28	0	3	1607	0	8180	2441	601	0	0	0	0	89	0	10	11425	389156	36413	31	0	0	513526	382099	32812	0
2141	-99	-2	15	30	2361	5404	324753	10	523	1192769	7	15512	2	1	0	5146	28	0	3	1604	0	8173	2361	601	0	0	0	0	89	0	10	11425	389156	36413	31	0	0	513476	382099	32812	0
2140	-99	-2	15	31	2281	5404	324627	10	523	1192643	7	15506	2	1	0	5144	28	0	3	1604	0	8173	2281	601	0	0	0	0	89	0	10	11425	389156	36413	31	0	0	513426	382099	32812	0
2139	-99	-2	15	31	2201	5404	324501	10	523	1192580	7	15500	2	1	0	5143	28	0	3	1604	0	8173	2201	601	0	0	0	0	89	0	10	11425	389156	36413	31	0	0	513376	382099	32812	0
2138	-99	-2	15	31	2121	5404	324375	10	523	1192454	7	15494	2	1	0	5141	28	0	3	1604	0	8173	2121	601	0	0	0	0	89	0	10	11425	389156	36413	31	0	0	513326	382099	32812	0
2137	-99	-2	15	33	2041	5404	324249	10	523	1192328	7	15488	2	1	0	5139	28	0	3	1604	0	8173	2041	601	0	0	0	0	89	0	10	11425	389156	36413	31	0	0	513276	382099	32812	0
2136	-99	-2	15	33	1961	5402	324123	10	522	1192202	7	15482	2	1	0	5137	28	0	3	1601	0	8166	1961	601	0	0	0	0	89	0	10	11425	389156	36413	31	0	0	513226	382099	32812	0
2135	-99	-2	15	33	1801	5402	323934	10	522	1191950	7	15473	2	1	0	5133	28	0	3	1601	0	8166	1801	601	0	0	0	0	89	0	10	11425	389156	36413	31	0	0	513126	382099	32812	0
2134	-99	-2	15	33	1721	5402	323808	10	522	1191887	7	15467	2	1	0	5132	28	0	3	1601	0	8166	1721	601	0	0	0	0	89	0	10	11425	389156	36413	31	0	0	513076	382099	32812	0
2133	-99	-2	15	33	1641	5402	323682	10	522	1191761	7	15461	2	1	0	5130	28	0	3	1601	0	8166	1641	601	0	0	0	0	89	0	10	11425	389156	36413	31	0	0	513026	382099	32812	0
2132	-99	-2	15	33	1561	5400	323556	10	521	1191635	7	15455	2	1	0	5128	28	0	3	1598	0	8159	1561	601	0	0	0	0	89	0	10	11425	389156	36413	31	0	0	512976	382099	32812	0
2131	-99	-2	15	33	1481	5400	323430	10	521	1191509	7	15449	2	1	0	5126	28	0	3	1598	0	8159	1481	601	0	0	0	0	89	0	10	11425	389156	36413	31	0	0	512926	382099	32812	0
2130	-99	-2	15	33	1401	5400	323304	10	521	1191383	7	15443	2	1	0	5124	28	0	3	1598	0	8159	1401	601	0	0	0	0	89	0	10	11425	389156	36413	31	0	0	512876	382099	32812	0
2129	-99	-2	15	33	1321	5400	323178	10	521	1191257	7	15437	2	1	0	5122	28	0	3	1598	0	8159	1321	601	0	0	0	0	89	0	10	11425	389156	36413	31	0	0	512826	382099	32812	0
2128	-99	-2	15	33	1241	5398	323115	10	520	1191131	7	15434	2	1	0	5120	28	0	3	1595	0	8152	1241	601	0	0	0	0	89	0	10	11425	389156	36413	31	0	0	512776	382099	32812	0
2127	-99	-2	15	32	1161	5398	322926	10	520	1191005	7	15425	2	1	0	5118	28	0	3	1595	0	8152	1161	601	0	0	0	0	89	0	10	11425	389156	36413	31	0	0	512726	382099	32812	0
2126	-99	-2	15	32	1081	5398	322863	10	520	1190879	7	15422	2	1	0	5116	28	0	3	1595	0	8152	1081	601	0	0	0	0	89	0	10	11425	389156	36413	31	0	0	512676	382099	32812	0
2125	-99	-2	15	32	921	5398	322611	10	520	1190690	7	15410	2	1	0	5113	28	0	3	1595	0	8152	921	601	0	0	0	0	89	0	10	11425	389156	36413	31	0	0	512576	382099	32812	0
2124	-100	-2	15	34	841	5396	322485	10	519	1190564	7	15404	2	1	0	5111	28	0	3	1592	0	8145	841	601	0	0	0	0	89	0	10	11425	389156	36413	31	0	0	512526	382099	32812	0
2123	-100	-2	15	34	761	5396	322359	10	519	1190438	7	15398	2	1	0	5109	28	0	3	1592	0	8145	761	601	0	0	0	0	89	0	10	11425	389156	36413	31	0	0	512476	382099	32812	0
2122	-100	-2	15	34	681	5396	322233	10	519	1190312	7	15392	2	1	0	5107	28	0	3	1592	0	8145	681	601	0	0	0	0	89	0	10	11425	389156	36413	31	0	0	512426	382099	32812	0
2121	-100	-2	15	34	601	5396	322170	10	519	1190186	7	15389	2	1	0	5105	28	0	3	1592	0	8145	601	601	0	0	0	0	89	0	10	11425	389156	36413	31	0	0	512376	382099	32812	0
2120	-100	-2	15	34	521	5396	322044	10	519	1190060	7	15383	2	1	0	5103	28	0	3	1592	0	8145	521	601	0	0	0	0	89	0	10	11425	389156	36413	31	0	0	512326	382099	32812	0
2119	-100	-2	15	34	441	5394	321918	10	518	1189934	7	15377	2	1	0	5101	28	0	3	1589	0	8138	441	601	0	0	0	0	89	0	10	11425	389156	36413	31	0	0	512276	382099	32812	0
2118	-100	-2	15	34	361	5394	321792	10	518	1189808	7	15371	2	1	0	5099	28	0	3	1589	0	8138	361	601	0	0	0	0	89	0	10	11425	389156	36413	31	0	0	512226	382099	32812	0
2117	-100	-2	15	32	281	5394	321666	10	518	1189745	7	15365	2	1	0	5098	28	0	3	1589	0	8138	281	601	0	0	0	0	89	0	10	11425	389156	36413	31	0	0	512176	382099	32812	0
2116	-100	-2	15	32	201	5394	321540	10	518	1189619	7	15359	2	1	0	5096	28	0	3	1589	0	8138	201	601	0	0	0	0	89	0	10	11425	389156	36413	31	0	0	512126	382099	32812	0
2115	-99	-2	15	32	41	5392	321288	10	517	1189367	7	15347	2	1	0	5092	28	0	3	1586	0	8131	41	601	0	0	0	0	89	0	10	11425	389156	36413	31	0	0	512026	382099	32812	0
2114	-99	-2	15	32	16345	5392	321162	10	517	1189241	7	15341	2	1	0	5090	28	0	3	1586	0	8131	16345	601	0	0	0	0	89	0	10	11425	389156	36413	31	0	0	511976	382099	32812	0
2113	-99	-2	15	32	16265	5392	321099	10	517	1189115	7	15338	2	1	0	5088	28	0	3	1586	0	8131	16265	601	0	0	0	0	89	0	10	11425	389156	36413	31	0	0	511926	382099	32812	0
2112	-99	-2	15	32	16185	5392	320973	10	517	1189052	7	15332	2	1	0	5087	28	0	3	1586	0	8131	16185	601	0	0	0	0	89	0	10	11425	389156	36413	31	0	0	511876	382099	32812	0
2111	-99	-2	15	33	16105	5392	320847	10	517	1188926	7	15326	2	1	0	5085	28	0	3	1586	0	8131	16105	601	0	0	0	0	89	0	10	11425	389156	36413	31	0	0	511826	382099	32812	0
2110	-99	-2	15	33	16025	5390	320721	10	516	1188800	7	15320	2	1	0	5083	28	0	3	1583	0	8124	16025	601	0	0	0	0	89	0	10	11425	389156	36413	31	0	0	511776	382099	32812	0
2109	-99	-2	15	32	15945	5390	320595	10	516	1188674	7	15314	2	1	0	5081	28	0	3	1583	0	8124	15945	601	0	0	0	0	89	0	10	11425	389156	36413	31	0	0	511726	382099	32812	0
2108	-99	-2	15	32	15865	5390	320469	10	516	1188548	7	15308	2	1	0	5079	28	0	3	1583	0	8124	15865	601	0	0	0	0	89	0	10	11425	389156	36413	31	0	0	511676	382099	32812	0
2107	-99	-2	15	33	15785	5390	320343	10	516	1188422	7	15302	2	1	0	5077	28	0	3	1583	0	8124	15785	601	0	0	0	0	89	0	10	11425	389156	36413	31	0	0	511626	382099	32812	0
2106	-99	-2	15	33	15705	5388	320280	10	515	1188296	7	15299	2	1	0	5075	28	0	3	1580	0	8117	15705	601	0	0	0	0	89	0	10	11425	389156	36413	31	0	0	511576	382099	32812	0
2105	-99	-2	15	33	15545	5388	320028	10	515	1188044	7	15287	2	1	0	5071	28	0	3	1580	0	8117	15545	601	0	0	0	0	89	0	10	11425	389156	36413	31	0	0	511476	382099	32812	0
2104	-99	-2	15	33	15465	5388	319902	10	515	1187981	7	15281	2	1	0	5070	28	0	3	1580	0	8117	15465	601	0	0	0	0	89	0	10	11425	389156	36413	31	0	0	511426	382099	32812	0
2103	-99	-2	15	33	15385	5388	319776	10	515	1187855	7	15275	2	1	0	5068	28	0	3	1580	0	8117	15385	601	0	0	0	0	89	0	10	11425	389156	36413	31	0	0	511376	382099	32812	0
2102	-100	-2	15	33	15305	5386	319650	10	514	1187729	7	15269	2	1	0	5066	28	0	3	1577	0	8110	15305	601	0	0	0	0	89	0	10	11425	389156	36413	31	0	0	511326	382099	32812	0
2101	-100	-2	15	32	15225	5386	319524	10	514	1187603	7	15263	2	1	0	5064	28	0	3	1577	0	8110	15225	601	0	0	0	0	89	0	10	11425	389156	36413	31	0	0	511276	382099	32812	0
2100	-100	-2	15	32	15145	5386	319398	10	514	1187477	7	15257	2	1	0	5062	28	0	3	1577	0	8110	15145	601	0	0	0	0	89	0	10	11425	389156	36413	31	0	0	511226	382099	32812	0
2099	-100	-2	15	32	15065	5386	319335	10	514	1187351	7	15254	2	1	0	5060	28	0	3	1577	0	8110	15065	601	0	0	0	0	89	0	10	11425	389156	36413	31	0	0	511176	382099	32812	0
2098	-100	-2	15	31	14985	5386	319209	10	514	1187225	7	15248	2	1	0	5058	28	0	3	1577	0	8110	14985	601	0	0	0	0	89	0	10	11425	389156	36413	31	0	0	511126	382099	32812	0
2097	-100	-2	15	31	14905	5384	319083	10	513	1187099	7	15242	2	1	0	5056	28	0	3	1574	0	8103	14905	601	0	0	0	0	89	0	10	11425	389156	36413	31	0	0	511076	382099	32812	0
2096	-100	-2	15	31	14825	5384	318957	10	513	1186973	7	15236	2	1	0	5054	28	0	3	1574	0	8103	14825	601	0	0	0	0	89	0	10	11425	389156	36413	31	0	0	511026	382099	32812	0
2095	-100	-2	15	31	14665	5384	318705	10	513	1186784	7	15224	2	1	0	5051	28	0	3	1574	0	8103	14665	601	0	0	0	0	89	0	10	11425	389156	36413	31	0	0	510926	382099	32812	0
2094	-100	-2	15	31	14585	5384	318579	10	513	1186658	7	15218	2	1	0	5049	28	0	3	1574	0	8103	14585	601	0	0	0	0	89	0	10	11425	389156	36413	31	0	0	510876	382099	32812	0
2093	-100	-2	15	31	14505	5382	318453	10	512	1186532	7	15212	2	1	0	5047	28	0	3	1571	0	8096	14505	601	0	0	0	0	89	0	10	11425	389156	36413	31	0	0	510826	382099	32812	0
2092	-100	-2	15	31	14425	5382	318327	10	512	1186406	7	15206	2	1	0	5045	28	0	3	1571	0	8096	14425	601	0	0	0	0	89	0	10	11425	389156	36413	31	0	0	510776	382099	32812	0
2091	-100	-2	15	31	14345	5382	318264	10	512	1186280	7	15203	2	1	0	5043	28	0	3	1571	0	8096	14345	601	0	0	0	0	89	0	10	11425	389156	36413	31	0	0	510726	382099	32812	0
2090	-100	-2	15	31	14265	5382	318138	10	512	1186217	7	15197	2	1	0	5042	28	0	3	1571	0	8096	14265	601	0	0	0	0	89	0	10	11425	389156	36413	31	0	0	510676	382099	32812	0
2089	-100	-2	15	31	14185	5382	318012	10	512	1186091	7	15191	2	1	0	5040	28	0	3	1571	0	8096	14185	601	0	0	0	0	89	0	10	11425	389156	36413	31	0	0	510626	382099	32812	0
2088	-100	-2	15	31	14105	5380	317886	10	511	1185965	7	15185	2	1	0	5038	28	0	3	1568	0	8089	14105	601	0	0	0	0	89	0	10	11425	389156	36413	31	0	0	510576	382099	32812	0
2087	-100	-2	15	31	14025	5380	317760	10	511	1185839	7	15179	2	1	0	5036	28	0	3	1568	0	8089	14025	601	0	0	0	0	89	0	10	11425	389156	36413	31	0	0	510526	382099	32812	0
2086	-100	-2	15	31	13945	5380	317634	10	511	1185713	7	15173	2	1	0	5034	28	0	3	1568	0	8089	13945	601	0	0	0	0	89	0	10	11425	389156	36413	31	0	0	510476	382099	32812	0
2085	-100	-2	15	31	13785	5378	317445	10	510	1185461	7	15164	2	1	0	5030	28	0	3	1565	0	8082	13785	601	0	0	0	0	89	0	10	11425	389156	36413	31	0	0	510376	382099	32812	0
2084	-100	-2	15	31	13705	5378	317256	10	510	1185335	7	15155	2	1	0	5028	28	0	3	1565	0	8082	13705	601	0	0	0	0	89	0	10	11425	389156	36413	31	0	0	510326	382099	32812	0
2083	-100	-2	15	31	13625	5378	317193	10	510	1185209	7	15152	2	1	0	5026	28	0	3	1565	0	8082	13625	601	0	0	0	0	89	0	10	11425	389156	36413	31	0	0	510276	382099	32812	0
2082	-100	-2	15	31	13545	5378	317067	10	510	1185146	7	15146	2	1	0	5025	28	0	3	1565	0	8082	13545	601	0	0	0	0	89	0	10	11425	389156	36413	31	0	0	510226	382099	32812	0
2081	-100	-2	15	31	13465	5378	316941	10	510	1185020	7	15140	2	1	0	5023	28	0	3	1565	0	8082	13465	601	0	0	0	0	89	0	10	11425	389156	36413	31	0	0	510176	382099	32812	0
2080	-100	-2	15	31	13385	5376	316815	10	509	1184894	7	15134	2	1	0	5021	28	0	3	1562	0	8075	13385	601	0	0	0	0	89	0	10	11425	389156	36413	31	0	0	510126	382099	32812	0
2079	-100	-2	15	31	13305	5376	316689	10	509	1184768	7	15128	2	1	0	5019	28	0	3	1562	0	8075	13305	601	0	0	0	0	89	0	10	11425	389156	36413	31	0	0	510076	382099	32812	0
2078	-100	-2	15	31	13225	5376	316563	10	509	1184642	7	15122	2	1	0	5017	28	0	3	1562	0	8075	13225	601	0	0	0	0	89	0	10	11425	389156	36413	31	0	0	510026	382099	32812	0
2077	-100	-2	15	31	13145	5376	316500	10	509	1184516	7	15119	2	1	0	5015	28	0	3	1562	0	8075	13145	601	0	0	0	0	89	0	10	11425	389156	36413	31	0	0	509976	382099	32812	0
2076	-100	-2	15	31	12985	5374	316248	10	508	1184264	7	15107	2	1	0	5011	28	0	3	1559	0	8068	12985	601	0	0	0	0	89	0	10	11425	389156	36413	31	0	0	509876	382099	32812	0
2075	-100	-2	15	31	12905	5374	316122	10	508	1184138	7	15101	2	1	0	5009	28	0	3	1559	0	8068	12905	601	0	0	0	0	89	0	10	11425	389156	36413	31	0	0	509826	382099	32812	0
2074	-100	-2	15	31	12825	5374	315996	10	508	1184075	7	15095	2	1	0	5008	28	0	3	1559	0	8068	12825	601	0	0	0	0	89	0	10	11425	389156	36413	31	0	0	509776	382099	32812	0
2073	-100	-2	15	31	12745	5374	315870	10	508	1183949	7	15089	2	1	0	5006	28	0	3	1559	0	8068	12745	601	0	0	0	0	89	0	10	11425	389156	36413	31	0	0	509726	382099	32812	0
2072	-100	-2	15	31	12665	5374	315744	10	508	1183823	7	15083	2	1	0	5004	28	0	3	1559	0	8068	12665	601	0	0	0	0	89	0	10	11425	389156	36413	31	0	0	509676	382099	32812	0
2071	-100	-2	15	31	12585	5372	315618	10	507	1183697	7	15077	2	1	0	5002	28	0	3	1556	0	8061	12585	601	0	0	0	0	89	0	10	11425	389156	36413	31	0	0	509626	382099	32812	0
2070	-100	-2	15	31	12505	5372	315492	10	507	1183571	7	15071	2	1	0	5000	28	0	3	1556	0	8061	12505	601	0	0	0	0	89	0	10	11425	389156	36413	31	0	0	509576	382099	32812	0
2069	-100	-2	15	31	12425	5372	315429	10	507	1183445	7	15068	2	1	0	4998	28	0	3	1556	0	8061	12425	601	0	0	0	0	89	0	10	11425	389156	36413	31	0	0	509526	382099	32812	0
2068	-100	-2	15	31	12345	5372	315303	10	507	1183382	7	15062	2	1	0	4997	28	0	3	1556	0	8061	12345	601	0	0	0	0	89	0	10	11425	389156	36413	31	0	0	509476	382099	32812	0
2067	-100	-2	15	32	12265	5372	315177	10	507	1183256	7	15056	2	1	0	4995	28	0	3	1556	0	8061	12265	601	0	0	0	0	89	0	10	11425	389156	36413	31	0	0	509426	382099	32812	0
2066	-100	-2	15	32	12105	5370	314925	10	506	1183004	7	15044	2	1	0	4991	28	0	3	1553	0	8054	12105	601	0	0	0	0	89	0	10	11425	389156	36413	31	0	0	509326	382099	32812	0
2065	-100	-2	15	32	12025	5370	314799	10	506	1182878	7	15038	2	1	0	4989	28	0	3	1553	0	8054	12025	601	0	0	0	0	89	0	10	11425	389156	36413	31	0	0	509276	382099	32812	0
2064	-100	-2	15	33	11945	5370	314673	10	506	1182752	7	15032	2	1	0	4987	28	0	3	1553	0	8054	11945	601	0	0	0	0	89	0	10	11425	389156	36413	31	0	0	509226	382099	32812	0
2063	-100	-2	15	33	11865	5368	314610	10	505	1182626	7	15029	2	1	0	4985	28	0	3	1550	0	8047	11865	601	0	0	0	0	89	0	10	11425	389156	36413	31	0	0	509176	382099	32812	0
2062	-100	-2	15	33	11785	5368	314421	10	505	1182500	7	15020	2	1	0	4983	28	0	3	1550	0	8047	11785	601	0	0	0	0	89	0	10	11425	389156	36413	31	0	0	509126	382099	32812	0
2061	-100	-2	15	33	11705	5368	314358	10	505	1182374	7	15017	2	1	0	4981	28	0	3	1550	0	8047	11705	601	0	0	0	0	89	0	10	11425	389156	36413	31	0	0	509076	382099	32812	0
2060	-100	-2	15	32	11625	5368	314232	10	505	1182311	7	15011	2	1	0	4980	28	0	3	1550	0	8047	11625	601	0	0	0	0	89	0	10	11425	389156	36413	31	0	0	509026	382099	32812	0
2059	-100	-2	15	32	11545	5368	314106	10	505	1182185	7	15005	2	1	0	4978	28	0	3	1550	0	8047	11545	601	0	0	0	0	89	0	10	11425	389156	36413	31	0	0	508976	382099	32812	0
2058	-100	-2	15	32	11465	5366	313980	10	504	1182059	7	14999	2	1	0	4976	28	0	3	1547	0	8040	11465	601	0	0	0	0	89	0	10	11425	389156	36413	31	0	0	508926	382099	32812	0
2057	-100	-2	15	32	11385	5366	313854	10	504	1181933	7	14993	2	1	0	4974	28	0	3	1547	0	8040	11385	601	0	0	0	0	89	0	10	11425	389156	36413	31	0	0	508876	382099	32812	0
2056	-100	-2	15	33	11225	5366	313665	10	504	1181681	7	14984	2	1	0	4970	28	0	3	1547	0	8040	11225	601	0	0	0	0	89	0	10	11425	389156	36413	31	0	0	508776	382099	32812	0
2055	-100	-2	15	33	11145	5366	313539	10	504	1181555	7	14978	2	1	0	4968	28	0	3	1547	0	8040	11145	601	0	0	0	0	89	0	10	11425	389156	36413	31	0	0	508726	382099	32812	0
2054	-99	-2	15	33	11064	5364	313413	10	503	1181429	7	14972	2	1	0	4966	28	0	3	1544	0	8033	11064	601	0	0	0	0	89	0	10	11425	389156	36413	31	0	0	508675	382099	32812	0
2053	-99	-2	15	33	10985	5364	313287	10	503	1181303	7	14966	2	1	0	4964	28	0	3	1544	0	8033	10985	601	0	0	0	0	89	0	10	11425	389156	36413	31	0	0	508626	382099	32812	0
2052	-99	-2	15	33	10905	5364	313161	10	503	1181240	7	14960	2	1	0	4963	28	0	3	1544	0	8033	10905	601	0	0	0	0	89	0	10	11425	389156	36413	31	0	0	508576	382099	32812	0
2051	-99	-2	15	33	10825	5364	313035	10	503	1181114	7	14954	2	1	0	4961	28	0	3	1544	0	8033	10825	601	0	0	0	0	89	0	10	11425	389156	36413	31	0	0	508526	382099	32812	0
2050	-99	-2	15	34	10745	5364	312909	10	503	1180988	7	14948	2	1	0	4959	28	0	3	1544	0	8033	10745	601	0	0	0	0	89	0	10	11425	389156	36413	31	0	0	508476	382099	32812	0
2049	-99	-2	15	34	10665	5362	312783	10	502	1180862	7	14942	2	1	0	4957	28	0	3	1541	0	8026	10665	601	0	0	0	0	89	0	10	11425	389156	36413	31	0	0	508426	382099	32812	0
2048	-99	-2	15	34	10584	5362	312657	10	502	1180736	7	14936	2	1	0	4955	28	0	3	1541	0	8026	10584	601	0	0	0	0	89	0	10	11425	389156	36413	31	0	0	508375	382099	32812	0
2047	-99	-2	15	34	10505	5362	312594	10	502	1180610	7	14933	2	1	0	4953	28	0	3	1541	0	8026	10505	601	0	0	0	0	89	0	10	11425	389156	36413	31	0	0	508326	382099	32812	0
2046	-99	-2	15	33	10345	5362	312342	10	502	1180421	7	14921	2	1	0	4950	28	0	3	1541	0	8026	10345	601	0	0	0	0	89	0	10	11425	389156	36413	31	0	0	508226	382099	32812	0
2045	-98	-2	15	33	10265	5360	312216	10	501	1180295	7	14915	2	1	0	4948	28	0	3	1538	0	8019	10265	601	0	0	0	0	89	0	10	11425	389156	36413	31	0	0	508176	382099	32812	0
2044	-98	-2	15	33	10185	5360	312090	10	501	1180169	7	14909	2	1	0	4946	28	0	3	1538	0	8019	10185	601	0	0	0	0	89	0	10	11425	389156	36413	31	0	0	508126	382099	32812	0
2043	-98	-2	15	32	10105	5360	311964	10	501	1180043	7	14903	2	1	0	4944	28	0	3	1538	0	8019	10105	601	0	0	0	0	89	0	10	11425	389156	36413	31	0	0	508076	382099	32812	0
2042	-98	-2	15	32	10025	5360	311838	10	501	1179917	7	14897	2	1	0	4942	28	0	3	1538	0	8019	10025	601	0	0	0	0	89	0	10	11425	389156	36413	31	0	0	508026	382099	32812	0
2041	-99	-2	15	32	9945	5358	311775	10	500	1179791	7	14894	2	1	0	4940	28	0	3	1535	0	8012	9945	601	0	0	0	0	89	0	10	11425	389156	36413	31	0	0	507976	382099	32812	0
2040	-99	-2	15	32	9865	5358	311586	10	500	1179665	7	14885	2	1	0	4938	28	0	3	1535	0	8012	9865	601	0	0	0	0	89	0	10	11425	389156	36413	31	0	0	507926	382099	32812	0
2039	-99	-2	15	32	9785	5358	311523	10	500	1179539	7	14882	2	1	0	4936	28	0	3	1535	0	8012	9785	601	0	0	0	0	89	0	10	11425	389156	36413	31	0	0	507876	382099	32812	0
2038	-99	-2	15	32	9705	5358	311397	10	500	1179476	7	14876	2	1	0	4935	28	0	3	1535	0	8012	9705	601	0	0	0	0	89	0	10	11425	389156	36413	31	0	0	507826	382099	32812	0
2037	-99	-2	15	31	9625	5358	311271	10	500	1179350	7	14870	2	1	0	4933	28	0	3	1535	0	8012	9625	601	0	0	0	0	89	0	10	11425	389156	36413	31	0	0	507776	382099	32812	0
2036	-100	-2	15	33	9465	5356	311019	10	499	1179098	7	14858	2	1	0	4929	28	0	3	1532	0	8005	9465	601	0	0	0	0	89	0	10	11425	389156	36413	31	0	0	507676	382099	32812	0
2035	-100	-2	15	33	9385	5356	310893	10	499	1178972	7	14852	2	1	0	4927	28	0	3	1532	0	8005	9385	601	0	0	0	0	89	0	10	11425	389156	36413	31	0	0	507626	382099	32812	0
2034	-100	-2	15	33	9305	5356	310830	10	499	1178846	7	14849	2	1	0	4925	28	0	3	1532	0	8005	9305	601	0	0	0	0	89	0	10	11425	389156	36413	31	0	0	507576	382099	32812	0
2033	-100	-2	15	33	9225	5356	310704	10	499	1178720	7	14843	2	1	0	4923	28	0	3	1532	0	8005	9225	601	0	0	0	0	89	0	10	11425	389156	36413	31	0	0	507526	382099	32812	0
2032	-100	-2	15	34	9145	5354	310578	10	498	1178594	7	14837	2	1	0	4921	28	0	3	1529	0	7998	9145	601	0	0	0	0	89	0	10	11425	389156	36413	31	0	0	507476	382099	32812	0
2031	-100	-2	15	35	9065	5354	310452	10	498	1178468	7	14831	2	1	0	4919	28	0	3	1529	0	7998	9065	601	0	0	0	0	89	0	10	11425	389156	36413	31	0	0	507426	382099	32812	0
2030	-100	-2	15	36	8984	5354	310326	10	498	1178405	7	14825	2	1	0	4918	28	0	3	1529	0	7998	8984	601	0	0	0	0	89	0	10	11425	389156	36413	31	0	0	507375	382099	32812	0
2029	-100	-2	15	35	8905	5354	310200	10	498	1178279	7	14819	2	1	0	4916	28	0	3	1529	0	7998	8905	601	0	0	0	0	89	0	10	11425	389156	36413	31	0	0	507326	382099	32812	0
2028	-100	-2	15	35	8825	5354	310074	10	498	1178153	7	14813	2	1	0	4914	28	0	3	1529	0	7998	8825	601	0	0	0	0	89	0	10	11425	389156	36413	31	0	0	507276	382099	32812	0
2027	-100	-2	15	35	8745	5352	309948	10	497	1178027	7	14807	2	1	0	4912	28	0	3	1526	0	7991	8745	601	0	0	0	0	89	0	10	11425	389156	36413	31	0	0	507226	382099	32812	0
2026	-100	-2	15	35	8585	5352	309759	10	497	1177775	7	14798	2	1	0	4908	28	0	3	1526	0	7991	8585	601	0	0	0	0	89	0	10	11425	389156	36413	31	0	0	507126	382099	32812	0
2025	-100	-2	15	35	8504	5352	309633	10	497	1177712	7	14792	2	1	0	4907	28	0	3	1526	0	7991	8504	601	0	0	0	0	89	0	10	11425	389156	36413	31	0	0	507075	382099	32812	0
2024	-100	-2	15	33	8424	5352	309507	10	497	1177586	7	14786	2	1	0	4905	28	0	3	1526	0	7991	8424	601	0	0	0	0	89	0	10	11425	389156	36413	31	0	0	507025	382099	32812	0
2023	-101	-2	15	33	8345	5350	309381	10	496	1177460	7	14780	2	1	0	4903	28	0	3	1523	0	7984	8345	601	0	0	0	0	89	0	10	11425	389156	36413	31	0	0	506976	382099	32812	0
2022	-101	-2	15	33	8265	5350	309255	10	496	1177334	7	14774	2	1	0	4901	28	0	3	1523	0	7984	8265	601	0	0	0	0	89	0	10	11425	389156	36413	31	0	0	506926	382099	32812	0
2021	-101	-2	15	33	8185	5350	309129	10	496	1177208	7	14768	2	1	0	4899	28	0	3	1523	0	7984	8185	601	0	0	0	0	89	0	10	11425	389156	36413	31	0	0	506876	382099	32812	0
2020	-101	-2	15	34	8105	5350	309003	10	496	1177082	7	14762	2	1	0	4897	28	0	3	1523	0	7984	8105	601	0	0	0	0	89	0	10	11425	389156	36413	31	0	0	506826	382099	32812	0
2019	-102	-2	15	34	8025	5348	308940	10	495	1176956	7	14759	2	1	0	4895	28	0	3	1520	0	7977	8025	601	0	0	0	0	89	0	10	11425	389156	36413	31	0	0	506776	382099	32812	0
2018	-102	-2	15	35	7945	5348	308751	10	495	1176830	7	14750	2	1	0	4893	28	0	3	1520	0	7977	7945	601	0	0	0	0	89	0	10	11425	389156	36413	31	0	0	506726	382099	32812	0
2017	-102	-2	15	35	7865	5348	308688	10	495	1176704	7	14747	2	1	0	4891	28	0	3	1520	0	7977	7865	601	0	0	0	0	89	0	10	11425	389156	36413	31	0	0	506676	382099	32812	0
2016	-102	-2	15	34	7704	5348	308436	10	495	1176515	7	14735	2	1	0	4888	28	0	3	1520	0	7977	7704	601	0	0	0	0	89	0	10	11425	389156	36413	31	0	0	506575	382099	32812	0
2015	-103	-2	15	33	7625	5346	308310	10	494	1176389	7	14729	2	1	0	4886	28	0	3	1517	0	7970	7625	601	0	0	0	0	89	0	10	11425	389156	36413	31	0	0	506526	382099	32812	0
2014	-103	-2	15	30	7545	5346	308184	10	494	1176263	7	14723	2	1	0	4884	28	0	3	1517	0	7970	7545	601	0	0	0	0	89	0	10	11425	389156	36413	31	0	0	506476	382099	32812	0
2013	-103	-2	15	31	7464	5346	308058	10	494	1176137	7	14717	2	1	0	4882	28	0	3	1517	0	7970	7464	601	0	0	0	0	89	0	10	11425	389156	36413	31	0	0	506425	382099	32812	0
2012	-103	-2	15	29	7385	5346	307995	10	494	1176011	7	14714	2	1	0	4880	28	0	3	1517	0	7970	7385	601	0	0	0	0	89	0	10	11425	389156	36413	31	0	0	506376	382099	32812	0
2011	-103	-2	15	29	7304	5346	307869	10	494	1175885	7	14708	2	1	0	4878	28	0	3	1517	0	7970	7304	601	0	0	0	0	89	0	10	11425	389156	36413	31	0	0	506325	382099	32812	0
2010	-103	-2	15	29	7224	5344	307743	10	493	1175759	7	14702	2	1	0	4876	28	0	3	1514	0	7963	7224	601	0	0	0	0	89	0	10	11425	389156	36413	31	0	0	506275	382099	32812	0
2009	-103	-2	15	31	7145	5344	307617	10	493	1175633	7	14696	2	1	0	4874	28	0	3	1514	0	7963	7145	601	0	0	0	0	89	0	10	11425	389156	36413	31	0	0	506226	382099	32812	0
2008	-103	-2	15	30	7065	5344	307491	10	493	1175570	7	14690	2	1	0	4873	28	0	3	1514	0	7963	7065	601	0	0	0	0	89	0	10	11425	389156	36413	31	0	0	506176	382099	32812	0
2007	-103	-2	15	29	6985	5344	307365	10	493	1175444	7	14684	2	1	0	4871	28	0	3	1514	0	7963	6985	601	0	0	0	0	89	0	10	11425	389156	36413	31	0	0	506126	382099	32812	0
2006	-101	-2	15	28	6825	5342	307113	10	492	1175192	7	14672	2	1	0	4867	28	0	3	1511	0	7956	6825	601	0	0	0	0	89	0	10	11425	389156	36413	31	0	0	506026	382099	32812	0
2005	-101	-2	15	28	6745	5342	306987	10	492	1175066	7	14666	2	1	0	4865	28	0	3	1511	0	7956	6745	601	0	0	0	0	89	0	10	11425	389156	36413	31	0	0	505976	382099	32812	0
2004	-101	-2	15	28	6665	5342	306924	10	492	1174940	7	14663	2	1	0	4863	28	0	3	1511	0	7956	6665	601	0	0	0	0	89	0	10	11425	389156	36413	31	0	0	505926	382099	32812	0
2003	-101	-2	15	27	6585	5342	306798	10	492	1174877	7	14657	2	1	0	4862	28	0	3	1511	0	7956	6585	601	0	0	0	0	89	0	10	11425	389156	36413	31	0	0	505876	382099	32812	0
2002	-101	-2	15	27	6505	5342	306672	10	492	1174751	7	14651	2	1	0	4860	28	0	3	1511	0	7956	6505	601	0	0	0	0	89	0	10	11425	389156	36413	31	0	0	505826	382099	32812	0
2001	-101	-2	15	27	6425	5340	306546	10	491	1174625	7	14645	2	1	0	4858	28	0	3	1508	0	7949	6425	601	0	0	0	0	89	0	10	11425	389156	36413	31	0	0	505776	382099	32812	0
2000	-101	-2	15	29	6345	5340	306420	10	491	1174499	7	14639	2	1	0	4856	28	0	3	1508	0	7949	6345	601	0	0	0	0	89	0	10	11425	389156	36413	31	0	0	505726	382099	32812	0
1999	-101	-2	15	28	6264	5340	306294	10	491	1174373	7	14633	2	1	0	4854	28	0	3	1508	0	7949	6264	601	0	0	0	0	89	0	10	11425	389156	36413	31	0	0	505675	382099	32812	0
1998	-101	-2	15	29	6184	5340	306168	10	491	1174247	7	14627	2	1	0	4852	28	0	3	1508	0	7949	6184	601	0	0	0	0	89	0	10	11425	389156	36413	31	0	0	505625	382099	32812	0
1997	-101	-2	15	29	6105	5338	306105	10	490	1174121	7	14624	2	1	0	4850	28	0	3	1505	0	7942	6105	601	0	0	0	0	89	0	10	11425	389156	36413	31	0	0	505576	382099	32812	0
1996	-101	-2	15	27	5945	5338	305853	10	490	1173869	7	14612	2	1	0	4846	28	0	3	1505	0	7942	5945	601	0	0	0	0	89	0	10	11425	389156	36413	31	0	0	505476	382099	32812	0
1995	-101	-2	15	26	5864	5338	305727	10	490	1173806	7	14606	2	1	0	4845	28	0	3	1505	0	7942	5864	601	0	0	0	0	89	0	10	11425	389156	36413	31	0	0	505425	382099	32812	0
1994	-101	-2	15	27	5784	5338	305601	10	490	1173680	7	14600	2	1	0	4843	28	0	3	1505	0	7942	5784	601	0	0	0	0	89	0	10	11425	389156	36413	31	0	0	505375	382099	32812	0
1993	-102	-3	15	28	5705	5336	305475	10	489	1173554	7	14594	2	1	0	4841	28	0	3	1502	0	7935	5705	601	0	0	0	0	89	0	10	11425	389156	36413	31	0	0	505326	382099	32812	0
1992	-102	-3	15	31	5625	5336	305349	10	489	1173428	7	14588	2	1	0	4839	28	0	3	1502	0	7935	5625	601	0	0	0	0	89	0	10	11425	389156	36413	31	0	0	505276	382099	32812	0
1991	-102	-3	15	33	5544	5336	305223	10	489	1173302	7	14582	2	1	0	4837	28	0	3	1502	0	7935	5544	601	0	0	0	0	89	0	10	11425	389156	36413	31	0	0	505225	382099	32812	0
1990	-102	-3	15	34	5464	5336	305160	10	489	1173176	7	14579	2	1	0	4835	28	0	3	1502	0	7935	5464	601	0	0	0	0	89	0	10	11425	389156	36413	31	0	0	505175	382099	32812	0
1989	-102	-3	15	32	5384	5336	305034	10	489	1173050	7	14573	2	1	0	4833	28	0	3	1502	0	7935	5384	601	0	0	0	0	89	0	10	11425	389156	36413	31	0	0	505125	382099	32812	0
1988	-103	-4	15	31	5304	5334	304908	10	488	1172924	7	14567	2	1	0	4831	28	0	3	1499	0	7928	5304	601	0	0	0	0	89	0	10	11425	389156	36413	31	0	0	505075	382099	32812	0
1987	-103	-4	15	30	5144	5334	304656	10	488	1172735	7	14555	2	1	0	4828	28	0	3	1499	0	7928	5144	601	0	0	0	0	89	0	10	11425	389156	36413	31	0	0	504975	382099	32812	0
1986	-103	-4	15	26	5064	5334	304530	10	488	1172609	7	14549	2	1	0	4826	28	0	3	1499	0	7928	5064	601	0	0	0	0	89	0	10	11425	389156	36413	31	0	0	504925	382099	32812	0
1985	-103	-4	15	25	4984	5334	304404	10	488	1172483	7	14543	2	1	0	4824	28	0	3	1499	0	7928	4984	601	0	0	0	0	89	0	10	11425	389156	36413	31	0	0	504875	382099	32812	0
1984	-102	-6	15	22	4904	5332	304278	10	487	1172357	7	14537	2	1	0	4822	28	0	3	1496	0	7921	4904	601	0	0	0	0	89	0	10	11425	389156	36413	31	0	0	504825	382099	32812	0
1983	-102	-6	15	20	4824	5332	304152	10	487	1172231	7	14531	2	1	0	4820	28	0	3	1496	0	7921	4824	601	0	0	0	0	89	0	10	11425	389156	36413	31	0	0	504775	382099	32812	0
1982	-102	-6	15	19	4744	5332	304089	10	487	1172105	7	14528	2	1	0	4818	28	0	3	1496	0	7921	4744	601	0	0	0	0	89	0	10	11425	389156	36413	31	0	0	504725	382099	32812	0
1981	-102	-6	15	20	4665	5332	303963	10	487	1172042	7	14522	2	1	0	4817	28	0	3	1496	0	7921	4665	601	0	0	0	0	89	0	10	11425	389156	36413	31	0	0	504676	382099	32812	0
1980	-102	-6	15	16	4584	5332	303837	10	487	1171916	7	14516	2	1	0	4815	28	0	3	1496	0	7921	4584	601	0	0	0	0	89	0	10	11425	389156	36413	31	0	0	504625	382099	32812	0
1979	-102	-6	15	17	4504	5330	303711	10	486	1171790	7	14510	2	1	0	4813	28	0	3	1493	0	7914	4504	601	0	0	0	0	89	0	10	11425	389156	36413	31	0	0	504575	382099	32812	0
1978	-102	-6	14	17	4424	5330	303585	10	486	1171664	7	14504	2	1	0	4811	27	0	3	1493	0	7914	4424	601	0	0	0	0	89	0	10	11425	389156	36413	31	0	0	504525	382099	32812	0
1977	-102	-6	15	17	4264	5330	303333	10	486	1171412	7	14492	2	1	0	4807	28	0	3	1493	0	7914	4264	601	0	0	0	0	89	0	10	11425	389156	36413	31	0	0	504425	382099	32812	0
1976	-102	-6	15	17	4185	5328	303270	10	485	1171286	7	14489	2	1	0	4805	28	0	3	1490	0	7907	4185	601	0	0	0	0	89	0	10	11425	389156	36413	31	0	0	504376	382099	32812	0
1975	-102	-6	15	17	4104	5328	303081	10	485	1171160	7	14480	2	1	0	4803	28	0	3	1490	0	7907	4104	601	0	0	0	0	89	0	10	11425	389156	36413	31	0	0	504325	382099	32812	0
1974	-102	-6	15	16	4024	5328	303018	10	485	1171034	7	14477	2	1	0	4801	28	0	3	1490	0	7907	4024	601	0	0	0	0	89	0	10	11425	389156	36413	31	0	0	504275	382099	32812	0
1973	-102	-6	15	16	3944	5328	302892	10	485	1170971	7	14471	2	1	0	4800	28	0	3	1490	0	7907	3944	601	0	0	0	0	89	0	10	11425	389156	36413	31	0	0	504225	382099	32812	0
1972	-102	-6	15	15	3864	5328	302766	10	485	1170845	7	14465	2	1	0	4798	28	0	3	1490	0	7907	3864	601	0	0	0	0	89	0	10	11425	389156	36413	31	0	0	504175	382099	32812	0
1971	-103	-6	15	15	3784	5326	302640	10	484	1170719	7	14459	2	1	0	4796	28	0	3	1487	0	7900	3784	601	0	0	0	0	89	0	10	11425	389156	36413	31	0	0	504125	382099	32812	0
1970	-103	-6	15	15	3704	5326	302514	10	484	1170593	7	14453	2	1	0	4794	28	0	3	1487	0	7900	3704	601	0	0	0	0	89	0	10	11425	389156	36413	31	0	0	504075	382099	32812	0
1969	-103	-6	15	15	3624	5326	302388	10	484	1170467	7	14447	2	1	0	4792	28	0	3	1487	0	7900	3624	601	0	0	0	0	89	0	10	11425	389156	36413	31	0	0	504025	382099	32812	0
1968	-103	-6	15	15	3544	5326	302325	10	484	1170341	7	14444	2	1	0	4790	28	0	3	1487	0	7900	3544	601	0	0	0	0	89	0	10	11425	389156	36413	31	0	0	503975	382099	32812	0
1967	-106	-5	15	16	3385	5324	302073	10	483	1170089	7	14432	2	1	0	4786	28	0	3	1484	0	7893	3385	601	0	0	0	0	89	0	10	11425	389156	36413	31	0	0	503876	382099	32812	0
1966	-106	-5	15	16	3304	5324	301947	10	483	1169963	7	14426	2	1	0	4784	28	0	3	1484	0	7893	3304	601	0	0	0	0	89	0	10	11425	389156	36413	31	0	0	503825	382099	32812	0
1965	-106	-5	15	17	3225	5324	301821	10	483	1169900	7	14420	2	1	0	4783	28	0	3	1484	0	7893	3225	601	0	0	0	0	89	0	10	11425	389156	36413	31	0	0	503776	382099	32812	0
1964	-106	-5	15	17	3145	5324	301695	10	483	1169774	7	14414	2	1	0	4781	28	0	3	1484	0	7893	3145	601	0	0	0	0	89	0	10	11425	389156	36413	31	0	0	503726	382099	32812	0
1963	-106	-5	15	18	3064	5324	301569	10	483	1169648	7	14408	2	1	0	4779	28	0	3	1484	0	7893	3064	601	0	0	0	0	89	0	10	11425	389156	36413	31	0	0	503675	382099	32812	0
1962	-110	-3	15	19	2985	5322	301443	10	482	1169522	7	14402	2	1	0	4777	28	0	3	1481	0	7886	2985	601	0	0	0	0	89	0	10	11425	389156	36413	31	0	0	503626	382099	32812	0
1961	-110	-3	14	19	2904	5322	301317	10	482	1169396	7	14396	2	1	0	4775	27	0	3	1481	0	7886	2904	601	0	0	0	0	89	0	10	11425	389156	36413	31	0	0	503575	382099	32812	0
1960	-110	-3	12	19	2825	5322	301254	10	482	1169270	7	14393	2	1	0	4773	23	0	3	1481	0	7886	2825	601	0	0	0	0	89	0	10	11425	389156	36413	31	0	0	503526	382099	32812	0
1959	-110	-3	12	18	2745	5322	301128	10	482	1169207	7	14387	2	1	0	4772	23	0	3	1481	0	7886	2745	601	0	0	0	0	89	0	10	11425	389156	36413	31	0	0	503476	382099	32812	0
1958	-110	-3	10	21	2663	5322	301002	10	482	1169081	7	14381	2	1	0	4770	18	0	3	1481	0	7886	2663	601	0	0	0	0	89	0	10	11425	389156	36413	31	0	0	503424	382099	32812	0
1957	-105	-2	12	25	2504	5320	300750	10	481	1168829	7	14369	2	1	0	4766	23	0	3	1478	0	7879	2504	601	0	0	0	0	89	0	10	11425	389156	36413	31	0	0	503325	382099	32812	0
1956	-105	-2	13	26	2424	5320	300624	10	481	1168703	7	14363	2	1	0	4764	25	0	3	1478	0	7879	2424	601	0	0	0	0	89	0	10	11425	389156	36413	31	0	0	503275	382099	32812	0
1955	-105	-2	12	27	2344	5320	300498	10	481	1168577	7	14357	2	1	0	4762	23	0	3	1478	0	7879	2344	601	0	0	0	0	89	0	10	11425	389156	36413	31	0	0	503225	382099	32812	0
1954	-101	-2	12	27	2264	5318	300435	10	480	1168451	7	14354	2	1	0	4760	23	0	3	1475	0	7872	2264	601	0	0	0	0	89	0	10	11425	389156	36413	31	0	0	503175	382099	32812	0
1953	-101	-2	13	28	2184	5318	300246	10	480	1168325	7	14345	2	1	0	4758	25	0	3	1475	0	7872	2184	601	0	0	0	0	89	0	10	11425	389156	36413	31	0	0	503125	382099	32812	0
1952	-101	-2	15	27	2104	5318	300183	10	480	1168199	7	14342	2	1	0	4756	28	0	3	1475	0	7872	2104	601	0	0	0	0	89	0	10	11425	389156	36413	31	0	0	503075	382099	32812	0
1951	-101	-2	15	28	2024	5318	300057	10	480	1168136	7	14336	2	1	0	4755	28	0	3	1475	0	7872	2024	601	0	0	0	0	89	0	10	11425	389156	36413	31	0	0	503025	382099	32812	0
1950	-101	-2	15	29	1945	5318	299931	10	480	1168010	7	14330	2	1	0	4753	28	0	3	1475	0	7872	1945	601	0	0	0	0	89	0	10	11425	389156	36413	31	0	0	502976	382099	32812	0
1949	-100	-3	15	29	1865	5316	299805	10	479	1167884	7	14324	2	1	0	4751	28	0	3	1472	0	7865	1865	601	0	0	0	0	89	0	10	11425	389156	36413	31	0	0	502926	382099	32812	0
1948	-100	-3	15	28	1785	5316	299679	10	479	1167758	7	14318	2	1	0	4749	28	0	3	1472	0	7865	1785	601	0	0	0	0	89	0	10	11425	389156	36413	31	0	0	502876	382099	32812	0
1947	-100	-3	15	23	1625	5316	299490	10	479	1167506	7	14309	2	1	0	4745	28	0	3	1472	0	7865	1625	601	0	0	0	0	89	0	10	11425	389156	36413	31	0	0	502776	382099	32812	0
1946	-100	-3	15	20	1544	5316	299364	10	479	1167380	7	14303	2	1	0	4743	28	0	3	1472	0	7865	1544	601	0	0	0	0	89	0	10	11425	389156	36413	31	0	0	502725	382099	32812	0
1945	-102	-5	15	19	1464	5314	299175	10	478	1167254	7	14294	2	1	0	4741	28	0	3	1469	0	7858	1464	601	0	0	0	0	89	0	10	11425	389156	36413	31	0	0	502675	382099	32812	0
1944	-102	-5	0	18	1384	5314	299049	10	478	1167128	7	14288	2	1	0	4739	0	0	3	1469	0	7858	1384	601	0	0	0	0	89	0	10	11425	389156	36413	31	0	0	502625	382099	32812	0
1943	-102	-5	0	18	1304	5314	298986	10	478	1167065	7	14285	2	1	0	4738	0	0	3	1469	0	7858	1304	601	0	0	0	0	89	0	10	11425	389156	36413	31	0	0	502575	382099	32812	0
1942	-102	-5	15	18	1224	5314	298860	10	478	1167065	7	14279	2	1	0	4738	28	0	3	1469	0	7858	1224	601	0	0	0	0	89	0	10	11425	389156	36413	31	0	0	502525	382099	32812	0
1941	-102	-5	15	16	1144	5314	298734	10	478	1167002	7	14273	2	1	0	4737	28	0	3	1469	0	7858	1144	601	0	0	0	0	89	0	10	11425	389156	36413	31	0	0	502475	382099	32812	0
1940	-106	-5	15	13	1064	5312	298608	10	477	1166876	7	14267	2	1	0	4735	28	0	3	1466	0	7851	1064	601	0	0	0	0	89	0	10	11425	389156	36413	31	0	0	502425	382099	32812	0
1939	-106	-5	15	12	984	5312	298482	10	477	1166750	7	14261	2	1	0	4733	28	0	3	1466	0	7851	984	601	0	0	0	0	89	0	10	11425	389156	36413	31	0	0	502375	382099	32812	0
1938	-106	-5	15	13	904	5312	298356	10	477	1166624	7	14255	2	1	0	4731	28	0	3	1466	0	7851	904	601	0	0	0	0	89	0	10	11425	389156	36413	31	0	0	502325	382099	32812	0
1937	-106	-5	14	20	744	5312	298167	10	477	1166498	7	14246	2	1	0	4729	27	0	3	1466	0	7851	744	601	0	0	0	0	89	0	10	11425	389156	36413	31	0	0	502225	382099	32812	0
1936	-105	-3	13	21	664	5310	298041	10	476	1166372	7	14240	2	1	0	4727	25	0	3	1463	0	7844	664	601	0	0	0	0	89	0	10	11425	389156	36413	31	0	0	502175	382099	32812	0
1935	-105	-3	13	21	584	5310	297915	10	476	1166246	7	14234	2	1	0	4725	25	0	3	1463	0	7844	584	601	0	0	0	0	89	0	10	11425	389156	36413	31	0	0	502125	382099	32812	0
1934	-105	-3	12	19	504	5310	297789	10	476	1166120	7	14228	2	1	0	4723	23	0	3	1463	0	7844	504	601	0	0	0	0	89	0	10	11425	389156	36413	31	0	0	502075	382099	32812	0
1933	-105	-3	11	18	424	5310	297663	10	476	1165994	7	14222	2	1	0	4721	20	0	3	1463	0	7844	424	601	0	0	0	0	89	0	10	11425	389156	36413	31	0	0	502025	382099	32812	0
1932	-103	-3	13	17	344	5308	297600	10	475	1165868	7	14219	2	1	0	4719	25	0	3	1460	0	7837	344	601	0	0	0	0	89	0	10	11425	389156	36413	31	0	0	501975	382099	32812	0
1931	-103	-3	15	19	265	5308	297411	10	475	1165742	7	14210	2	1	0	4717	28	0	3	1460	0	7837	265	601	0	0	0	0	89	0	10	11425	389156	36413	31	0	0	501926	382099	32812	0
1930	-103	-3	12	20	184	5308	297348	10	475	1165616	7	14207	2	1	0	4715	23	0	3	1460	0	7837	184	601	0	0	0	0	89	0	10	11425	389156	36413	31	0	0	501875	382099	32812	0
1929	-103	-3	12	20	105	5308	297222	10	475	1165553	7	14201	2	1	0	4714	23	0	3	1460	0	7837	105	601	0	0	0	0	89	0	10	11425	389156	36413	31	0	0	501826	382099	32812	0
1928	-103	-3	13	20	25	5308	297096	10	475	1165427	7	14195	2	1	0	4712	25	0	3	1460	0	7837	25	601	0	0	0	0	89	0	10	11425	389156	36413	31	0	0	501776	382099	32812	0
1927	-101	-4	14	20	16248	5306	296844	10	474	1165175	7	14183	2	1	0	4708	27	0	3	1457	0	7830	16248	601	0	0	0	0	89	0	10	11425	389156	36413	31	0	0	501675	382099	32812	0
1926	-101	-4	15	20	16168	5306	296718	10	474	1165049	7	14177	2	1	0	4706	28	0	3	1457	0	7830	16168	601	0	0	0	0	89	0	10	11425	389156	36413	31	0	0	501625	382099	32812	0
1925	-101	-4	15	20	16089	5306	296655	10	474	1164923	7	14174	2	1	0	4704	28	0	3	1457	0	7830	16089	601	0	0	0	0	89	0	10	11425	389156	36413	31	0	0	501576	382099	32812	0
1924	-101	-4	15	18	16008	5306	296529	10	474	1164797	7	14168	2	1	0	4702	28	0	3	1457	0	7830	16008	601	0	0	0	0	89	0	10	11425	389156	36413	31	0	0	501525	382099	32812	0
1923	-104	-5	15	17	15929	5304	296340	10	473	1164671	7	14159	2	1	0	4700	28	0	3	1454	0	7823	15929	601	0	0	0	0	89	0	10	11425	389156	36413	31	0	0	501476	382099	32812	0
1922	-104	-5	15	18	15849	5304	296277	10	473	1164545	7	14156	2	1	0	4698	28	0	3	1454	0	7823	15849	601	0	0	0	0	89	0	10	11425	389156	36413	31	0	0	501426	382099	32812	0
1921	-104	-5	15	19	15768	5304	296151	10	473	1164482	7	14150	2	1	0	4697	28	0	3	1454	0	7823	15768	601	0	0	0	0	89	0	10	11425	389156	36413	31	0	0	501375	382099	32812	0
1920	-104	-5	15	20	15688	5304	296025	10	473	1164419	7	14144	2	1	0	4696	28	0	3	1454	0	7823	15688	601	0	0	0	0	89	0	10	11425	389156	36413	31	0	0	501325	382099	32812	0
1919	-104	-5	15	21	15608	5304	295899	10	473	1164293	7	14138	2	1	0	4694	28	0	3	1454	0	7823	15608	601	0	0	0	0	89	0	10	11425	389156	36413	31	0	0	501275	382099	32812	0
1918	-108	-5	15	20	15528	5302	295773	10	472	1164167	7	14132	2	1	0	4692	28	0	3	1451	0	7816	15528	601	0	0	0	0	89	0	10	11425	389156	36413	31	0	0	501225	382099	32812	0
1917	-108	-5	15	20	15368	5302	295584	10	472	1163915	7	14123	2	1	0	4688	28	0	3	1451	0	7816	15368	601	0	0	0	0	89	0	10	11425	389156	36413	31	0	0	501125	382099	32812	0
1916	-108	-5	15	20	15288	5302	295458	10	472	1163852	7	14117	2	1	0	4687	28	0	3	1451	0	7816	15288	601	0	0	0	0	89	0	10	11425	389156	36413	31	0	0	501075	382099	32812	0
1915	-108	-5	15	21	15209	5302	295332	10	472	1163726	7	14111	2	1	0	4685	28	0	3	1451	0	7816	15209	601	0	0	0	0	89	0	10	11425	389156	36413	31	0	0	501026	382099	32812	0
1914	-109	-5	13	22	15128	5300	295206	10	471	1163600	7	14105	2	1	0	4683	25	0	3	1448	0	7809	15128	601	0	0	0	0	89	0	10	11425	389156	36413	31	0	0	500975	382099	32812	0
1913	-109	-5	12	22	15048	5300	295080	10	471	1163474	7	14099	2	1	0	4681	23	0	3	1448	0	7809	15048	601	0	0	0	0	89	0	10	11425	389156	36413	31	0	0	500925	382099	32812	0
1912	-109	-5	12	19	14968	5300	294954	10	471	1163348	7	14093	2	1	0	4679	23	0	3	1448	0	7809	14968	601	0	0	0	0	89	0	10	11425	389156	36413	31	0	0	500875	382099	32812	0
1911	-109	-5	12	16	14888	5300	294828	10	471	1163222	7	14087	2	1	0	4677	23	0	3	1448	0	7809	14888	601	0	0	0	0	89	0	10	11425	389156	36413	31	0	0	500825	382099	32812	0
1910	-104	-4	12	14	14808	5298	294765	10	470	1163096	7	14084	2	1	0	4675	23	0	3	1445	0	7802	14808	601	0	0	0	0	89	0	10	11425	389156	36413	31	0	0	500775	382099	32812	0
1909	-104	-4	11	10	14728	5298	294576	10	470	1162970	7	14075	2	1	0	4673	20	0	3	1445	0	7802	14728	601	0	0	0	0	89	0	10	11425	389156	36413	31	0	0	500725	382099	32812	0
1908	-104	-4	9	9	14648	5298	294513	10	470	1162844	7	14072	2	1	0	4671	16	0	3	1445	0	7802	14648	601	0	0	0	0	89	0	10	11425	389156	36413	31	0	0	500675	382099	32812	0
1907	-104	-4	9	11	14488	5298	294261	10	470	1162655	7	14060	2	1	0	4668	16	0	3	1445	0	7802	14488	601	0	0	0	0	89	0	10	11425	389156	36413	31	0	0	500575	382099	32812	0
1906	-101	-4	11	13	14408	5296	294135	10	469	1162529	7	14054	2	1	0	4666	20	0	3	1442	0	7795	14408	601	0	0	0	0	89	0	10	11425	389156	36413	31	0	0	500525	382099	32812	0
1905	-101	-4	13	14	14328	5296	294009	10	469	1162403	7	14048	2	1	0	4664	25	0	3	1442	0	7795	14328	601	0	0	0	0	89	0	10	11425	389156	36413	31	0	0	500475	382099	32812	0
1904	-101	-4	15	15	14248	5296	293883	10	469	1162277	7	14042	2	1	0	4662	28	0	3	1442	0	7795	14248	601	0	0	0	0	89	0	10	11425	389156	36413	31	0	0	500425	382099	32812	0
1903	-101	-4	15	18	14169	5296	293820	10	469	1162151	7	14039	2	1	0	4660	28	0	3	1442	0	7795	14169	601	0	0	0	0	89	0	10	11425	389156	36413	31	0	0	500376	382099	32812	0
1902	-101	-4	15	18	14088	5296	293694	10	469	1162025	7	14033	2	1	0	4658	28	0	3	1442	0	7795	14088	601	0	0	0	0	89	0	10	11425	389156	36413	31	0	0	500325	382099	32812	0
1901	-100	-5	15	19	14008	5294	293568	10	468	1161899	7	14027	2	1	0	4656	28	0	3	1439	0	7788	14008	601	0	0	0	0	89	0	10	11425	389156	36413	31	0	0	500275	382099	32812	0
1900	-100	-5	15	18	13928	5294	293442	10	468	1161773	7	14021	2	1	0	4654	28	0	3	1439	0	7788	13928	601	0	0	0	0	89	0	10	11425	389156	36413	31	0	0	500225	382099	32812	0
1899	-100	-5	15	18	13848	5294	293316	10	468	1161710	7	14015	2	1	0	4653	28	0	3	1439	0	7788	13848	601	0	0	0	0	89	0	10	11425	389156	36413	31	0	0	500175	382099	32812	0
1898	-100	-5	15	20	13768	5294	293190	10	468	1161584	7	14009	2	1	0	4651	28	0	3	1439	0	7788	13768	601	0	0	0	0	89	0	10	11425	389156	36413	31	0	0	500125	382099	32812	0
1897	-103	-5	15	23	13608	5292	292938	10	467	1161332	7	13997	2	1	0	4647	28	0	3	1436	0	7781	13608	601	0	0	0	0	89	0	10	11425	389156	36413	31	0	0	500025	382099	32812	0
1896	-103	-5	15	23	13528	5292	292812	10	467	1161206	7	13991	2	1	0	4645	28	0	3	1436	0	7781	13528	601	0	0	0	0	89	0	10	11425	389156	36413	31	0	0	499975	382099	32812	0
1895	-103	-5	15	23	13448	5292	292749	10	467	1161080	7	13988	2	1	0	4643	28	0	3	1436	0	7781	13448	601	0	0	0	0	89	0	10	11425	389156	36413	31	0	0	499925	382099	32812	0
1894	-103	-5	15	23	13368	5292	292623	10	467	1161017	7	13982	2	1	0	4642	28	0	3	1436	0	7781	13368	601	0	0	0	0	89	0	10	11425	389156	36413	31	0	0	499875	382099	32812	0
1893	-103	-5	15	23	13288	5292	292497	10	467	1160891	7	13976	2	1	0	4640	28	0	3	1436	0	7781	13288	601	0	0	0	0	89	0	10	11425	389156	36413	31	0	0	499825	382099	32812	0
1892	-109	-5	15	23	13208	5290	292371	10	466	1160765	7	13970	2	1	0	4638	28	0	3	1433	0	7774	13208	601	0	0	0	0	89	0	10	11425	389156	36413	31	0	0	499775	382099	32812	0
1891	-109	-5	15	21	13128	5290	292245	10	466	1160639	7	13964	2	1	0	4636	28	0	3	1433	0	7774	13128	601	0	0	0	0	89	0	10	11425	389156	36413	31	0	0	499725	382099	32812	0
1890	-109	-5	15	20	13048	5290	292119	10	466	1160513	7	13958	2	1	0	4634	28	0	3	1433	0	7774	13048	601	0	0	0	0	89	0	10	11425	389156	36413	31	0	0	499675	382099	32812	0
1889	-109	-5	14	18	12968	5290	291993	10	466	1160387	7	13952	2	1	0	4632	27	0	3	1433	0	7774	12968	601	0	0	0	0	89	0	10	11425	389156	36413	31	0	0	499625	382099	32812	0
1888	-106	-6	13	17	12888	5288	291930	10	465	1160261	7	13949	2	1	0	4630	25	0	3	1430	0	7767	12888	601	0	0	0	0	89	0	10	11425	389156	36413	31	0	0	499575	382099	32812	0
1887	-106	-6	12	17	12728	5288	291678	10	465	1160009	7	13937	2	1	0	4626	23	0	3	1430	0	7767	12728	601	0	0	0	0	89	0	10	11425	389156	36413	31	0	0	499475	382099	32812	0
1886	-106	-6	12	17	12648	5288	291552	10	465	1159946	7	13931	2	1	0	4625	23	0	3	1430	0	7767	12648	601	0	0	0	0	89	0	10	11425	389156	36413	31	0	0	499425	382099	32812	0
1885	-106	-6	12	19	12568	5288	291426	10	465	1159820	7	13925	2	1	0	4623	23	0	3	1430	0	7767	12568	601	0	0	0	0	89	0	10	11425	389156	36413	31	0	0	499375	382099	32812	0
1884	-107	-5	13	18	12488	5286	291300	10	464	1159694	7	13919	2	1	0	4621	25	0	3	1427	0	7760	12488	601	0	0	0	0	89	0	10	11425	389156	36413	31	0	0	499325	382099	32812	0
1883	-107	-5	13	18	12408	5286	291174	10	464	1159568	7	13913	2	1	0	4619	25	0	3	1427	0	7760	12408	601	0	0	0	0	89	0	10	11425	389156	36413	31	0	0	499275	382099	32812	0
1882	-107	-5	13	18	12328	5286	291048	10	464	1159442	7	13907	2	1	0	4617	25	0	3	1427	0	7760	12328	601	0	0	0	0	89	0	10	11425	389156	36413	31	0	0	499225	382099	32812	0
1881	-107	-5	13	18	12248	5286	290985	10	464	1159316	7	13904	2	1	0	4615	25	0	3	1427	0	7760	12248	601	0	0	0	0	89	0	10	11425	389156	36413	31	0	0	499175	382099	32812	0
1880	-107	-5	13	18	12168	5286	290859	10	464	1159190	7	13898	2	1	0	4613	25	0	3	1427	0	7760	12168	601	0	0	0	0	89	0	10	11425	389156	36413	31	0	0	499125	382099	32812	0
1879	-108	-5	13	20	12088	5284	290733	10	463	1159064	7	13892	2	1	0	4611	25	0	3	1424	0	7753	12088	601	0	0	0	0	89	0	10	11425	389156	36413	31	0	0	499075	382099	32812	0
1878	-108	-5	13	21	12008	5284	290607	10	463	1158938	7	13886	2	1	0	4609	25	0	3	1424	0	7753	12008	601	0	0	0	0	89	0	10	11425	389156	36413	31	0	0	499025	382099	32812	0
1877	-108	-5	13	23	11848	5284	290355	10	463	1158749	7	13874	2	1	0	4606	25	0	3	1424	0	7753	11848	601	0	0	0	0	89	0	10	11425	389156	36413	31	0	0	498925	382099	32812	0
1876	-108	-5	12	23	11768	5284	290229	10	463	1158623	7	13868	2	1	0	4604	23	0	3	1424	0	7753	11768	601	0	0	0	0	89	0	10	11425	389156	36413	31	0	0	498875	382099	32812	0
1875	-108	-6	12	23	11688	5282	290103	10	462	1158497	7	13862	2	1	0	4602	23	0	3	1421	0	7746	11688	601	0	0	0	0	89	0	10	11425	389156	36413	31	0	0	498825	382099	32812	0
1874	-108	-6	12	23	11608	5282	289977	10	462	1158371	7	13856	2	1	0	4600	23	0	3	1421	0	7746	11608	601	0	0	0	0	89	0	10	11425	389156	36413	31	0	0	498775	382099	32812	0
1873	-108	-6	12	22	11528	5282	289914	10	462	1158245	7	13853	2	1	0	4598	23	0	3	1421	0	7746	11528	601	0	0	0	0	89	0	10	11425	389156	36413	31	0	0	498725	382099	32812	0
1872	-108	-6	12	22	11448	5282	289788	10	462	1158182	7	13847	2	1	0	4597	23	0	3	1421	0	7746	11448	601	0	0	0	0	89	0	10	11425	389156	36413	31	0	0	498675	382099	32812	0
1871	-108	-6	12	22	11368	5282	289662	10	462	1158056	7	13841	2	1	0	4595	23	0	3	1421	0	7746	11368	601	0	0	0	0	89	0	10	11425	389156	36413	31	0	0	498625	382099	32812	0
1870	-107	-6	12	22	11288	5280	289536	10	461	1157930	7	13835	2	1	0	4593	23	0	3	1418	0	7739	11288	601	0	0	0	0	89	0	10	11425	389156	36413	31	0	0	498575	382099	32812	0
1869	-107	-6	12	22	11208	5280	289410	10	461	1157804	7	13829	2	1	0	4591	23	0	3	1418	0	7739	11208	601	0	0	0	0	89	0	10	11425	389156	36413	31	0	0	498525	382099	32812	0
1868	-107	-6	12	22	11128	5280	289284	10	461	1157678	7	13823	2	1	0	4589	23	0	3	1418	0	7739	11128	601	0	0	0	0	89	0	10	11425	389156	36413	31	0	0	498475	382099	32812	0
1867	-105	-6	12	23	10968	5278	289095	10	460	1157426	7	13814	2	1	0	4585	23	0	3	1415	0	7732	10968	601	0	0	0	0	89	0	10	11425	389156	36413	31	0	0	498375	382099	32812	0
1866	-105	-6	13	24	10888	5278	288906	10	460	1157300	7	13805	2	1	0	4583	25	0	3	1415	0	7732	10888	601	0	0	0	0	89	0	10	11425	389156	36413	31	0	0	498325	382099	32812	0
1865	-105	-6	13	25	10808	5278	288843	10	460	1157174	7	13802	2	1	0	4581	25	0	3	1415	0	7732	10808	601	0	0	0	0	89	0	10	11425	389156	36413	31	0	0	498275	382099	32812	0
1864	-105	-6	13	25	10728	5278	288717	10	460	1157111	7	13796	2	1	0	4580	25	0	3	1415	0	7732	10728	601	0	0	0	0	89	0	10	11425	389156	36413	31	0	0	498225	382099	32812	0
1863	-105	-6	13	25	10648	5278	288591	10	460	1156985	7	13790	2	1	0	4578	25	0	3	1415	0	7732	10648	601	0	0	0	0	89	0	10	11425	389156	36413	31	0	0	498175	382099	32812	0
1862	-107	-6	14	25	10568	5276	288465	10	459	1156859	7	13784	2	1	0	4576	27	0	3	1412	0	7725	10568	601	0	0	0	0	89	0	10	11425	389156	36413	31	0	0	498125	382099	32812	0
1861	-107	-6	15	24	10488	5276	288339	10	459	1156733	7	13778	2	1	0	4574	28	0	3	1412	0	7725	10488	601	0	0	0	0	89	0	10	11425	389156	36413	31	0	0	498075	382099	32812	0
1860	-107	-6	13	23	10408	5276	288213	10	459	1156607	7	13772	2	1	0	4572	25	0	3	1412	0	7725	10408	601	0	0	0	0	89	0	10	11425	389156	36413	31	0	0	498025	382099	32812	0
1859	-107	-6	13	22	10328	5276	288150	10	459	1156481	7	13769	2	1	0	4570	25	0	3	1412	0	7725	10328	601	0	0	0	0	89	0	10	11425	389156	36413	31	0	0	497975	382099	32812	0
1858	-107	-6	13	20	10248	5276	288024	10	459	1156355	7	13763	2	1	0	4568	25	0	3	1412	0	7725	10248	601	0	0	0	0	89	0	10	11425	389156	36413	31	0	0	497925	382099	32812	0
1857	-106	-5	12	19	10088	5274	287772	10	458	1156103	7	13751	2	1	0	4564	23	0	3	1409	0	7718	10088	601	0	0	0	0	89	0	10	11425	389156	36413	31	0	0	497825	382099	32812	0
1856	-106	-5	12	19	10008	5274	287646	10	458	1156040	7	13745	2	1	0	4563	23	0	3	1409	0	7718	10008	601	0	0	0	0	89	0	10	11425	389156	36413	31	0	0	497775	382099	32812	0
1855	-106	-5	12	19	9928	5274	287520	10	458	1155914	7	13739	2	1	0	4561	23	0	3	1409	0	7718	9928	601	0	0	0	0	89	0	10	11425	389156	36413	31	0	0	497725	382099	32812	0
1854	-106	-5	13	20	9848	5274	287394	10	458	1155788	7	13733	2	1	0	4559	25	0	3	1409	0	7718	9848	601	0	0	0	0	89	0	10	11425	389156	36413	31	0	0	497675	382099	32812	0
1853	-111	-5	13	20	9768	5272	287268	10	457	1155662	7	13727	2	1	0	4557	25	0	3	1406	0	7711	9768	601	0	0	0	0	89	0	10	11425	389156	36413	31	0	0	497625	382099	32812	0
1852	-111	-5	15	19	9688	5272	287142	10	457	1155536	7	13721	2	1	0	4555	28	0	3	1406	0	7711	9688	601	0	0	0	0	89	0	10	11425	389156	36413	31	0	0	497575	382099	32812	0
1851	-111	-5	14	20	9608	5272	287079	10	457	1155410	7	13718	2	1	0	4553	27	0	3	1406	0	7711	9608	601	0	0	0	0	89	0	10	11425	389156	36413	31	0	0	497525	382099	32812	0
1850	-111	-5	14	20	9528	5272	286953	10	457	1155347	7	13712	2	1	0	4552	27	0	3	1406	0	7711	9528	601	0	0	0	0	89	0	10	11425	389156	36413	31	0	0	497475	382099	32812	0
1849	-111	-5	13	21	9448	5272	286827	10	457	1155221	7	13706	2	1	0	4550	25	0	3	1406	0	7711	9448	601	0	0	0	0	89	0	10	11425	389156	36413	31	0	0	497425	382099	32812	0
1848	-107	-4	12	22	9368	5270	286701	10	456	1155095	7	13700	2	1	0	4548	23	0	3	1403	0	7704	9368	601	0	0	0	0	89	0	10	11425	389156	36413	31	0	0	497375	382099	32812	0
1847	-107	-4	8	26	9208	5270	286449	10	456	1154843	7	13688	2	1	0	4544	13	0	3	1403	0	7704	9208	601	0	0	0	0	89	0	10	11425	389156	36413	31	0	0	497275	382099	32812	0
1846	-107	-4	10	26	9128	5270	286323	10	456	1154717	7	13682	2	1	0	4542	18	0	3	1403	0	7704	9128	601	0	0	0	0	89	0	10	11425	389156	36413	31	0	0	497225	382099	32812	0
1845	-108	-3	12	27	9048	5268	286260	10	455	1154591	7	13679	2	1	0	4540	23	0	3	1400	0	7697	9048	601	0	0	0	0	89	0	10	11425	389156	36413	31	0	0	497175	382099	32812	0
1844	-108	-3	13	27	8968	5268	286071	10	455	1154465	7	13670	2	1	0	4538	25	0	3	1400	0	7697	8968	601	0	0	0	0	89	0	10	11425	389156	36413	31	0	0	497125	382099	32812	0
1843	-108	-3	13	27	8888	5268	286008	10	455	1154339	7	13667	2	1	0	4536	25	0	3	1400	0	7697	8888	601	0	0	0	0	89	0	10	11425	389156	36413	31	0	0	497075	382099	32812	0
1842	-108	-3	13	27	8808	5268	285882	10	455	1154276	7	13661	2	1	0	4535	25	0	3	1400	0	7697	8808	601	0	0	0	0	89	0	10	11425	389156	36413	31	0	0	497025	382099	32812	0
1841	-108	-3	13	26	8728	5268	285756	10	455	1154150	7	13655	2	1	0	4533	25	0	3	1400	0	7697	8728	601	0	0	0	0	89	0	10	11425	389156	36413	31	0	0	496975	382099	32812	0
1840	-105	-4	13	26	8648	5266	285630	10	454	1154024	7	13649	2	1	0	4531	25	0	3	1397	0	7690	8648	601	0	0	0	0	89	0	10	11425	389156	36413	31	0	0	496925	382099	32812	0
1839	-105	-4	13	25	8568	5266	285504	10	454	1153898	7	13643	2	1	0	4529	25	0	3	1397	0	7690	8568	601	0	0	0	0	89	0	10	11425	389156	36413	31	0	0	496875	382099	32812	0
1838	-105	-4	12	25	8488	5266	285378	10	454	1153772	7	13637	2	1	0	4527	23	0	3	1397	0	7690	8488	601	0	0	0	0	89	0	10	11425	389156	36413	31	0	0	496825	382099	32812	0
1837	-105	-4	12	24	8328	5266	285189	10	454	1153520	7	13628	2	1	0	4523	23	0	3	1397	0	7690	8328	601	0	0	0	0	89	0	10	11425	389156	36413	31	0	0	496725	382099	32812	0
1836	-102	-5	13	23	8248	5264	285063	10	453	1153394	7	13622	2	1	0	4521	25	0	3	1394	0	7683	8248	601	0	0	0	0	89	0	10	11425	389156	36413	31	0	0	496675	382099	32812	0
1835	-102	-5	15	20	8168	5264	284937	10	453	1153268	7	13616	2	1	0	4519	28	0	3	1394	0	7683	8168	601	0	0	0	0	89	0	10	11425	389156	36413	31	0	0	496625	382099	32812	0
1834	-102	-5	15	19	8088	5264	284811	10	453	1153205	7	13610	2	1	0	4518	28	0	3	1394	0	7683	8088	601	0	0	0	0	89	0	10	11425	389156	36413	31	0	0	496575	382099	32812	0
1833	-102	-5	15	17	8008	5264	284685	10	453	1153079	7	13604	2	1	0	4516	28	0	3	1394	0	7683	8008	601	0	0	0	0	89	0	10	11425	389156	36413	31	0	0	496525	382099	32812	0
1832	-102	-5	15	18	7928	5264	284559	10	453	1152953	7	13598	2	1	0	4514	28	0	3	1394	0	7683	7928	601	0	0	0	0	89	0	10	11425	389156	36413	31	0	0	496475	382099	32812	0
1831	-101	-3	15	20	7848	5262	284433	10	452	1152827	7	13592	2	1	0	4512	28	0	3	1391	0	7676	7848	601	0	0	0	0	89	0	10	11425	389156	36413	31	0	0	496425	382099	32812	0
1830	-101	-3	14	24	7768	5262	284307	10	452	1152701	7	13586	2	1	0	4510	27	0	3	1391	0	7676	7768	601	0	0	0	0	89	0	10	11425	389156	36413	31	0	0	496375	382099	32812	0
1829	-101	-3	15	25	7688	5262	284244	10	452	1152575	7	13583	2	1	0	4508	28	0	3	1391	0	7676	7688	601	0	0	0	0	89	0	10	11425	389156	36413	31	0	0	496325	382099	32812	0
1828	-101	-3	15	25	7608	5262	284118	10	452	1152512	7	13577	2	1	0	4507	28	0	3	1391	0	7676	7608	601	0	0	0	0	89	0	10	11425	389156	36413	31	0	0	496275	382099	32812	0
1827	-102	-4	15	25	7448	5260	283866	10	451	1152260	7	13565	2	1	0	4503	28	0	3	1388	0	7669	7448	601	0	0	0	0	89	0	10	11425	389156	36413	31	0	0	496175	382099	32812	0
1826	-102	-4	15	25	7368	5260	283740	10	451	1152134	7	13559	2	1	0	4501	28	0	3	1388	0	7669	7368	601	0	0	0	0	89	0	10	11425	389156	36413	31	0	0	496125	382099	32812	0
1825	-102	-4	15	24	7288	5260	283614	10	451	1152008	7	13553	2	1	0	4499	28	0	3	1388	0	7669	7288	601	0	0	0	0	89	0	10	11425	389156	36413	31	0	0	496075	382099	32812	0
1824	-102	-4	15	23	7208	5260	283488	10	451	1151882	7	13547	2	1	0	4497	28	0	3	1388	0	7669	7208	601	0	0	0	0	89	0	10	11425	389156	36413	31	0	0	496025	382099	32812	0
1823	-105	-3	15	23	7128	5258	283425	10	450	1151756	7	13544	2	1	0	4495	28	0	3	1385	0	7662	7128	601	0	0	0	0	89	0	10	11425	389156	36413	31	0	0	495975	382099	32812	0
1822	-105	-3	15	21	7048	5258	283236	10	450	1151630	7	13535	2	1	0	4493	28	0	3	1385	0	7662	7048	601	0	0	0	0	89	0	10	11425	389156	36413	31	0	0	495925	382099	32812	0
1821	-105	-3	15	20	6968	5258	283173	10	450	1151504	7	13532	2	1	0	4491	28	0	3	1385	0	7662	6968	601	0	0	0	0	89	0	10	11425	389156	36413	31	0	0	495875	382099	32812	0
1820	-105	-3	15	20	6888	5258	283047	10	450	1151441	7	13526	2	1	0	4490	28	0	3	1385	0	7662	6888	601	0	0	0	0	89	0	10	11425	389156	36413	31	0	0	495825	382099	32812	0
1819	-105	-3	15	21	6808	5258	282921	10	450	1151315	7	13520	2	1	0	4488	28	0	3	1385	0	7662	6808	601	0	0	0	0	89	0	10	11425	389156	36413	31	0	0	495775	382099	32812	0
1818	-102	-3	14	21	6728	5256	282795	10	449	1151189	7	13514	2	1	0	4486	27	0	3	1382	0	7655	6728	601	0	0	0	0	89	0	10	11425	389156	36413	31	0	0	495725	382099	32812	0
1817	-102	-3	13	20	6568	5256	282543	10	449	1150937	7	13502	2	1	0	4482	25	0	3	1382	0	7655	6568	601	0	0	0	0	89	0	10	11425	389156	36413	31	0	0	495625	382099	32812	0
1816	-102	-3	13	20	6488	5256	282480	10	449	1150811	7	13499	2	1	0	4480	25	0	3	1382	0	7655	6488	601	0	0	0	0	89	0	10	11425	389156	36413	31	0	0	495575	382099	32812	0
1815	-102	-3	15	21	6408	5256	282354	10	449	1150685	7	13493	2	1	0	4478	28	0	3	1382	0	7655	6408	601	0	0	0	0	89	0	10	11425	389156	36413	31	0	0	495525	382099	32812	0
1814	-102	-2	15	22	6328	5254	282228	10	448	1150559	7	13487	2	1	0	4476	28	0	3	1379	0	7648	6328	601	0	0	0	0	89	0	10	11425	389156	36413	31	0	0	495475	382099	32812	0
1813	-102	-2	15	22	6248	5254	282102	10	448	1150433	7	13481	2	1	0	4474	28	0	3	1379	0	7648	6248	601	0	0	0	0	89	0	10	11425	389156	36413	31	0	0	495425	382099	32812	0
1812	-102	-2	15	23	6168	5254	281976	10	448	1150370	7	13475	2	1	0	4473	28	0	3	1379	0	7648	6168	601	0	0	0	0	89	0	10	11425	389156	36413	31	0	0	495375	382099	32812	0
1811	-102	-2	15	25	6088	5254	281850	10	448	1150244	7	13469	2	1	0	4471	28	0	3	1379	0	7648	6088	601	0	0	0	0	89	0	10	11425	389156	36413	31	0	0	495325	382099	32812	0
1810	-102	-2	15	27	6008	5254	281724	10	448	1150118	7	13463	2	1	0	4469	28	0	3	1379	0	7648	6008	601	0	0	0	0	89	0	10	11425	389156	36413	31	0	0	495275	382099	32812	0
1809	-103	-2	15	28	5928	5252	281598	10	447	1149992	7	13457	2	1	0	4467	28	0	3	1376	0	7641	5928	601	0	0	0	0	89	0	10	11425	389156	36413	31	0	0	495225	382099	32812	0
1808	-103	-2	15	28	5848	5252	281472	10	447	1149866	7	13451	2	1	0	4465	28	0	3	1376	0	7641	5848	601	0	0	0	0	89	0	10	11425	389156	36413	31	0	0	495175	382099	32812	0
1807	-103	-2	15	29	5688	5252	281283	10	447	1149677	7	13442	2	1	0	4462	28	0	3	1376	0	7641	5688	601	0	0	0	0	89	0	10	11425	389156	36413	31	0	0	495075	382099	32812	0
1806	-103	-2	15	29	5608	5252	281157	10	447	1149551	7	13436	2	1	0	4460	28	0	3	1376	0	7641	5608	601	0	0	0	0	89	0	10	11425	389156	36413	31	0	0	495025	382099	32812	0
1805	-104	-2	15	29	5528	5250	281031	10	446	1149425	7	13430	2	1	0	4458	28	0	3	1373	0	7634	5528	601	0	0	0	0	89	0	10	11425	389156	36413	31	0	0	494975	382099	32812	0
1804	-104	-2	15	27	5448	5250	280905	10	446	1149299	7	13424	2	1	0	4456	28	0	3	1373	0	7634	5448	601	0	0	0	0	89	0	10	11425	389156	36413	31	0	0	494925	382099	32812	0
1803	-104	-2	15	25	5368	5250	280779	10	446	1149173	7	13418	2	1	0	4454	28	0	3	1373	0	7634	5368	601	0	0	0	0	89	0	10	11425	389156	36413	31	0	0	494875	382099	32812	0
1802	-104	-2	15	23	5288	5250	280653	10	446	1149047	7	13412	2	1	0	4452	28	0	3	1373	0	7634	5288	601	0	0	0	0	89	0	10	11425	389156	36413	31	0	0	494825	382099	32812	0
1801	-105	-2	15	21	5208	5248	280590	10	445	1148921	7	13409	2	1	0	4450	28	0	3	1370	0	7627	5208	601	0	0	0	0	89	0	10	11425	389156	36413	31	0	0	494775	382099	32812	0
1800	-105	-2	15	18	5128	5248	280401	10	445	1148795	7	13400	2	1	0	4448	28	0	3	1370	0	7627	5128	601	0	0	0	0	89	0	10	11425	389156	36413	31	0	0	494725	382099	32812	0
1799	-105	-2	15	17	5048	5248	280338	10	445	1148669	7	13397	2	1	0	4446	28	0	3	1370	0	7627	5048	601	0	0	0	0	89	0	10	11425	389156	36413	31	0	0	494675	382099	32812	0
1798	-105	-2	15	21	4888	5248	280086	10	445	1148480	7	13385	2	1	0	4443	28	0	3	1370	0	7627	4888	601	0	0	0	0	89	0	10	11425	389156	36413	31	0	0	494575	382099	32812	0
1797	-104	-2	15	23	4808	5246	279960	10	444	1148354	7	13379	2	1	0	4441	28	0	3	1367	0	7620	4808	601	0	0	0	0	89	0	10	11425	389156	36413	31	0	0	494525	382099	32812	0
1796	-104	-2	15	24	4728	5246	279834	10	444	1148228	7	13373	2	1	0	4439	28	0	3	1367	0	7620	4728	601	0	0	0	0	89	0	10	11425	389156	36413	31	0	0	494475	382099	32812	0
1795	-104	-2	15	25	4648	5246	279708	10	444	1148102	7	13367	2	1	0	4437	28	0	3	1367	0	7620	4648	601	0	0	0	0	89	0	10	11425	389156	36413	31	0	0	494425	382099	32812	0
1794	-104	-2	15	25	4568	5246	279645	10	444	1147976	7	13364	2	1	0	4435	28	0	3	1367	0	7620	4568	601	0	0	0	0	89	0	10	11425	389156	36413	31	0	0	494375	382099	32812	0
1793	-104	-2	14	27	4488	5246	279519	10	444	1147850	7	13358	2	1	0	4433	27	0	3	1367	0	7620	4488	601	0	0	0	0	89	0	10	11425	389156	36413	31	0	0	494325	382099	32812	0
1792	-105	-2	15	28	4408	5244	279393	10	443	1147724	7	13352	2	1	0	4431	28	0	3	1364	0	7613	4408	601	0	0	0	0	89	0	10	11425	389156	36413	31	0	0	494275	382099	32812	0
1791	-105	-2	15	30	4328	5244	279267	10	443	1147598	7	13346	2	1	0	4429	28	0	3	1364	0	7613	4328	601	0	0	0	0	89	0	10	11425	389156	36413	31	0	0	494225	382099	32812	0
1790	-105	-2	15	31	4248	5244	279141	10	443	1147535	7	13340	2	1	0	4428	28	0	3	1364	0	7613	4248	601	0	0	0	0	89	0	10	11425	389156	36413	31	0	0	494175	382099	32812	0
1789	-105	-2	15	32	4168	5244	279015	10	443	1147409	7	13334	2	1	0	4426	28	0	3	1364	0	7613	4168	601	0	0	0	0	89	0	10	11425	389156	36413	31	0	0	494125	382099	32812	0
1788	-104	-2	14	32	4008	5242	278763	10	442	1147157	7	13322	2	1	0	4422	27	0	3	1361	0	7606	4008	601	0	0	0	0	89	0	10	11425	389156	36413	31	0	0	494025	382099	32812	0
1787	-104	-2	13	32	3928	5242	278637	10	442	1147031	7	13316	2	1	0	4420	25	0	3	1361	0	7606	3928	601	0	0	0	0	89	0	10	11425	389156	36413	31	0	0	493975	382099	32812	0
1786	-104	-2	14	33	3848	5242	278574	10	442	1146905	7	13313	2	1	0	4418	27	0	3	1361	0	7606	3848	601	0	0	0	0	89	0	10	11425	389156	36413	31	0	0	493925	382099	32812	0
1785	-104	-2	14	33	3768	5242	278448	10	442	1146842	7	13307	2	1	0	4417	27	0	3	1361	0	7606	3768	601	0	0	0	0	89	0	10	11425	389156	36413	31	0	0	493875	382099	32812	0
1784	-104	-2	14	33	3688	5242	278322	10	442	1146716	7	13301	2	1	0	4415	27	0	3	1361	0	7606	3688	601	0	0	0	0	89	0	10	11425	389156	36413	31	0	0	493825	382099	32812	0
1783	-104	-2	15	33	3608	5240	278196	10	441	1146590	7	13295	2	1	0	4413	28	0	3	1358	0	7599	3608	601	0	0	0	0	89	0	10	11425	389156	36413	31	0	0	493775	382099	32812	0
1782	-104	-2	15	33	3528	5240	278070	10	441	1146464	7	13289	2	1	0	4411	28	0	3	1358	0	7599	3528	601	0	0	0	0	89	0	10	11425	389156	36413	31	0	0	493725	382099	32812	0
1781	-104	-2	15	33	3448	5240	277944	10	441	1146338	7	13283	2	1	0	4409	28	0	3	1358	0	7599	3448	601	0	0	0	0	89	0	10	11425	389156	36413	31	0	0	493675	382099	32812	0
1780	-104	-2	15	32	3368	5240	277818	10	441	1146212	7	13277	2	1	0	4407	28	0	3	1358	0	7599	3368	601	0	0	0	0	89	0	10	11425	389156	36413	31	0	0	493625	382099	32812	0
1779	-104	-2	15	33	3288	5238	277755	10	440	1146086	7	13274	2	1	0	4405	28	0	3	1355	0	7592	3288	601	0	0	0	0	89	0	10	11425	389156	36413	31	0	0	493575	382099	32812	0
1778	-104	-2	15	33	3128	5238	277503	10	440	1145834	7	13262	2	1	0	4401	28	0	3	1355	0	7592	3128	601	0	0	0	0	89	0	10	11425	389156	36413	31	0	0	493475	382099	32812	0
1777	-104	-2	15	33	3048	5238	277377	10	440	1145771	7	13256	2	1	0	4400	28	0	3	1355	0	7592	3048	601	0	0	0	0	89	0	10	11425	389156	36413	31	0	0	493425	382099	32812	0
1776	-104	-2	15	33	2968	5238	277251	10	440	1145645	7	13250	2	1	0	4398	28	0	3	1355	0	7592	2968	601	0	0	0	0	89	0	10	11425	389156	36413	31	0	0	493375	382099	32812	0
1775	-104	-2	15	33	2888	5236	277125	10	439	1145519	7	13244	2	1	0	4396	28	0	3	1352	0	7585	2888	601	0	0	0	0	89	0	10	11425	389156	36413	31	0	0	493325	382099	32812	0
1774	-104	-2	15	33	2808	5236	276999	10	439	1145393	7	13238	2	1	0	4394	28	0	3	1352	0	7585	2808	601	0	0	0	0	89	0	10	11425	389156	36413	31	0	0	493275	382099	32812	0
1773	-104	-2	15	33	2728	5236	276873	10	439	1145267	7	13232	2	1	0	4392	28	0	3	1352	0	7585	2728	601	0	0	0	0	89	0	10	11425	389156	36413	31	0	0	493225	382099	32812	0
1772	-104	-2	15	33	2648	5236	276810	10	439	1145141	7	13229	2	1	0	4390	28	0	3	1352	0	7585	2648	601	0	0	0	0	89	0	10	11425	389156	36413	31	0	0	493175	382099	32812	0
1771	-104	-2	15	33	2568	5236	276684	10	439	1145015	7	13223	2	1	0	4388	28	0	3	1352	0	7585	2568	601	0	0	0	0	89	0	10	11425	389156	36413	31	0	0	493125	382099	32812	0
1770	-104	-2	15	33	2488	5234	276558	10	438	1144889	7	13217	2	1	0	4386	28	0	3	1349	0	7578	2488	601	0	0	0	0	89	0	10	11425	389156	36413	31	0	0	493075	382099	32812	0
1769	-104	-2	15	33	2408	5234	276432	10	438	1144763	7	13211	2	1	0	4384	28	0	3	1349	0	7578	2408	601	0	0	0	0	89	0	10	11425	389156	36413	31	0	0	493025	382099	32812	0
1768	-104	-2	15	33	2248	5234	276180	10	438	1144574	7	13199	2	1	0	4381	28	0	3	1349	0	7578	2248	601	0	0	0	0	89	0	10	11425	389156	36413	31	0	0	492925	382099	32812	0
1767	-104	-2	15	33	2168	5234	276054	10	438	1144448	7	13193	2	1	0	4379	28	0	3	1349	0	7578	2168	601	0	0	0	0	89	0	10	11425	389156	36413	31	0	0	492875	382099	32812	0
1766	-103	-2	15	33	2088	5232	275928	10	437	1144322	7	13187	2	1	0	4377	28	0	3	1346	0	7571	2088	601	0	0	0	0	89	0	10	11425	389156	36413	31	0	0	492825	382099	32812	0
1765	-103	-2	15	33	2008	5232	275802	10	437	1144196	7	13181	2	1	0	4375	28	0	3	1346	0	7571	2008	601	0	0	0	0	89	0	10	11425	389156	36413	31	0	0	492775	382099	32812	0
1764	-103	-2	15	32	1928	5232	275739	10	437	1144070	7	13178	2	1	0	4373	28	0	3	1346	0	7571	1928	601	0	0	0	0	89	0	10	11425	389156	36413	31	0	0	492725	382099	32812	0
1763	-103	-2	15	32	1848	5232	275613	10	437	1144007	7	13172	2	1	0	4372	28	0	3	1346	0	7571	1848	601	0	0	0	0	89	0	10	11425	389156	36413	31	0	0	492675	382099	32812	0
1762	-103	-2	15	32	1768	5232	275487	10	437	1143881	7	13166	2	1	0	4370	28	0	3	1346	0	7571	1768	601	0	0	0	0	89	0	10	11425	389156	36413	31	0	0	492625	382099	32812	0
1761	-102	-2	15	32	1688	5230	275361	10	436	1143755	7	13160	2	1	0	4368	28	0	3	1343	0	7564	1688	601	0	0	0	0	89	0	10	11425	389156	36413	31	0	0	492575	382099	32812	0
1760	-102	-2	15	33	1608	5230	275235	10	436	1143629	7	13154	2	1	0	4366	28	0	3	1343	0	7564	1608	601	0	0	0	0	89	0	10	11425	389156	36413	31	0	0	492525	382099	32812	0
1759	-102	-2	15	33	1528	5230	275109	10	436	1143503	7	13148	2	1	0	4364	28	0	3	1343	0	7564	1528	601	0	0	0	0	89	0	10	11425	389156	36413	31	0	0	492475	382099	32812	0
1758	-100	-2	15	34	1368	5228	274920	10	435	1143251	7	13139	2	1	0	4360	28	0	3	1340	0	7557	1368	601	0	0	0	0	89	0	10	11425	389156	36413	31	0	0	492375	382099	32812	0
1757	-100	-2	15	34	1288	5228	274731	10	435	1143125	7	13130	2	1	0	4358	28	0	3	1340	0	7557	1288	601	0	0	0	0	89	0	10	11425	389156	36413	31	0	0	492325	382099	32812	0
1756	-100	-2	15	34	1208	5228	274668	10	435	1142999	7	13127	2	1	0	4356	28	0	3	1340	0	7557	1208	601	0	0	0	0	89	0	10	11425	389156	36413	31	0	0	492275	382099	32812	0
1755	-100	-2	15	36	1128	5228	274542	10	435	1142936	7	13121	2	1	0	4355	28	0	3	1340	0	7557	1128	601	0	0	0	0	89	0	10	11425	389156	36413	31	0	0	492225	382099	32812	0
1754	-100	-2	15	36	1048	5228	274416	10	435	1142810	7	13115	2	1	0	4353	28	0	3	1340	0	7557	1048	601	0	0	0	0	89	0	10	11425	389156	36413	31	0	0	492175	382099	32812	0
1753	-100	-2	15	36	968	5226	274290	10	434	1142684	7	13109	2	1	0	4351	28	0	3	1337	0	7550	968	601	0	0	0	0	89	0	10	11425	389156	36413	31	0	0	492125	382099	32812	0
1752	-100	-2	15	38	888	5226	274164	10	434	1142558	7	13103	2	1	0	4349	28	0	3	1337	0	7550	888	601	0	0	0	0	89	0	10	11425	389156	36413	31	0	0	492075	382099	32812	0
1751	-100	-2	15	38	808	5226	274038	10	434	1142432	7	13097	2	1	0	4347	28	0	3	1337	0	7550	808	601	0	0	0	0	89	0	10	11425	389156	36413	31	0	0	492025	382099	32812	0
1750	-100	-2	15	38	728	5226	273975	10	434	1142306	7	13094	2	1	0	4345	28	0	3	1337	0	7550	728	601	0	0	0	0	89	0	10	11425	389156	36413	31	0	0	491975	382099	32812	0
1749	-100	-2	15	37	648	5226	273849	10	434	1142180	7	13088	2	1	0	4343	28	0	3	1337	0	7550	648	601	0	0	0	0	89	0	10	11425	389156	36413	31	0	0	491925	382099	32812	0
1748	-102	-2	15	37	488	5224	273597	10	433	1141928	7	13076	2	1	0	4339	28	0	3	1334	0	7543	488	601	0	0	0	0	89	0	10	11425	389156	36413	31	0	0	491825	382099	32812	0
1747	-102	-2	15	37	408	5224	273471	10	433	1141865	7	13070	2	1	0	4338	28	0	3	1334	0	7543	408	601	0	0	0	0	89	0	10	11425	389156	36413	31	0	0	491775	382099	32812	0
1746	-102	-2	15	36	328	5224	273345	10	433	1141739	7	13064	2	1	0	4336	28	0	3	1334	0	7543	328	601	0	0	0	0	89	0	10	11425	389156	36413	31	0	0	491725	382099	32812	0
1745	-102	-2	15	35	248	5224	273219	10	433	1141613	7	13058	2	1	0	4334	28	0	3	1334	0	7543	248	601	0	0	0	0	89	0	10	11425	389156	36413	31	0	0	491675	382099	32812	0
1744	-104	-2	15	35	168	5222	273093	10	432	1141487	7	13052	2	1	0	4332	28	0	3	1331	0	7536	168	601	0	0	0	0	89	0	10	11425	389156	36413	31	0	0	491625	382099	32812	0
1743	-104	-2	15	34	88	5222	272967	10	432	1141361	7	13046	2	1	0	4330	28	0	3	1331	0	7536	88	601	0	0	0	0	89	0	10	11425	389156	36413	31	0	0	491575	382099	32812	0
1742	-104	-2	15	34	8	5222	272904	10	432	1141235	7	13043	2	1	0	4328	28	0	3	1331	0	7536	8	601	0	0	0	0	89	0	10	11425	389156	36413	31	0	0	491525	382099	32812	0
1741	-104	-2	15	34	16312	5222	272778	10	432	1141172	7	13037	2	1	0	4327	28	0	3	1331	0	7536	16312	601	0	0	0	0	89	0	10	11425	389156	36413	31	0	0	491475	382099	32812	0
1740	-104	-2	15	33	16232	5222	272652	10	432	1141046	7	13031	2	1	0	4325	28	0	3	1331	0	7536	16232	601	0	0	0	0	89	0	10	11425	389156	36413	31	0	0	491425	382099	32812	0
1739	-104	-2	15	32	16152	5220	272526	10	431	1140920	7	13025	2	1	0	4323	28	0	3	1328	0	7529	16152	601	0	0	0	0	89	0	10	11425	389156	36413	31	0	0	491375	382099	32812	0
1738	-104	-2	15	33	15992	5220	272274	10	431	1140668	7	13013	2	1	0	4319	28	0	3	1328	0	7529	15992	601	0	0	0	0	89	0	10	11425	389156	36413	31	0	0	491275	382099	32812	0
1737	-104	-2	15	33	15912	5220	272148	10	431	1140542	7	13007	2	1	0	4317	28	0	3	1328	0	7529	15912	601	0	0	0	0	89	0	10	11425	389156	36413	31	0	0	491225	382099	32812	0
1736	-103	-2	15	33	15832	5218	272085	10	430	1140416	7	13004	2	1	0	4315	28	0	3	1325	0	7522	15832	601	0	0	0	0	89	0	10	11425	389156	36413	31	0	0	491175	382099	32812	0
1735	-103	-2	15	34	15752	5218	271896	10	430	1140290	7	12995	2	1	0	4313	28	0	3	1325	0	7522	15752	601	0	0	0	0	89	0	10	11425	389156	36413	31	0	0	491125	382099	32812	0
1734	-103	-2	15	34	15672	5218	271833	10	430	1140164	7	12992	2	1	0	4311	28	0	3	1325	0	7522	15672	601	0	0	0	0	89	0	10	11425	389156	36413	31	0	0	491075	382099	32812	0
1733	-103	-2	15	34	15592	5218	271707	10	430	1140101	7	12986	2	1	0	4310	28	0	3	1325	0	7522	15592	601	0	0	0	0	89	0	10	11425	389156	36413	31	0	0	491025	382099	32812	0
1732	-103	-2	15	34	15512	5218	271581	10	430	1139975	7	12980	2	1	0	4308	28	0	3	1325	0	7522	15512	601	0	0	0	0	89	0	10	11425	389156	36413	31	0	0	490975	382099	32812	0
1731	-103	-2	15	36	15432	5216	271455	10	429	1139849	7	12974	2	1	0	4306	28	0	3	1322	0	7515	15432	601	0	0	0	0	89	0	10	11425	389156	36413	31	0	0	490925	382099	32812	0
1730	-103	-2	15	35	15352	5216	271329	10	429	1139723	7	12968	2	1	0	4304	28	0	3	1322	0	7515	15352	601	0	0	0	0	89	0	10	11425	389156	36413	31	0	0	490875	382099	32812	0
1729	-103	-2	15	36	15272	5216	271203	10	429	1139597	7	12962	2	1	0	4302	28	0	3	1322	0	7515	15272	601	0	0	0	0	89	0	10	11425	389156	36413	31	0	0	490825	382099	32812	0
1728	-103	-2	15	37	15112	5216	271014	10	429	1139345	7	12953	2	1	0	4298	28	0	3	1322	0	7515	15112	601	0	0	0	0	89	0	10	11425	389156	36413	31	0	0	490725	382099	32812	0
1727	-102	-2	13	38	15032	5214	270888	10	428	1139219	7	12947	2	1	0	4296	25	0	3	1319	0	7508	15032	601	0	0	0	0	89	0	10	11425	389156	36413	31	0	0	490675	382099	32812	0
1726	-102	-2	15	38	14952	5214	270762	10	428	1139093	7	12941	2	1	0	4294	28	0	3	1319	0	7508	14952	601	0	0	0	0	89	0	10	11425	389156	36413	31	0	0	490625	382099	32812	0
1725	-102	-2	15	38	14872	5214	270636	10	428	1139030	7	12935	2	1	0	4293	28	0	3	1319	0	7508	14872	601	0	0	0	0	89	0	10	11425	389156	36413	31	0	0	490575	382099	32812	0
1724	-102	-2	15	38	14792	5214	270510	10	428	1138904	7	12929	2	1	0	4291	28	0	3	1319	0	7508	14792	601	0	0	0	0	89	0	10	11425	389156	36413	31	0	0	490525	382099	32812	0
1723	-102	-2	15	38	14712	5214	270384	10	428	1138778	7	12923	2	1	0	4289	28	0	3	1319	0	7508	14712	601	0	0	0	0	89	0	10	11425	389156	36413	31	0	0	490475	382099	32812	0
1722	-104	-2	15	40	14632	5212	270258	10	427	1138652	7	12917	2	1	0	4287	28	0	3	1316	0	7501	14632	601	0	0	0	0	89	0	10	11425	389156	36413	31	0	0	490425	382099	32812	0
1721	-104	-2	15	39	14552	5212	270132	10	427	1138526	7	12911	2	1	0	4285	28	0	3	1316	0	7501	14552	601	0	0	0	0	89	0	10	11425	389156	36413	31	0	0	490375	382099	32812	0
1720	-104	-2	15	39	14472	5212	270069	10	427	1138400	7	12908	2	1	0	4283	28	0	3	1316	0	7501	14472	601	0	0	0	0	89	0	10	11425	389156	36413	31	0	0	490325	382099	32812	0
1719	-104	-2	15	39	14392	5212	269943	10	427	1138337	7	12902	2	1	0	4282	28	0	3	1316	0	7501	14392	601	0	0	0	0	89	0	10	11425	389156	36413	31	0	0	490275	382099	32812	0
1718	-104	-2	15	36	14232	5210	269691	10	426	1138085	7	12890	2	1	0	4278	28	0	3	1313	0	7494	14232	601	0	0	0	0	89	0	10	11425	389156	36413	31	0	0	490175	382099	32812	0
1717	-104	-2	15	36	14152	5210	269565	10	426	1137959	7	12884	2	1	0	4276	28	0	3	1313	0	7494	14152	601	0	0	0	0	89	0	10	11425	389156	36413	31	0	0	490125	382099	32812	0
1716	-104	-2	15	36	14072	5210	269439	10	426	1137833	7	12878	2	1	0	4274	28	0	3	1313	0	7494	14072	601	0	0	0	0	89	0	10	11425	389156	36413	31	0	0	490075	382099	32812	0
1715	-104	-2	15	36	13992	5210	269313	10	426	1137707	7	12872	2	1	0	4272	28	0	3	1313	0	7494	13992	601	0	0	0	0	89	0	10	11425	389156	36413	31	0	0	490025	382099	32812	0
1714	-104	-2	15	36	13912	5208	269250	10	425	1137581	7	12869	2	1	0	4270	28	0	3	1310	0	7487	13912	601	0	0	0	0	89	0	10	11425	389156	36413	31	0	0	489975	382099	32812	0
1713	-104	-2	15	36	13832	5208	269061	10	425	1137455	7	12860	2	1	0	4268	28	0	3	1310	0	7487	13832	601	0	0	0	0	89	0	10	11425	389156	36413	31	0	0	489925	382099	32812	0
1712	-104	-2	15	36	13752	5208	268998	10	425	1137329	7	12857	2	1	0	4266	28	0	3	1310	0	7487	13752	601	0	0	0	0	89	0	10	11425	389156	36413	31	0	0	489875	382099	32812	0
1711	-104	-2	15	36	13672	5208	268872	10	425	1137266	7	12851	2	1	0	4265	28	0	3	1310	0	7487	13672	601	0	0	0	0	89	0	10	11425	389156	36413	31	0	0	489825	382099	32812	0
1710	-104	-2	15	35	13592	5208	268746	10	425	1137140	7	12845	2	1	0	4263	28	0	3	1310	0	7487	13592	601	0	0	0	0	89	0	10	11425	389156	36413	31	0	0	489775	382099	32812	0
1709	-103	-2	14	36	13432	5206	268494	10	424	1136888	7	12833	2	1	0	4259	27	0	3	1307	0	7480	13432	601	0	0	0	0	89	0	10	11425	389156	36413	31	0	0	489675	382099	32812	0
1708	-103	-2	15	36	13352	5206	268368	10	424	1136762	7	12827	2	1	0	4257	28	0	3	1307	0	7480	13352	601	0	0	0	0	89	0	10	11425	389156	36413	31	0	0	489625	382099	32812	0
1707	-103	-2	15	36	13272	5206	268305	10	424	1136636	7	12824	2	1	0	4255	28	0	3	1307	0	7480	13272	601	0	0	0	0	89	0	10	11425	389156	36413	31	0	0	489575	382099	32812	0
1706	-103	-2	15	37	13192	5206	268179	10	424	1136510	7	12818	2	1	0	4253	28	0	3	1307	0	7480	13192	601	0	0	0	0	89	0	10	11425	389156	36413	31	0	0	489525	382099	32812	0
1705	-104	-2	15	37	13112	5204	268053	10	423	1136384	7	12812	2	1	0	4251	28	0	3	1304	0	7473	13112	601	0	0	0	0	89	0	10	11425	389156	36413	31	0	0	489475	382099	32812	0
1704	-104	-2	15	36	13032	5204	267927	10	423	1136258	7	12806	2	1	0	4249	28	0	3	1304	0	7473	13032	601	0	0	0	0	89	0	10	11425	389156	36413	31	0	0	489425	382099	32812	0
1703	-104	-2	15	36	12952	5204	267801	10	423	1136195	7	12800	2	1	0	4248	28	0	3	1304	0	7473	12952	601	0	0	0	0	89	0	10	11425	389156	36413	31	0	0	489375	382099	32812	0
1702	-104	-2	15	36	12872	5204	267675	10	423	1136069	7	12794	2	1	0	4246	28	0	3	1304	0	7473	12872	601	0	0	0	0	89	0	10	11425	389156	36413	31	0	0	489325	382099	32812	0
1701	-104	-2	15	35	12792	5204	267549	10	423	1135943	7	12788	2	1	0	4244	28	0	3	1304	0	7473	12792	601	0	0	0	0	89	0	10	11425	389156	36413	31	0	0	489275	382099	32812	0
1700	-104	-2	15	35	12712	5202	267423	10	422	1135817	7	12782	2	1	0	4242	28	0	3	1301	0	7466	12712	601	0	0	0	0	89	0	10	11425	389156	36413	31	0	0	489225	382099	32812	0
1699	-104	-2	13	36	12552	5202	267234	10	422	1135565	7	12773	2	1	0	4238	25	0	3	1301	0	7466	12552	601	0	0	0	0	89	0	10	11425	389156	36413	31	0	0	489125	382099	32812	0
1698	-104	-2	15	36	12472	5202	267108	10	422	1135502	7	12767	2	1	0	4237	28	0	3	1301	0	7466	12472	601	0	0	0	0	89	0	10	11425	389156	36413	31	0	0	489075	382099	32812	0
1697	-104	-2	15	35	12392	5202	266982	10	422	1135376	7	12761	2	1	0	4235	28	0	3	1301	0	7466	12392	601	0	0	0	0	89	0	10	11425	389156	36413	31	0	0	489025	382099	32812	0
1696	-105	-2	15	35	12312	5200	266856	10	421	1135250	7	12755	2	1	0	4233	28	0	3	1298	0	7459	12312	601	0	0	0	0	89	0	10	11425	389156	36413	31	0	0	488975	382099	32812	0
1695	-105	-2	15	36	12232	5200	266730	10	421	1135124	7	12749	2	1	0	4231	28	0	3	1298	0	7459	12232	601	0	0	0	0	89	0	10	11425	389156	36413	31	0	0	488925	382099	32812	0
1694	-105	-2	15	35	12152	5200	266604	10	421	1134998	7	12743	2	1	0	4229	28	0	3	1298	0	7459	12152	601	0	0	0	0	89	0	10	11425	389156	36413	31	0	0	488875	382099	32812	0
1693	-105	-2	15	35	12072	5200	266478	10	421	1134872	7	12737	2	1	0	4227	28	0	3	1298	0	7459	12072	601	0	0	0	0	89	0	10	11425	389156	36413	31	0	0	488825	382099	32812	0
1692	-104	-2	15	35	11992	5198	266415	10	420	1134746	7	12734	2	1	0	4225	28	0	3	1295	0	7452	11992	601	0	0	0	0	89	0	10	11425	389156	36413	31	0	0	488775	382099	32812	0
1691	-104	-2	15	35	11912	5198	266226	10	420	1134620	7	12725	2	1	0	4223	28	0	3	1295	0	7452	11912	601	0	0	0	0	89	0	10	11425	389156	36413	31	0	0	488725	382099	32812	0
1690	-104	-2	15	34	11832	5198	266163	10	420	1134494	7	12722	2	1	0	4221	28	0	3	1295	0	7452	11832	601	0	0	0	0	89	0	10	11425	389156	36413	31	0	0	488675	382099	32812	0
1689	-104	-2	15	34	11672	5198	265911	10	420	1134305	7	12710	2	1	0	4218	28	0	3	1295	0	7452	11672	601	0	0	0	0	89	0	10	11425	389156	36413	31	0	0	488575	382099	32812	0
1688	-104	-2	15	35	11592	5196	265785	10	419	1134179	7	12704	2	1	0	4216	28	0	3	1292	0	7445	11592	601	0	0	0	0	89	0	10	11425	389156	36413	31	0	0	488525	382099	32812	0
1687	-104	-2	15	35	11512	5196	265659	10	419	1134053	7	12698	2	1	0	4214	28	0	3	1292	0	7445	11512	601	0	0	0	0	89	0	10	11425	389156	36413	31	0	0	488475	382099	32812	0
1686	-104	-2	15	35	11432	5196	265533	10	419	1133927	7	12692	2	1	0	4212	28	0	3	1292	0	7445	11432	601	0	0	0	0	89	0	10	11425	389156	36413	31	0	0	488425	382099	32812	0
1685	-104	-2	15	35	11352	5196	265470	10	419	1133801	7	12689	2	1	0	4210	28	0	3	1292	0	7445	11352	601	0	0	0	0	89	0	10	11425	389156	36413	31	0	0	488375	382099	32812	0
1684	-104	-2	15	35	11272	5196	265344	10	419	1133675	7	12683	2	1	0	4208	28	0	3	1292	0	7445	11272	601	0	0	0	0	89	0	10	11425	389156	36413	31	0	0	488325	382099	32812	0
1683	-103	-2	15	35	11192	5194	265218	10	418	1133549	7	12677	2	1	0	4206	28	0	3	1289	0	7438	11192	601	0	0	0	0	89	0	10	11425	389156	36413	31	0	0	488275	382099	32812	0
1682	-103	-2	15	35	11112	5194	265092	10	418	1133423	7	12671	2	1	0	4204	28	0	3	1289	0	7438	11112	601	0	0	0	0	89	0	10	11425	389156	36413	31	0	0	488225	382099	32812	0
1681	-103	-2	15	34	11032	5194	264966	10	418	1133360	7	12665	2	1	0	4203	28	0	3	1289	0	7438	11032	601	0	0	0	0	89	0	10	11425	389156	36413	31	0	0	488175	382099	32812	0
1680	-103	-2	15	34	10952	5194	264840	10	418	1133234	7	12659	2	1	0	4201	28	0	3	1289	0	7438	10952	601	0	0	0	0	89	0	10	11425	389156	36413	31	0	0	488125	382099	32812	0
1679	-102	-2	15	34	10792	5192	264588	10	417	1132982	7	12647	2	1	0	4197	28	0	3	1286	0	7431	10792	601	0	0	0	0	89	0	10	11425	389156	36413	31	0	0	488025	382099	32812	0
1678	-102	-2	15	33	10712	5192	264462	10	417	1132856	7	12641	2	1	0	4195	28	0	3	1286	0	7431	10712	601	0	0	0	0	89	0	10	11425	389156	36413	31	0	0	487975	382099	32812	0
1677	-102	-2	15	33	10632	5192	264399	10	417	1132730	7	12638	2	1	0	4193	28	0	3	1286	0	7431	10632	601	0	0	0	0	89	0	10	11425	389156	36413	31	0	0	487925	382099	32812	0
1676	-102	-2	15	33	10552	5192	264273	10	417	1132667	7	12632	2	1	0	4192	28	0	3	1286	0	7431	10552	601	0	0	0	0	89	0	10	11425	389156	36413	31	0	0	487875	382099	32812	0
1675	-102	-2	15	33	10472	5192	264147	10	417	1132541	7	12626	2	1	0	4190	28	0	3	1286	0	7431	10472	601	0	0	0	0	89	0	10	11425	389156	36413	31	0	0	487825	382099	32812	0
1674	-102	-2	15	34	10392	5190	264021	10	416	1132415	7	12620	2	1	0	4188	28	0	3	1283	0	7424	10392	601	0	0	0	0	89	0	10	11425	389156	36413	31	0	0	487775	382099	32812	0
1673	-102	-2	15	34	10312	5190	263895	10	416	1132289	7	12614	2	1	0	4186	28	0	3	1283	0	7424	10312	601	0	0	0	0	89	0	10	11425	389156	36413	31	0	0	487725	382099	32812	0
1672	-102	-2	15	35	10232	5190	263769	10	416	1132163	7	12608	2	1	0	4184	28	0	3	1283	0	7424	10232	601	0	0	0	0	89	0	10	11425	389156	36413	31	0	0	487675	382099	32812	0
1671	-102	-2	15	34	10152	5190	263643	10	416	1132037	7	12602	2	1	0	4182	28	0	3	1283	0	7424	10152	601	0	0	0	0	89	0	10	11425	389156	36413	31	0	0	487625	382099	32812	0
1670	-101	-2	15	34	10072	5188	263580	10	415	1131911	7	12599	2	1	0	4180	28	0	3	1280	0	7417	10072	601	0	0	0	0	89	0	10	11425	389156	36413	31	0	0	487575	382099	32812	0
1669	-101	-2	15	34	9912	5188	263328	10	415	1131659	7	12587	2	1	0	4176	28	0	3	1280	0	7417	9912	601	0	0	0	0	89	0	10	11425	389156	36413	31	0	0	487475	382099	32812	0
1668	-101	-2	15	34	9832	5188	263202	10	415	1131596	7	12581	2	1	0	4175	28	0	3	1280	0	7417	9832	601	0	0	0	0	89	0	10	11425	389156	36413	31	0	0	487425	382099	32812	0
1667	-101	-2	15	34	9752	5188	263076	10	415	1131470	7	12575	2	1	0	4173	28	0	3	1280	0	7417	9752	601	0	0	0	0	89	0	10	11425	389156	36413	31	0	0	487375	382099	32812	0
1666	-101	-2	15	34	9672	5186	262950	10	414	1131344	7	12569	2	1	0	4171	28	0	3	1277	0	7410	9672	601	0	0	0	0	89	0	10	11425	389156	36413	31	0	0	487325	382099	32812	0
1665	-101	-2	15	34	9592	5186	262824	10	414	1131218	7	12563	2	1	0	4169	28	0	3	1277	0	7410	9592	601	0	0	0	0	89	0	10	11425	389156	36413	31	0	0	487275	382099	32812	0
1664	-101	-2	15	35	9512	5186	262698	10	414	1131092	7	12557	2	1	0	4167	28	0	3	1277	0	7410	9512	601	0	0	0	0	89	0	10	11425	389156	36413	31	0	0	487225	382099	32812	0
1663	-101	-2	15	34	9432	5186	262635	10	414	1130966	7	12554	2	1	0	4165	28	0	3	1277	0	7410	9432	601	0	0	0	0	89	0	10	11425	389156	36413	31	0	0	487175	382099	32812	0
1662	-101	-2	15	34	9352	5186	262509	10	414	1130840	7	12548	2	1	0	4163	28	0	3	1277	0	7410	9352	601	0	0	0	0	89	0	10	11425	389156	36413	31	0	0	487125	382099	32812	0
1661	-100	-3	15	35	9272	5184	262383	10	413	1130714	7	12542	2	1	0	4161	28	0	3	1274	0	7403	9272	601	0	0	0	0	89	0	10	11425	389156	36413	31	0	0	487075	382099	32812	0
1660	-100	-3	15	35	9192	5184	262257	10	413	1130588	7	12536	2	1	0	4159	28	0	3	1274	0	7403	9192	601	0	0	0	0	89	0	10	11425	389156	36413	31	0	0	487025	382099	32812	0
1659	-100	-3	15	34	9032	5184	262005	10	413	1130399	7	12524	2	1	0	4156	28	0	3	1274	0	7403	9032	601	0	0	0	0	89	0	10	11425	389156	36413	31	0	0	486925	382099	32812	0
1658	-100	-3	15	34	8952	5184	261879	10	413	1130273	7	12518	2	1	0	4154	28	0	3	1274	0	7403	8952	601	0	0	0	0	89	0	10	11425	389156	36413	31	0	0	486875	382099	32812	0
1657	-100	-3	15	34	8872	5182	261753	10	412	1130147	7	12512	2	1	0	4152	28	0	3	1271	0	7396	8872	601	0	0	0	0	89	0	10	11425	389156	36413	31	0	0	486825	382099	32812	0
1656	-100	-3	15	33	8792	5182	261627	10	412	1130021	7	12506	2	1	0	4150	28	0	3	1271	0	7396	8792	601	0	0	0	0	89	0	10	11425	389156	36413	31	0	0	486775	382099	32812	0
1655	-100	-3	15	33	8712	5182	261564	10	412	1129895	7	12503	2	1	0	4148	28	0	3	1271	0	7396	8712	601	0	0	0	0	89	0	10	11425	389156	36413	31	0	0	486725	382099	32812	0
1654	-100	-3	15	33	8632	5182	261438	10	412	1129832	7	12497	2	1	0	4147	28	0	3	1271	0	7396	8632	601	0	0	0	0	89	0	10	11425	389156	36413	31	0	0	486675	382099	32812	0
1653	-100	-3	15	33	8552	5182	261312	10	412	1129706	7	12491	2	1	0	4145	28	0	3	1271	0	7396	8552	601	0	0	0	0	89	0	10	11425	389156	36413	31	0	0	486625	382099	32812	0
1652	-101	-2	15	33	8472	5180	261186	10	411	1129580	7	12485	2	1	0	4143	28	0	3	1268	0	7389	8472	601	0	0	0	0	89	0	10	11425	389156	36413	31	0	0	486575	382099	32812	0
1651	-101	-2	15	33	8392	5180	261060	10	411	1129454	7	12479	2	1	0	4141	28	0	3	1268	0	7389	8392	601	0	0	0	0	89	0	10	11425	389156	36413	31	0	0	486525	382099	32812	0
1650	-101	-2	15	33	8312	5180	260934	10	411	1129328	7	12473	2	1	0	4139	28	0	3	1268	0	7389	8312	601	0	0	0	0	89	0	10	11425	389156	36413	31	0	0	486475	382099	32812	0
1649	-101	-2	15	34	8152	5178	260745	10	410	1129076	7	12464	2	1	0	4135	28	0	3	1265	0	7382	8152	601	0	0	0	0	89	0	10	11425	389156	36413	31	0	0	486375	382099	32812	0
1648	-101	-2	15	34	8072	5178	260556	10	410	1128950	7	12455	2	1	0	4133	28	0	3	1265	0	7382	8072	601	0	0	0	0	89	0	10	11425	389156	36413	31	0	0	486325	382099	32812	0
1647	-101	-2	15	35	7992	5178	260493	10	410	1128824	7	12452	2	1	0	4131	28	0	3	1265	0	7382	7992	601	0	0	0	0	89	0	10	11425	389156	36413	31	0	0	486275	382099	32812	0
1646	-101	-2	15	35	7912	5178	260367	10	410	1128761	7	12446	2	1	0	4130	28	0	3	1265	0	7382	7912	601	0	0	0	0	89	0	10	11425	389156	36413	31	0	0	486225	382099	32812	0
1645	-101	-2	15	35	7832	5178	260241	10	410	1128635	7	12440	2	1	0	4128	28	0	3	1265	0	7382	7832	601	0	0	0	0	89	0	10	11425	389156	36413	31	0	0	486175	382099	32812	0
1644	-101	-2	15	35	7752	5176	260115	10	409	1128509	7	12434	2	1	0	4126	28	0	3	1262	0	7375	7752	601	0	0	0	0	89	0	10	11425	389156	36413	31	0	0	486125	382099	32812	0
1643	-101	-2	15	35	7672	5176	259989	10	409	1128383	7	12428	2	1	0	4124	28	0	3	1262	0	7375	7672	601	0	0	0	0	89	0	10	11425	389156	36413	31	0	0	486075	382099	32812	0
1642	-101	-2	15	35	7592	5176	259863	10	409	1128257	7	12422	2	1	0	4122	28	0	3	1262	0	7375	7592	601	0	0	0	0	89	0	10	11425	389156	36413	31	0	0	486025	382099	32812	0
1641	-101	-2	15	35	7512	5176	259800	10	409	1128131	7	12419	2	1	0	4120	28	0	3	1262	0	7375	7512	601	0	0	0	0	89	0	10	11425	389156	36413	31	0	0	485975	382099	32812	0
1640	-101	-2	15	35	7432	5176	259674	10	409	1128005	7	12413	2	1	0	4118	28	0	3	1262	0	7375	7432	601	0	0	0	0	89	0	10	11425	389156	36413	31	0	0	485925	382099	32812	0
1639	-100	-3	15	35	7272	5174	259422	10	408	1127753	7	12401	2	1	0	4114	28	0	3	1259	0	7368	7272	601	0	0	0	0	89	0	10	11425	389156	36413	31	0	0	485825	382099	32812	0
1638	-100	-3	15	35	7192	5174	259296	10	408	1127690	7	12395	2	1	0	4113	28	0	3	1259	0	7368	7192	601	0	0	0	0	89	0	10	11425	389156	36413	31	0	0	485775	382099	32812	0
1637	-100	-3	15	35	7112	5174	259170	10	408	1127564	7	12389	2	1	0	4111	28	0	3	1259	0	7368	7112	601	0	0	0	0	89	0	10	11425	389156	36413	31	0	0	485725	382099	32812	0
1636	-100	-3	15	34	7032	5174	259044	10	408	1127438	7	12383	2	1	0	4109	28	0	3	1259	0	7368	7032	601	0	0	0	0	89	0	10	11425	389156	36413	31	0	0	485675	382099	32812	0
1635	-100	-3	15	34	6952	5172	258918	10	407	1127312	7	12377	2	1	0	4107	28	0	3	1256	0	7361	6952	601	0	0	0	0	89	0	10	11425	389156	36413	31	0	0	485625	382099	32812	0
1634	-100	-3	15	34	6872	5172	258792	10	407	1127186	7	12371	2	1	0	4105	28	0	3	1256	0	7361	6872	601	0	0	0	0	89	0	10	11425	389156	36413	31	0	0	485575	382099	32812	0
1633	-100	-3	15	34	6792	5172	258729	10	407	1127060	7	12368	2	1	0	4103	28	0	3	1256	0	7361	6792	601	0	0	0	0	89	0	10	11425	389156	36413	31	0	0	485525	382099	32812	0
1632	-100	-3	15	34	6712	5172	258603	10	407	1126997	7	12362	2	1	0	4102	28	0	3	1256	0	7361	6712	601	0	0	0	0	89	0	10	11425	389156	36413	31	0	0	485475	382099	32812	0
1631	-100	-3	15	34	6632	5172	258477	10	407	1126871	7	12356	2	1	0	4100	28	0	3	1256	0	7361	6632	601	0	0	0	0	89	0	10	11425	389156	36413	31	0	0	485425	382099	32812	0
1630	-100	-3	15	34	6552	5170	258351	10	406	1126745	7	12350	2	1	0	4098	28	0	3	1253	0	7354	6552	601	0	0	0	0	89	0	10	11425	389156	36413	31	0	0	485375	382099	32812	0
1629	-100	-3	15	34	6392	5170	258099	10	406	1126493	7	12338	2	1	0	4094	28	0	3	1253	0	7354	6392	601	0	0	0	0	89	0	10	11425	389156	36413	31	0	0	485275	382099	32812	0
1628	-100	-3	15	34	6312	5170	257973	10	406	1126367	7	12332	2	1	0	4092	28	0	3	1253	0	7354	6312	601	0	0	0	0	89	0	10	11425	389156	36413	31	0	0	485225	382099	32812	0
1627	-100	-3	15	34	6232	5168	257910	10	405	1126241	7	12329	2	1	0	4090	28	0	3	1250	0	7347	6232	601	0	0	0	0	89	0	10	11425	389156	36413	31	0	0	485175	382099	32812	0
1626	-100	-3	15	34	6152	5168	257721	10	405	1126115	7	12320	2	1	0	4088	28	0	3	1250	0	7347	6152	601	0	0	0	0	89	0	10	11425	389156	36413	31	0	0	485125	382099	32812	0
1625	-100	-3	15	34	6072	5168	257658	10	405	1125989	7	12317	2	1	0	4086	28	0	3	1250	0	7347	6072	601	0	0	0	0	89	0	10	11425	389156	36413	31	0	0	485075	382099	32812	0
1624	-100	-3	15	34	5992	5168	257532	10	405	1125926	7	12311	2	1	0	4085	28	0	3	1250	0	7347	5992	601	0	0	0	0	89	0	10	11425	389156	36413	31	0	0	485025	382099	32812	0
1623	-100	-3	15	34	5912	5168	257406	10	405	1125800	7	12305	2	1	0	4083	28	0	3	1250	0	7347	5912	601	0	0	0	0	89	0	10	11425	389156	36413	31	0	0	484975	382099	32812	0
1622	-100	-3	15	34	5832	5166	257280	10	404	1125674	7	12299	2	1	0	4081	28	0	3	1247	0	7340	5832	601	0	0	0	0	89	0	10	11425	389156	36413	31	0	0	484925	382099	32812	0
1621	-100	-3	15	34	5752	5166	257154	10	404	1125548	7	12293	2	1	0	4079	28	0	3	1247	0	7340	5752	601	0	0	0	0	89	0	10	11425	389156	36413	31	0	0	484875	382099	32812	0
1620	-100	-3	15	34	5592	5166	256965	10	404	1125296	7	12284	2	1	0	4075	28	0	3	1247	0	7340	5592	601	0	0	0	0	89	0	10	11425	389156	36413	31	0	0	484775	382099	32812	0
1619	-100	-3	15	34	5512	5166	256839	10	404	1125170	7	12278	2	1	0	4073	28	0	3	1247	0	7340	5512	601	0	0	0	0	89	0	10	11425	389156	36413	31	0	0	484725	382099	32812	0
1618	-101	-3	15	34	5432	5164	256713	10	403	1125044	7	12272	2	1	0	4071	28	0	3	1244	0	7333	5432	601	0	0	0	0	89	0	10	11425	389156	36413	31	0	0	484675	382099	32812	0
1617	-101	-3	15	34	5352	5164	256587	10	403	1124918	7	12266	2	1	0	4069	28	0	3	1244	0	7333	5352	601	0	0	0	0	89	0	10	11425	389156	36413	31	0	0	484625	382099	32812	0
1616	-101	-3	15	34	5272	5164	256461	10	403	1124855	7	12260	2	1	0	4068	28	0	3	1244	0	7333	5272	601	0	0	0	0	89	0	10	11425	389156	36413	31	0	0	484575	382099	32812	0
1615	-101	-3	15	34	5192	5164	256335	10	403	1124729	7	12254	2	1	0	4066	28	0	3	1244	0	7333	5192	601	0	0	0	0	89	0	10	11425	389156	36413	31	0	0	484525	382099	32812	0
1614	-101	-3	15	34	5112	5164	256209	10	403	1124603	7	12248	2	1	0	4064	28	0	3	1244	0	7333	5112	601	0	0	0	0	89	0	10	11425	389156	36413	31	0	0	484475	382099	32812	0
1613	-101	-3	15	34	5032	5162	256083	10	402	1124477	7	12242	2	1	0	4062	28	0	3	1241	0	7326	5032	601	0	0	0	0	89	0	10	11425	389156	36413	31	0	0	484425	382099	32812	0
1612	-101	-3	15	34	4952	5162	255957	10	402	1124351	7	12236	2	1	0	4060	28	0	3	1241	0	7326	4952	601	0	0	0	0	89	0	10	11425	389156	36413	31	0	0	484375	382099	32812	0
1611	-101	-3	15	34	4872	5162	255894	10	402	1124225	7	12233	2	1	0	4058	28	0	3	1241	0	7326	4872	601	0	0	0	0	89	0	10	11425	389156	36413	31	0	0	484325	382099	32812	0
1610	-101	-3	15	34	4712	5162	255642	10	402	1124036	7	12221	2	1	0	4055	28	0	3	1241	0	7326	4712	601	0	0	0	0	89	0	10	11425	389156	36413	31	0	0	484225	382099	32812	0
1609	-101	-3	15	34	4632	5160	255516	10	401	1123910	7	12215	2	1	0	4053	28	0	3	1238	0	7319	4632	601	0	0	0	0	89	0	10	11425	389156	36413	31	0	0	484175	382099	32812	0
1608	-101	-3	15	34	4552	5160	255390	10	401	1123784	7	12209	2	1	0	4051	28	0	3	1238	0	7319	4552	601	0	0	0	0	89	0	10	11425	389156	36413	31	0	0	484125	382099	32812	0
1607	-101	-3	15	34	4472	5160	255264	10	401	1123658	7	12203	2	1	0	4049	28	0	3	1238	0	7319	4472	601	0	0	0	0	89	0	10	11425	389156	36413	31	0	0	484075	382099	32812	0
1606	-101	-3	15	34	4392	5160	255138	10	401	1123532	7	12197	2	1	0	4047	28	0	3	1238	0	7319	4392	601	0	0	0	0	89	0	10	11425	389156	36413	31	0	0	484025	382099	32812	0
1605	-101	-3	15	34	4312	5158	255075	10	400	1123406	7	12194	2	1	0	4045	28	0	3	1235	0	7312	4312	601	0	0	0	0	89	0	10	11425	389156	36413	31	0	0	483975	382099	32812	0
1604	-101	-3	15	33	4232	5158	254886	10	400	1123280	7	12185	2	1	0	4043	28	0	3	1235	0	7312	4232	601	0	0	0	0	89	0	10	11425	389156	36413	31	0	0	483925	382099	32812	0
1603	-101	-3	15	33	4152	5158	254823	10	400	1123154	7	12182	2	1	0	4041	28	0	3	1235	0	7312	4152	601	0	0	0	0	89	0	10	11425	389156	36413	31	0	0	483875	382099	32812	0
1602	-101	-3	15	33	4072	5158	254697	10	400	1123091	7	12176	2	1	0	4040	28	0	3	1235	0	7312	4072	601	0	0	0	0	89	0	10	11425	389156	36413	31	0	0	483825	382099	32812	0
1601	-101	-3	15	33	3992	5158	254571	10	400	1122965	7	12170	2	1	0	4038	28	0	3	1235	0	7312	3992	601	0	0	0	0	89	0	10	11425	389156	36413	31	0	0	483775	382099	32812	0
1600	-101	-3	15	33	3832	5156	254319	10	399	1122713	7	12158	2	1	0	4034	28	0	3	1232	0	7305	3832	601	0	0	0	0	89	0	10	11425	389156	36413	31	0	0	483675	382099	32812	0
1599	-101	-3	15	33	3752	5156	254193	10	399	1122587	7	12152	2	1	0	4032	28	0	3	1232	0	7305	3752	601	0	0	0	0	89	0	10	11425	389156	36413	31	0	0	483625	382099	32812	0
1598	-101	-3	15	33	3672	5156	254130	10	399	1122461	7	12149	2	1	0	4030	28	0	3	1232	0	7305	3672	601	0	0	0	0	89	0	10	11425	389156	36413	31	0	0	483575	382099	32812	0
1597	-101	-3	15	33	3592	5156	254004	10	399	1122335	7	12143	2	1	0	4028	28	0	3	1232	0	7305	3592	601	0	0	0	0	89	0	10	11425	389156	36413	31	0	0	483525	382099	32812	0
1596	-101	-3	15	33	3512	5154	253878	10	398	1122209	7	12137	2	1	0	4026	28	0	3	1229	0	7298	3512	601	0	0	0	0	89	0	10	11425	389156	36413	31	0	0	483475	382099	32812	0
1595	-101	-3	15	33	3432	5154	253752	10	398	1122083	7	12131	2	1	0	4024	28	0	3	1229	0	7298	3432	601	0	0	0	0	89	0	10	11425	389156	36413	31	0	0	483425	382099	32812	0
1594	-101	-3	15	32	3352	5154	253626	10	398	1122020	7	12125	2	1	0	4023	28	0	3	1229	0	7298	3352	601	0	0	0	0	89	0	10	11425	389156	36413	31	0	0	483375	382099	32812	0
1593	-101	-3	15	33	3272	5154	253500	10	398	1121894	7	12119	2	1	0	4021	28	0	3	1229	0	7298	3272	601	0	0	0	0	89	0	10	11425	389156	36413	31	0	0	483325	382099	32812	0
1592	-101	-3	15	33	3192	5154	253374	10	398	1121768	7	12113	2	1	0	4019	28	0	3	1229	0	7298	3192	601	0	0	0	0	89	0	10	11425	389156	36413	31	0	0	483275	382099	32812	0
1591	-101	-3	15	33	3112	5152	253248	10	397	1121642	7	12107	2	1	0	4017	28	0	3	1226	0	7291	3112	601	0	0	0	0	89	0	10	11425	389156	36413	31	0	0	483225	382099	32812	0
1590	-101	-3	15	33	2952	5152	253059	10	397	1121390	7	12098	2	1	0	4013	28	0	3	1226	0	7291	2952	601	0	0	0	0	89	0	10	11425	389156	36413	31	0	0	483125	382099	32812	0
1589	-101	-3	15	33	2872	5152	252933	10	397	1121327	7	12092	2	1	0	4012	28	0	3	1226	0	7291	2872	601	0	0	0	0	89	0	10	11425	389156	36413	31	0	0	483075	382099	32812	0
1588	-101	-3	15	33	2792	5152	252807	10	397	1121201	7	12086	2	1	0	4010	28	0	3	1226	0	7291	2792	601	0	0	0	0	89	0	10	11425	389156	36413	31	0	0	483025	382099	32812	0
1587	-101	-3	15	33	2712	5150	252681	10	396	1121075	7	12080	2	1	0	4008	28	0	3	1223	0	7284	2712	601	0	0	0	0	89	0	10	11425	389156	36413	31	0	0	482975	382099	32812	0
1586	-101	-3	15	33	2632	5150	252555	10	396	1120949	7	12074	2	1	0	4006	28	0	3	1223	0	7284	2632	601	0	0	0	0	89	0	10	11425	389156	36413	31	0	0	482925	382099	32812	0
1585	-101	-3	15	33	2552	5150	252429	10	396	1120823	7	12068	2	1	0	4004	28	0	3	1223	0	7284	2552	601	0	0	0	0	89	0	10	11425	389156	36413	31	0	0	482875	382099	32812	0
1584	-101	-3	15	33	2472	5150	252303	10	396	1120697	7	12062	2	1	0	4002	28	0	3	1223	0	7284	2472	601	0	0	0	0	89	0	10	11425	389156	36413	31	0	0	482825	382099	32812	0
1583	-101	-3	15	33	2392	5148	252240	10	395	1120571	7	12059	2	1	0	4000	28	0	3	1220	0	7277	2392	601	0	0	0	0	89	0	10	11425	389156	36413	31	0	0	482775	382099	32812	0
1582	-101	-3	15	33	2312	5148	252051	10	395	1120445	7	12050	2	1	0	3998	28	0	3	1220	0	7277	2312	601	0	0	0	0	89	0	10	11425	389156	36413	31	0	0	482725	382099	32812	0
1581	-101	-3	15	33	2232	5148	251988	10	395	1120319	7	12047	2	1	0	3996	28	0	3	1220	0	7277	2232	601	0	0	0	0	89	0	10	11425	389156	36413	31	0	0	482675	382099	32812	0
1580	-101	-3	15	33	2072	5148	251736	10	395	1120130	7	12035	2	1	0	3993	28	0	3	1220	0	7277	2072	601	0	0	0	0	89	0	10	11425	389156	36413	31	0	0	482575	382099	32812	0
1579	-100	-3	15	33	1992	5146	251610	10	394	1120004	7	12029	2	1	0	3991	28	0	3	1217	0	7270	1992	601	0	0	0	0	89	0	10	11425	389156	36413	31	0	0	482525	382099	32812	0
1578	-100	-3	15	33	1912	5146	251484	10	394	1119878	7	12023	2	1	0	3989	28	0	3	1217	0	7270	1912	601	0	0	0	0	89	0	10	11425	389156	36413	31	0	0	482475	382099	32812	0
1577	-100	-3	15	33	1832	5146	251358	10	394	1119752	7	12017	2	1	0	3987	28	0	3	1217	0	7270	1832	601	0	0	0	0	89	0	10	11425	389156	36413	31	0	0	482425	382099	32812	0
1576	-100	-3	15	33	1752	5146	251295	10	394	1119626	7	12014	2	1	0	3985	28	0	3	1217	0	7270	1752	601	0	0	0	0	89	0	10	11425	389156	36413	31	0	0	482375	382099	32812	0
1575	-100	-3	15	33	1672	5146	251169	10	394	1119500	7	12008	2	1	0	3983	28	0	3	1217	0	7270	1672	601	0	0	0	0	89	0	10	11425	389156	36413	31	0	0	482325	382099	32812	0
1574	-101	-2	15	33	1592	5144	251043	10	393	1119374	7	12002	2	1	0	3981	28	0	3	1214	0	7263	1592	601	0	0	0	0	89	0	10	11425	389156	36413	31	0	0	482275	382099	32812	0
1573	-101	-2	15	33	1512	5144	250917	10	393	1119248	7	11996	2	1	0	3979	28	0	3	1214	0	7263	1512	601	0	0	0	0	89	0	10	11425	389156	36413	31	0	0	482225	382099	32812	0
1572	-101	-2	15	33	1432	5144	250791	10	393	1119185	7	11990	2	1	0	3978	28	0	3	1214	0	7263	1432	601	0	0	0	0	89	0	10	11425	389156	36413	31	0	0	482175	382099	32812	0
1571	-101	-2	15	33	1352	5144	250665	10	393	1119059	7	11984	2	1	0	3976	28	0	3	1214	0	7263	1352	601	0	0	0	0	89	0	10	11425	389156	36413	31	0	0	482125	382099	32812	0
1570	-101	-3	15	33	1192	5142	250413	10	392	1118807	7	11972	2	1	0	3972	28	0	3	1211	0	7256	1192	601	0	0	0	0	89	0	10	11425	389156	36413	31	0	0	482025	382099	32812	0
1569	-101	-3	15	33	1112	5142	250287	10	392	1118681	7	11966	2	1	0	3970	28	0	3	1211	0	7256	1112	601	0	0	0	0	89	0	10	11425	389156	36413	31	0	0	481975	382099	32812	0
1568	-101	-3	15	33	1032	5142	250224	10	392	1118555	7	11963	2	1	0	3968	28	0	3	1211	0	7256	1032	601	0	0	0	0	89	0	10	11425	389156	36413	31	0	0	481925	382099	32812	0
1567	-101	-3	15	33	952	5142	250098	10	392	1118492	7	11957	2	1	0	3967	28	0	3	1211	0	7256	952	601	0	0	0	0	89	0	10	11425	389156	36413	31	0	0	481875	382099	32812	0
1566	-101	-3	15	33	872	5142	249972	10	392	1118366	7	11951	2	1	0	3965	28	0	3	1211	0	7256	872	601	0	0	0	0	89	0	10	11425	389156	36413	31	0	0	481825	382099	32812	0
1565	-101	-3	15	33	792	5140	249846	10	391	1118240	7	11945	2	1	0	3963	28	0	3	1208	0	7249	792	601	0	0	0	0	89	0	10	11425	389156	36413	31	0	0	481775	382099	32812	0
1564	-101	-3	15	33	712	5140	249720	10	391	1118114	7	11939	2	1	0	3961	28	0	3	1208	0	7249	712	601	0	0	0	0	89	0	10	11425	389156	36413	31	0	0	481725	382099	32812	0
1563	-101	-3	15	33	632	5140	249594	10	391	1117988	7	11933	2	1	0	3959	28	0	3	1208	0	7249	632	601	0	0	0	0	89	0	10	11425	389156	36413	31	0	0	481675	382099	32812	0
1562	-101	-3	15	33	552	5140	249468	10	391	1117862	7	11927	2	1	0	3957	28	0	3	1208	0	7249	552	601	0	0	0	0	89	0	10	11425	389156	36413	31	0	0	481625	382099	32812	0
1561	-101	-3	15	33	472	5138	249405	10	390	1117736	7	11924	2	1	0	3955	28	0	3	1205	0	7242	472	601	0	0	0	0	89	0	10	11425	389156	36413	31	0	0	481575	382099	32812	0
1560	-101	-3	15	33	312	5138	249153	10	390	1117484	7	11912	2	1	0	3951	28	0	3	1205	0	7242	312	601	0	0	0	0	89	0	10	11425	389156	36413	31	0	0	481475	382099	32812	0
1559	-101	-3	15	33	232	5138	249027	10	390	1117421	7	11906	2	1	0	3950	28	0	3	1205	0	7242	232	601	0	0	0	0	89	0	10	11425	389156	36413	31	0	0	481425	382099	32812	0
1558	-101	-3	15	33	152	5138	248901	10	390	1117295	7	11900	2	1	0	3948	28	0	3	1205	0	7242	152	601	0	0	0	0	89	0	10	11425	389156	36413	31	0	0	481375	382099	32812	0
1557	-101	-3	15	33	72	5136	248775	10	389	1117169	7	11894	2	1	0	3946	28	0	3	1202	0	7235	72	601	0	0	0	0	89	0	10	11425	389156	36413	31	0	0	481325	382099	32812	0
1556	-101	-3	15	33	16376	5136	248649	10	389	1117043	7	11888	2	1	0	3944	28	0	3	1202	0	7235	16376	601	0	0	0	0	89	0	10	11425	389156	36413	31	0	0	481275	382099	32812	0
1555	-101	-3	15	33	16296	5136	248523	10	389	1116917	7	11882	2	1	0	3942	28	0	3	1202	0	7235	16296	601	0	0	0	0	89	0	10	11425	389156	36413	31	0	0	481225	382099	32812	0
1554	-101	-3	15	33	16216	5136	248460	10	389	1116791	7	11879	2	1	0	3940	28	0	3	1202	0	7235	16216	601	0	0	0	0	89	0	10	11425	389156	36413	31	0	0	481175	382099	32812	0
1553	-101	-3	15	33	16136	5136	248334	10	389	1116665	7	11873	2	1	0	3938	28	0	3	1202	0	7235	16136	601	0	0	0	0	89	0	10	11425	389156	36413	31	0	0	481125	382099	32812	0
1552	-101	-3	15	33	16056	5134	248208	10	388	1116539	7	11867	2	1	0	3936	28	0	3	1199	0	7228	16056	601	0	0	0	0	89	0	10	11425	389156	36413	31	0	0	481075	382099	32812	0
1551	-101	-3	15	33	15976	5134	248082	10	388	1116413	7	11861	2	1	0	3934	28	0	3	1199	0	7228	15976	601	0	0	0	0	89	0	10	11425	389156	36413	31	0	0	481025	382099	32812	0
1550	-101	-3	15	33	15816	5134	247830	10	388	1116224	7	11849	2	1	0	3931	28	0	3	1199	0	7228	15816	601	0	0	0	0	89	0	10	11425	389156	36413	31	0	0	480925	382099	32812	0
1549	-101	-3	15	33	15736	5134	247704	10	388	1116098	7	11843	2	1	0	3929	28	0	3	1199	0	7228	15736	601	0	0	0	0	89	0	10	11425	389156	36413	31	0	0	480875	382099	32812	0
1548	-102	-2	15	33	15656	5132	247578	10	387	1115972	7	11837	2	1	0	3927	28	0	3	1196	0	7221	15656	601	0	0	0	0	89	0	10	11425	389156	36413	31	0	0	480825	382099	32812	0
1547	-102	-2	15	33	15576	5132	247452	10	387	1115846	7	11831	2	1	0	3925	28	0	3	1196	0	7221	15576	601	0	0	0	0	89	0	10	11425	389156	36413	31	0	0	480775	382099	32812	0
1546	-102	-2	15	33	15496	5132	247389	10	387	1115720	7	11828	2	1	0	3923	28	0	3	1196	0	7221	15496	601	0	0	0	0	89	0	10	11425	389156	36413	31	0	0	480725	382099	32812	0
1545	-102	-2	15	33	15416	5132	247263	10	387	1115657	7	11822	2	1	0	3922	28	0	3	1196	0	7221	15416	601	0	0	0	0	89	0	10	11425	389156	36413	31	0	0	480675	382099	32812	0
1544	-102	-2	15	33	15336	5132	247137	10	387	1115531	7	11816	2	1	0	3920	28	0	3	1196	0	7221	15336	601	0	0	0	0	89	0	10	11425	389156	36413	31	0	0	480625	382099	32812	0
1543	-103	-2	15	34	15256	5130	247011	10	386	1115405	7	11810	2	1	0	3918	28	0	3	1193	0	7214	15256	601	0	0	0	0	89	0	10	11425	389156	36413	31	0	0	480575	382099	32812	0
1542	-103	-2	15	34	15176	5130	246885	10	386	1115279	7	11804	2	1	0	3916	28	0	3	1193	0	7214	15176	601	0	0	0	0	89	0	10	11425	389156	36413	31	0	0	480525	382099	32812	0
1541	-103	-2	15	34	15096	5130	246759	10	386	1115153	7	11798	2	1	0	3914	28	0	3	1193	0	7214	15096	601	0	0	0	0	89	0	10	11425	389156	36413	31	0	0	480475	382099	32812	0
1540	-102	-3	15	34	14936	5128	246570	10	385	1114901	7	11789	2	1	0	3910	28	0	3	1190	0	7207	14936	601	0	0	0	0	89	0	10	11425	389156	36413	31	0	0	480375	382099	32812	0
1539	-102	-3	15	34	14856	5128	246381	10	385	1114775	7	11780	2	1	0	3908	28	0	3	1190	0	7207	14856	601	0	0	0	0	89	0	10	11425	389156	36413	31	0	0	480325	382099	32812	0
1538	-102	-3	15	34	14776	5128	246318	10	385	1114649	7	11777	2	1	0	3906	28	0	3	1190	0	7207	14776	601	0	0	0	0	89	0	10	11425	389156	36413	31	0	0	480275	382099	32812	0
1537	-102	-3	15	34	14696	5128	246192	10	385	1114586	7	11771	2	1	0	3905	28	0	3	1190	0	7207	14696	601	0	0	0	0	89	0	10	11425	389156	36413	31	0	0	480225	382099	32812	0
1536	-102	-3	15	33	14616	5128	246066	10	385	1114460	7	11765	2	1	0	3903	28	0	3	1190	0	7207	14616	601	0	0	0	0	89	0	10	11425	389156	36413	31	0	0	480175	382099	32812	0
1535	-101	-2	15	33	14536	5126	245940	10	384	1114334	7	11759	2	1	0	3901	28	0	3	1187	0	7200	14536	601	0	0	0	0	89	0	10	11425	389156	36413	31	0	0	480125	382099	32812	0
1534	-101	-2	15	33	14456	5126	245814	10	384	1114208	7	11753	2	1	0	3899	28	0	3	1187	0	7200	14456	601	0	0	0	0	89	0	10	11425	389156	36413	31	0	0	480075	382099	32812	0
1533	-101	-2	15	33	14376	5126	245688	10	384	1114082	7	11747	2	1	0	3897	28	0	3	1187	0	7200	14376	601	0	0	0	0	89	0	10	11425	389156	36413	31	0	0	480025	382099	32812	0
1532	-101	-2	15	33	14296	5126	245625	10	384	1113956	7	11744	2	1	0	3895	28	0	3	1187	0	7200	14296	601	0	0	0	0	89	0	10	11425	389156	36413	31	0	0	479975	382099	32812	0
1531	-101	-2	15	33	14136	5124	245373	10	383	1113704	7	11732	2	1	0	3891	28	0	3	1184	0	7193	14136	601	0	0	0	0	89	0	10	11425	389156	36413	31	0	0	479875	382099	32812	0
1530	-101	-2	15	32	14056	5124	245247	10	383	1113578	7	11726	2	1	0	3889	28	0	3	1184	0	7193	14056	601	0	0	0	0	89	0	10	11425	389156	36413	31	0	0	479825	382099	32812	0
1529	-101	-2	15	32	13976	5124	245121	10	383	1113515	7	11720	2	1	0	3888	28	0	3	1184	0	7193	13976	601	0	0	0	0	89	0	10	11425	389156	36413	31	0	0	479775	382099	32812	0
1528	-101	-2	15	32	13896	5124	244995	10	383	1113389	7	11714	2	1	0	3886	28	0	3	1184	0	7193	13896	601	0	0	0	0	89	0	10	11425	389156	36413	31	0	0	479725	382099	32812	0
1527	-101	-2	15	33	13816	5124	244869	10	383	1113263	7	11708	2	1	0	3884	28	0	3	1184	0	7193	13816	601	0	0	0	0	89	0	10	11425	389156	36413	31	0	0	479675	382099	32812	0
1526	-101	-2	15	33	13736	5122	244743	10	382	1113137	7	11702	2	1	0	3882	28	0	3	1181	0	7186	13736	601	0	0	0	0	89	0	10	11425	389156	36413	31	0	0	479625	382099	32812	0
1525	-101	-2	15	33	13656	5122	244617	10	382	1113011	7	11696	2	1	0	3880	28	0	3	1181	0	7186	13656	601	0	0	0	0	89	0	10	11425	389156	36413	31	0	0	479575	382099	32812	0
1524	-101	-2	15	33	13576	5122	244554	10	382	1112885	7	11693	2	1	0	3878	28	0	3	1181	0	7186	13576	601	0	0	0	0	89	0	10	11425	389156	36413	31	0	0	479525	382099	32812	0
1523	-101	-2	15	33	13496	5122	244428	10	382	1112822	7	11687	2	1	0	3877	28	0	3	1181	0	7186	13496	601	0	0	0	0	89	0	10	11425	389156	36413	31	0	0	479475	382099	32812	0
1522	-101	-2	15	33	13416	5122	244302	10	382	1112696	7	11681	2	1	0	3875	28	0	3	1181	0	7186	13416	601	0	0	0	0	89	0	10	11425	389156	36413	31	0	0	479425	382099	32812	0
1521	-102	-2	15	33	13256	5120	244050	10	381	1112444	7	11669	2	1	0	3871	28	0	3	1178	0	7179	13256	601	0	0	0	0	89	0	10	11425	389156	36413	31	0	0	479325	382099	32812	0
1520	-102	-2	15	33	13176	5120	243924	10	381	1112318	7	11663	2	1	0	3869	28	0	3	1178	0	7179	13176	601	0	0	0	0	89	0	10	11425	389156	36413	31	0	0	479275	382099	32812	0
1519	-102	-2	15	33	13096	5120	243798	10	381	1112192	7	11657	2	1	0	3867	28	0	3	1178	0	7179	13096	601	0	0	0	0	89	0	10	11425	389156	36413	31	0	0	479225	382099	32812	0
1518	-102	-2	15	33	13016	5118	243735	10	380	1112066	7	11654	2	1	0	3865	28	0	3	1175	0	7172	13016	601	0	0	0	0	89	0	10	11425	389156	36413	31	0	0	479175	382099	32812	0
1517	-102	-2	15	34	12936	5118	243546	10	380	1111940	7	11645	2	1	0	3863	28	0	3	1175	0	7172	12936	601	0	0	0	0	89	0	10	11425	389156	36413	31	0	0	479125	382099	32812	0
1516	-102	-2	15	34	12856	5118	243483	10	380	1111814	7	11642	2	1	0	3861	28	0	3	1175	0	7172	12856	601	0	0	0	0	89	0	10	11425	389156	36413	31	0	0	479075	382099	32812	0
1515	-102	-2	15	34	12776	5118	243357	10	380	1111751	7	11636	2	1	0	3860	28	0	3	1175	0	7172	12776	601	0	0	0	0	89	0	10	11425	389156	36413	31	0	0	479025	382099	32812	0
1514	-102	-2	15	34	12696	5118	243231	10	380	1111625	7	11630	2	1	0	3858	28	0	3	1175	0	7172	12696	601	0	0	0	0	89	0	10	11425	389156	36413	31	0	0	478975	382099	32812	0
1513	-102	-2	15	34	12616	5116	243105	10	379	1111499	7	11624	2	1	0	3856	28	0	3	1172	0	7165	12616	601	0	0	0	0	89	0	10	11425	389156	36413	31	0	0	478925	382099	32812	0
1512	-102	-2	15	34	12536	5116	242979	10	379	1111373	7	11618	2	1	0	3854	28	0	3	1172	0	7165	12536	601	0	0	0	0	89	0	10	11425	389156	36413	31	0	0	478875	382099	32812	0
1511	-102	-2	15	34	12376	5116	242790	10	379	1111121	7	11609	2	1	0	3850	28	0	3	1172	0	7165	12376	601	0	0	0	0	89	0	10	11425	389156	36413	31	0	0	478775	382099	32812	0
1510	-102	-2	15	34	12296	5116	242664	10	379	1110995	7	11603	2	1	0	3848	28	0	3	1172	0	7165	12296	601	0	0	0	0	89	0	10	11425	389156	36413	31	0	0	478725	382099	32812	0
1509	-101	-2	15	34	12216	5114	242538	10	378	1110869	7	11597	2	1	0	3846	28	0	3	1169	0	7158	12216	601	0	0	0	0	89	0	10	11425	389156	36413	31	0	0	478675	382099	32812	0
1508	-101	-2	15	34	12136	5114	242412	10	378	1110743	7	11591	2	1	0	3844	28	0	3	1169	0	7158	12136	601	0	0	0	0	89	0	10	11425	389156	36413	31	0	0	478625	382099	32812	0
1507	-101	-2	15	34	12056	5114	242286	10	378	1110680	7	11585	2	1	0	3843	28	0	3	1169	0	7158	12056	601	0	0	0	0	89	0	10	11425	389156	36413	31	0	0	478575	382099	32812	0
1506	-101	-2	15	34	11976	5114	242160	10	378	1110554	7	11579	2	1	0	3841	28	0	3	1169	0	7158	11976	601	0	0	0	0	89	0	10	11425	389156	36413	31	0	0	478525	382099	32812	0
1505	-101	-2	15	34	11896	5114	242034	10	378	1110428	7	11573	2	1	0	3839	28	0	3	1169	0	7158	11896	601	0	0	0	0	89	0	10	11425	389156	36413	31	0	0	478475	382099	32812	0
1504	-101	-2	15	34	11816	5112	241908	10	377	1110302	7	11567	2	1	0	3837	28	0	3	1166	0	7151	11816	601	0	0	0	0	89	0	10	11425	389156	36413	31	0	0	478425	382099	32812	0
1503	-101	-2	15	34	11736	5112	241782	10	377	1110176	7	11561	2	1	0	3835	28	0	3	1166	0	7151	11736	601	0	0	0	0	89	0	10	11425	389156	36413	31	0	0	478375	382099	32812	0
1502	-101	-2	15	34	11656	5112	241719	10	377	1110050	7	11558	2	1	0	3833	28	0	3	1166	0	7151	11656	601	0	0	0	0	89	0	10	11425	389156	36413	31	0	0	478325	382099	32812	0
1501	-101	-2	15	34	11496	5112	241467	10	377	1109861	7	11546	2	1	0	3830	28	0	3	1166	0	7151	11496	601	0	0	0	0	89	0	10	11425	389156	36413	31	0	0	478225	382099	32812	0
1500	-102	-2	15	34	11416	5110	241341	10	376	1109735	7	11540	2	1	0	3828	28	0	3	1163	0	7144	11416	601	0	0	0	0	89	0	10	11425	389156	36413	31	0	0	478175	382099	32812	0
1499	-102	-2	15	34	11336	5110	241215	10	376	1109609	7	11534	2	1	0	3826	28	0	3	1163	0	7144	11336	601	0	0	0	0	89	0	10	11425	389156	36413	31	0	0	478125	382099	32812	0
1498	-102	-2	15	33	11256	5110	241089	10	376	1109483	7	11528	2	1	0	3824	28	0	3	1163	0	7144	11256	601	0	0	0	0	89	0	10	11425	389156	36413	31	0	0	478075	382099	32812	0
1497	-102	-2	15	33	11176	5110	240963	10	376	1109357	7	11522	2	1	0	3822	28	0	3	1163	0	7144	11176	601	0	0	0	0	89	0	10	11425	389156	36413	31	0	0	478025	382099	32812	0
1496	-102	-2	15	33	11096	5108	240900	10	375	1109231	7	11519	2	1	0	3820	28	0	3	1160	0	7137	11096	601	0	0	0	0	89	0	10	11425	389156	36413	31	0	0	477975	382099	32812	0
1495	-102	-2	15	33	11016	5108	240711	10	375	1109105	7	11510	2	1	0	3818	28	0	3	1160	0	7137	11016	601	0	0	0	0	89	0	10	11425	389156	36413	31	0	0	477925	382099	32812	0
1494	-102	-2	15	33	10936	5108	240648	10	375	1108979	7	11507	2	1	0	3816	28	0	3	1160	0	7137	10936	601	0	0	0	0	89	0	10	11425	389156	36413	31	0	0	477875	382099	32812	0
1493	-102	-2	15	33	10856	5108	240522	10	375	1108916	7	11501	2	1	0	3815	28	0	3	1160	0	7137	10856	601	0	0	0	0	89	0	10	11425	389156	36413	31	0	0	477825	382099	32812	0
1492	-102	-2	15	33	10776	5108	240396	10	375	1108790	7	11495	2	1	0	3813	28	0	3	1160	0	7137	10776	601	0	0	0	0	89	0	10	11425	389156	36413	31	0	0	477775	382099	32812	0
1491	-102	-2	15	33	10616	5106	240144	10	374	1108538	7	11483	2	1	0	3809	28	0	3	1157	0	7130	10616	601	0	0	0	0	89	0	10	11425	389156	36413	31	0	0	477675	382099	32812	0
1490	-102	-2	15	33	10536	5106	240018	10	374	1108412	7	11477	2	1	0	3807	28	0	3	1157	0	7130	10536	601	0	0	0	0	89	0	10	11425	389156	36413	31	0	0	477625	382099	32812	0
1489	-102	-2	15	33	10456	5106	239955	10	374	1108286	7	11474	2	1	0	3805	28	0	3	1157	0	7130	10456	601	0	0	0	0	89	0	10	11425	389156	36413	31	0	0	477575	382099	32812	0
1488	-102	-2	15	33	10376	5106	239829	10	374	1108160	7	11468	2	1	0	3803	28	0	3	1157	0	7130	10376	601	0	0	0	0	89	0	10	11425	389156	36413	31	0	0	477525	382099	32812	0
1487	-102	-2	15	33	10296	5104	239703	10	373	1108034	7	11462	2	1	0	3801	28	0	3	1154	0	7123	10296	601	0	0	0	0	89	0	10	11425	389156	36413	31	0	0	477475	382099	32812	0
1486	-102	-2	15	33	10216	5104	239577	10	373	1107908	7	11456	2	1	0	3799	28	0	3	1154	0	7123	10216	601	0	0	0	0	89	0	10	11425	389156	36413	31	0	0	477425	382099	32812	0
1485	-102	-2	15	33	10136	5104	239451	10	373	1107845	7	11450	2	1	0	3798	28	0	3	1154	0	7123	10136	601	0	0	0	0	89	0	10	11425	389156	36413	31	0	0	477375	382099	32812	0
1484	-102	-2	15	33	10056	5104	239325	10	373	1107719	7	11444	2	1	0	3796	28	0	3	1154	0	7123	10056	601	0	0	0	0	89	0	10	11425	389156	36413	31	0	0	477325	382099	32812	0
1483	-102	-2	15	33	9976	5104	239199	10	373	1107593	7	11438	2	1	0	3794	28	0	3	1154	0	7123	9976	601	0	0	0	0	89	0	10	11425	389156	36413	31	0	0	477275	382099	32812	0
1482	-102	-2	15	33	9896	5102	239073	10	372	1107467	7	11432	2	1	0	3792	28	0	3	1151	0	7116	9896	601	0	0	0	0	89	0	10	11425	389156	36413	31	0	0	477225	382099	32812	0
1481	-102	-2	15	33	9736	5102	238884	10	372	1107215	7	11423	2	1	0	3788	28	0	3	1151	0	7116	9736	601	0	0	0	0	89	0	10	11425	389156	36413	31	0	0	477125	382099	32812	0
1480	-102	-2	15	33	9656	5102	238758	10	372	1107152	7	11417	2	1	0	3787	28	0	3	1151	0	7116	9656	601	0	0	0	0	89	0	10	11425	389156	36413	31	0	0	477075	382099	32812	0
1479	-102	-2	15	33	9576	5102	238632	10	372	1107026	7	11411	2	1	0	3785	28	0	3	1151	0	7116	9576	601	0	0	0	0	89	0	10	11425	389156	36413	31	0	0	477025	382099	32812	0
1478	-102	-2	15	33	9496	5100	238506	10	371	1106900	7	11405	2	1	0	3783	28	0	3	1148	0	7109	9496	601	0	0	0	0	89	0	10	11425	389156	36413	31	0	0	476975	382099	32812	0
1477	-102	-2	15	33	9416	5100	238380	10	371	1106774	7	11399	2	1	0	3781	28	0	3	1148	0	7109	9416	601	0	0	0	0	89	0	10	11425	389156	36413	31	0	0	476925	382099	32812	0
1476	-102	-2	15	34	9336	5100	238254	10	371	1106648	7	11393	2	1	0	3779	28	0	3	1148	0	7109	9336	601	0	0	0	0	89	0	10	11425	389156	36413	31	0	0	476875	382099	32812	0
1475	-102	-2	15	34	9256	5100	238128	10	371	1106522	7	11387	2	1	0	3777	28	0	3	1148	0	7109	9256	601	0	0	0	0	89	0	10	11425	389156	36413	31	0	0	476825	382099	32812	0
1474	-102	-2	15	34	9176	5098	238065	10	370	1106396	7	11384	2	1	0	3775	28	0	3	1145	0	7102	9176	601	0	0	0	0	89	0	10	11425	389156	36413	31	0	0	476775	382099	32812	0
1473	-102	-2	15	34	9096	5098	237876	10	370	1106270	7	11375	2	1	0	3773	28	0	3	1145	0	7102	9096	601	0	0	0	0	89	0	10	11425	389156	36413	31	0	0	476725	382099	32812	0
1472	-102	-2	15	34	9016	5098	237813	10	370	1106144	7	11372	2	1	0	3771	28	0	3	1145	0	7102	9016	601	0	0	0	0	89	0	10	11425	389156	36413	31	0	0	476675	382099	32812	0
1471	-102	-2	15	33	8856	5098	237561	10	370	1105955	7	11360	2	1	0	3768	28	0	3	1145	0	7102	8856	601	0	0	0	0	89	0	10	11425	389156	36413	31	0	0	476575	382099	32812	0
1470	-101	-2	15	33	8776	5096	237435	10	369	1105829	7	11354	2	1	0	3766	28	0	3	1142	0	7095	8776	601	0	0	0	0	89	0	10	11425	389156	36413	31	0	0	476525	382099	32812	0
1469	-101	-2	15	33	8695	5096	237309	10	369	1105703	7	11348	2	1	0	3764	28	0	3	1142	0	7095	8695	601	0	0	0	0	89	0	10	11425	389156	36413	31	0	0	476474	382099	32812	0
1468	-101	-2	15	33	8616	5096	237183	10	369	1105577	7	11342	2	1	0	3762	28	0	3	1142	0	7095	8616	601	0	0	0	0	89	0	10	11425	389156	36413	31	0	0	476425	382099	32812	0
1467	-101	-2	15	34	8536	5096	237120	10	369	1105451	7	11339	2	1	0	3760	28	0	3	1142	0	7095	8536	601	0	0	0	0	89	0	10	11425	389156	36413	31	0	0	476375	382099	32812	0
1466	-101	-2	15	34	8456	5096	236994	10	369	1105325	7	11333	2	1	0	3758	28	0	3	1142	0	7095	8456	601	0	0	0	0	89	0	10	11425	389156	36413	31	0	0	476325	382099	32812	0
1465	-101	-2	15	34	8376	5094	236868	10	368	1105199	7	11327	2	1	0	3756	28	0	3	1139	0	7088	8376	601	0	0	0	0	89	0	10	11425	389156	36413	31	0	0	476275	382099	32812	0
1464	-101	-2	15	34	8296	5094	236742	10	368	1105073	7	11321	2	1	0	3754	28	0	3	1139	0	7088	8296	601	0	0	0	0	89	0	10	11425	389156	36413	31	0	0	476225	382099	32812	0
1463	-101	-2	15	34	8216	5094	236616	10	368	1105010	7	11315	2	1	0	3753	28	0	3	1139	0	7088	8216	601	0	0	0	0	89	0	10	11425	389156	36413	31	0	0	476175	382099	32812	0
1462	-101	-2	15	34	8136	5094	236490	10	368	1104884	7	11309	2	1	0	3751	28	0	3	1139	0	7088	8136	601	0	0	0	0	89	0	10	11425	389156	36413	31	0	0	476125	382099	32812	0
1461	-101	-2	15	34	7976	5092	236238	10	367	1104632	7	11297	2	1	0	3747	28	0	3	1136	0	7081	7976	601	0	0	0	0	89	0	10	11425	389156	36413	31	0	0	476025	382099	32812	0
1460	-101	-2	15	34	7896	5092	236112	10	367	1104506	7	11291	2	1	0	3745	28	0	3	1136	0	7081	7896	601	0	0	0	0	89	0	10	11425	389156	36413	31	0	0	475975	382099	32812	0
1459	-101	-2	15	35	7816	5092	236049	10	367	1104380	7	11288	2	1	0	3743	28	0	3	1136	0	7081	7816	601	0	0	0	0	89	0	10	11425	389156	36413	31	0	0	475925	382099	32812	0
1458	-101	-2	15	35	7736	5092	235923	10	367	1104317	7	11282	2	1	0	3742	28	0	3	1136	0	7081	7736	601	0	0	0	0	89	0	10	11425	389156	36413	31	0	0	475875	382099	32812	0
1457	-101	-2	15	35	7656	5092	235797	10	367	1104191	7	11276	2	1	0	3740	28	0	3	1136	0	7081	7656	601	0	0	0	0	89	0	10	11425	389156	36413	31	0	0	475825	382099	32812	0
1456	-101	-2	15	35	7576	5090	235671	10	366	1104065	7	11270	2	1	0	3738	28	0	3	1133	0	7074	7576	601	0	0	0	0	89	0	10	11425	389156	36413	31	0	0	475775	382099	32812	0
1455	-101	-2	15	35	7496	5090	235545	10	366	1103939	7	11264	2	1	0	3736	28	0	3	1133	0	7074	7496	601	0	0	0	0	89	0	10	11425	389156	36413	31	0	0	475725	382099	32812	0
1454	-101	-2	15	34	7416	5090	235419	10	366	1103813	7	11258	2	1	0	3734	28	0	3	1133	0	7074	7416	601	0	0	0	0	89	0	10	11425	389156	36413	31	0	0	475675	382099	32812	0
1453	-101	-2	15	34	7336	5090	235293	10	366	1103687	7	11252	2	1	0	3732	28	0	3	1133	0	7074	7336	601	0	0	0	0	89	0	10	11425	389156	36413	31	0	0	475625	382099	32812	0
1452	-102	-2	15	34	7256	5088	235230	10	365	1103561	7	11249	2	1	0	3730	28	0	3	1130	0	7067	7256	601	0	0	0	0	89	0	10	11425	389156	36413	31	0	0	475575	382099	32812	0
1451	-102	-2	15	35	7096	5088	234978	10	365	1103309	7	11237	2	1	0	3726	28	0	3	1130	0	7067	7096	601	0	0	0	0	89	0	10	11425	389156	36413	31	0	0	475475	382099	32812	0
1450	-102	-2	15	35	7016	5088	234852	10	365	1103246	7	11231	2	1	0	3725	28	0	3	1130	0	7067	7016	601	0	0	0	0	89	0	10	11425	389156	36413	31	0	0	475425	382099	32812	0
1449	-102	-2	15	36	6936	5088	234726	10	365	1103120	7	11225	2	1	0	3723	28	0	3	1130	0	7067	6936	601	0	0	0	0	89	0	10	11425	389156	36413	31	0	0	475375	382099	32812	0
1448	-102	-2	15	36	6856	5086	234600	10	364	1102994	7	11219	2	1	0	3721	28	0	3	1127	0	7060	6856	601	0	0	0	0	89	0	10	11425	389156	36413	31	0	0	475325	382099	32812	0
1447	-102	-2	15	36	6776	5086	234474	10	364	1102868	7	11213	2	1	0	3719	28	0	3	1127	0	7060	6776	601	0	0	0	0	89	0	10	11425	389156	36413	31	0	0	475275	382099	32812	0
1446	-102	-2	15	36	6696	5086	234348	10	364	1102742	7	11207	2	1	0	3717	28	0	3	1127	0	7060	6696	601	0	0	0	0	89	0	10	11425	389156	36413	31	0	0	475225	382099	32812	0
1445	-102	-2	15	36	6616	5086	234285	10	364	1102616	7	11204	2	1	0	3715	28	0	3	1127	0	7060	6616	601	0	0	0	0	89	0	10	11425	389156	36413	31	0	0	475175	382099	32812	0
1444	-102	-2	15	35	6536	5086	234159	10	364	1102490	7	11198	2	1	0	3713	28	0	3	1127	0	7060	6536	601	0	0	0	0	89	0	10	11425	389156	36413	31	0	0	475125	382099	32812	0
1443	-102	-2	15	35	6456	5084	234033	10	363	1102364	7	11192	2	1	0	3711	28	0	3	1124	0	7053	6456	601	0	0	0	0	89	0	10	11425	389156	36413	31	0	0	475075	382099	32812	0
1442	-102	-2	15	35	6296	5084	233781	10	363	1102175	7	11180	2	1	0	3708	28	0	3	1124	0	7053	6296	601	0	0	0	0	89	0	10	11425	389156	36413	31	0	0	474975	382099	32812	0
1441	-102	-2	15	35	6216	5084	233655	10	363	1102049	7	11174	2	1	0	3706	28	0	3	1124	0	7053	6216	601	0	0	0	0	89	0	10	11425	389156	36413	31	0	0	474925	382099	32812	0
1440	-102	-2	15	34	6136	5084	233529	10	363	1101923	7	11168	2	1	0	3704	28	0	3	1124	0	7053	6136	601	0	0	0	0	89	0	10	11425	389156	36413	31	0	0	474875	382099	32812	0
1439	-102	-2	15	34	6056	5082	233403	10	362	1101797	7	11162	2	1	0	3702	28	0	3	1121	0	7046	6056	601	0	0	0	0	89	0	10	11425	389156	36413	31	0	0	474825	382099	32812	0
1438	-102	-2	15	34	5976	5082	233277	10	362	1101671	7	11156	2	1	0	3700	28	0	3	1121	0	7046	5976	601	0	0	0	0	89	0	10	11425	389156	36413	31	0	0	474775	382099	32812	0
1437	-102	-2	15	34	5896	5082	233214	10	362	1101545	7	11153	2	1	0	3698	28	0	3	1121	0	7046	5896	601	0	0	0	0	89	0	10	11425	389156	36413	31	0	0	474725	382099	32812	0
1436	-102	-2	15	34	5816	5082	233088	10	362	1101482	7	11147	2	1	0	3697	28	0	3	1121	0	7046	5816	601	0	0	0	0	89	0	10	11425	389156	36413	31	0	0	474675	382099	32812	0
1435	-102	-2	15	34	5736	5082	232962	10	362	1101356	7	11141	2	1	0	3695	28	0	3	1121	0	7046	5736	601	0	0	0	0	89	0	10	11425	389156	36413	31	0	0	474625	382099	32812	0
1434	-102	-3	15	33	5656	5080	232836	10	361	1101230	7	11135	2	1	0	3693	28	0	3	1118	0	7039	5656	601	0	0	0	0	89	0	10	11425	389156	36413	31	0	0	474575	382099	32812	0
1433	-102	-3	15	33	5576	5080	232710	10	361	1101104	7	11129	2	1	0	3691	28	0	3	1118	0	7039	5576	601	0	0	0	0	89	0	10	11425	389156	36413	31	0	0	474525	382099	32812	0
1432	-102	-3	15	33	5416	5080	232458	10	361	1100852	7	11117	2	1	0	3687	28	0	3	1118	0	7039	5416	601	0	0	0	0	89	0	10	11425	389156	36413	31	0	0	474425	382099	32812	0
1431	-102	-2	15	33	5336	5078	232395	10	360	1100726	7	11114	2	1	0	3685	28	0	3	1115	0	7032	5336	601	0	0	0	0	89	0	10	11425	389156	36413	31	0	0	474375	382099	32812	0
1430	-102	-2	15	33	5256	5078	232206	10	360	1100600	7	11105	2	1	0	3683	28	0	3	1115	0	7032	5256	601	0	0	0	0	89	0	10	11425	389156	36413	31	0	0	474325	382099	32812	0
1429	-102	-2	15	33	5176	5078	232143	10	360	1100474	7	11102	2	1	0	3681	28	0	3	1115	0	7032	5176	601	0	0	0	0	89	0	10	11425	389156	36413	31	0	0	474275	382099	32812	0
1428	-102	-2	15	33	5096	5078	232017	10	360	1100411	7	11096	2	1	0	3680	28	0	3	1115	0	7032	5096	601	0	0	0	0	89	0	10	11425	389156	36413	31	0	0	474225	382099	32812	0
1427	-102	-2	15	33	5016	5078	231891	10	360	1100285	7	11090	2	1	0	3678	28	0	3	1115	0	7032	5016	601	0	0	0	0	89	0	10	11425	389156	36413	31	0	0	474175	382099	32812	0
1426	-102	-2	15	33	4936	5076	231765	10	359	1100159	7	11084	2	1	0	3676	28	0	3	1112	0	7025	4936	601	0	0	0	0	89	0	10	11425	389156	36413	31	0	0	474125	382099	32812	0
1425	-102	-2	15	33	4856	5076	231639	10	359	1100033	7	11078	2	1	0	3674	28	0	3	1112	0	7025	4856	601	0	0	0	0	89	0	10	11425	389156	36413	31	0	0	474075	382099	32812	0
1424	-102	-2	15	34	4776	5076	231513	10	359	1099907	7	11072	2	1	0	3672	28	0	3	1112	0	7025	4776	601	0	0	0	0	89	0	10	11425	389156	36413	31	0	0	474025	382099	32812	0
1423	-102	-2	15	34	4696	5076	231450	10	359	1099781	7	11069	2	1	0	3670	28	0	3	1112	0	7025	4696	601	0	0	0	0	89	0	10	11425	389156	36413	31	0	0	473975	382099	32812	0
1422	-102	-3	15	33	4536	5074	231198	10	358	1099529	7	11057	2	1	0	3666	28	0	3	1109	0	7018	4536	601	0	0	0	0	89	0	10	11425	389156	36413	31	0	0	473875	382099	32812	0
1421	-102	-3	15	33	4456	5074	231072	10	358	1099403	7	11051	2	1	0	3664	28	0	3	1109	0	7018	4456	601	0	0	0	0	89	0	10	11425	389156	36413	31	0	0	473825	382099	32812	0
1420	-102	-3	15	33	4376	5074	230946	10	358	1099340	7	11045	2	1	0	3663	28	0	3	1109	0	7018	4376	601	0	0	0	0	89	0	10	11425	389156	36413	31	0	0	473775	382099	32812	0
1419	-102	-3	15	33	4296	5074	230820	10	358	1099214	7	11039	2	1	0	3661	28	0	3	1109	0	7018	4296	601	0	0	0	0	89	0	10	11425	389156	36413	31	0	0	473725	382099	32812	0
1418	-102	-3	15	33	4216	5074	230694	10	358	1099088	7	11033	2	1	0	3659	28	0	3	1109	0	7018	4216	601	0	0	0	0	89	0	10	11425	389156	36413	31	0	0	473675	382099	32812	0
1417	-102	-2	15	33	4136	5072	230568	10	357	1098962	7	11027	2	1	0	3657	28	0	3	1106	0	7011	4136	601	0	0	0	0	89	0	10	11425	389156	36413	31	0	0	473625	382099	32812	0
1416	-102	-2	15	34	4056	5072	230442	10	357	1098836	7	11021	2	1	0	3655	28	0	3	1106	0	7011	4056	601	0	0	0	0	89	0	10	11425	389156	36413	31	0	0	473575	382099	32812	0
1415	-102	-2	15	34	3976	5072	230379	10	357	1098710	7	11018	2	1	0	3653	28	0	3	1106	0	7011	3976	601	0	0	0	0	89	0	10	11425	389156	36413	31	0	0	473525	382099	32812	0
1414	-102	-2	15	34	3896	5072	230253	10	357	1098647	7	11012	2	1	0	3652	28	0	3	1106	0	7011	3896	601	0	0	0	0	89	0	10	11425	389156	36413	31	0	0	473475	382099	32812	0
1413	-102	-2	15	34	3816	5072	230127	10	357	1098521	7	11006	2	1	0	3650	28	0	3	1106	0	7011	3816	601	0	0	0	0	89	0	10	11425	389156	36413	31	0	0	473425	382099	32812	0
1412	-102	-3	15	33	3656	5070	229875	10	356	1098269	7	10994	2	1	0	3646	28	0	3	1103	0	7004	3656	601	0	0	0	0	89	0	10	11425	389156	36413	31	0	0	473325	382099	32812	0
1411	-102	-3	15	33	3576	5070	229749	10	356	1098143	7	10988	2	1	0	3644	28	0	3	1103	0	7004	3576	601	0	0	0	0	89	0	10	11425	389156	36413	31	0	0	473275	382099	32812	0
1410	-102	-3	15	33	3496	5070	229623	10	356	1098017	7	10982	2	1	0	3642	28	0	3	1103	0	7004	3496	601	0	0	0	0	89	0	10	11425	389156	36413	31	0	0	473225	382099	32812	0
1409	-102	-3	15	33	3416	5068	229560	10	355	1097891	7	10979	2	1	0	3640	28	0	3	1100	0	6997	3416	601	0	0	0	0	89	0	10	11425	389156	36413	31	0	0	473175	382099	32812	0
1408	-102	-3	15	33	3336	5068	229371	10	355	1097765	7	10970	2	1	0	3638	28	0	3	1100	0	6997	3336	601	0	0	0	0	89	0	10	11425	389156	36413	31	0	0	473125	382099	32812	0
1407	-102	-3	15	33	3255	5068	229308	10	355	1097639	7	10967	2	1	0	3636	28	0	3	1100	0	6997	3255	601	0	0	0	0	89	0	10	11425	389156	36413	31	0	0	473074	382099	32812	0
1406	-102	-3	15	33	3176	5068	229182	10	355	1097576	7	10961	2	1	0	3635	28	0	3	1100	0	6997	3176	601	0	0	0	0	89	0	10	11425	389156	36413	31	0	0	473025	382099	32812	0
1405	-102	-3	15	33	3096	5068	229056	10	355	1097450	7	10955	2	1	0	3633	28	0	3	1100	0	6997	3096	601	0	0	0	0	89	0	10	11425	389156	36413	31	0	0	472975	382099	32812	0
1404	-102	-3	15	33	3016	5066	228930	10	354	1097324	7	10949	2	1	0	3631	28	0	3	1097	0	6990	3016	601	0	0	0	0	89	0	10	11425	389156	36413	31	0	0	472925	382099	32812	0
1403	-102	-3	15	33	2936	5066	228804	10	354	1097198	7	10943	2	1	0	3629	28	0	3	1097	0	6990	2936	601	0	0	0	0	89	0	10	11425	389156	36413	31	0	0	472875	382099	32812	0
1402	-102	-3	15	33	2776	5066	228615	10	354	1096946	7	10934	2	1	0	3625	28	0	3	1097	0	6990	2776	601	0	0	0	0	89	0	10	11425	389156	36413	31	0	0	472775	382099	32812	0
1401	-102	-3	15	33	2696	5066	228489	10	354	1096820	7	10928	2	1	0	3623	28	0	3	1097	0	6990	2696	601	0	0	0	0	89	0	10	11425	389156	36413	31	0	0	472725	382099	32812	0
1400	-102	-3	15	33	2616	5064	228363	10	353	1096694	7	10922	2	1	0	3621	28	0	3	1094	0	6983	2616	601	0	0	0	0	89	0	10	11425	389156	36413	31	0	0	472675	382099	32812	0
1399	-102	-3	15	33	2536	5064	228237	10	353	1096568	7	10916	2	1	0	3619	28	0	3	1094	0	6983	2536	601	0	0	0	0	89	0	10	11425	389156	36413	31	0	0	472625	382099	32812	0
1398	-102	-3	15	33	2456	5064	228111	10	353	1096505	7	10910	2	1	0	3618	28	0	3	1094	0	6983	2456	601	0	0	0	0	89	0	10	11425	389156	36413	31	0	0	472575	382099	32812	0
1397	-102	-3	15	33	2376	5064	227985	10	353	1096379	7	10904	2	1	0	3616	28	0	3	1094	0	6983	2376	601	0	0	0	0	89	0	10	11425	389156	36413	31	0	0	472525	382099	32812	0
1396	-102	-3	15	33	2296	5064	227859	10	353	1096253	7	10898	2	1	0	3614	28	0	3	1094	0	6983	2296	601	0	0	0	0	89	0	10	11425	389156	36413	31	0	0	472475	382099	32812	0
1395	-103	-3	15	33	2216	5062	227733	10	352	1096127	7	10892	2	1	0	3612	28	0	3	1091	0	6976	2216	601	0	0	0	0	89	0	10	11425	389156	36413	31	0	0	472425	382099	32812	0
1394	-103	-3	15	33	2136	5062	227607	10	352	1096001	7	10886	2	1	0	3610	28	0	3	1091	0	6976	2136	601	0	0	0	0	89	0	10	11425	389156	36413	31	0	0	472375	382099	32812	0
1393	-103	-3	15	32	2056	5062	227544	10	352	1095875	7	10883	2	1	0	3608	28	0	3	1091	0	6976	2056	601	0	0	0	0	89	0	10	11425	389156	36413	31	0	0	472325	382099	32812	0
1392	-103	-3	15	32	1896	5062	227292	10	352	1095686	7	10871	2	1	0	3605	28	0	3	1091	0	6976	1896	601	0	0	0	0	89	0	10	11425	389156	36413	31	0	0	472225	382099	32812	0
1391	-103	-3	15	32	1816	5060	227166	10	351	1095560	7	10865	2	1	0	3603	28	0	3	1088	0	6969	1816	601	0	0	0	0	89	0	10	11425	389156	36413	31	0	0	472175	382099	32812	0
1390	-103	-3	15	32	1736	5060	227040	10	351	1095434	7	10859	2	1	0	3601	28	0	3	1088	0	6969	1736	601	0	0	0	0	89	0	10	11425	389156	36413	31	0	0	472125	382099	32812	0
1389	-103	-3	15	32	1656	5060	226914	10	351	1095308	7	10853	2	1	0	3599	28	0	3	1088	0	6969	1656	601	0	0	0	0	89	0	10	11425	389156	36413	31	0	0	472075	382099	32812	0
1388	-103	-3	15	32	1576	5060	226788	10	351	1095182	7	10847	2	1	0	3597	28	0	3	1088	0	6969	1576	601	0	0	0	0	89	0	10	11425	389156	36413	31	0	0	472025	382099	32812	0
1387	-103	-3	15	32	1496	5058	226725	10	350	1095056	7	10844	2	1	0	3595	28	0	3	1085	0	6962	1496	601	0	0	0	0	89	0	10	11425	389156	36413	31	0	0	471975	382099	32812	0
1386	-103	-3	15	32	1416	5058	226536	10	350	1094930	7	10835	2	1	0	3593	28	0	3	1085	0	6962	1416	601	0	0	0	0	89	0	10	11425	389156	36413	31	0	0	471925	382099	32812	0
1385	-103	-3	15	32	1336	5058	226473	10	350	1094804	7	10832	2	1	0	3591	28	0	3	1085	0	6962	1336	601	0	0	0	0	89	0	10	11425	389156	36413	31	0	0	471875	382099	32812	0
1384	-103	-3	15	32	1256	5058	226347	10	350	1094741	7	10826	2	1	0	3590	28	0	3	1085	0	6962	1256	601	0	0	0	0	89	0	10	11425	389156	36413	31	0	0	471825	382099	32812	0
1383	-103	-3	15	32	1176	5058	226221	10	350	1094615	7	10820	2	1	0	3588	28	0	3	1085	0	6962	1176	601	0	0	0	0	89	0	10	11425	389156	36413	31	0	0	471775	382099	32812	0
1382	-102	-3	15	32	1016	5056	225969	10	349	1094363	7	10808	2	1	0	3584	28	0	3	1082	0	6955	1016	601	0	0	0	0	89	0	10	11425	389156	36413	31	0	0	471675	382099	32812	0
1381	-102	-3	15	32	936	5056	225843	10	349	1094237	7	10802	2	1	0	3582	28	0	3	1082	0	6955	936	601	0	0	0	0	89	0	10	11425	389156	36413	31	0	0	471625	382099	32812	0
1380	-102	-3	15	32	856	5056	225780	10	349	1094111	7	10799	2	1	0	3580	28	0	3	1082	0	6955	856	601	0	0	0	0	89	0	10	11425	389156	36413	31	0	0	471575	382099	32812	0
1379	-102	-3	15	32	776	5056	225654	10	349	1093985	7	10793	2	1	0	3578	28	0	3	1082	0	6955	776	601	0	0	0	0	89	0	10	11425	389156	36413	31	0	0	471525	382099	32812	0
1378	-102	-3	15	32	696	5054	225528	10	348	1093859	7	10787	2	1	0	3576	28	0	3	1079	0	6948	696	601	0	0	0	0	89	0	10	11425	389156	36413	31	0	0	471475	382099	32812	0
1377	-102	-3	15	32	616	5054	225402	10	348	1093733	7	10781	2	1	0	3574	28	0	3	1079	0	6948	616	601	0	0	0	0	89	0	10	11425	389156	36413	31	0	0	471425	382099	32812	0
1376	-102	-3	15	32	536	5054	225276	10	348	1093670	7	10775	2	1	0	3573	28	0	3	1079	0	6948	536	601	0	0	0	0	89	0	10	11425	389156	36413	31	0	0	471375	382099	32812	0
1375	-102	-3	15	32	456	5054	225150	10	348	1093544	7	10769	2	1	0	3571	28	0	3	1079	0	6948	456	601	0	0	0	0	89	0	10	11425	389156	36413	31	0	0	471325	382099	32812	0
1374	-102	-3	15	32	376	5054	225024	10	348	1093418	7	10763	2	1	0	3569	28	0	3	1079	0	6948	376	601	0	0	0	0	89	0	10	11425	389156	36413	31	0	0	471275	382099	32812	0
1373	-102	-3	15	32	296	5052	224898	10	347	1093292	7	10757	2	1	0	3567	28	0	3	1076	0	6941	296	601	0	0	0	0	89	0	10	11425	389156	36413	31	0	0	471225	382099	32812	0
1372	-102	-3	15	32	136	5052	224709	10	347	1093040	7	10748	2	1	0	3563	28	0	3	1076	0	6941	136	601	0	0	0	0	89	0	10	11425	389156	36413	31	0	0	471125	382099	32812	0
1371	-102	-3	15	32	56	5052	224583	10	347	1092977	7	10742	2	1	0	3562	28	0	3	1076	0	6941	56	601	0	0	0	0	89	0	10	11425	389156	36413	31	0	0	471075	382099	32812	0
1370	-102	-3	15	32	16360	5052	224457	10	347	1092851	7	10736	2	1	0	3560	28	0	3	1076	0	6941	16360	601	0	0	0	0	89	0	10	11425	389156	36413	31	0	0	471025	382099	32812	0
1369	-102	-3	15	32	16280	5050	224331	10	346	1092725	7	10730	2	1	0	3558	28	0	3	1073	0	6934	16280	601	0	0	0	0	89	0	10	11425	389156	36413	31	0	0	470975	382099	32812	0
1368	-102	-3	15	32	16200	5050	224205	10	346	1092599	7	10724	2	1	0	3556	28	0	3	1073	0	6934	16200	601	0	0	0	0	89	0	10	11425	389156	36413	31	0	0	470925	382099	32812	0
1367	-102	-3	15	32	16120	5050	224079	10	346	1092473	7	10718	2	1	0	3554	28	0	3	1073	0	6934	16120	601	0	0	0	0	89	0	10	11425	389156	36413	31	0	0	470875	382099	32812	0
1366	-102	-3	15	32	16040	5050	223953	10	346	1092347	7	10712	2	1	0	3552	28	0	3	1073	0	6934	16040	601	0	0	0	0	89	0	10	11425	389156	36413	31	0	0	470825	382099	32812	0
1365	-102	-3	15	32	15960	5048	223890	10	345	1092221	7	10709	2	1	0	3550	28	0	3	1070	0	6927	15960	601	0	0	0	0	89	0	10	11425	389156	36413	31	0	0	470775	382099	32812	0
1364	-102	-3	15	32	15880	5048	223701	10	345	1092095	7	10700	2	1	0	3548	28	0	3	1070	0	6927	15880	601	0	0	0	0	89	0	10	11425	389156	36413	31	0	0	470725	382099	32812	0
1363	-102	-3	15	32	15800	5048	223638	10	345	1091969	7	10697	2	1	0	3546	28	0	3	1070	0	6927	15800	601	0	0	0	0	89	0	10	11425	389156	36413	31	0	0	470675	382099	32812	0
1362	-102	-3	15	32	15640	5048	223386	10	345	1091780	7	10685	2	1	0	3543	28	0	3	1070	0	6927	15640	601	0	0	0	0	89	0	10	11425	389156	36413	31	0	0	470575	382099	32812	0
1361	-102	-3	15	32	15560	5046	223260	10	344	1091654	7	10679	2	1	0	3541	28	0	3	1067	0	6920	15560	601	0	0	0	0	89	0	10	11425	389156	36413	31	0	0	470525	382099	32812	0
1360	-102	-3	15	32	15480	5046	223134	10	344	1091528	7	10673	2	1	0	3539	28	0	3	1067	0	6920	15480	601	0	0	0	0	89	0	10	11425	389156	36413	31	0	0	470475	382099	32812	0
1359	-102	-3	15	32	15400	5046	223008	10	344	1091402	7	10667	2	1	0	3537	28	0	3	1067	0	6920	15400	601	0	0	0	0	89	0	10	11425	389156	36413	31	0	0	470425	382099	32812	0
1358	-102	-3	15	32	15320	5046	222945	10	344	1091276	7	10664	2	1	0	3535	28	0	3	1067	0	6920	15320	601	0	0	0	0	89	0	10	11425	389156	36413	31	0	0	470375	382099	32812	0
1357	-102	-3	15	32	15240	5046	222819	10	344	1091150	7	10658	2	1	0	3533	28	0	3	1067	0	6920	15240	601	0	0	0	0	89	0	10	11425	389156	36413	31	0	0	470325	382099	32812	0
1356	-102	-3	15	32	15160	5044	222693	10	343	1091024	7	10652	2	1	0	3531	28	0	3	1064	0	6913	15160	601	0	0	0	0	89	0	10	11425	389156	36413	31	0	0	470275	382099	32812	0
1355	-102	-3	15	32	15080	5044	222567	10	343	1090898	7	10646	2	1	0	3529	28	0	3	1064	0	6913	15080	601	0	0	0	0	89	0	10	11425	389156	36413	31	0	0	470225	382099	32812	0
1354	-102	-3	15	32	15000	5044	222441	10	343	1090835	7	10640	2	1	0	3528	28	0	3	1064	0	6913	15000	601	0	0	0	0	89	0	10	11425	389156	36413	31	0	0	470175	382099	32812	0
1353	-102	-3	15	32	14920	5044	222315	10	343	1090709	7	10634	2	1	0	3526	28	0	3	1064	0	6913	14920	601	0	0	0	0	89	0	10	11425	389156	36413	31	0	0	470125	382099	32812	0
1352	-102	-3	15	32	14760	5042	222063	10	342	1090457	7	10622	2	1	0	3522	28	0	3	1061	0	6906	14760	601	0	0	0	0	89	0	10	11425	389156	36413	31	0	0	470025	382099	32812	0
1351	-102	-3	15	32	14680	5042	221937	10	342	1090331	7	10616	2	1	0	3520	28	0	3	1061	0	6906	14680	601	0	0	0	0	89	0	10	11425	389156	36413	31	0	0	469975	382099	32812	0
1350	-102	-3	15	32	14600	5042	221874	10	342	1090205	7	10613	2	1	0	3518	28	0	3	1061	0	6906	14600	601	0	0	0	0	89	0	10	11425	389156	36413	31	0	0	469925	382099	32812	0
1349	-102	-3	15	32	14520	5042	221748	10	342	1090142	7	10607	2	1	0	3517	28	0	3	1061	0	6906	14520	601	0	0	0	0	89	0	10	11425	389156	36413	31	0	0	469875	382099	32812	0
1348	-102	-3	15	32	14440	5042	221622	10	342	1090016	7	10601	2	1	0	3515	28	0	3	1061	0	6906	14440	601	0	0	0	0	89	0	10	11425	389156	36413	31	0	0	469825	382099	32812	0
1347	-102	-3	15	32	14360	5040	221496	10	341	1089890	7	10595	2	1	0	3513	28	0	3	1058	0	6899	14360	601	0	0	0	0	89	0	10	11425	389156	36413	31	0	0	469775	382099	32812	0
1346	-102	-3	15	32	14280	5040	221370	10	341	1089764	7	10589	2	1	0	3511	28	0	3	1058	0	6899	14280	601	0	0	0	0	89	0	10	11425	389156	36413	31	0	0	469725	382099	32812	0
1345	-102	-3	15	32	14200	5040	221244	10	341	1089638	7	10583	2	1	0	3509	28	0	3	1058	0	6899	14200	601	0	0	0	0	89	0	10	11425	389156	36413	31	0	0	469675	382099	32812	0
1344	-102	-3	15	32	14120	5040	221118	10	341	1089512	7	10577	2	1	0	3507	28	0	3	1058	0	6899	14120	601	0	0	0	0	89	0	10	11425	389156	36413	31	0	0	469625	382099	32812	0
1343	-102	-3	15	32	14040	5038	221055	10	340	1089386	7	10574	2	1	0	3505	28	0	3	1055	0	6892	14040	601	0	0	0	0	89	0	10	11425	389156	36413	31	0	0	469575	382099	32812	0
1342	-102	-3	15	32	13880	5038	220803	10	340	1089134	7	10562	2	1	0	3501	28	0	3	1055	0	6892	13880	601	0	0	0	0	89	0	10	11425	389156	36413	31	0	0	469475	382099	32812	0
1341	-102	-3	15	32	13800	5038	220677	10	340	1089071	7	10556	2	1	0	3500	28	0	3	1055	0	6892	13800	601	0	0	0	0	89	0	10	11425	389156	36413	31	0	0	469425	382099	32812	0
1340	-102	-3	15	32	13720	5038	220551	10	340	1088945	7	10550	2	1	0	3498	28	0	3	1055	0	6892	13720	601	0	0	0	0	89	0	10	11425	389156	36413	31	0	0	469375	382099	32812	0
1339	-102	-3	15	32	13640	5036	220425	10	339	1088819	7	10544	2	1	0	3496	28	0	3	1052	0	6885	13640	601	0	0	0	0	89	0	10	11425	389156	36413	31	0	0	469325	382099	32812	0
1338	-102	-3	15	32	13560	5036	220299	10	339	1088693	7	10538	2	1	0	3494	28	0	3	1052	0	6885	13560	601	0	0	0	0	89	0	10	11425	389156	36413	31	0	0	469275	382099	32812	0
1337	-102	-3	15	31	13480	5036	220173	10	339	1088567	7	10532	2	1	0	3492	28	0	3	1052	0	6885	13480	601	0	0	0	0	89	0	10	11425	389156	36413	31	0	0	469225	382099	32812	0
1336	-102	-3	15	32	13400	5036	220110	10	339	1088441	7	10529	2	1	0	3490	28	0	3	1052	0	6885	13400	601	0	0	0	0	89	0	10	11425	389156	36413	31	0	0	469175	382099	32812	0
1335	-102	-3	15	31	13320	5036	219984	10	339	1088315	7	10523	2	1	0	3488	28	0	3	1052	0	6885	13320	601	0	0	0	0	89	0	10	11425	389156	36413	31	0	0	469125	382099	32812	0
1334	-101	-2	15	32	13240	5034	219858	10	338	1088189	7	10517	2	1	0	3486	28	0	3	1049	0	6878	13240	601	0	0	0	0	89	0	10	11425	389156	36413	31	0	0	469075	382099	32812	0
1333	-101	-2	15	32	13160	5034	219732	10	338	1088063	7	10511	2	1	0	3484	28	0	3	1049	0	6878	13160	601	0	0	0	0	89	0	10	11425	389156	36413	31	0	0	469025	382099	32812	0
1332	-101	-2	15	33	13000	5034	219480	10	338	1087874	7	10499	2	1	0	3481	28	0	3	1049	0	6878	13000	601	0	0	0	0	89	0	10	11425	389156	36413	31	0	0	468925	382099	32812	0
1331	-101	-2	15	33	12920	5034	219354	10	338	1087748	7	10493	2	1	0	3479	28	0	3	1049	0	6878	12920	601	0	0	0	0	89	0	10	11425	389156	36413	31	0	0	468875	382099	32812	0
1330	-102	-2	15	33	12840	5032	219228	10	337	1087622	7	10487	2	1	0	3477	28	0	3	1046	0	6871	12840	601	0	0	0	0	89	0	10	11425	389156	36413	31	0	0	468825	382099	32812	0
1329	-102	-2	15	34	12760	5032	219102	10	337	1087496	7	10481	2	1	0	3475	28	0	3	1046	0	6871	12760	601	0	0	0	0	89	0	10	11425	389156	36413	31	0	0	468775	382099	32812	0
1328	-102	-2	15	33	12680	5032	219039	10	337	1087370	7	10478	2	1	0	3473	28	0	3	1046	0	6871	12680	601	0	0	0	0	89	0	10	11425	389156	36413	31	0	0	468725	382099	32812	0
1327	-102	-2	15	33	12600	5032	218913	10	337	1087307	7	10472	2	1	0	3472	28	0	3	1046	0	6871	12600	601	0	0	0	0	89	0	10	11425	389156	36413	31	0	0	468675	382099	32812	0
1326	-102	-2	15	33	12520	5032	218787	10	337	1087181	7	10466	2	1	0	3470	28	0	3	1046	0	6871	12520	601	0	0	0	0	89	0	10	11425	389156	36413	31	0	0	468625	382099	32812	0
1325	-101	-2	15	33	12440	5030	218661	10	336	1087055	7	10460	2	1	0	3468	28	0	3	1043	0	6864	12440	601	0	0	0	0	89	0	10	11425	389156	36413	31	0	0	468575	382099	32812	0
1324	-101	-2	15	33	12360	5030	218535	10	336	1086929	7	10454	2	1	0	3466	28	0	3	1043	0	6864	12360	601	0	0	0	0	89	0	10	11425	389156	36413	31	0	0	468525	382099	32812	0
1323	-101	-2	15	33	12280	5030	218409	10	336	1086803	7	10448	2	1	0	3464	28	0	3	1043	0	6864	12280	601	0	0	0	0	89	0	10	11425	389156	36413	31	0	0	468475	382099	32812	0
1322	-101	-2	15	33	12120	5028	218220	10	335	1086551	7	10439	2	1	0	3460	28	0	3	1040	0	6857	12120	601	0	0	0	0	89	0	10	11425	389156	36413	31	0	0	468375	382099	32812	0
1321	-101	-2	15	33	12040	5028	218031	10	335	1086425	7	10430	2	1	0	3458	28	0	3	1040	0	6857	12040	601	0	0	0	0	89	0	10	11425	389156	36413	31	0	0	468325	382099	32812	0
1320	-101	-2	15	33	11960	5028	217968	10	335	1086299	7	10427	2	1	0	3456	28	0	3	1040	0	6857	11960	601	0	0	0	0	89	0	10	11425	389156	36413	31	0	0	468275	382099	32812	0
1319	-101	-2	15	33	11880	5028	217842	10	335	1086236	7	10421	2	1	0	3455	28	0	3	1040	0	6857	11880	601	0	0	0	0	89	0	10	11425	389156	36413	31	0	0	468225	382099	32812	0
1318	-101	-2	15	32	11800	5028	217716	10	335	1086110	7	10415	2	1	0	3453	28	0	3	1040	0	6857	11800	601	0	0	0	0	89	0	10	11425	389156	36413	31	0	0	468175	382099	32812	0
1317	-101	-2	15	33	11720	5026	217590	10	334	1085984	7	10409	2	1	0	3451	28	0	3	1037	0	6850	11720	601	0	0	0	0	89	0	10	11425	389156	36413	31	0	0	468125	382099	32812	0
1316	-101	-2	15	32	11640	5026	217464	10	334	1085858	7	10403	2	1	0	3449	28	0	3	1037	0	6850	11640	601	0	0	0	0	89	0	10	11425	389156	36413	31	0	0	468075	382099	32812	0
1315	-101	-2	15	32	11560	5026	217338	10	334	1085732	7	10397	2	1	0	3447	28	0	3	1037	0	6850	11560	601	0	0	0	0	89	0	10	11425	389156	36413	31	0	0	468025	382099	32812	0
1314	-101	-2	15	32	11480	5026	217275	10	334	1085606	7	10394	2	1	0	3445	28	0	3	1037	0	6850	11480	601	0	0	0	0	89	0	10	11425	389156	36413	31	0	0	467975	382099	32812	0
1313	-101	-2	15	32	11400	5026	217149	10	334	1085480	7	10388	2	1	0	3443	28	0	3	1037	0	6850	11400	601	0	0	0	0	89	0	10	11425	389156	36413	31	0	0	467925	382099	32812	0
1312	-101	-3	15	32	11240	5024	216897	10	333	1085228	7	10376	2	1	0	3439	28	0	3	1034	0	6843	11240	601	0	0	0	0	89	0	10	11425	389156	36413	31	0	0	467825	382099	32812	0
1311	-101	-3	15	33	11160	5024	216771	10	333	1085165	7	10370	2	1	0	3438	28	0	3	1034	0	6843	11160	601	0	0	0	0	89	0	10	11425	389156	36413	31	0	0	467775	382099	32812	0
1310	-101	-3	15	33	11080	5024	216645	10	333	1085039	7	10364	2	1	0	3436	28	0	3	1034	0	6843	11080	601	0	0	0	0	89	0	10	11425	389156	36413	31	0	0	467725	382099	32812	0
1309	-101	-3	15	32	11000	5024	216519	10	333	1084913	7	10358	2	1	0	3434	28	0	3	1034	0	6843	11000	601	0	0	0	0	89	0	10	11425	389156	36413	31	0	0	467675	382099	32812	0
1308	-101	-3	15	32	10920	5022	216393	10	332	1084787	7	10352	2	1	0	3432	28	0	3	1031	0	6836	10920	601	0	0	0	0	89	0	10	11425	389156	36413	31	0	0	467625	382099	32812	0
1307	-101	-3	15	32	10840	5022	216267	10	332	1084661	7	10346	2	1	0	3430	28	0	3	1031	0	6836	10840	601	0	0	0	0	89	0	10	11425	389156	36413	31	0	0	467575	382099	32812	0
1306	-101	-3	15	31	10760	5022	216204	10	332	1084535	7	10343	2	1	0	3428	28	0	3	1031	0	6836	10760	601	0	0	0	0	89	0	10	11425	389156	36413	31	0	0	467525	382099	32812	0
1305	-101	-3	15	30	10680	5022	216078	10	332	1084472	7	10337	2	1	0	3427	28	0	3	1031	0	6836	10680	601	0	0	0	0	89	0	10	11425	389156	36413	31	0	0	467475	382099	32812	0
1304	-101	-3	15	30	10600	5022	215952	10	332	1084346	7	10331	2	1	0	3425	28	0	3	1031	0	6836	10600	601	0	0	0	0	89	0	10	11425	389156	36413	31	0	0	467425	382099	32812	0
1303	-102	-3	15	30	10520	5020	215826	10	331	1084220	7	10325	2	1	0	3423	28	0	3	1028	0	6829	10520	601	0	0	0	0	89	0	10	11425	389156	36413	31	0	0	467375	382099	32812	0
1302	-102	-3	15	32	10360	5020	215574	10	331	1083968	7	10313	2	1	0	3419	28	0	3	1028	0	6829	10360	601	0	0	0	0	89	0	10	11425	389156	36413	31	0	0	467275	382099	32812	0
1301	-102	-3	15	32	10280	5020	215448	10	331	1083842	7	10307	2	1	0	3417	28	0	3	1028	0	6829	10280	601	0	0	0	0	89	0	10	11425	389156	36413	31	0	0	467225	382099	32812	0
1300	-101	-3	15	32	10200	5018	215385	10	330	1083716	7	10304	2	1	0	3415	28	0	3	1025	0	6822	10200	601	0	0	0	0	89	0	10	11425	389156	36413	31	0	0	467175	382099	32812	0
1299	-101	-3	15	31	10120	5018	215196	10	330	1083590	7	10295	2	1	0	3413	28	0	3	1025	0	6822	10120	601	0	0	0	0	89	0	10	11425	389156	36413	31	0	0	467125	382099	32812	0
1298	-101	-3	15	31	10040	5018	215133	10	330	1083464	7	10292	2	1	0	3411	28	0	3	1025	0	6822	10040	601	0	0	0	0	89	0	10	11425	389156	36413	31	0	0	467075	382099	32812	0
1297	-101	-3	15	31	9960	5018	215007	10	330	1083401	7	10286	2	1	0	3410	28	0	3	1025	0	6822	9960	601	0	0	0	0	89	0	10	11425	389156	36413	31	0	0	467025	382099	32812	0
1296	-101	-3	15	31	9880	5018	214881	10	330	1083275	7	10280	2	1	0	3408	28	0	3	1025	0	6822	9880	601	0	0	0	0	89	0	10	11425	389156	36413	31	0	0	466975	382099	32812	0
1295	-101	-3	15	31	9800	5016	214755	10	329	1083149	7	10274	2	1	0	3406	28	0	3	1022	0	6815	9800	601	0	0	0	0	89	0	10	11425	389156	36413	31	0	0	466925	382099	32812	0
1294	-101	-3	15	31	9720	5016	214629	10	329	1083023	7	10268	2	1	0	3404	28	0	3	1022	0	6815	9720	601	0	0	0	0	89	0	10	11425	389156	36413	31	0	0	466875	382099	32812	0
1293	-101	-3	15	31	9640	5016	214503	10	329	1082897	7	10262	2	1	0	3402	28	0	3	1022	0	6815	9640	601	0	0	0	0	89	0	10	11425	389156	36413	31	0	0	466825	382099	32812	0
1292	-101	-3	15	31	9480	5016	214314	10	329	1082645	7	10253	2	1	0	3398	28	0	3	1022	0	6815	9480	601	0	0	0	0	89	0	10	11425	389156	36413	31	0	0	466725	382099	32812	0
1291	-102	-3	15	31	9400	5014	214188	10	328	1082519	7	10247	2	1	0	3396	28	0	3	1019	0	6808	9400	601	0	0	0	0	89	0	10	11425	389156	36413	31	0	0	466675	382099	32812	0
1290	-102	-3	15	31	9320	5014	214062	10	328	1082393	7	10241	2	1	0	3394	28	0	3	1019	0	6808	9320	601	0	0	0	0	89	0	10	11425	389156	36413	31	0	0	466625	382099	32812	0
1289	-102	-3	15	31	9240	5014	213936	10	328	1082330	7	10235	2	1	0	3393	28	0	3	1019	0	6808	9240	601	0	0	0	0	89	0	10	11425	389156	36413	31	0	0	466575	382099	32812	0
1288	-102	-3	15	31	9160	5014	213810	10	328	1082204	7	10229	2	1	0	3391	28	0	3	1019	0	6808	9160	601	0	0	0	0	89	0	10	11425	389156	36413	31	0	0	466525	382099	32812	0
1287	-102	-3	15	31	9080	5014	213684	10	328	1082078	7	10223	2	1	0	3389	28	0	3	1019	0	6808	9080	601	0	0	0	0	89	0	10	11425	389156	36413	31	0	0	466475	382099	32812	0
1286	-102	-2	15	32	9000	5012	213558	10	327	1081952	7	10217	2	1	0	3387	28	0	3	1016	0	6801	9000	601	0	0	0	0	89	0	10	11425	389156	36413	31	0	0	466425	382099	32812	0
1285	-102	-2	15	32	8920	5012	213432	10	327	1081826	7	10211	2	1	0	3385	28	0	3	1016	0	6801	8920	601	0	0	0	0	89	0	10	11425	389156	36413	31	0	0	466375	382099	32812	0
1284	-102	-2	15	33	8840	5012	213369	10	327	1081700	7	10208	2	1	0	3383	28	0	3	1016	0	6801	8840	601	0	0	0	0	89	0	10	11425	389156	36413	31	0	0	466325	382099	32812	0
1283	-102	-2	15	33	8760	5012	213243	10	327	1081637	7	10202	2	1	0	3382	28	0	3	1016	0	6801	8760	601	0	0	0	0	89	0	10	11425	389156	36413	31	0	0	466275	382099	32812	0
1282	-103	-2	15	33	8600	5010	212991	10	326	1081385	7	10190	2	1	0	3378	28	0	3	1013	0	6794	8600	601	0	0	0	0	89	0	10	11425	389156	36413	31	0	0	466175	382099	32812	0
1281	-103	-2	15	33	8520	5010	212865	10	326	1081259	7	10184	2	1	0	3376	28	0	3	1013	0	6794	8520	601	0	0	0	0	89	0	10	11425	389156	36413	31	0	0	466125	382099	32812	0
1280	-103	-2	15	35	8440	5010	212739	10	326	1081133	7	10178	2	1	0	3374	28	0	3	1013	0	6794	8440	601	0	0	0	0	89	0	10	11425	389156	36413	31	0	0	466075	382099	32812	0
1279	-103	-2	15	35	8360	5010	212613	10	326	1081007	7	10172	2	1	0	3372	28	0	3	1013	0	6794	8360	601	0	0	0	0	89	0	10	11425	389156	36413	31	0	0	466025	382099	32812	0
1278	-103	-2	15	34	8280	5008	212550	10	325	1080881	7	10169	2	1	0	3370	28	0	3	1010	0	6787	8280	601	0	0	0	0	89	0	10	11425	389156	36413	31	0	0	465975	382099	32812	0
1277	-103	-2	15	34	8200	5008	212361	10	325	1080755	7	10160	2	1	0	3368	28	0	3	1010	0	6787	8200	601	0	0	0	0	89	0	10	11425	389156	36413	31	0	0	465925	382099	32812	0
1276	-103	-2	15	34	8120	5008	212298	10	325	1080629	7	10157	2	1	0	3366	28	0	3	1010	0	6787	8120	601	0	0	0	0	89	0	10	11425	389156	36413	31	0	0	465875	382099	32812	0
1275	-103	-2	15	33	8040	5008	212172	10	325	1080566	7	10151	2	1	0	3365	28	0	3	1010	0	6787	8040	601	0	0	0	0	89	0	10	11425	389156	36413	31	0	0	465825	382099	32812	0
1274	-103	-2	15	33	7960	5008	212046	10	325	1080440	7	10145	2	1	0	3363	28	0	3	1010	0	6787	7960	601	0	0	0	0	89	0	10	11425	389156	36413	31	0	0	465775	382099	32812	0
1273	-103	-2	15	33	7880	5006	211920	10	324	1080314	7	10139	2	1	0	3361	28	0	3	1007	0	6780	7880	601	0	0	0	0	89	0	10	11425	389156	36413	31	0	0	465725	382099	32812	0
1272	-103	-2	15	33	7720	5006	211668	10	324	1080062	7	10127	2	1	0	3357	28	0	3	1007	0	6780	7720	601	0	0	0	0	89	0	10	11425	389156	36413	31	0	0	465625	382099	32812	0
1271	-103	-2	15	33	7640	5006	211605	10	324	1079936	7	10124	2	1	0	3355	28	0	3	1007	0	6780	7640	601	0	0	0	0	89	0	10	11425	389156	36413	31	0	0	465575	382099	32812	0
1270	-103	-2	15	33	7560	5006	211479	10	324	1079810	7	10118	2	1	0	3353	28	0	3	1007	0	6780	7560	601	0	0	0	0	89	0	10	11425	389156	36413	31	0	0	465525	382099	32812	0
1269	-105	-2	15	33	7480	5004	211353	10	323	1079684	7	10112	2	1	0	3351	28	0	3	1004	0	6773	7480	601	0	0	0	0	89	0	10	11425	389156	36413	31	0	0	465475	382099	32812	0
1268	-105	-2	15	34	7400	5004	211227	10	323	1079558	7	10106	2	1	0	3349	28	0	3	1004	0	6773	7400	601	0	0	0	0	89	0	10	11425	389156	36413	31	0	0	465425	382099	32812	0
1267	-105	-2	15	34	7320	5004	211101	10	323	1079495	7	10100	2	1	0	3348	28	0	3	1004	0	6773	7320	601	0	0	0	0	89	0	10	11425	389156	36413	31	0	0	465375	382099	32812	0
1266	-105	-2	15	35	7240	5004	210975	10	323	1079369	7	10094	2	1	0	3346	28	0	3	1004	0	6773	7240	601	0	0	0	0	89	0	10	11425	389156	36413	31	0	0	465325	382099	32812	0
1265	-105	-2	15	36	7160	5004	210849	10	323	1079243	7	10088	2	1	0	3344	28	0	3	1004	0	6773	7160	601	0	0	0	0	89	0	10	11425	389156	36413	31	0	0	465275	382099	32812	0
1264	-106	-2	15	36	7080	5002	210723	10	322	1079117	7	10082	2	1	0	3342	28	0	3	1001	0	6766	7080	601	0	0	0	0	89	0	10	11425	389156	36413	31	0	0	465225	382099	32812	0
1263	-106	-2	15	35	7000	5002	210597	10	322	1078991	7	10076	2	1	0	3340	28	0	3	1001	0	6766	7000	601	0	0	0	0	89	0	10	11425	389156	36413	31	0	0	465175	382099	32812	0
1262	-106	-2	15	35	6840	5002	210408	10	322	1078802	7	10067	2	1	0	3337	28	0	3	1001	0	6766	6840	601	0	0	0	0	89	0	10	11425	389156	36413	31	0	0	465075	382099	32812	0
1261	-106	-2	15	35	6760	5002	210282	10	322	1078676	7	10061	2	1	0	3335	28	0	3	1001	0	6766	6760	601	0	0	0	0	89	0	10	11425	389156	36413	31	0	0	465025	382099	32812	0
1260	-105	-2	13	35	6680	5000	210156	10	321	1078550	7	10055	2	1	0	3333	25	0	3	998	0	6759	6680	601	0	0	0	0	89	0	10	11425	389156	36413	31	0	0	464975	382099	32812	0
1259	-105	-2	13	35	6600	5000	210030	10	321	1078424	7	10049	2	1	0	3331	25	0	3	998	0	6759	6600	601	0	0	0	0	89	0	10	11425	389156	36413	31	0	0	464925	382099	32812	0
1258	-105	-2	14	35	6520	5000	209904	10	321	1078298	7	10043	2	1	0	3329	27	0	3	998	0	6759	6520	601	0	0	0	0	89	0	10	11425	389156	36413	31	0	0	464875	382099	32812	0
1257	-105	-2	15	35	6440	5000	209778	10	321	1078172	7	10037	2	1	0	3327	28	0	3	998	0	6759	6440	601	0	0	0	0	89	0	10	11425	389156	36413	31	0	0	464825	382099	32812	0
1256	-106	-3	15	35	6360	4998	209715	10	320	1078046	7	10034	2	1	0	3325	28	0	3	995	0	6752	6360	601	0	0	0	0	89	0	10	11425	389156	36413	31	0	0	464775	382099	32812	0
1255	-106	-3	15	36	6280	4998	209526	10	320	1077920	7	10025	2	1	0	3323	28	0	3	995	0	6752	6280	601	0	0	0	0	89	0	10	11425	389156	36413	31	0	0	464725	382099	32812	0
1254	-106	-3	15	35	6200	4998	209463	10	320	1077794	7	10022	2	1	0	3321	28	0	3	995	0	6752	6200	601	0	0	0	0	89	0	10	11425	389156	36413	31	0	0	464675	382099	32812	0
1253	-106	-3	13	34	6040	4998	209211	10	320	1077605	7	10010	2	1	0	3318	25	0	3	995	0	6752	6040	601	0	0	0	0	89	0	10	11425	389156	36413	31	0	0	464575	382099	32812	0
1252	-105	-2	13	34	5960	4996	209085	10	319	1077479	7	10004	2	1	0	3316	25	0	3	992	0	6745	5960	601	0	0	0	0	89	0	10	11425	389156	36413	31	0	0	464525	382099	32812	0
1251	-105	-2	14	35	5880	4996	208959	10	319	1077353	7	9998	2	1	0	3314	27	0	3	992	0	6745	5880	601	0	0	0	0	89	0	10	11425	389156	36413	31	0	0	464475	382099	32812	0
1250	-105	-2	13	36	5799	4996	208833	10	319	1077227	7	9992	2	1	0	3312	25	0	3	992	0	6745	5799	601	0	0	0	0	89	0	10	11425	389156	36413	31	0	0	464424	382099	32812	0
1249	-105	-2	13	36	5719	4996	208707	10	319	1077101	7	9986	2	1	0	3310	25	0	3	992	0	6745	5719	601	0	0	0	0	89	0	10	11425	389156	36413	31	0	0	464374	382099	32812	0
1248	-105	-2	15	36	5639	4996	208644	10	319	1076975	7	9983	2	1	0	3308	28	0	3	992	0	6745	5639	601	0	0	0	0	89	0	10	11425	389156	36413	31	0	0	464324	382099	32812	0
1247	-104	-2	15	36	5560	4994	208518	10	318	1076849	7	9977	2	1	0	3306	28	0	3	989	0	6738	5560	601	0	0	0	0	89	0	10	11425	389156	36413	31	0	0	464275	382099	32812	0
1246	-104	-2	15	36	5480	4994	208392	10	318	1076723	7	9971	2	1	0	3304	28	0	3	989	0	6738	5480	601	0	0	0	0	89	0	10	11425	389156	36413	31	0	0	464225	382099	32812	0
1245	-104	-2	15	35	5400	4994	208266	10	318	1076660	7	9965	2	1	0	3303	28	0	3	989	0	6738	5400	601	0	0	0	0	89	0	10	11425	389156	36413	31	0	0	464175	382099	32812	0
1244	-104	-2	14	34	5320	4994	208140	10	318	1076534	7	9959	2	1	0	3301	27	0	3	989	0	6738	5320	601	0	0	0	0	89	0	10	11425	389156	36413	31	0	0	464125	382099	32812	0
1243	-104	-2	15	35	5160	4992	207888	10	317	1076282	7	9947	2	1	0	3297	28	0	3	986	0	6731	5160	601	0	0	0	0	89	0	10	11425	389156	36413	31	0	0	464025	382099	32812	0
1242	-104	-2	15	36	5080	4992	207762	10	317	1076156	7	9941	2	1	0	3295	28	0	3	986	0	6731	5080	601	0	0	0	0	89	0	10	11425	389156	36413	31	0	0	463975	382099	32812	0
1241	-104	-2	15	35	5000	4992	207699	10	317	1076030	7	9938	2	1	0	3293	28	0	3	986	0	6731	5000	601	0	0	0	0	89	0	10	11425	389156	36413	31	0	0	463925	382099	32812	0
1240	-104	-2	15	35	4920	4992	207573	10	317	1075967	7	9932	2	1	0	3292	28	0	3	986	0	6731	4920	601	0	0	0	0	89	0	10	11425	389156	36413	31	0	0	463875	382099	32812	0
1239	-104	-2	15	36	4840	4992	207447	10	317	1075841	7	9926	2	1	0	3290	28	0	3	986	0	6731	4840	601	0	0	0	0	89	0	10	11425	389156	36413	31	0	0	463825	382099	32812	0
1238	-102	-2	14	36	4760	4990	207321	10	316	1075715	7	9920	2	1	0	3288	27	0	3	983	0	6724	4760	601	0	0	0	0	89	0	10	11425	389156	36413	31	0	0	463775	382099	32812	0
1237	-102	-2	15	36	4680	4990	207195	10	316	1075589	7	9914	2	1	0	3286	28	0	3	983	0	6724	4680	601	0	0	0	0	89	0	10	11425	389156	36413	31	0	0	463725	382099	32812	0
1236	-102	-2	15	36	4600	4990	207069	10	316	1075463	7	9908	2	1	0	3284	28	0	3	983	0	6724	4600	601	0	0	0	0	89	0	10	11425	389156	36413	31	0	0	463675	382099	32812	0
1235	-102	-2	14	36	4520	4990	206943	10	316	1075337	7	9902	2	1	0	3282	27	0	3	983	0	6724	4520	601	0	0	0	0	89	0	10	11425	389156	36413	31	0	0	463625	382099	32812	0
1234	-102	-2	15	35	4440	4988	206880	10	315	1075211	7	9899	2	1	0	3280	28	0	3	980	0	6717	4440	601	0	0	0	0	89	0	10	11425	389156	36413	31	0	0	463575	382099	32812	0
1233	-102	-2	15	33	4280	4988	206628	10	315	1074959	7	9887	2	1	0	3276	28	0	3	980	0	6717	4280	601	0	0	0	0	89	0	10	11425	389156	36413	31	0	0	463475	382099	32812	0
1232	-102	-2	15	33	4199	4988	206502	10	315	1074896	7	9881	2	1	0	3275	28	0	3	980	0	6717	4199	601	0	0	0	0	89	0	10	11425	389156	36413	31	0	0	463424	382099	32812	0
1231	-102	-2	15	33	4120	4988	206376	10	315	1074770	7	9875	2	1	0	3273	28	0	3	980	0	6717	4120	601	0	0	0	0	89	0	10	11425	389156	36413	31	0	0	463375	382099	32812	0
1230	-102	-2	15	33	4040	4986	206250	10	314	1074644	7	9869	2	1	0	3271	28	0	3	977	0	6710	4040	601	0	0	0	0	89	0	10	11425	389156	36413	31	0	0	463325	382099	32812	0
1229	-102	-2	15	32	3960	4986	206124	10	314	1074518	7	9863	2	1	0	3269	28	0	3	977	0	6710	3960	601	0	0	0	0	89	0	10	11425	389156	36413	31	0	0	463275	382099	32812	0
1228	-102	-2	15	32	3880	4986	205998	10	314	1074392	7	9857	2	1	0	3267	28	0	3	977	0	6710	3880	601	0	0	0	0	89	0	10	11425	389156	36413	31	0	0	463225	382099	32812	0
1227	-102	-2	15	30	3800	4986	205935	10	314	1074266	7	9854	2	1	0	3265	28	0	3	977	0	6710	3800	601	0	0	0	0	89	0	10	11425	389156	36413	31	0	0	463175	382099	32812	0
1226	-102	-2	15	29	3720	4986	205809	10	314	1074140	7	9848	2	1	0	3263	28	0	3	977	0	6710	3720	601	0	0	0	0	89	0	10	11425	389156	36413	31	0	0	463125	382099	32812	0
1225	-102	-2	15	29	3640	4984	205683	10	313	1074014	7	9842	2	1	0	3261	28	0	3	974	0	6703	3640	601	0	0	0	0	89	0	10	11425	389156	36413	31	0	0	463075	382099	32812	0
1224	-102	-2	15	30	3560	4984	205557	10	313	1073888	7	9836	2	1	0	3259	28	0	3	974	0	6703	3560	601	0	0	0	0	89	0	10	11425	389156	36413	31	0	0	463025	382099	32812	0
1223	-102	-2	15	30	3400	4984	205305	10	313	1073699	7	9824	2	1	0	3256	28	0	3	974	0	6703	3400	601	0	0	0	0	89	0	10	11425	389156	36413	31	0	0	462925	382099	32812	0
1222	-102	-2	15	30	3320	4984	205179	10	313	1073573	7	9818	2	1	0	3254	28	0	3	974	0	6703	3320	601	0	0	0	0	89	0	10	11425	389156	36413	31	0	0	462875	382099	32812	0
1221	-103	-2	15	30	3240	4982	205053	10	312	1073447	7	9812	2	1	0	3252	28	0	3	971	0	6696	3240	601	0	0	0	0	89	0	10	11425	389156	36413	31	0	0	462825	382099	32812	0
1220	-103	-2	15	30	3160	4982	204927	10	312	1073321	7	9806	2	1	0	3250	28	0	3	971	0	6696	3160	601	0	0	0	0	89	0	10	11425	389156	36413	31	0	0	462775	382099	32812	0
1219	-103	-2	15	29	3080	4982	204864	10	312	1073195	7	9803	2	1	0	3248	28	0	3	971	0	6696	3080	601	0	0	0	0	89	0	10	11425	389156	36413	31	0	0	462725	382099	32812	0
1218	-103	-2	15	28	3000	4982	204738	10	312	1073132	7	9797	2	1	0	3247	28	0	3	971	0	6696	3000	601	0	0	0	0	89	0	10	11425	389156	36413	31	0	0	462675	382099	32812	0
1217	-103	-2	15	28	2920	4982	204612	10	312	1073006	7	9791	2	1	0	3245	28	0	3	971	0	6696	2920	601	0	0	0	0	89	0	10	11425	389156	36413	31	0	0	462625	382099	32812	0
1216	-106	-3	15	27	2840	4980	204486	10	311	1072880	7	9785	2	1	0	3243	28	0	3	968	0	6689	2840	601	0	0	0	0	89	0	10	11425	389156	36413	31	0	0	462575	382099	32812	0
1215	-106	-3	15	27	2760	4980	204360	10	311	1072754	7	9779	2	1	0	3241	28	0	3	968	0	6689	2760	601	0	0	0	0	89	0	10	11425	389156	36413	31	0	0	462525	382099	32812	0
1214	-106	-3	15	24	2680	4980	204234	10	311	1072628	7	9773	2	1	0	3239	28	0	3	968	0	6689	2680	601	0	0	0	0	89	0	10	11425	389156	36413	31	0	0	462475	382099	32812	0
1213	-106	-3	15	21	2520	4978	204045	10	310	1072376	7	9764	2	1	0	3235	28	0	3	965	0	6682	2520	601	0	0	0	0	89	0	10	11425	389156	36413	31	0	0	462375	382099	32812	0
1212	-106	-3	15	22	2440	4978	203856	10	310	1072250	7	9755	2	1	0	3233	28	0	3	965	0	6682	2440	601	0	0	0	0	89	0	10	11425	389156	36413	31	0	0	462325	382099	32812	0
1211	-106	-3	13	23	2360	4978	203793	10	310	1072124	7	9752	2	1	0	3231	25	0	3	965	0	6682	2360	601	0	0	0	0	89	0	10	11425	389156	36413	31	0	0	462275	382099	32812	0
1210	-106	-3	13	24	2280	4978	203667	10	310	1072061	7	9746	2	1	0	3230	25	0	3	965	0	6682	2280	601	0	0	0	0	89	0	10	11425	389156	36413	31	0	0	462225	382099	32812	0
1209	-106	-3	13	26	2200	4978	203541	10	310	1071935	7	9740	2	1	0	3228	25	0	3	965	0	6682	2200	601	0	0	0	0	89	0	10	11425	389156	36413	31	0	0	462175	382099	32812	0
1208	-104	-3	12	28	2120	4976	203415	10	309	1071809	7	9734	2	1	0	3226	23	0	3	962	0	6675	2120	601	0	0	0	0	89	0	10	11425	389156	36413	31	0	0	462125	382099	32812	0
1207	-104	-3	12	31	2040	4976	203289	10	309	1071683	7	9728	2	1	0	3224	23	0	3	962	0	6675	2040	601	0	0	0	0	89	0	10	11425	389156	36413	31	0	0	462075	382099	32812	0
1206	-104	-3	12	32	1960	4976	203163	10	309	1071557	7	9722	2	1	0	3222	23	0	3	962	0	6675	1960	601	0	0	0	0	89	0	10	11425	389156	36413	31	0	0	462025	382099	32812	0
1205	-104	-3	13	34	1880	4976	203100	10	309	1071431	7	9719	2	1	0	3220	25	0	3	962	0	6675	1880	601	0	0	0	0	89	0	10	11425	389156	36413	31	0	0	461975	382099	32812	0
1204	-104	-3	15	32	1800	4976	202974	10	309	1071305	7	9713	2	1	0	3218	28	0	3	962	0	6675	1800	601	0	0	0	0	89	0	10	11425	389156	36413	31	0	0	461925	382099	32812	0
1203	-107	-4	15	27	1640	4974	202722	10	308	1071053	7	9701	2	1	0	3214	28	0	3	959	0	6668	1640	601	0	0	0	0	89	0	10	11425	389156	36413	31	0	0	461825	382099	32812	0
1202	-107	-4	13	26	1560	4974	202596	10	308	1070990	7	9695	2	1	0	3213	25	0	3	959	0	6668	1560	601	0	0	0	0	89	0	10	11425	389156	36413	31	0	0	461775	382099	32812	0
1201	-107	-4	12	25	1480	4974	202470	10	308	1070864	7	9689	2	1	0	3211	23	0	3	959	0	6668	1480	601	0	0	0	0	89	0	10	11425	389156	36413	31	0	0	461725	382099	32812	0
1200	-107	-4	12	26	1400	4974	202344	10	308	1070738	7	9683	2	1	0	3209	23	0	3	959	0	6668	1400	601	0	0	0	0	89	0	10	11425	389156	36413	31	0	0	461675	382099	32812	0
1199	-103	-3	12	27	1320	4972	202218	10	307	1070612	7	9677	2	1	0	3207	23	0	3	956	0	6661	1320	601	0	0	0	0	89	0	10	11425	389156	36413	31	0	0	461625	382099	32812	0
1198	-103	-3	13	26	1240	4972	202092	10	307	1070486	7	9671	2	1	0	3205	25	0	3	956	0	6661	1240	601	0	0	0	0	89	0	10	11425	389156	36413	31	0	0	461575	382099	32812	0
1197	-103	-3	10	25	1160	4972	202029	10	307	1070360	7	9668	2	1	0	3203	18	0	3	956	0	6661	1160	601	0	0	0	0	89	0	10	11425	389156	36413	31	0	0	461525	382099	32812	0
1196	-103	-3	10	24	1080	4972	201903	10	307	1070297	7	9662	2	1	0	3202	18	0	3	956	0	6661	1080	601	0	0	0	0	89	0	10	11425	389156	36413	31	0	0	461475	382099	32812	0
1195	-103	-3	12	23	1000	4972	201777	10	307	1070171	7	9656	2	1	0	3200	23	0	3	956	0	6661	1000	601	0	0	0	0	89	0	10	11425	389156	36413	31	0	0	461425	382099	32812	0
1194	-98	-2	12	24	920	4970	201651	10	306	1070045	7	9650	2	1	0	3198	23	0	3	953	0	6654	920	601	0	0	0	0	89	0	10	11425	389156	36413	31	0	0	461375	382099	32812	0
1193	-98	-2	15	33	760	4970	201399	10	306	1069793	7	9638	2	1	0	3194	28	0	3	953	0	6654	760	601	0	0	0	0	89	0	10	11425	389156	36413	31	0	0	461275	382099	32812	0
1192	-98	-2	15	36	680	4970	201273	10	306	1069667	7	9632	2	1	0	3192	28	0	3	953	0	6654	680	601	0	0	0	0	89	0	10	11425	389156	36413	31	0	0	461225	382099	32812	0
1191	-97	-2	15	37	600	4968	201210	10	305	1069541	7	9629	2	1	0	3190	28	0	3	950	0	6647	600	601	0	0	0	0	89	0	10	11425	389156	36413	31	0	0	461175	382099	32812	0
1190	-97	-2	15	36	520	4968	201021	10	305	1069415	7	9620	2	1	0	3188	28	0	3	950	0	6647	520	601	0	0	0	0	89	0	10	11425	389156	36413	31	0	0	461125	382099	32812	0
1189	-97	-2	15	34	440	4968	200958	10	305	1069289	7	9617	2	1	0	3186	28	0	3	950	0	6647	440	601	0	0	0	0	89	0	10	11425	389156	36413	31	0	0	461075	382099	32812	0
1188	-97	-2	15	34	360	4968	200832	10	305	1069226	7	9611	2	1	0	3185	28	0	3	950	0	6647	360	601	0	0	0	0	89	0	10	11425	389156	36413	31	0	0	461025	382099	32812	0
1187	-97	-2	15	34	280	4968	200706	10	305	1069100	7	9605	2	1	0	3183	28	0	3	950	0	6647	280	601	0	0	0	0	89	0	10	11425	389156	36413	31	0	0	460975	382099	32812	0
1186	-95	-2	15	35	200	4966	200580	10	304	1068974	7	9599	2	1	0	3181	28	0	3	947	0	6640	200	601	0	0	0	0	89	0	10	11425	389156	36413	31	0	0	460925	382099	32812	0
1185	-95	-2	15	36	120	4966	200454	10	304	1068848	7	9593	2	1	0	3179	28	0	3	947	0	6640	120	601	0	0	0	0	89	0	10	11425	389156	36413	31	0	0	460875	382099	32812	0
1184	-95	-2	15	38	40	4966	200391	10	304	1068722	7	9590	2	1	0	3177	28	0	3	947	0	6640	40	601	0	0	0	0	89	0	10	11425	389156	36413	31	0	0	460825	382099	32812	0
1183	-95	-2	15	38	16264	4966	200139	10	304	1068533	7	9578	2	1	0	3174	28	0	3	947	0	6640	16264	601	0	0	0	0	89	0	10	11425	389156	36413	31	0	0	460725	382099	32812	0
1182	-96	-2	15	37	16184	4964	200013	10	303	1068407	7	9572	2	1	0	3172	28	0	3	944	0	6633	16184	601	0	0	0	0	89	0	10	11425	389156	36413	31	0	0	460675	382099	32812	0
1181	-96	-2	15	38	16104	4964	199887	10	303	1068281	7	9566	2	1	0	3170	28	0	3	944	0	6633	16104	601	0	0	0	0	89	0	10	11425	389156	36413	31	0	0	460625	382099	32812	0
1180	-96	-2	0	40	16024	4964	199824	10	303	1068155	7	9563	2	1	0	3168	0	0	3	944	0	6633	16024	601	0	0	0	0	89	0	10	11425	389156	36413	31	0	0	460575	382099	32812	0
1179	-96	-2	15	40	15944	4964	199698	10	303	1068155	7	9557	2	1	0	3168	28	0	3	944	0	6633	15944	601	0	0	0	0	89	0	10	11425	389156	36413	31	0	0	460525	382099	32812	0
1178	-96	-2	15	40	15864	4964	199572	10	303	1068092	7	9551	2	1	0	3167	28	0	3	944	0	6633	15864	601	0	0	0	0	89	0	10	11425	389156	36413	31	0	0	460475	382099	32812	0
1177	-98	-2	15	40	15784	4962	199446	10	302	1067966	7	9545	2	1	0	3165	28	0	3	941	0	6626	15784	601	0	0	0	0	89	0	10	11425	389156	36413	31	0	0	460425	382099	32812	0
1176	-98	-2	15	40	15704	4962	199320	10	302	1067840	7	9539	2	1	0	3163	28	0	3	941	0	6626	15704	601	0	0	0	0	89	0	10	11425	389156	36413	31	0	0	460375	382099	32812	0
1175	-98	-2	15	40	15624	4962	199257	10	302	1067714	7	9536	2	1	0	3161	28	0	3	941	0	6626	15624	601	0	0	0	0	89	0	10	11425	389156	36413	31	0	0	460325	382099	32812	0
1174	-98	-2	15	40	15544	4962	199131	10	302	1067651	7	9530	2	1	0	3160	28	0	3	941	0	6626	15544	601	0	0	0	0	89	0	10	11425	389156	36413	31	0	0	460275	382099	32812	0
1173	-99	-3	15	40	15384	4960	198879	10	301	1067399	7	9518	2	1	0	3156	28	0	3	938	0	6619	15384	601	0	0	0	0	89	0	10	11425	389156	36413	31	0	0	460175	382099	32812	0
1172	-99	-3	15	40	15304	4960	198753	10	301	1067273	7	9512	2	1	0	3154	28	0	3	938	0	6619	15304	601	0	0	0	0	89	0	10	11425	389156	36413	31	0	0	460125	382099	32812	0
1171	-99	-3	15	40	15224	4960	198627	10	301	1067147	7	9506	2	1	0	3152	28	0	3	938	0	6619	15224	601	0	0	0	0	89	0	10	11425	389156	36413	31	0	0	460075	382099	32812	0
1170	-99	-3	15	40	15144	4960	198501	10	301	1067021	7	9500	2	1	0	3150	28	0	3	938	0	6619	15144	601	0	0	0	0	89	0	10	11425	389156	36413	31	0	0	460025	382099	32812	0
1169	-99	-2	15	39	15064	4958	198438	10	300	1066895	7	9497	2	1	0	3148	28	0	3	935	0	6612	15064	601	0	0	0	0	89	0	10	11425	389156	36413	31	0	0	459975	382099	32812	0
1168	-99	-2	15	39	14984	4958	198249	10	300	1066769	7	9488	2	1	0	3146	28	0	3	935	0	6612	14984	601	0	0	0	0	89	0	10	11425	389156	36413	31	0	0	459925	382099	32812	0
1167	-99	-2	15	38	14904	4958	198186	10	300	1066643	7	9485	2	1	0	3144	28	0	3	935	0	6612	14904	601	0	0	0	0	89	0	10	11425	389156	36413	31	0	0	459875	382099	32812	0
1166	-99	-2	15	38	14824	4958	198060	10	300	1066580	7	9479	2	1	0	3143	28	0	3	935	0	6612	14824	601	0	0	0	0	89	0	10	11425	389156	36413	31	0	0	459825	382099	32812	0
1165	-99	-2	15	36	14744	4958	197934	10	300	1066454	7	9473	2	1	0	3141	28	0	3	935	0	6612	14744	601	0	0	0	0	89	0	10	11425	389156	36413	31	0	0	459775	382099	32812	0
1164	-97	-2	15	37	14584	4956	197682	10	299	1066202	7	9461	2	1	0	3137	28	0	3	932	0	6605	14584	601	0	0	0	0	89	0	10	11425	389156	36413	31	0	0	459675	382099	32812	0
1163	-97	-2	15	36	14504	4956	197556	10	299	1066076	7	9455	2	1	0	3135	28	0	3	932	0	6605	14504	601	0	0	0	0	89	0	10	11425	389156	36413	31	0	0	459625	382099	32812	0
1162	-97	-2	15	33	14424	4956	197493	10	299	1065950	7	9452	2	1	0	3133	28	0	3	932	0	6605	14424	601	0	0	0	0	89	0	10	11425	389156	36413	31	0	0	459575	382099	32812	0
1161	-97	-2	15	31	14344	4956	197367	10	299	1065824	7	9446	2	1	0	3131	28	0	3	932	0	6605	14344	601	0	0	0	0	89	0	10	11425	389156	36413	31	0	0	459525	382099	32812	0
1160	-95	-2	15	30	14264	4954	197241	10	298	1065698	7	9440	2	1	0	3129	28	0	3	929	0	6598	14264	601	0	0	0	0	89	0	10	11425	389156	36413	31	0	0	459475	382099	32812	0
1159	-95	-2	15	29	14184	4954	197115	10	298	1065572	7	9434	2	1	0	3127	28	0	3	929	0	6598	14184	601	0	0	0	0	89	0	10	11425	389156	36413	31	0	0	459425	382099	32812	0
1158	-95	-2	15	29	14104	4954	196989	10	298	1065509	7	9428	2	1	0	3126	28	0	3	929	0	6598	14104	601	0	0	0	0	89	0	10	11425	389156	36413	31	0	0	459375	382099	32812	0
1157	-95	-2	15	28	14024	4954	196863	10	298	1065383	7	9422	2	1	0	3124	28	0	3	929	0	6598	14024	601	0	0	0	0	89	0	10	11425	389156	36413	31	0	0	459325	382099	32812	0
1156	-95	-2	15	25	13944	4954	196737	10	298	1065257	7	9416	2	1	0	3122	28	0	3	929	0	6598	13944	601	0	0	0	0	89	0	10	11425	389156	36413	31	0	0	459275	382099	32812	0
1155	-94	-2	15	23	13864	4952	196611	10	297	1065131	7	9410	2	1	0	3120	28	0	3	926	0	6591	13864	601	0	0	0	0	89	0	10	11425	389156	36413	31	0	0	459225	382099	32812	0
1154	-94	-2	15	21	13704	4952	196422	10	297	1064879	7	9401	2	1	0	3116	28	0	3	926	0	6591	13704	601	0	0	0	0	89	0	10	11425	389156	36413	31	0	0	459125	382099	32812	0
1153	-94	-2	15	22	13624	4952	196296	10	297	1064816	7	9395	2	1	0	3115	28	0	3	926	0	6591	13624	601	0	0	0	0	89	0	10	11425	389156	36413	31	0	0	459075	382099	32812	0
1152	-94	-2	15	26	13544	4952	196170	10	297	1064690	7	9389	2	1	0	3113	28	0	3	926	0	6591	13544	601	0	0	0	0	89	0	10	11425	389156	36413	31	0	0	459025	382099	32812	0
1151	-93	-2	15	28	13464	4950	196044	10	296	1064564	7	9383	2	1	0	3111	28	0	3	923	0	6584	13464	601	0	0	0	0	89	0	10	11425	389156	36413	31	0	0	458975	382099	32812	0
1150	-93	-2	15	30	13384	4950	195918	10	296	1064438	7	9377	2	1	0	3109	28	0	3	923	0	6584	13384	601	0	0	0	0	89	0	10	11425	389156	36413	31	0	0	458925	382099	32812	0
1149	-93	-2	15	32	13304	4950	195792	10	296	1064312	7	9371	2	1	0	3107	28	0	3	923	0	6584	13304	601	0	0	0	0	89	0	10	11425	389156	36413	31	0	0	458875	382099	32812	0
1148	-93	-2	15	32	13224	4950	195666	10	296	1064186	7	9365	2	1	0	3105	28	0	3	923	0	6584	13224	601	0	0	0	0	89	0	10	11425	389156	36413	31	0	0	458825	382099	32812	0
1147	-93	-2	15	33	13144	4948	195603	10	295	1064060	7	9362	2	1	0	3103	28	0	3	920	0	6577	13144	601	0	0	0	0	89	0	10	11425	389156	36413	31	0	0	458775	382099	32812	0
1146	-93	-2	15	35	13064	4948	195414	10	295	1063934	7	9353	2	1	0	3101	28	0	3	920	0	6577	13064	601	0	0	0	0	89	0	10	11425	389156	36413	31	0	0	458725	382099	32812	0
1145	-93	-2	15	37	12984	4948	195351	10	295	1063808	7	9350	2	1	0	3099	28	0	3	920	0	6577	12984	601	0	0	0	0	89	0	10	11425	389156	36413	31	0	0	458675	382099	32812	0
1144	-93	-2	15	40	12824	4948	195099	10	295	1063619	7	9338	2	1	0	3096	28	0	3	920	0	6577	12824	601	0	0	0	0	89	0	10	11425	389156	36413	31	0	0	458575	382099	32812	0
1143	-94	-2	15	40	12744	4946	194973	10	294	1063493	7	9332	2	1	0	3094	28	0	3	917	0	6570	12744	601	0	0	0	0	89	0	10	11425	389156	36413	31	0	0	458525	382099	32812	0
1142	-94	-2	15	40	12664	4946	194847	10	294	1063367	7	9326	2	1	0	3092	28	0	3	917	0	6570	12664	601	0	0	0	0	89	0	10	11425	389156	36413	31	0	0	458475	382099	32812	0
1141	-94	-2	15	40	12584	4946	194721	10	294	1063241	7	9320	2	1	0	3090	28	0	3	917	0	6570	12584	601	0	0	0	0	89	0	10	11425	389156	36413	31	0	0	458425	382099	32812	0
1140	-94	-2	15	40	12504	4946	194658	10	294	1063115	7	9317	2	1	0	3088	28	0	3	917	0	6570	12504	601	0	0	0	0	89	0	10	11425	389156	36413	31	0	0	458375	382099	32812	0
1139	-94	-2	15	40	12424	4946	194532	10	294	1062989	7	9311	2	1	0	3086	28	0	3	917	0	6570	12424	601	0	0	0	0	89	0	10	11425	389156	36413	31	0	0	458325	382099	32812	0
1138	-97	-2	15	40	12344	4944	194406	10	293	1062863	7	9305	2	1	0	3084	28	0	3	914	0	6563	12344	601	0	0	0	0	89	0	10	11425	389156	36413	31	0	0	458275	382099	32812	0
1137	-97	-2	15	40	12264	4944	194280	10	293	1062737	7	9299	2	1	0	3082	28	0	3	914	0	6563	12264	601	0	0	0	0	89	0	10	11425	389156	36413	31	0	0	458225	382099	32812	0
1136	-97	-2	15	40	12184	4944	194154	10	293	1062674	7	9293	2	1	0	3081	28	0	3	914	0	6563	12184	601	0	0	0	0	89	0	10	11425	389156	36413	31	0	0	458175	382099	32812	0
1135	-97	-2	15	40	12104	4944	194028	10	293	1062548	7	9287	2	1	0	3079	28	0	3	914	0	6563	12104	601	0	0	0	0	89	0	10	11425	389156	36413	31	0	0	458125	382099	32812	0
1134	-99	-2	15	39	11944	4942	193776	10	292	1062296	7	9275	2	1	0	3075	28	0	3	911	0	6556	11944	601	0	0	0	0	89	0	10	11425	389156	36413	31	0	0	458025	382099	32812	0
1133	-99	-2	15	37	11864	4942	193650	10	292	1062170	7	9269	2	1	0	3073	28	0	3	911	0	6556	11864	601	0	0	0	0	89	0	10	11425	389156	36413	31	0	0	457975	382099	32812	0
1132	-99	-2	15	36	11784	4942	193587	10	292	1062044	7	9266	2	1	0	3071	28	0	3	911	0	6556	11784	601	0	0	0	0	89	0	10	11425	389156	36413	31	0	0	457925	382099	32812	0
1131	-99	-2	15	36	11704	4942	193461	10	292	1061981	7	9260	2	1	0	3070	28	0	3	911	0	6556	11704	601	0	0	0	0	89	0	10	11425	389156	36413	31	0	0	457875	382099	32812	0
1130	-99	-2	15	36	11624	4942	193335	10	292	1061855	7	9254	2	1	0	3068	28	0	3	911	0	6556	11624	601	0	0	0	0	89	0	10	11425	389156	36413	31	0	0	457825	382099	32812	0
1129	-101	-3	15	36	11544	4940	193209	10	291	1061729	7	9248	2	1	0	3066	28	0	3	908	0	6549	11544	601	0	0	0	0	89	0	10	11425	389156	36413	31	0	0	457775	382099	32812	0
1128	-101	-3	15	37	11464	4940	193083	10	291	1061603	7	9242	2	1	0	3064	28	0	3	908	0	6549	11464	601	0	0	0	0	89	0	10	11425	389156	36413	31	0	0	457725	382099	32812	0
1127	-101	-3	15	37	11384	4940	192957	10	291	1061477	7	9236	2	1	0	3062	28	0	3	908	0	6549	11384	601	0	0	0	0	89	0	10	11425	389156	36413	31	0	0	457675	382099	32812	0
1126	-101	-3	15	37	11304	4940	192831	10	291	1061351	7	9230	2	1	0	3060	28	0	3	908	0	6549	11304	601	0	0	0	0	89	0	10	11425	389156	36413	31	0	0	457625	382099	32812	0
1125	-101	-3	15	36	11224	4938	192768	10	290	1061225	7	9227	2	1	0	3058	28	0	3	905	0	6542	11224	601	0	0	0	0	89	0	10	11425	389156	36413	31	0	0	457575	382099	32812	0
1124	-101	-3	15	33	11064	4938	192516	10	290	1060973	7	9215	2	1	0	3054	28	0	3	905	0	6542	11064	601	0	0	0	0	89	0	10	11425	389156	36413	31	0	0	457475	382099	32812	0
1123	-101	-3	15	32	10984	4938	192390	10	290	1060910	7	9209	2	1	0	3053	28	0	3	905	0	6542	10984	601	0	0	0	0	89	0	10	11425	389156	36413	31	0	0	457425	382099	32812	0
1122	-101	-3	15	30	10904	4938	192264	10	290	1060784	7	9203	2	1	0	3051	28	0	3	905	0	6542	10904	601	0	0	0	0	89	0	10	11425	389156	36413	31	0	0	457375	382099	32812	0
1121	-96	-2	13	30	10824	4936	192138	10	289	1060658	7	9197	2	1	0	3049	25	0	3	902	0	6535	10824	601	0	0	0	0	89	0	10	11425	389156	36413	31	0	0	457325	382099	32812	0
1120	-96	-2	13	32	10744	4936	192012	10	289	1060532	7	9191	2	1	0	3047	25	0	3	902	0	6535	10744	601	0	0	0	0	89	0	10	11425	389156	36413	31	0	0	457275	382099	32812	0
1119	-96	-2	13	33	10664	4936	191886	10	289	1060406	7	9185	2	1	0	3045	25	0	3	902	0	6535	10664	601	0	0	0	0	89	0	10	11425	389156	36413	31	0	0	457225	382099	32812	0
1118	-96	-2	14	34	10584	4936	191823	10	289	1060280	7	9182	2	1	0	3043	27	0	3	902	0	6535	10584	601	0	0	0	0	89	0	10	11425	389156	36413	31	0	0	457175	382099	32812	0
1117	-96	-2	15	36	10504	4936	191697	10	289	1060154	7	9176	2	1	0	3041	28	0	3	902	0	6535	10504	601	0	0	0	0	89	0	10	11425	389156	36413	31	0	0	457125	382099	32812	0
1116	-94	-2	15	36	10424	4934	191571	10	288	1060028	7	9170	2	1	0	3039	28	0	3	899	0	6528	10424	601	0	0	0	0	89	0	10	11425	389156	36413	31	0	0	457075	382099	32812	0
1115	-94	-2	15	38	10344	4934	191445	10	288	1059902	7	9164	2	1	0	3037	28	0	3	899	0	6528	10344	601	0	0	0	0	89	0	10	11425	389156	36413	31	0	0	457025	382099	32812	0
1114	-94	-2	15	40	10184	4934	191193	10	288	1059713	7	9152	2	1	0	3034	28	0	3	899	0	6528	10184	601	0	0	0	0	89	0	10	11425	389156	36413	31	0	0	456925	382099	32812	0
1113	-94	-2	15	40	10104	4934	191067	10	288	1059587	7	9146	2	1	0	3032	28	0	3	899	0	6528	10104	601	0	0	0	0	89	0	10	11425	389156	36413	31	0	0	456875	382099	32812	0
1112	-96	-2	15	40	10024	4932	190941	10	287	1059461	7	9140	2	1	0	3030	28	0	3	896	0	6521	10024	601	0	0	0	0	89	0	10	11425	389156	36413	31	0	0	456825	382099	32812	0
1111	-96	-2	15	40	9944	4932	190815	10	287	1059335	7	9134	2	1	0	3028	28	0	3	896	0	6521	9944	601	0	0	0	0	89	0	10	11425	389156	36413	31	0	0	456775	382099	32812	0
1110	-96	-2	15	40	9864	4932	190752	10	287	1059209	7	9131	2	1	0	3026	28	0	3	896	0	6521	9864	601	0	0	0	0	89	0	10	11425	389156	36413	31	0	0	456725	382099	32812	0
1109	-96	-2	15	40	9784	4932	190626	10	287	1059146	7	9125	2	1	0	3025	28	0	3	896	0	6521	9784	601	0	0	0	0	89	0	10	11425	389156	36413	31	0	0	456675	382099	32812	0
1108	-96	-2	15	40	9704	4932	190500	10	287	1059020	7	9119	2	1	0	3023	28	0	3	896	0	6521	9704	601	0	0	0	0	89	0	10	11425	389156	36413	31	0	0	456625	382099	32812	0
1107	-99	-2	15	40	9624	4930	190374	10	286	1058894	7	9113	2	1	0	3021	28	0	3	893	0	6514	9624	601	0	0	0	0	89	0	10	11425	389156	36413	31	0	0	456575	382099	32812	0
1106	-99	-2	15	40	9544	4930	190248	10	286	1058768	7	9107	2	1	0	3019	28	0	3	893	0	6514	9544	601	0	0	0	0	89	0	10	11425	389156	36413	31	0	0	456525	382099	32812	0
1105	-99	-2	15	40	9464	4930	190122	10	286	1058642	7	9101	2	1	0	3017	28	0	3	893	0	6514	9464	601	0	0	0	0	89	0	10	11425	389156	36413	31	0	0	456475	382099	32812	0
1104	-104	-4	15	40	9304	4928	189933	10	285	1058390	7	9092	2	1	0	3013	28	0	3	890	0	6507	9304	601	0	0	0	0	89	0	10	11425	389156	36413	31	0	0	456375	382099	32812	0
1103	-104	-4	15	36	9224	4928	189744	10	285	1058264	7	9083	2	1	0	3011	28	0	3	890	0	6507	9224	601	0	0	0	0	89	0	10	11425	389156	36413	31	0	0	456325	382099	32812	0
1102	-104	-4	15	34	9144	4928	189681	10	285	1058138	7	9080	2	1	0	3009	28	0	3	890	0	6507	9144	601	0	0	0	0	89	0	10	11425	389156	36413	31	0	0	456275	382099	32812	0
1101	-104	-4	15	30	9064	4928	189555	10	285	1058075	7	9074	2	1	0	3008	28	0	3	890	0	6507	9064	601	0	0	0	0	89	0	10	11425	389156	36413	31	0	0	456225	382099	32812	0
1100	-104	-4	15	26	8984	4928	189429	10	285	1057949	7	9068	2	1	0	3006	28	0	3	890	0	6507	8984	601	0	0	0	0	89	0	10	11425	389156	36413	31	0	0	456175	382099	32812	0
1099	-105	-2	13	23	8904	4926	189303	10	284	1057823	7	9062	2	1	0	3004	25	0	3	887	0	6500	8904	601	0	0	0	0	89	0	10	11425	389156	36413	31	0	0	456125	382099	32812	0
1098	-105	-2	13	23	8824	4926	189177	10	284	1057697	7	9056	2	1	0	3002	25	0	3	887	0	6500	8824	601	0	0	0	0	89	0	10	11425	389156	36413	31	0	0	456075	382099	32812	0
1097	-105	-2	14	22	8744	4926	189051	10	284	1057571	7	9050	2	1	0	3000	27	0	3	887	0	6500	8744	601	0	0	0	0	89	0	10	11425	389156	36413	31	0	0	456025	382099	32812	0
1096	-105	-2	14	22	8664	4926	188988	10	284	1057445	7	9047	2	1	0	2998	27	0	3	887	0	6500	8664	601	0	0	0	0	89	0	10	11425	389156	36413	31	0	0	455975	382099	32812	0
1095	-105	-2	15	23	8584	4926	188862	10	284	1057319	7	9041	2	1	0	2996	28	0	3	887	0	6500	8584	601	0	0	0	0	89	0	10	11425	389156	36413	31	0	0	455925	382099	32812	0
1094	-108	-3	15	21	8424	4924	188547	10	283	1057067	11	9026	2	1	0	2992	28	0	4	884	0	6493	8424	601	0	0	0	0	89	0	10	11425	389156	36413	31	0	0	455825	382099	32812	0
1093	-108	-3	14	21	8344	4924	188484	10	283	1056941	11	9023	2	1	0	2990	27	0	4	884	0	6493	8344	601	0	0	0	0	89	0	10	11425	389156	36413	31	0	0	455775	382099	32812	0
1092	-108	-3	14	21	8264	4924	188358	10	283	1056878	11	9017	2	1	0	2989	27	0	4	884	0	6493	8264	601	0	0	0	0	89	0	10	11425	389156	36413	31	0	0	455725	382099	32812	0
1091	-108	-3	0	22	8184	4924	188232	10	283	1056752	11	9011	2	1	0	2987	0	0	4	884	0	6493	8184	601	0	0	0	0	89	0	10	11425	389156	36413	31	0	0	455675	382099	32812	0
1090	-109	-3	13	22	8104	4922	188106	10	282	1056689	7	9005	2	1	0	2986	25	0	3	880	0	6482	8104	601	0	0	0	0	89	0	10	11425	389156	36413	31	0	0	455625	382099	32812	0
1089	-109	-3	12	24	8024	4922	187980	10	282	1056563	7	8999	2	1	0	2984	23	0	3	880	0	6482	8024	601	0	0	0	0	89	0	10	11425	389156	36413	31	0	0	455575	382099	32812	0
1088	-109	-3	13	27	7944	4922	187917	10	282	1056437	7	8996	2	1	0	2982	25	0	3	880	0	6482	7944	601	0	0	0	0	89	0	10	11425	389156	36413	31	0	0	455525	382099	32812	0
1087	-109	-3	13	27	7864	4922	187791	10	282	1056374	7	8990	2	1	0	2981	25	0	3	880	0	6482	7864	601	0	0	0	0	89	0	10	11425	389156	36413	31	0	0	455475	382099	32812	0
1086	-109	-3	14	27	7784	4922	187665	10	282	1056248	7	8984	2	1	0	2979	27	0	3	880	0	6482	7784	601	0	0	0	0	89	0	10	11425	389156	36413	31	0	0	455425	382099	32812	0
1085	-109	-3	15	24	7704	4920	187539	10	281	1056122	7	8978	2	1	0	2977	28	0	3	877	0	6475	7704	601	0	0	0	0	89	0	10	11425	389156	36413	31	0	0	455375	382099	32812	0
1084	-109	-3	11	20	7544	4920	187287	10	281	1055870	7	8966	2	1	0	2973	20	0	3	877	0	6475	7544	601	0	0	0	0	89	0	10	11425	389156	36413	31	0	0	455275	382099	32812	0
1083	-109	-3	8	21	7464	4920	187161	10	281	1055744	7	8960	2	1	0	2971	13	0	3	877	0	6475	7464	601	0	0	0	0	89	0	10	11425	389156	36413	31	0	0	455225	382099	32812	0
1082	-106	-4	11	21	7384	4918	187098	10	280	1055618	7	8957	2	1	0	2969	20	0	3	874	0	6468	7384	601	0	0	0	0	89	0	10	11425	389156	36413	31	0	0	455175	382099	32812	0
1081	-106	-4	12	20	7304	4918	186909	10	280	1055492	7	8948	2	1	0	2967	23	0	3	874	0	6468	7304	601	0	0	0	0	89	0	10	11425	389156	36413	31	0	0	455125	382099	32812	0
1080	-106	-4	12	18	7224	4918	186846	10	280	1055366	7	8945	2	1	0	2965	23	0	3	874	0	6468	7224	601	0	0	0	0	89	0	10	11425	389156	36413	31	0	0	455075	382099	32812	0
1079	-106	-4	11	17	7144	4918	186720	10	280	1055303	7	8939	2	1	0	2964	20	0	3	874	0	6468	7144	601	0	0	0	0	89	0	10	11425	389156	36413	31	0	0	455025	382099	32812	0
1078	-106	-4	12	16	7064	4918	186594	10	280	1055177	7	8933	2	1	0	2962	23	0	3	874	0	6468	7064	601	0	0	0	0	89	0	10	11425	389156	36413	31	0	0	454975	382099	32812	0
1077	-107	-3	12	18	6984	4916	186468	10	279	1055051	7	8927	2	1	0	2960	23	0	3	871	0	6461	6984	601	0	0	0	0	89	0	10	11425	389156	36413	31	0	0	454925	382099	32812	0
1076	-107	-3	13	17	6904	4916	186342	10	279	1054925	7	8921	2	1	0	2958	25	0	3	871	0	6461	6904	601	0	0	0	0	89	0	10	11425	389156	36413	31	0	0	454875	382099	32812	0
1075	-107	-3	12	17	6744	4916	186153	10	279	1054673	7	8912	2	1	0	2954	23	0	3	871	0	6461	6744	601	0	0	0	0	89	0	10	11425	389156	36413	31	0	0	454775	382099	32812	0
1074	-107	-3	12	16	6664	4916	186027	10	279	1054547	7	8906	2	1	0	2952	23	0	3	871	0	6461	6664	601	0	0	0	0	89	0	10	11425	389156	36413	31	0	0	454725	382099	32812	0
1073	-99	-2	11	18	6584	4914	185901	10	278	1054421	7	8900	2	1	0	2950	20	0	3	868	0	6454	6584	601	0	0	0	0	89	0	10	11425	389156	36413	31	0	0	454675	382099	32812	0
1072	-99	-2	11	20	6504	4914	185775	10	278	1054295	7	8894	2	1	0	2948	20	0	3	868	0	6454	6504	601	0	0	0	0	89	0	10	11425	389156	36413	31	0	0	454625	382099	32812	0
1071	-99	-2	11	22	6424	4914	185649	10	278	1054232	7	8888	2	1	0	2947	20	0	3	868	0	6454	6424	601	0	0	0	0	89	0	10	11425	389156	36413	31	0	0	454575	382099	32812	0
1070	-99	-2	13	22	6344	4914	185523	10	278	1054106	7	8882	2	1	0	2945	25	0	3	868	0	6454	6344	601	0	0	0	0	89	0	10	11425	389156	36413	31	0	0	454525	382099	32812	0
1069	-99	-2	15	21	6264	4914	185397	10	278	1053980	7	8876	2	1	0	2943	28	0	3	868	0	6454	6264	601	0	0	0	0	89	0	10	11425	389156	36413	31	0	0	454475	382099	32812	0
1068	-100	-2	15	20	6184	4912	185271	10	277	1053854	7	8870	2	1	0	2941	28	0	3	865	0	6447	6184	601	0	0	0	0	89	0	10	11425	389156	36413	31	0	0	454425	382099	32812	0
1067	-100	-2	15	19	6104	4912	185145	10	277	1053728	7	8864	2	1	0	2939	28	0	3	865	0	6447	6104	601	0	0	0	0	89	0	10	11425	389156	36413	31	0	0	454375	382099	32812	0
1066	-100	-2	15	21	6024	4912	185082	10	277	1053602	7	8861	2	1	0	2937	28	0	3	865	0	6447	6024	601	0	0	0	0	89	0	10	11425	389156	36413	31	0	0	454325	382099	32812	0
1065	-100	-2	15	24	5864	4912	184830	10	277	1053413	7	8849	2	1	0	2934	28	0	3	865	0	6447	5864	601	0	0	0	0	89	0	10	11425	389156	36413	31	0	0	454225	382099	32812	0
1064	-101	-4	15	25	5784	4910	184704	10	276	1053224	7	8843	2	1	0	2931	28	0	3	862	0	6440	5784	601	0	0	0	0	89	0	10	11425	389156	36413	31	0	0	454175	382099	32812	0
1063	-101	-4	0	25	5704	4910	184578	10	276	1053161	7	8837	2	1	0	2930	0	0	3	862	0	6440	5704	601	0	0	0	0	89	0	10	11425	389156	36413	31	0	0	454125	382099	32812	0
1062	-101	-4	15	25	5624	4910	184452	10	276	1053098	7	8831	2	1	0	2929	28	0	3	862	0	6440	5624	601	0	0	0	0	89	0	10	11425	389156	36413	31	0	0	454075	382099	32812	0
1061	-101	-4	15	25	5544	4910	184326	10	276	1052972	7	8825	2	1	0	2927	28	0	3	862	0	6440	5544	601	0	0	0	0	89	0	10	11425	389156	36413	31	0	0	454025	382099	32812	0
1060	-102	-6	15	26	5464	4908	184263	10	275	1052846	7	8822	2	1	0	2925	28	0	3	859	0	6433	5464	601	0	0	0	0	89	0	10	11425	389156	36413	31	0	0	453975	382099	32812	0
1059	-102	-6	15	25	5384	4908	184074	10	275	1052720	7	8813	2	1	0	2923	28	0	3	859	0	6433	5384	601	0	0	0	0	89	0	10	11425	389156	36413	31	0	0	453925	382099	32812	0
1058	-102	-6	15	26	5304	4908	184011	10	275	1052594	7	8810	2	1	0	2921	28	0	3	859	0	6433	5304	601	0	0	0	0	89	0	10	11425	389156	36413	31	0	0	453875	382099	32812	0
1057	-102	-6	15	24	5224	4908	183885	10	275	1052531	7	8804	2	1	0	2920	28	0	3	859	0	6433	5224	601	0	0	0	0	89	0	10	11425	389156	36413	31	0	0	453825	382099	32812	0
1056	-102	-6	15	23	5144	4908	183759	10	275	1052405	7	8798	2	1	0	2918	28	0	3	859	0	6433	5144	601	0	0	0	0	89	0	10	11425	389156	36413	31	0	0	453775	382099	32812	0
1055	-102	-5	15	24	4984	4906	183507	10	274	1052153	7	8786	2	1	0	2914	28	0	3	856	0	6426	4984	601	0	0	0	0	89	0	10	11425	389156	36413	31	0	0	453675	382099	32812	0
1054	-102	-5	15	24	4904	4906	183381	10	274	1052027	7	8780	2	1	0	2912	28	0	3	856	0	6426	4904	601	0	0	0	0	89	0	10	11425	389156	36413	31	0	0	453625	382099	32812	0
1053	-102	-5	15	24	4824	4906	183318	10	274	1051901	7	8777	2	1	0	2910	28	0	3	856	0	6426	4824	601	0	0	0	0	89	0	10	11425	389156	36413	31	0	0	453575	382099	32812	0
1052	-102	-5	15	22	4744	4906	183192	10	274	1051775	7	8771	2	1	0	2908	28	0	3	856	0	6426	4744	601	0	0	0	0	89	0	10	11425	389156	36413	31	0	0	453525	382099	32812	0
1051	-105	-3	15	21	4664	4904	183066	10	273	1051649	7	8765	2	1	0	2906	28	0	3	853	0	6419	4664	601	0	0	0	0	89	0	10	11425	389156	36413	31	0	0	453475	382099	32812	0
1050	-105	-3	15	20	4584	4904	182940	10	273	1051523	7	8759	2	1	0	2904	28	0	3	853	0	6419	4584	601	0	0	0	0	89	0	10	11425	389156	36413	31	0	0	453425	382099	32812	0
1049	-105	-3	15	21	4504	4904	182814	10	273	1051460	7	8753	2	1	0	2903	28	0	3	853	0	6419	4504	601	0	0	0	0	89	0	10	11425	389156	36413	31	0	0	453375	382099	32812	0
1048	-105	-3	13	20	4424	4904	182688	10	273	1051334	7	8747	2	1	0	2901	25	0	3	853	0	6419	4424	601	0	0	0	0	89	0	10	11425	389156	36413	31	0	0	453325	382099	32812	0
1047	-105	-3	13	24	4344	4904	182562	10	273	1051208	7	8741	2	1	0	2899	25	0	3	853	0	6419	4344	601	0	0	0	0	89	0	10	11425	389156	36413	31	0	0	453275	382099	32812	0
1046	-103	-3	13	24	4264	4902	182436	10	272	1051082	7	8735	2	1	0	2897	25	0	3	850	0	6412	4264	601	0	0	0	0	89	0	10	11425	389156	36413	31	0	0	453225	382099	32812	0
1045	-103	-3	12	24	4104	4902	182247	10	272	1050830	7	8726	2	1	0	2893	23	0	3	850	0	6412	4104	601	0	0	0	0	89	0	10	11425	389156	36413	31	0	0	453125	382099	32812	0
1044	-103	-3	12	23	4024	4902	182121	10	272	1050767	7	8720	2	1	0	2892	23	0	3	850	0	6412	4024	601	0	0	0	0	89	0	10	11425	389156	36413	31	0	0	453075	382099	32812	0
1043	-103	-3	13	22	3944	4902	181995	10	272	1050641	7	8714	2	1	0	2890	25	0	3	850	0	6412	3944	601	0	0	0	0	89	0	10	11425	389156	36413	31	0	0	453025	382099	32812	0
1042	-103	-3	15	21	3864	4900	181869	10	271	1050515	7	8708	2	1	0	2888	28	0	3	847	0	6405	3864	601	0	0	0	0	89	0	10	11425	389156	36413	31	0	0	452975	382099	32812	0
1041	-103	-3	15	19	3784	4900	181743	10	271	1050389	7	8702	2	1	0	2886	28	0	3	847	0	6405	3784	601	0	0	0	0	89	0	10	11425	389156	36413	31	0	0	452925	382099	32812	0
1040	-103	-3	15	16	3704	4900	181617	10	271	1050263	7	8696	2	1	0	2884	28	0	3	847	0	6405	3704	601	0	0	0	0	89	0	10	11425	389156	36413	31	0	0	452875	382099	32812	0
1039	-103	-3	13	16	3624	4900	181491	10	271	1050137	7	8690	2	1	0	2882	25	0	3	847	0	6405	3624	601	0	0	0	0	89	0	10	11425	389156	36413	31	0	0	452825	382099	32812	0
1038	-99	-2	13	18	3544	4898	181428	10	270	1050011	7	8687	2	1	0	2880	25	0	3	844	0	6398	3544	601	0	0	0	0	89	0	10	11425	389156	36413	31	0	0	452775	382099	32812	0
1037	-99	-2	13	20	3464	4898	181239	10	270	1049885	7	8678	2	1	0	2878	25	0	3	844	0	6398	3464	601	0	0	0	0	89	0	10	11425	389156	36413	31	0	0	452725	382099	32812	0
1036	-99	-2	14	21	3384	4898	181176	10	270	1049759	7	8675	2	1	0	2876	27	0	3	844	0	6398	3384	601	0	0	0	0	89	0	10	11425	389156	36413	31	0	0	452675	382099	32812	0
1035	-99	-2	15	24	3224	4898	180924	10	270	1049570	7	8663	2	1	0	2873	28	0	3	844	0	6398	3224	601	0	0	0	0	89	0	10	11425	389156	36413	31	0	0	452575	382099	32812	0
1034	-100	-2	15	26	3144	4896	180798	10	269	1049444	7	8657	2	1	0	2871	28	0	3	841	0	6391	3144	601	0	0	0	0	89	0	10	11425	389156	36413	31	0	0	452525	382099	32812	0
1033	-100	-2	15	26	3064	4896	180672	10	269	1049318	7	8651	2	1	0	2869	28	0	3	841	0	6391	3064	601	0	0	0	0	89	0	10	11425	389156	36413	31	0	0	452475	382099	32812	0
1032	-100	-2	15	26	2984	4896	180546	10	269	1049192	7	8645	2	1	0	2867	28	0	3	841	0	6391	2984	601	0	0	0	0	89	0	10	11425	389156	36413	31	0	0	452425	382099	32812	0
1031	-100	-2	15	27	2904	4896	180483	10	269	1049066	7	8642	2	1	0	2865	28	0	3	841	0	6391	2904	601	0	0	0	0	89	0	10	11425	389156	36413	31	0	0	452375	382099	32812	0
1030	-100	-2	15	29	2824	4896	180357	10	269	1048940	7	8636	2	1	0	2863	28	0	3	841	0	6391	2824	601	0	0	0	0	89	0	10	11425	389156	36413	31	0	0	452325	382099	32812	0
1029	-103	-4	15	29	2744	4894	180231	10	268	1048814	7	8630	2	1	0	2861	28	0	3	838	0	6384	2744	601	0	0	0	0	89	0	10	11425	389156	36413	31	0	0	452275	382099	32812	0
1028	-103	-4	15	27	2664	4894	180105	10	268	1048688	7	8624	2	1	0	2859	28	0	3	838	0	6384	2664	601	0	0	0	0	89	0	10	11425	389156	36413	31	0	0	452225	382099	32812	0
1027	-103	-4	15	26	2584	4894	179979	10	268	1048625	7	8618	2	1	0	2858	28	0	3	838	0	6384	2584	601	0	0	0	0	89	0	10	11425	389156	36413	31	0	0	452175	382099	32812	0
1026	-103	-4	15	24	2504	4894	179853	10	268	1048499	7	8612	2	1	0	2856	28	0	3	838	0	6384	2504	601	0	0	0	0	89	0	10	11425	389156	36413	31	0	0	452125	382099	32812	0
1025	-100	-3	13	19	2344	4892	179601	10	267	1048247	7	8600	2	1	0	2852	25	0	3	835	0	6377	2344	601	0	0	0	0	89	0	10	11425	389156	36413	31	0	0	452025	382099	32812	0
1024	-100	-3	12	19	2264	4892	179475	10	267	1048121	7	8594	2	1	0	2850	23	0	3	835	0	6377	2264	601	0	0	0	0	89	0	10	11425	389156	36413	31	0	0	451975	382099	32812	0
1023	-100	-3	13	21	2184	4892	179412	10	267	1047995	7	8591	2	1	0	2848	25	0	3	835	0	6377	2184	601	0	0	0	0	89	0	10	11425	389156	36413	31	0	0	451925	382099	32812	0
1022	-100	-3	13	22	2104	4892	179286	10	267	1047932	7	8585	2	1	0	2847	25	0	3	835	0	6377	2104	601	0	0	0	0	89	0	10	11425	389156	36413	31	0	0	451875	382099	32812	0
1021	-100	-3	14	22	2024	4892	179160	10	267	1047806	7	8579	2	1	0	2845	27	0	3	835	0	6377	2024	601	0	0	0	0	89	0	10	11425	389156	36413	31	0	0	451825	382099	32812	0
1020	-102	-4	15	23	1944	4890	179034	10	266	1047680	7	8573	2	1	0	2843	28	0	3	832	0	6370	1944	601	0	0	0	0	89	0	10	11425	389156	36413	31	0	0	451775	382099	32812	0
1019	-102	-4	15	22	1864	4890	178908	10	266	1047554	7	8567	2	1	0	2841	28	0	3	832	0	6370	1864	601	0	0	0	0	89	0	10	11425	389156	36413	31	0	0	451725	382099	32812	0
1018	-102	-4	15	21	1784	4890	178782	10	266	1047428	7	8561	2	1	0	2839	28	0	3	832	0	6370	1784	601	0	0	0	0	89	0	10	11425	389156	36413	31	0	0	451675	382099	32812	0
1017	-102	-4	15	20	1704	4890	178656	10	266	1047302	7	8555	2	1	0	2837	28	0	3	832	0	6370	1704	601	0	0	0	0	89	0	10	11425	389156	36413	31	0	0	451625	382099	32812	0
1016	-104	-3	15	21	1624	4888	178593	10	265	1047176	7	8552	2	1	0	2835	28	0	3	829	0	6363	1624	601	0	0	0	0	89	0	10	11425	389156	36413	31	0	0	451575	382099	32812	0
1015	-104	-3	15	23	1464	4888	178341	10	265	1046924	7	8540	2	1	0	2831	28	0	3	829	0	6363	1464	601	0	0	0	0	89	0	10	11425	389156	36413	31	0	0	451475	382099	32812	0
1014	-104	-3	15	24	1384	4888	178215	10	265	1046861	7	8534	2	1	0	2830	28	0	3	829	0	6363	1384	601	0	0	0	0	89	0	10	11425	389156	36413	31	0	0	451425	382099	32812	0
1013	-104	-3	15	24	1304	4888	178089	10	265	1046735	7	8528	2	1	0	2828	28	0	3	829	0	6363	1304	601	0	0	0	0	89	0	10	11425	389156	36413	31	0	0	451375	382099	32812	0
1012	-106	-2	15	25	1224	4886	177963	10	264	1046609	7	8522	2	1	0	2826	28	0	3	826	0	6356	1224	601	0	0	0	0	89	0	10	11425	389156	36413	31	0	0	451325	382099	32812	0
1011	-106	-2	15	26	1144	4886	177837	10	264	1046483	7	8516	2	1	0	2824	28	0	3	826	0	6356	1144	601	0	0	0	0	89	0	10	11425	389156	36413	31	0	0	451275	382099	32812	0
1010	-106	-2	15	26	1064	4886	177711	10	264	1046357	7	8510	2	1	0	2822	28	0	3	826	0	6356	1064	601	0	0	0	0	89	0	10	11425	389156	36413	31	0	0	451225	382099	32812	0
1009	-106	-2	15	26	984	4886	177648	10	264	1046231	7	8507	2	1	0	2820	28	0	3	826	0	6356	984	601	0	0	0	0	89	0	10	11425	389156	36413	31	0	0	451175	382099	32812	0
1008	-106	-2	15	26	904	4886	177522	10	264	1046105	7	8501	2	1	0	2818	28	0	3	826	0	6356	904	601	0	0	0	0	89	0	10	11425	389156	36413	31	0	0	451125	382099	32812	0
1007	-105	-3	14	26	824	4884	177396	10	263	1045979	7	8495	2	1	0	2816	27	0	3	823	0	6349	824	601	0	0	0	0	89	0	10	11425	389156	36413	31	0	0	451075	382099	32812	0
1006	-105	-3	13	26	744	4884	177270	10	263	1045853	7	8489	2	1	0	2814	25	0	3	823	0	6349	744	601	0	0	0	0	89	0	10	11425	389156	36413	31	0	0	451025	382099	32812	0
1005	-105	-3	12	26	584	4884	177018	10	263	1045664	7	8477	2	1	0	2811	23	0	3	823	0	6349	584	601	0	0	0	0	89	0	10	11425	389156	36413	31	0	0	450925	382099	32812	0
1004	-105	-3	12	23	504	4884	176892	10	263	1045538	7	8471	2	1	0	2809	23	0	3	823	0	6349	504	601	0	0	0	0	89	0	10	11425	389156	36413	31	0	0	450875	382099	32812	0
1003	-102	-2	13	22	424	4882	176766	10	262	1045412	7	8465	2	1	0	2807	25	0	3	820	0	6342	424	601	0	0	0	0	89	0	10	11425	389156	36413	31	0	0	450825	382099	32812	0
1002	-102	-2	13	21	344	4882	176640	10	262	1045286	7	8459	2	1	0	2805	25	0	3	820	0	6342	344	601	0	0	0	0	89	0	10	11425	389156	36413	31	0	0	450775	382099	32812	0
1001	-102	-2	15	20	264	4882	176577	10	262	1045160	7	8456	2	1	0	2803	28	0	3	820	0	6342	264	601	0	0	0	0	89	0	10	11425	389156	36413	31	0	0	450725	382099	32812	0
1000	-102	-2	15	20	184	4882	176451	10	262	1045097	7	8450	2	1	0	2802	28	0	3	820	0	6342	184	601	0	0	0	0	89	0	10	11425	389156	36413	31	0	0	450675	382099	32812	0
999	-102	-2	15	20	104	4882	176325	10	262	1044971	7	8444	2	1	0	2800	28	0	3	820	0	6342	104	601	0	0	0	0	89	0	10	11425	389156	36413	31	0	0	450625	382099	32812	0
998	-101	-2	15	20	24	4880	176199	10	261	1044845	7	8438	2	1	0	2798	28	0	3	817	0	6335	24	601	0	0	0	0	89	0	10	11425	389156	36413	31	0	0	450575	382099	32812	0
997	-101	-2	15	20	16328	4880	176073	10	261	1044719	7	8432	2	1	0	2796	28	0	3	817	0	6335	16328	601	0	0	0	0	89	0	10	11425	389156	36413	31	0	0	450525	382099	32812	0
996	-101	-2	15	22	16248	4880	175947	10	261	1044593	7	8426	2	1	0	2794	28	0	3	817	0	6335	16248	601	0	0	0	0	89	0	10	11425	389156	36413	31	0	0	450475	382099	32812	0
995	-101	-3	15	26	16088	4878	175758	10	260	1044341	7	8417	2	1	0	2790	28	0	3	814	0	6328	16088	601	0	0	0	0	89	0	10	11425	389156	36413	31	0	0	450375	382099	32812	0
994	-101	-3	15	27	16008	4878	175569	10	260	1044215	7	8408	2	1	0	2788	28	0	3	814	0	6328	16008	601	0	0	0	0	89	0	10	11425	389156	36413	31	0	0	450325	382099	32812	0
993	-101	-3	15	28	15928	4878	175506	10	260	1044089	7	8405	2	1	0	2786	28	0	3	814	0	6328	15928	601	0	0	0	0	89	0	10	11425	389156	36413	31	0	0	450275	382099	32812	0
992	-101	-3	15	27	15848	4878	175380	10	260	1044026	7	8399	2	1	0	2785	28	0	3	814	0	6328	15848	601	0	0	0	0	89	0	10	11425	389156	36413	31	0	0	450225	382099	32812	0
991	-101	-3	15	26	15768	4878	175254	10	260	1043900	7	8393	2	1	0	2783	28	0	3	814	0	6328	15768	601	0	0	0	0	89	0	10	11425	389156	36413	31	0	0	450175	382099	32812	0
990	-102	-3	15	26	15688	4876	175128	10	259	1043774	7	8387	2	1	0	2781	28	0	3	811	0	6321	15688	601	0	0	0	0	89	0	10	11425	389156	36413	31	0	0	450125	382099	32812	0
989	-102	-3	15	24	15608	4876	175002	10	259	1043648	7	8381	2	1	0	2779	28	0	3	811	0	6321	15608	601	0	0	0	0	89	0	10	11425	389156	36413	31	0	0	450075	382099	32812	0
988	-102	-3	15	23	15528	4876	174876	10	259	1043522	7	8375	2	1	0	2777	28	0	3	811	0	6321	15528	601	0	0	0	0	89	0	10	11425	389156	36413	31	0	0	450025	382099	32812	0
987	-102	-3	15	23	15448	4876	174813	10	259	1043396	7	8372	2	1	0	2775	28	0	3	811	0	6321	15448	601	0	0	0	0	89	0	10	11425	389156	36413	31	0	0	449975	382099	32812	0
986	-105	-3	15	23	15288	4874	174561	10	258	1043144	7	8360	2	1	0	2771	28	0	3	808	0	6314	15288	601	0	0	0	0	89	0	10	11425	389156	36413	31	0	0	449875	382099	32812	0
985	-105	-3	15	22	15208	4874	174435	10	258	1043018	7	8354	2	1	0	2769	28	0	3	808	0	6314	15208	601	0	0	0	0	89	0	10	11425	389156	36413	31	0	0	449825	382099	32812	0
984	-105	-3	15	23	15128	4874	174309	10	258	1042955	7	8348	2	1	0	2768	28	0	3	808	0	6314	15128	601	0	0	0	0	89	0	10	11425	389156	36413	31	0	0	449775	382099	32812	0
983	-105	-3	15	23	15048	4874	174183	10	258	1042829	7	8342	2	1	0	2766	28	0	3	808	0	6314	15048	601	0	0	0	0	89	0	10	11425	389156	36413	31	0	0	449725	382099	32812	0
982	-105	-3	15	22	14968	4874	174057	10	258	1042703	7	8336	2	1	0	2764	28	0	3	808	0	6314	14968	601	0	0	0	0	89	0	10	11425	389156	36413	31	0	0	449675	382099	32812	0
981	-109	-3	15	22	14888	4872	173931	10	257	1042577	7	8330	2	1	0	2762	28	0	3	805	0	6307	14888	601	0	0	0	0	89	0	10	11425	389156	36413	31	0	0	449625	382099	32812	0
980	-109	-3	15	22	14808	4872	173805	10	257	1042451	7	8324	2	1	0	2760	28	0	3	805	0	6307	14808	601	0	0	0	0	89	0	10	11425	389156	36413	31	0	0	449575	382099	32812	0
979	-109	-3	13	21	14728	4872	173742	10	257	1042325	7	8321	2	1	0	2758	25	0	3	805	0	6307	14728	601	0	0	0	0	89	0	10	11425	389156	36413	31	0	0	449525	382099	32812	0
978	-109	-3	13	20	14648	4872	173616	10	257	1042262	7	8315	2	1	0	2757	25	0	3	805	0	6307	14648	601	0	0	0	0	89	0	10	11425	389156	36413	31	0	0	449475	382099	32812	0
977	-109	-3	13	17	14568	4872	173490	10	257	1042136	7	8309	2	1	0	2755	25	0	3	805	0	6307	14568	601	0	0	0	0	89	0	10	11425	389156	36413	31	0	0	449425	382099	32812	0
976	-108	-3	13	16	14408	4870	173238	10	256	1041884	7	8297	2	1	0	2751	25	0	3	802	0	6300	14408	601	0	0	0	0	89	0	10	11425	389156	36413	31	0	0	449325	382099	32812	0
975	-108	-3	12	15	14328	4870	173112	10	256	1041758	7	8291	2	1	0	2749	23	0	3	802	0	6300	14328	601	0	0	0	0	89	0	10	11425	389156	36413	31	0	0	449275	382099	32812	0
974	-108	-3	12	15	14248	4870	172986	10	256	1041632	7	8285	2	1	0	2747	23	0	3	802	0	6300	14248	601	0	0	0	0	89	0	10	11425	389156	36413	31	0	0	449225	382099	32812	0
973	-106	-3	13	12	14168	4868	172923	10	255	1041506	7	8282	2	1	0	2745	25	0	3	799	0	6293	14168	601	0	0	0	0	89	0	10	11425	389156	36413	31	0	0	449175	382099	32812	0
972	-106	-3	13	12	14088	4868	172734	10	255	1041380	7	8273	2	1	0	2743	25	0	3	799	0	6293	14088	601	0	0	0	0	89	0	10	11425	389156	36413	31	0	0	449125	382099	32812	0
971	-106	-3	13	12	14008	4868	172671	10	255	1041254	7	8270	2	1	0	2741	25	0	3	799	0	6293	14008	601	0	0	0	0	89	0	10	11425	389156	36413	31	0	0	449075	382099	32812	0
970	-106	-3	13	12	13928	4868	172545	10	255	1041191	7	8264	2	1	0	2740	25	0	3	799	0	6293	13928	601	0	0	0	0	89	0	10	11425	389156	36413	31	0	0	449025	382099	32812	0
969	-106	-3	13	14	13848	4868	172419	10	255	1041065	7	8258	2	1	0	2738	25	0	3	799	0	6293	13848	601	0	0	0	0	89	0	10	11425	389156	36413	31	0	0	448975	382099	32812	0
968	-105	-3	13	16	13768	4866	172293	10	254	1040939	7	8252	2	1	0	2736	25	0	3	796	0	6286	13768	601	0	0	0	0	89	0	10	11425	389156	36413	31	0	0	448925	382099	32812	0
967	-105	-3	13	18	13688	4866	172167	10	254	1040813	7	8246	2	1	0	2734	25	0	3	796	0	6286	13688	601	0	0	0	0	89	0	10	11425	389156	36413	31	0	0	448875	382099	32812	0
966	-105	-3	13	20	13528	4866	171978	10	254	1040561	7	8237	2	1	0	2730	25	0	3	796	0	6286	13528	601	0	0	0	0	89	0	10	11425	389156	36413	31	0	0	448775	382099	32812	0
965	-105	-3	13	19	13448	4866	171852	10	254	1040435	7	8231	2	1	0	2728	25	0	3	796	0	6286	13448	601	0	0	0	0	89	0	10	11425	389156	36413	31	0	0	448725	382099	32812	0
964	-99	-3	13	20	13368	4864	171726	10	253	1040309	7	8225	2	1	0	2726	25	0	3	793	0	6279	13368	601	0	0	0	0	89	0	10	11425	389156	36413	31	0	0	448675	382099	32812	0
963	-99	-3	13	20	13288	4864	171600	10	253	1040183	7	8219	2	1	0	2724	25	0	3	793	0	6279	13288	601	0	0	0	0	89	0	10	11425	389156	36413	31	0	0	448625	382099	32812	0
962	-99	-3	13	20	13208	4864	171474	10	253	1040120	7	8213	2	1	0	2723	25	0	3	793	0	6279	13208	601	0	0	0	0	89	0	10	11425	389156	36413	31	0	0	448575	382099	32812	0
961	-99	-3	13	20	13128	4864	171348	10	253	1039994	7	8207	2	1	0	2721	25	0	3	793	0	6279	13128	601	0	0	0	0	89	0	10	11425	389156	36413	31	0	0	448525	382099	32812	0
960	-99	-3	13	20	13048	4864	171222	10	253	1039868	7	8201	2	1	0	2719	25	0	3	793	0	6279	13048	601	0	0	0	0	89	0	10	11425	389156	36413	31	0	0	448475	382099	32812	0
959	-97	-4	14	20	12968	4862	171096	10	252	1039742	7	8195	2	1	0	2717	27	0	3	790	0	6272	12968	601	0	0	0	0	89	0	10	11425	389156	36413	31	0	0	448425	382099	32812	0
958	-97	-4	15	18	12887	4862	170970	10	252	1039616	7	8189	2	1	0	2715	28	0	3	790	0	6272	12887	601	0	0	0	0	89	0	10	11425	389156	36413	31	0	0	448374	382099	32812	0
957	-97	-4	15	15	12808	4862	170907	10	252	1039490	7	8186	2	1	0	2713	28	0	3	790	0	6272	12808	601	0	0	0	0	89	0	10	11425	389156	36413	31	0	0	448325	382099	32812	0
956	-97	-4	15	10	12648	4862	170655	10	252	1039301	7	8174	2	1	0	2710	28	0	3	790	0	6272	12648	601	0	0	0	0	89	0	10	11425	389156	36413	31	0	0	448225	382099	32812	0
955	-98	-5	15	9	12568	4860	170529	10	251	1039175	7	8168	2	1	0	2708	28	0	3	787	0	6265	12568	601	0	0	0	0	89	0	10	11425	389156	36413	31	0	0	448175	382099	32812	0
954	-98	-5	15	10	12488	4860	170403	10	251	1039049	7	8162	2	1	0	2706	28	0	3	787	0	6265	12488	601	0	0	0	0	89	0	10	11425	389156	36413	31	0	0	448125	382099	32812	0
953	-98	-5	15	10	12408	4860	170277	10	251	1038923	7	8156	2	1	0	2704	28	0	3	787	0	6265	12408	601	0	0	0	0	89	0	10	11425	389156	36413	31	0	0	448075	382099	32812	0
952	-98	-5	15	10	12328	4860	170151	10	251	1038797	7	8150	2	1	0	2702	28	0	3	787	0	6265	12328	601	0	0	0	0	89	0	10	11425	389156	36413	31	0	0	448025	382099	32812	0
951	-101	-4	15	10	12248	4858	170088	10	250	1038671	7	8147	2	1	0	2700	28	0	3	784	0	6258	12248	601	0	0	0	0	89	0	10	11425	389156	36413	31	0	0	447975	382099	32812	0
950	-101	-4	15	14	12168	4858	169899	10	250	1038545	7	8138	2	1	0	2698	28	0	3	784	0	6258	12168	601	0	0	0	0	89	0	10	11425	389156	36413	31	0	0	447925	382099	32812	0
949	-101	-4	15	17	12088	4858	169836	10	250	1038419	7	8135	2	1	0	2696	28	0	3	784	0	6258	12088	601	0	0	0	0	89	0	10	11425	389156	36413	31	0	0	447875	382099	32812	0
948	-101	-4	15	18	12008	4858	169710	10	250	1038356	7	8129	2	1	0	2695	28	0	3	784	0	6258	12008	601	0	0	0	0	89	0	10	11425	389156	36413	31	0	0	447825	382099	32812	0
947	-101	-4	15	20	11928	4858	169584	10	250	1038230	7	8123	2	1	0	2693	28	0	3	784	0	6258	11928	601	0	0	0	0	89	0	10	11425	389156	36413	31	0	0	447775	382099	32812	0
946	-104	-4	15	23	11768	4856	169332	10	249	1037978	7	8111	2	1	0	2689	28	0	3	781	0	6251	11768	601	0	0	0	0	89	0	10	11425	389156	36413	31	0	0	447675	382099	32812	0
945	-104	-4	15	25	11688	4856	169206	10	249	1037852	7	8105	2	1	0	2687	28	0	3	781	0	6251	11688	601	0	0	0	0	89	0	10	11425	389156	36413	31	0	0	447625	382099	32812	0
944	-104	-4	15	26	11608	4856	169143	10	249	1037726	7	8102	2	1	0	2685	28	0	3	781	0	6251	11608	601	0	0	0	0	89	0	10	11425	389156	36413	31	0	0	447575	382099	32812	0
943	-104	-4	15	26	11528	4856	169017	10	249	1037600	7	8096	2	1	0	2683	28	0	3	781	0	6251	11528	601	0	0	0	0	89	0	10	11425	389156	36413	31	0	0	447525	382099	32812	0
942	-107	-3	15	26	11448	4854	168891	10	248	1037474	7	8090	2	1	0	2681	28	0	3	778	0	6244	11448	601	0	0	0	0	89	0	10	11425	389156	36413	31	0	0	447475	382099	32812	0
941	-107	-3	14	27	11368	4854	168765	10	248	1037348	7	8084	2	1	0	2679	27	0	3	778	0	6244	11368	601	0	0	0	0	89	0	10	11425	389156	36413	31	0	0	447425	382099	32812	0
940	-107	-3	13	27	11288	4854	168639	10	248	1037285	7	8078	2	1	0	2678	25	0	3	778	0	6244	11288	601	0	0	0	0	89	0	10	11425	389156	36413	31	0	0	447375	382099	32812	0
939	-107	-3	14	27	11208	4854	168513	10	248	1037159	7	8072	2	1	0	2676	27	0	3	778	0	6244	11208	601	0	0	0	0	89	0	10	11425	389156	36413	31	0	0	447325	382099	32812	0
938	-107	-3	14	26	11128	4854	168387	10	248	1037033	7	8066	2	1	0	2674	27	0	3	778	0	6244	11128	601	0	0	0	0	89	0	10	11425	389156	36413	31	0	0	447275	382099	32812	0
937	-107	-3	14	25	11048	4852	168261	10	247	1036907	7	8060	2	1	0	2672	27	0	3	775	0	6237	11048	601	0	0	0	0	89	0	10	11425	389156	36413	31	0	0	447225	382099	32812	0
936	-107	-3	13	24	10888	4852	168072	10	247	1036655	7	8051	2	1	0	2668	25	0	3	775	0	6237	10888	601	0	0	0	0	89	0	10	11425	389156	36413	31	0	0	447125	382099	32812	0
935	-107	-3	13	24	10808	4852	167946	10	247	1036592	7	8045	2	1	0	2667	25	0	3	775	0	6237	10808	601	0	0	0	0	89	0	10	11425	389156	36413	31	0	0	447075	382099	32812	0
934	-107	-3	12	25	10728	4852	167820	10	247	1036466	7	8039	2	1	0	2665	23	0	3	775	0	6237	10728	601	0	0	0	0	89	0	10	11425	389156	36413	31	0	0	447025	382099	32812	0
933	-103	-4	12	26	10648	4850	167694	10	246	1036340	7	8033	2	1	0	2663	23	0	3	772	0	6230	10648	601	0	0	0	0	89	0	10	11425	389156	36413	31	0	0	446975	382099	32812	0
932	-103	-4	12	28	10568	4850	167568	10	246	1036214	7	8027	2	1	0	2661	23	0	3	772	0	6230	10568	601	0	0	0	0	89	0	10	11425	389156	36413	31	0	0	446925	382099	32812	0
931	-103	-4	12	27	10488	4850	167442	10	246	1036088	7	8021	2	1	0	2659	23	0	3	772	0	6230	10488	601	0	0	0	0	89	0	10	11425	389156	36413	31	0	0	446875	382099	32812	0
930	-103	-4	13	25	10408	4850	167316	10	246	1035962	7	8015	2	1	0	2657	25	0	3	772	0	6230	10408	601	0	0	0	0	89	0	10	11425	389156	36413	31	0	0	446825	382099	32812	0
929	-103	-3	13	25	10328	4848	167253	10	245	1035836	7	8012	2	1	0	2655	25	0	3	769	0	6223	10328	601	0	0	0	0	89	0	10	11425	389156	36413	31	0	0	446775	382099	32812	0
928	-103	-3	13	23	10248	4848	167064	10	245	1035710	7	8003	2	1	0	2653	25	0	3	769	0	6223	10248	601	0	0	0	0	89	0	10	11425	389156	36413	31	0	0	446725	382099	32812	0
927	-103	-3	15	22	10168	4848	167001	10	245	1035584	7	8000	2	1	0	2651	28	0	3	769	0	6223	10168	601	0	0	0	0	89	0	10	11425	389156	36413	31	0	0	446675	382099	32812	0
926	-103	-3	15	23	10008	4848	166749	10	245	1035395	7	7988	2	1	0	2648	28	0	3	769	0	6223	10008	601	0	0	0	0	89	0	10	11425	389156	36413	31	0	0	446575	382099	32812	0
925	-106	-2	15	23	9928	4846	166623	10	244	1035269	7	7982	2	1	0	2646	28	0	3	766	0	6216	9928	601	0	0	0	0	89	0	10	11425	389156	36413	31	0	0	446525	382099	32812	0
924	-106	-2	15	24	9848	4846	166497	10	244	1035143	7	7976	2	1	0	2644	28	0	3	766	0	6216	9848	601	0	0	0	0	89	0	10	11425	389156	36413	31	0	0	446475	382099	32812	0
923	-106	-2	15	25	9767	4846	166371	10	244	1035017	7	7970	2	1	0	2642	28	0	3	766	0	6216	9767	601	0	0	0	0	89	0	10	11425	389156	36413	31	0	0	446424	382099	32812	0
922	-106	-2	15	25	9687	4846	166245	10	244	1034891	7	7964	2	1	0	2640	28	0	3	766	0	6216	9687	601	0	0	0	0	89	0	10	11425	389156	36413	31	0	0	446374	382099	32812	0
921	-106	-2	14	25	9608	4846	166182	10	244	1034765	7	7961	2	1	0	2638	27	0	3	766	0	6216	9608	601	0	0	0	0	89	0	10	11425	389156	36413	31	0	0	446325	382099	32812	0
920	-104	-2	14	25	9528	4844	166056	10	243	1034639	7	7955	2	1	0	2636	27	0	3	763	0	6209	9528	601	0	0	0	0	89	0	10	11425	389156	36413	31	0	0	446275	382099	32812	0
919	-104	-2	13	24	9448	4844	165930	10	243	1034513	7	7949	2	1	0	2634	25	0	3	763	0	6209	9448	601	0	0	0	0	89	0	10	11425	389156	36413	31	0	0	446225	382099	32812	0
918	-104	-2	13	25	9368	4844	165804	10	243	1034450	7	7943	2	1	0	2633	25	0	3	763	0	6209	9368	601	0	0	0	0	89	0	10	11425	389156	36413	31	0	0	446175	382099	32812	0
917	-104	-2	13	25	9288	4844	165678	10	243	1034324	7	7937	2	1	0	2631	25	0	3	763	0	6209	9288	601	0	0	0	0	89	0	10	11425	389156	36413	31	0	0	446125	382099	32812	0
916	-101	-3	15	28	9128	4842	165426	10	242	1034072	7	7925	2	1	0	2627	28	0	3	760	0	6202	9128	601	0	0	0	0	89	0	10	11425	389156	36413	31	0	0	446025	382099	32812	0
915	-101	-3	15	29	9048	4842	165300	10	242	1033946	7	7919	2	1	0	2625	28	0	3	760	0	6202	9048	601	0	0	0	0	89	0	10	11425	389156	36413	31	0	0	445975	382099	32812	0
914	-101	-3	14	30	8968	4842	165237	10	242	1033820	7	7916	2	1	0	2623	27	0	3	760	0	6202	8968	601	0	0	0	0	89	0	10	11425	389156	36413	31	0	0	445925	382099	32812	0
913	-101	-3	15	30	8888	4842	165111	10	242	1033757	7	7910	2	1	0	2622	28	0	3	760	0	6202	8888	601	0	0	0	0	89	0	10	11425	389156	36413	31	0	0	445875	382099	32812	0
912	-101	-3	15	28	8808	4842	164985	10	242	1033631	7	7904	2	1	0	2620	28	0	3	760	0	6202	8808	601	0	0	0	0	89	0	10	11425	389156	36413	31	0	0	445825	382099	32812	0
911	-101	-2	15	27	8728	4840	164859	10	241	1033505	7	7898	2	1	0	2618	28	0	3	757	0	6195	8728	601	0	0	0	0	89	0	10	11425	389156	36413	31	0	0	445775	382099	32812	0
910	-101	-2	15	25	8648	4840	164733	10	241	1033379	7	7892	2	1	0	2616	28	0	3	757	0	6195	8648	601	0	0	0	0	89	0	10	11425	389156	36413	31	0	0	445725	382099	32812	0
909	-101	-2	15	24	8568	4840	164607	10	241	1033253	7	7886	2	1	0	2614	28	0	3	757	0	6195	8568	601	0	0	0	0	89	0	10	11425	389156	36413	31	0	0	445675	382099	32812	0
908	-101	-2	15	24	8488	4840	164481	10	241	1033127	7	7880	2	1	0	2612	28	0	3	757	0	6195	8488	601	0	0	0	0	89	0	10	11425	389156	36413	31	0	0	445625	382099	32812	0
907	-103	-3	15	26	8408	4838	164418	10	240	1033001	7	7877	2	1	0	2610	28	0	3	754	0	6188	8408	601	0	0	0	0	89	0	10	11425	389156	36413	31	0	0	445575	382099	32812	0
906	-103	-3	15	29	8248	4838	164166	10	240	1032749	7	7865	2	1	0	2606	28	0	3	754	0	6188	8248	601	0	0	0	0	89	0	10	11425	389156	36413	31	0	0	445475	382099	32812	0
905	-103	-3	15	30	8168	4838	164040	10	240	1032686	7	7859	2	1	0	2605	28	0	3	754	0	6188	8168	601	0	0	0	0	89	0	10	11425	389156	36413	31	0	0	445425	382099	32812	0
904	-103	-3	15	31	8088	4838	163914	10	240	1032560	7	7853	2	1	0	2603	28	0	3	754	0	6188	8088	601	0	0	0	0	89	0	10	11425	389156	36413	31	0	0	445375	382099	32812	0
903	-104	-4	15	31	8008	4836	163788	10	239	1032434	7	7847	2	1	0	2601	28	0	3	751	0	6181	8008	601	0	0	0	0	89	0	10	11425	389156	36413	31	0	0	445325	382099	32812	0
902	-104	-4	15	29	7928	4836	163662	10	239	1032308	7	7841	2	1	0	2599	28	0	3	751	0	6181	7928	601	0	0	0	0	89	0	10	11425	389156	36413	31	0	0	445275	382099	32812	0
901	-104	-4	15	28	7848	4836	163536	10	239	1032182	7	7835	2	1	0	2597	28	0	3	751	0	6181	7848	601	0	0	0	0	89	0	10	11425	389156	36413	31	0	0	445225	382099	32812	0
900	-104	-4	15	26	7768	4836	163473	10	239	1032056	7	7832	2	1	0	2595	28	0	3	751	0	6181	7768	601	0	0	0	0	89	0	10	11425	389156	36413	31	0	0	445175	382099	32812	0
899	-104	-4	15	23	7688	4836	163347	10	239	1031930	7	7826	2	1	0	2593	28	0	3	751	0	6181	7688	601	0	0	0	0	89	0	10	11425	389156	36413	31	0	0	445125	382099	32812	0
898	-101	-2	15	24	7608	4834	163221	10	238	1031804	7	7820	2	1	0	2591	28	0	3	748	0	6174	7608	601	0	0	0	0	89	0	10	11425	389156	36413	31	0	0	445075	382099	32812	0
897	-101	-2	13	24	7448	4834	162969	10	238	1031615	7	7808	2	1	0	2588	25	0	3	748	0	6174	7448	601	0	0	0	0	89	0	10	11425	389156	36413	31	0	0	444975	382099	32812	0
896	-101	-2	12	25	7368	4834	162843	10	238	1031489	7	7802	2	1	0	2586	23	0	3	748	0	6174	7368	601	0	0	0	0	89	0	10	11425	389156	36413	31	0	0	444925	382099	32812	0
895	-101	-2	12	26	7288	4834	162717	10	238	1031363	7	7796	2	1	0	2584	23	0	3	748	0	6174	7288	601	0	0	0	0	89	0	10	11425	389156	36413	31	0	0	444875	382099	32812	0
894	-97	-2	14	25	7208	4832	162591	10	237	1031237	7	7790	2	1	0	2582	27	0	3	745	0	6167	7208	601	0	0	0	0	89	0	10	11425	389156	36413	31	0	0	444825	382099	32812	0
893	-97	-2	15	26	7128	4832	162465	10	237	1031111	7	7784	2	1	0	2580	28	0	3	745	0	6167	7128	601	0	0	0	0	89	0	10	11425	389156	36413	31	0	0	444775	382099	32812	0
892	-97	-2	15	26	7048	4832	162402	10	237	1030985	7	7781	2	1	0	2578	28	0	3	745	0	6167	7048	601	0	0	0	0	89	0	10	11425	389156	36413	31	0	0	444725	382099	32812	0
891	-97	-2	15	26	6968	4832	162276	10	237	1030922	7	7775	2	1	0	2577	28	0	3	745	0	6167	6968	601	0	0	0	0	89	0	10	11425	389156	36413	31	0	0	444675	382099	32812	0
890	-97	-2	15	26	6888	4832	162150	10	237	1030796	7	7769	2	1	0	2575	28	0	3	745	0	6167	6888	601	0	0	0	0	89	0	10	11425	389156	36413	31	0	0	444625	382099	32812	0
889	-93	-3	15	26	6808	4830	162024	10	236	1030670	7	7763	2	1	0	2573	28	0	3	742	0	6160	6808	601	0	0	0	0	89	0	10	11425	389156	36413	31	0	0	444575	382099	32812	0
888	-93	-3	15	26	6728	4830	161898	10	236	1030544	7	7757	2	1	0	2571	28	0	3	742	0	6160	6728	601	0	0	0	0	89	0	10	11425	389156	36413	31	0	0	444525	382099	32812	0
887	-93	-3	15	26	6568	4830	161646	10	236	1030292	7	7745	2	1	0	2567	28	0	3	742	0	6160	6568	601	0	0	0	0	89	0	10	11425	389156	36413	31	0	0	444425	382099	32812	0
886	-94	-3	15	27	6488	4828	161583	10	235	1030166	7	7742	2	1	0	2565	28	0	3	739	0	6153	6488	601	0	0	0	0	89	0	10	11425	389156	36413	31	0	0	444375	382099	32812	0
885	-94	-3	15	28	6408	4828	161394	10	235	1030040	7	7733	2	1	0	2563	28	0	3	739	0	6153	6408	601	0	0	0	0	89	0	10	11425	389156	36413	31	0	0	444325	382099	32812	0
884	-94	-3	15	28	6328	4828	161331	10	235	1029914	7	7730	2	1	0	2561	28	0	3	739	0	6153	6328	601	0	0	0	0	89	0	10	11425	389156	36413	31	0	0	444275	382099	32812	0
883	-94	-3	15	27	6248	4828	161205	10	235	1029851	7	7724	2	1	0	2560	28	0	3	739	0	6153	6248	601	0	0	0	0	89	0	10	11425	389156	36413	31	0	0	444225	382099	32812	0
882	-94	-3	15	26	6168	4828	161079	10	235	1029725	7	7718	2	1	0	2558	28	0	3	739	0	6153	6168	601	0	0	0	0	89	0	10	11425	389156	36413	31	0	0	444175	382099	32812	0
881	-96	-2	15	24	6088	4826	160953	10	234	1029599	7	7712	2	1	0	2556	28	0	3	736	0	6146	6088	601	0	0	0	0	89	0	10	11425	389156	36413	31	0	0	444125	382099	32812	0
880	-96	-2	15	21	6008	4826	160890	10	234	1029473	7	7709	2	1	0	2554	28	0	3	736	0	6146	6008	601	0	0	0	0	89	0	10	11425	389156	36413	31	0	0	444075	382099	32812	0
879	-96	-2	15	19	5928	4826	160764	10	234	1029347	7	7703	2	1	0	2552	28	0	3	736	0	6146	5928	601	0	0	0	0	89	0	10	11425	389156	36413	31	0	0	444025	382099	32812	0
878	-96	-2	15	18	5848	4826	160638	10	234	1029284	7	7697	2	1	0	2551	28	0	3	736	0	6146	5848	601	0	0	0	0	89	0	10	11425	389156	36413	31	0	0	443975	382099	32812	0
877	-99	-2	15	18	5688	4824	160386	10	233	1029032	7	7685	2	1	0	2547	28	0	3	733	0	6139	5688	601	0	0	0	0	89	0	10	11425	389156	36413	31	0	0	443875	382099	32812	0
876	-99	-2	15	18	5608	4824	160323	10	233	1028906	7	7682	2	1	0	2545	28	0	3	733	0	6139	5608	601	0	0	0	0	89	0	10	11425	389156	36413	31	0	0	443825	382099	32812	0
875	-99	-2	15	18	5528	4824	160197	10	233	1028843	7	7676	2	1	0	2544	28	0	3	733	0	6139	5528	601	0	0	0	0	89	0	10	11425	389156	36413	31	0	0	443775	382099	32812	0
874	-99	-2	0	21	5448	4824	160071	10	233	1028717	7	7670	2	1	0	2542	0	0	3	733	0	6139	5448	601	0	0	0	0	89	0	10	11425	389156	36413	31	0	0	443725	382099	32812	0
873	-99	-2	15	25	5368	4824	159945	10	233	1028654	7	7664	2	1	0	2541	28	0	3	733	0	6139	5368	601	0	0	0	0	89	0	10	11425	389156	36413	31	0	0	443675	382099	32812	0
872	-100	-2	15	26	5288	4822	159819	10	232	1028528	7	7658	2	1	0	2539	28	0	3	730	0	6132	5288	601	0	0	0	0	89	0	10	11425	389156	36413	31	0	0	443625	382099	32812	0
871	-100	-2	15	28	5208	4822	159693	10	232	1028402	7	7652	2	1	0	2537	28	0	3	730	0	6132	5208	601	0	0	0	0	89	0	10	11425	389156	36413	31	0	0	443575	382099	32812	0
870	-100	-2	15	30	5128	4822	159630	10	232	1028276	7	7649	2	1	0	2535	28	0	3	730	0	6132	5128	601	0	0	0	0	89	0	10	11425	389156	36413	31	0	0	443525	382099	32812	0
869	-100	-2	15	31	5048	4822	159504	10	232	1028213	7	7643	2	1	0	2534	28	0	3	730	0	6132	5048	601	0	0	0	0	89	0	10	11425	389156	36413	31	0	0	443475	382099	32812	0
868	-100	-2	15	33	4967	4822	159378	10	232	1028087	7	7637	2	1	0	2532	28	0	3	730	0	6132	4967	601	0	0	0	0	89	0	10	11425	389156	36413	31	0	0	443424	382099	32812	0
867	-97	-2	15	32	4808	4820	159126	10	231	1027835	7	7625	2	1	0	2528	28	0	3	727	0	6125	4808	601	0	0	0	0	89	0	10	11425	389156	36413	31	0	0	443325	382099	32812	0
866	-97	-2	15	33	4728	4820	159000	10	231	1027709	7	7619	2	1	0	2526	28	0	3	727	0	6125	4728	601	0	0	0	0	89	0	10	11425	389156	36413	31	0	0	443275	382099	32812	0
865	-97	-2	15	33	4648	4820	158874	10	231	1027583	7	7613	2	1	0	2524	28	0	3	727	0	6125	4648	601	0	0	0	0	89	0	10	11425	389156	36413	31	0	0	443225	382099	32812	0
864	-95	-2	15	33	4568	4818	158811	10	230	1027457	7	7610	2	1	0	2522	28	0	3	724	0	6118	4568	601	0	0	0	0	89	0	10	11425	389156	36413	31	0	0	443175	382099	32812	0
863	-95	-2	15	34	4488	4818	158622	10	230	1027331	7	7601	2	1	0	2520	28	0	3	724	0	6118	4488	601	0	0	0	0	89	0	10	11425	389156	36413	31	0	0	443125	382099	32812	0
862	-95	-2	15	34	4408	4818	158559	10	230	1027205	7	7598	2	1	0	2518	28	0	3	724	0	6118	4408	601	0	0	0	0	89	0	10	11425	389156	36413	31	0	0	443075	382099	32812	0
861	-95	-2	15	34	4328	4818	158433	10	230	1027142	7	7592	2	1	0	2517	28	0	3	724	0	6118	4328	601	0	0	0	0	89	0	10	11425	389156	36413	31	0	0	443025	382099	32812	0
860	-95	-2	15	34	4248	4818	158307	10	230	1027016	7	7586	2	1	0	2515	28	0	3	724	0	6118	4248	601	0	0	0	0	89	0	10	11425	389156	36413	31	0	0	442975	382099	32812	0
859	-96	-2	15	34	4168	4816	158181	10	229	1026890	7	7580	2	1	0	2513	28	0	3	721	0	6111	4168	601	0	0	0	0	89	0	10	11425	389156	36413	31	0	0	442925	382099	32812	0
858	-96	-2	15	34	4088	4816	158055	10	229	1026764	7	7574	2	1	0	2511	28	0	3	721	0	6111	4088	601	0	0	0	0	89	0	10	11425	389156	36413	31	0	0	442875	382099	32812	0
857	-96	-2	15	34	3928	4816	157866	10	229	1026512	7	7565	2	1	0	2507	28	0	3	721	0	6111	3928	601	0	0	0	0	89	0	10	11425	389156	36413	31	0	0	442775	382099	32812	0
856	-96	-2	15	34	3848	4816	157740	10	229	1026386	7	7559	2	1	0	2505	28	0	3	721	0	6111	3848	601	0	0	0	0	89	0	10	11425	389156	36413	31	0	0	442725	382099	32812	0
855	-98	-2	15	34	3768	4814	157614	10	228	1026260	7	7553	2	1	0	2503	28	0	3	718	0	6104	3768	601	0	0	0	0	89	0	10	11425	389156	36413	31	0	0	442675	382099	32812	0
854	-98	-2	15	34	3688	4814	157488	10	228	1026134	7	7547	2	1	0	2501	28	0	3	718	0	6104	3688	601	0	0	0	0	89	0	10	11425	389156	36413	31	0	0	442625	382099	32812	0
853	-98	-2	15	34	3608	4814	157362	10	228	1026071	7	7541	2	1	0	2500	28	0	3	718	0	6104	3608	601	0	0	0	0	89	0	10	11425	389156	36413	31	0	0	442575	382099	32812	0
852	-98	-2	15	35	3528	4814	157236	10	228	1025945	7	7535	2	1	0	2498	28	0	3	718	0	6104	3528	601	0	0	0	0	89	0	10	11425	389156	36413	31	0	0	442525	382099	32812	0
851	-98	-2	15	35	3448	4814	157110	10	228	1025819	7	7529	2	1	0	2496	28	0	3	718	0	6104	3448	601	0	0	0	0	89	0	10	11425	389156	36413	31	0	0	442475	382099	32812	0
850	-98	-2	15	35	3368	4812	156984	10	227	1025693	7	7523	2	1	0	2494	28	0	3	715	0	6097	3368	601	0	0	0	0	89	0	10	11425	389156	36413	31	0	0	442425	382099	32812	0
849	-98	-2	15	35	3288	4812	156858	10	227	1025567	7	7517	2	1	0	2492	28	0	3	715	0	6097	3288	601	0	0	0	0	89	0	10	11425	389156	36413	31	0	0	442375	382099	32812	0
848	-98	-2	15	35	3208	4812	156795	10	227	1025441	7	7514	2	1	0	2490	28	0	3	715	0	6097	3208	601	0	0	0	0	89	0	10	11425	389156	36413	31	0	0	442325	382099	32812	0
847	-98	-2	15	35	3048	4812	156543	10	227	1025252	7	7502	2	1	0	2487	28	0	3	715	0	6097	3048	601	0	0	0	0	89	0	10	11425	389156	36413	31	0	0	442225	382099	32812	0
846	-96	-2	15	35	2968	4810	156417	10	226	1025126	7	7496	2	1	0	2485	28	0	3	712	0	6090	2968	601	0	0	0	0	89	0	10	11425	389156	36413	31	0	0	442175	382099	32812	0
845	-96	-2	15	35	2888	4810	156291	10	226	1025000	7	7490	2	1	0	2483	28	0	3	712	0	6090	2888	601	0	0	0	0	89	0	10	11425	389156	36413	31	0	0	442125	382099	32812	0
844	-96	-2	15	35	2808	4810	156165	10	226	1024874	7	7484	2	1	0	2481	28	0	3	712	0	6090	2808	601	0	0	0	0	89	0	10	11425	389156	36413	31	0	0	442075	382099	32812	0
843	-96	-2	15	35	2728	4810	156039	10	226	1024748	7	7478	2	1	0	2479	28	0	3	712	0	6090	2728	601	0	0	0	0	89	0	10	11425	389156	36413	31	0	0	442025	382099	32812	0
842	-95	-2	15	35	2648	4808	155976	10	225	1024622	7	7475	2	1	0	2477	28	0	3	709	0	6083	2648	601	0	0	0	0	89	0	10	11425	389156	36413	31	0	0	441975	382099	32812	0
841	-95	-2	15	36	2568	4808	155787	10	225	1024496	7	7466	2	1	0	2475	28	0	3	709	0	6083	2568	601	0	0	0	0	89	0	10	11425	389156	36413	31	0	0	441925	382099	32812	0
840	-95	-2	15	36	2488	4808	155724	10	225	1024370	7	7463	2	1	0	2473	28	0	3	709	0	6083	2488	601	0	0	0	0	89	0	10	11425	389156	36413	31	0	0	441875	382099	32812	0
839	-95	-2	15	36	2408	4808	155598	10	225	1024307	7	7457	2	1	0	2472	28	0	3	709	0	6083	2408	601	0	0	0	0	89	0	10	11425	389156	36413	31	0	0	441825	382099	32812	0
838	-95	-2	15	36	2328	4808	155472	10	225	1024181	7	7451	2	1	0	2470	28	0	3	709	0	6083	2328	601	0	0	0	0	89	0	10	11425	389156	36413	31	0	0	441775	382099	32812	0
837	-95	-2	15	36	2168	4806	155220	10	224	1023929	7	7439	2	1	0	2466	28	0	3	706	0	6076	2168	601	0	0	0	0	89	0	10	11425	389156	36413	31	0	0	441675	382099	32812	0
836	-95	-2	15	36	2088	4806	155094	10	224	1023803	7	7433	2	1	0	2464	28	0	3	706	0	6076	2088	601	0	0	0	0	89	0	10	11425	389156	36413	31	0	0	441625	382099	32812	0
835	-95	-2	15	36	2008	4806	155031	10	224	1023677	7	7430	2	1	0	2462	28	0	3	706	0	6076	2008	601	0	0	0	0	89	0	10	11425	389156	36413	31	0	0	441575	382099	32812	0
834	-95	-2	15	36	1928	4806	154905	10	224	1023551	7	7424	2	1	0	2460	28	0	3	706	0	6076	1928	601	0	0	0	0	89	0	10	11425	389156	36413	31	0	0	441525	382099	32812	0
833	-96	-2	15	35	1848	4804	154779	10	223	1023425	7	7418	2	1	0	2458	28	0	3	703	0	6069	1848	601	0	0	0	0	89	0	10	11425	389156	36413	31	0	0	441475	382099	32812	0
832	-96	-2	15	35	1768	4804	154653	10	223	1023299	7	7412	2	1	0	2456	28	0	3	703	0	6069	1768	601	0	0	0	0	89	0	10	11425	389156	36413	31	0	0	441425	382099	32812	0
831	-96	-2	15	35	1688	4804	154527	10	223	1023236	7	7406	2	1	0	2455	28	0	3	703	0	6069	1688	601	0	0	0	0	89	0	10	11425	389156	36413	31	0	0	441375	382099	32812	0
830	-96	-2	15	35	1608	4804	154401	10	223	1023110	7	7400	2	1	0	2453	28	0	3	703	0	6069	1608	601	0	0	0	0	89	0	10	11425	389156	36413	31	0	0	441325	382099	32812	0
829	-96	-2	15	34	1528	4804	154275	10	223	1022984	7	7394	2	1	0	2451	28	0	3	703	0	6069	1528	601	0	0	0	0	89	0	10	11425	389156	36413	31	0	0	441275	382099	32812	0
828	-96	-2	15	34	1448	4802	154149	10	222	1022858	7	7388	2	1	0	2449	28	0	3	700	0	6062	1448	601	0	0	0	0	89	0	10	11425	389156	36413	31	0	0	441225	382099	32812	0
827	-96	-2	15	33	1288	4802	153960	10	222	1022606	7	7379	2	1	0	2445	28	0	3	700	0	6062	1288	601	0	0	0	0	89	0	10	11425	389156	36413	31	0	0	441125	382099	32812	0
826	-96	-2	15	33	1208	4802	153834	10	222	1022543	7	7373	2	1	0	2444	28	0	3	700	0	6062	1208	601	0	0	0	0	89	0	10	11425	389156	36413	31	0	0	441075	382099	32812	0
825	-96	-2	15	33	1128	4802	153708	10	222	1022417	7	7367	2	1	0	2442	28	0	3	700	0	6062	1128	601	0	0	0	0	89	0	10	11425	389156	36413	31	0	0	441025	382099	32812	0
824	-96	-2	15	33	1048	4800	153582	10	221	1022291	7	7361	2	1	0	2440	28	0	3	697	0	6055	1048	601	0	0	0	0	89	0	10	11425	389156	36413	31	0	0	440975	382099	32812	0
823	-96	-2	15	33	968	4800	153456	10	221	1022165	7	7355	2	1	0	2438	28	0	3	697	0	6055	968	601	0	0	0	0	89	0	10	11425	389156	36413	31	0	0	440925	382099	32812	0
822	-96	-2	15	33	888	4800	153330	10	221	1022039	7	7349	2	1	0	2436	28	0	3	697	0	6055	888	601	0	0	0	0	89	0	10	11425	389156	36413	31	0	0	440875	382099	32812	0
821	-96	-2	15	33	808	4800	153204	10	221	1021913	7	7343	2	1	0	2434	28	0	3	697	0	6055	808	601	0	0	0	0	89	0	10	11425	389156	36413	31	0	0	440825	382099	32812	0
820	-94	-2	15	33	728	4798	153141	10	220	1021787	7	7340	2	1	0	2432	28	0	3	694	0	6048	728	601	0	0	0	0	89	0	10	11425	389156	36413	31	0	0	440775	382099	32812	0
819	-94	-2	15	34	648	4798	152952	10	220	1021661	7	7331	2	1	0	2430	28	0	3	694	0	6048	648	601	0	0	0	0	89	0	10	11425	389156	36413	31	0	0	440725	382099	32812	0
818	-94	-2	15	35	568	4798	152889	10	220	1021535	7	7328	2	1	0	2428	28	0	3	694	0	6048	568	601	0	0	0	0	89	0	10	11425	389156	36413	31	0	0	440675	382099	32812	0
817	-94	-2	15	36	408	4798	152637	10	220	1021346	7	7316	2	1	0	2425	28	0	3	694	0	6048	408	601	0	0	0	0	89	0	10	11425	389156	36413	31	0	0	440575	382099	32812	0
816	-93	-2	15	37	328	4796	152511	10	219	1021220	7	7310	2	1	0	2423	28	0	3	691	0	6041	328	601	0	0	0	0	89	0	10	11425	389156	36413	31	0	0	440525	382099	32812	0
815	-93	-2	15	37	248	4796	152385	10	219	1021094	7	7304	2	1	0	2421	28	0	3	691	0	6041	248	601	0	0	0	0	89	0	10	11425	389156	36413	31	0	0	440475	382099	32812	0
814	-93	-2	15	37	168	4796	152259	10	219	1020968	7	7298	2	1	0	2419	28	0	3	691	0	6041	168	601	0	0	0	0	89	0	10	11425	389156	36413	31	0	0	440425	382099	32812	0
813	-93	-2	15	37	88	4796	152196	10	219	1020842	7	7295	2	1	0	2417	28	0	3	691	0	6041	88	601	0	0	0	0	89	0	10	11425	389156	36413	31	0	0	440375	382099	32812	0
812	-93	-2	15	37	8	4796	152070	10	219	1020716	7	7289	2	1	0	2415	28	0	3	691	0	6041	8	601	0	0	0	0	89	0	10	11425	389156	36413	31	0	0	440325	382099	32812	0
811	-92	-2	15	38	16312	4794	151944	10	218	1020590	7	7283	2	1	0	2413	28	0	3	688	0	6034	16312	601	0	0	0	0	89	0	10	11425	389156	36413	31	0	0	440275	382099	32812	0
810	-92	-2	15	39	16232	4794	151818	10	218	1020464	7	7277	2	1	0	2411	28	0	3	688	0	6034	16232	601	0	0	0	0	89	0	10	11425	389156	36413	31	0	0	440225	382099	32812	0
809	-92	-2	15	39	16152	4794	151692	10	218	1020401	7	7271	2	1	0	2410	28	0	3	688	0	6034	16152	601	0	0	0	0	89	0	10	11425	389156	36413	31	0	0	440175	382099	32812	0
808	-92	-2	15	38	16072	4794	151566	10	218	1020275	7	7265	2	1	0	2408	28	0	3	688	0	6034	16072	601	0	0	0	0	89	0	10	11425	389156	36413	31	0	0	440125	382099	32812	0
807	-91	-2	15	37	15912	4792	151314	10	217	1020023	7	7253	2	1	0	2404	28	0	3	685	0	6027	15912	601	0	0	0	0	89	0	10	11425	389156	36413	31	0	0	440025	382099	32812	0
806	-91	-2	15	37	15832	4792	151188	10	217	1019897	7	7247	2	1	0	2402	28	0	3	685	0	6027	15832	601	0	0	0	0	89	0	10	11425	389156	36413	31	0	0	439975	382099	32812	0
805	-91	-2	15	38	15752	4792	151125	10	217	1019771	7	7244	2	1	0	2400	28	0	3	685	0	6027	15752	601	0	0	0	0	89	0	10	11425	389156	36413	31	0	0	439925	382099	32812	0
804	-91	-2	15	38	15672	4792	150999	10	217	1019708	7	7238	2	1	0	2399	28	0	3	685	0	6027	15672	601	0	0	0	0	89	0	10	11425	389156	36413	31	0	0	439875	382099	32812	0
803	-91	-2	15	38	15592	4792	150873	10	217	1019582	7	7232	2	1	0	2397	28	0	3	685	0	6027	15592	601	0	0	0	0	89	0	10	11425	389156	36413	31	0	0	439825	382099	32812	0
802	-90	-2	15	39	15512	4790	150747	10	216	1019456	7	7226	2	1	0	2395	28	0	3	682	0	6020	15512	601	0	0	0	0	89	0	10	11425	389156	36413	31	0	0	439775	382099	32812	0
801	-90	-2	15	39	15432	4790	150621	10	216	1019330	7	7220	2	1	0	2393	28	0	3	682	0	6020	15432	601	0	0	0	0	89	0	10	11425	389156	36413	31	0	0	439725	382099	32812	0
800	-90	-2	15	39	15352	4790	150495	10	216	1019204	7	7214	2	1	0	2391	28	0	3	682	0	6020	15352	601	0	0	0	0	89	0	10	11425	389156	36413	31	0	0	439675	382099	32812	0
799	-90	-2	15	40	15272	4790	150369	10	216	1019078	7	7208	2	1	0	2389	28	0	3	682	0	6020	15272	601	0	0	0	0	89	0	10	11425	389156	36413	31	0	0	439625	382099	32812	0
798	-90	-2	15	40	15192	4788	150306	10	215	1018952	7	7205	2	1	0	2387	28	0	3	679	0	6013	15192	601	0	0	0	0	89	0	10	11425	389156	36413	31	0	0	439575	382099	32812	0
797	-90	-2	15	40	15032	4788	150054	10	215	1018700	7	7193	2	1	0	2383	28	0	3	679	0	6013	15032	601	0	0	0	0	89	0	10	11425	389156	36413	31	0	0	439475	382099	32812	0
796	-90	-2	15	40	14952	4788	149928	10	215	1018637	7	7187	2	1	0	2382	28	0	3	679	0	6013	14952	601	0	0	0	0	89	0	10	11425	389156	36413	31	0	0	439425	382099	32812	0
795	-90	-2	15	40	14872	4788	149802	10	215	1018511	7	7181	2	1	0	2380	28	0	3	679	0	6013	14872	601	0	0	0	0	89	0	10	11425	389156	36413	31	0	0	439375	382099	32812	0
794	-89	-2	15	40	14792	4786	149676	10	214	1018385	7	7175	2	1	0	2378	28	0	3	676	0	6006	14792	601	0	0	0	0	89	0	10	11425	389156	36413	31	0	0	439325	382099	32812	0
793	-89	-2	15	40	14712	4786	149550	10	214	1018259	7	7169	2	1	0	2376	28	0	3	676	0	6006	14712	601	0	0	0	0	89	0	10	11425	389156	36413	31	0	0	439275	382099	32812	0
792	-89	-2	15	40	14632	4786	149424	10	214	1018133	7	7163	2	1	0	2374	28	0	3	676	0	6006	14632	601	0	0	0	0	89	0	10	11425	389156	36413	31	0	0	439225	382099	32812	0
791	-89	-2	15	40	14552	4786	149361	10	214	1018007	7	7160	2	1	0	2372	28	0	3	676	0	6006	14552	601	0	0	0	0	89	0	10	11425	389156	36413	31	0	0	439175	382099	32812	0
790	-89	-2	15	40	14472	4786	149235	10	214	1017881	7	7154	2	1	0	2370	28	0	3	676	0	6006	14472	601	0	0	0	0	89	0	10	11425	389156	36413	31	0	0	439125	382099	32812	0
789	-89	-2	15	40	14392	4784	149109	10	213	1017755	7	7148	2	1	0	2368	28	0	3	673	0	5999	14392	601	0	0	0	0	89	0	10	11425	389156	36413	31	0	0	439075	382099	32812	0
788	-89	-2	15	40	14312	4784	148983	10	213	1017629	7	7142	2	1	0	2366	28	0	3	673	0	5999	14312	601	0	0	0	0	89	0	10	11425	389156	36413	31	0	0	439025	382099	32812	0
787	-89	-2	15	40	14152	4784	148731	10	213	1017440	7	7130	2	1	0	2363	28	0	3	673	0	5999	14152	601	0	0	0	0	89	0	10	11425	389156	36413	31	0	0	438925	382099	32812	0
786	-89	-2	15	40	14072	4784	148605	10	213	1017314	7	7124	2	1	0	2361	28	0	3	673	0	5999	14072	601	0	0	0	0	89	0	10	11425	389156	36413	31	0	0	438875	382099	32812	0
785	-89	-2	15	40	13992	4782	148479	10	212	1017188	7	7118	2	1	0	2359	28	0	3	670	0	5992	13992	601	0	0	0	0	89	0	10	11425	389156	36413	31	0	0	438825	382099	32812	0
784	-89	-2	15	40	13912	4782	148353	10	212	1017062	7	7112	2	1	0	2357	28	0	3	670	0	5992	13912	601	0	0	0	0	89	0	10	11425	389156	36413	31	0	0	438775	382099	32812	0
783	-89	-2	15	40	13832	4782	148290	10	212	1016936	7	7109	2	1	0	2355	28	0	3	670	0	5992	13832	601	0	0	0	0	89	0	10	11425	389156	36413	31	0	0	438725	382099	32812	0
782	-89	-2	15	40	13752	4782	148164	10	212	1016873	7	7103	2	1	0	2354	28	0	3	670	0	5992	13752	601	0	0	0	0	89	0	10	11425	389156	36413	31	0	0	438675	382099	32812	0
781	-89	-2	15	40	13672	4782	148038	10	212	1016747	7	7097	2	1	0	2352	28	0	3	670	0	5992	13672	601	0	0	0	0	89	0	10	11425	389156	36413	31	0	0	438625	382099	32812	0
780	-89	-2	15	40	13592	4780	147912	10	211	1016621	7	7091	2	1	0	2350	28	0	3	667	0	5985	13592	601	0	0	0	0	89	0	10	11425	389156	36413	31	0	0	438575	382099	32812	0
779	-89	-2	15	40	13512	4780	147786	10	211	1016495	7	7085	2	1	0	2348	28	0	3	667	0	5985	13512	601	0	0	0	0	89	0	10	11425	389156	36413	31	0	0	438525	382099	32812	0
778	-89	-2	15	40	13432	4780	147660	10	211	1016369	7	7079	2	1	0	2346	28	0	3	667	0	5985	13432	601	0	0	0	0	89	0	10	11425	389156	36413	31	0	0	438475	382099	32812	0
777	-89	-2	15	40	13272	4778	147471	10	210	1016117	7	7070	2	1	0	2342	28	0	3	664	0	5978	13272	601	0	0	0	0	89	0	10	11425	389156	36413	31	0	0	438375	382099	32812	0
776	-89	-2	15	40	13192	4778	147282	10	210	1015991	7	7061	2	1	0	2340	28	0	3	664	0	5978	13192	601	0	0	0	0	89	0	10	11425	389156	36413	31	0	0	438325	382099	32812	0
775	-89	-2	15	40	13112	4778	147219	10	210	1015865	7	7058	2	1	0	2338	28	0	3	664	0	5978	13112	601	0	0	0	0	89	0	10	11425	389156	36413	31	0	0	438275	382099	32812	0
774	-89	-2	15	40	13032	4778	147093	10	210	1015802	7	7052	2	1	0	2337	28	0	3	664	0	5978	13032	601	0	0	0	0	89	0	10	11425	389156	36413	31	0	0	438225	382099	32812	0
773	-89	-2	15	40	12952	4778	146967	10	210	1015676	7	7046	2	1	0	2335	28	0	3	664	0	5978	12952	601	0	0	0	0	89	0	10	11425	389156	36413	31	0	0	438175	382099	32812	0
772	-88	-2	15	40	12872	4776	146841	10	209	1015550	7	7040	2	1	0	2333	28	0	3	661	0	5971	12872	601	0	0	0	0	89	0	10	11425	389156	36413	31	0	0	438125	382099	32812	0
771	-88	-2	15	40	12792	4776	146715	10	209	1015424	7	7034	2	1	0	2331	28	0	3	661	0	5971	12792	601	0	0	0	0	89	0	10	11425	389156	36413	31	0	0	438075	382099	32812	0
770	-88	-2	15	39	12712	4776	146589	10	209	1015298	7	7028	2	1	0	2329	28	0	3	661	0	5971	12712	601	0	0	0	0	89	0	10	11425	389156	36413	31	0	0	438025	382099	32812	0
769	-88	-2	15	39	12632	4776	146526	10	209	1015172	7	7025	2	1	0	2327	28	0	3	661	0	5971	12632	601	0	0	0	0	89	0	10	11425	389156	36413	31	0	0	437975	382099	32812	0
768	-88	-2	15	38	12552	4776	146400	10	209	1015046	7	7019	2	1	0	2325	28	0	3	661	0	5971	12552	601	0	0	0	0	89	0	10	11425	389156	36413	31	0	0	437925	382099	32812	0
767	-87	-2	15	36	12392	4774	146148	10	208	1014794	7	7007	2	1	0	2321	28	0	3	658	0	5964	12392	601	0	0	0	0	89	0	10	11425	389156	36413	31	0	0	437825	382099	32812	0
766	-87	-2	15	35	12312	4774	146022	10	208	1014731	7	7001	2	1	0	2320	28	0	3	658	0	5964	12312	601	0	0	0	0	89	0	10	11425	389156	36413	31	0	0	437775	382099	32812	0
765	-87	-2	15	34	12232	4774	145896	10	208	1014605	7	6995	2	1	0	2318	28	0	3	658	0	5964	12232	601	0	0	0	0	89	0	10	11425	389156	36413	31	0	0	437725	382099	32812	0
764	-87	-2	15	32	12152	4774	145770	10	208	1014479	7	6989	2	1	0	2316	28	0	3	658	0	5964	12152	601	0	0	0	0	89	0	10	11425	389156	36413	31	0	0	437675	382099	32812	0
763	-89	-2	15	30	12072	4772	145707	10	207	1014353	7	6986	2	1	0	2314	28	0	3	655	0	5957	12072	601	0	0	0	0	89	0	10	11425	389156	36413	31	0	0	437625	382099	32812	0
762	-89	-2	15	29	11992	4772	145581	10	207	1014290	7	6980	2	1	0	2313	28	0	3	655	0	5957	11992	601	0	0	0	0	89	0	10	11425	389156	36413	31	0	0	437575	382099	32812	0
761	-89	-2	15	28	11912	4772	145455	10	207	1014164	7	6974	2	1	0	2311	28	0	3	655	0	5957	11912	601	0	0	0	0	89	0	10	11425	389156	36413	31	0	0	437525	382099	32812	0
760	-89	-2	15	25	11832	4772	145329	10	207	1014038	7	6968	2	1	0	2309	28	0	3	655	0	5957	11832	601	0	0	0	0	89	0	10	11425	389156	36413	31	0	0	437475	382099	32812	0
759	-89	-2	15	24	11752	4772	145203	10	207	1013912	7	6962	2	1	0	2307	28	0	3	655	0	5957	11752	601	0	0	0	0	89	0	10	11425	389156	36413	31	0	0	437425	382099	32812	0
758	-92	-3	15	25	11672	4770	145140	10	206	1013786	7	6959	2	1	0	2305	28	0	3	652	0	5950	11672	601	0	0	0	0	89	0	10	11425	389156	36413	31	0	0	437375	382099	32812	0
757	-92	-3	15	26	11512	4770	144888	10	206	1013660	7	6947	2	1	0	2303	28	0	3	652	0	5950	11512	601	0	0	0	0	89	0	10	11425	389156	36413	31	0	0	437275	382099	32812	0
756	-92	-3	15	27	11432	4770	144762	10	206	1013534	7	6941	2	1	0	2301	28	0	3	652	0	5950	11432	601	0	0	0	0	89	0	10	11425	389156	36413	31	0	0	437225	382099	32812	0
755	-90	-2	15	27	11352	4768	144699	10	205	1013408	7	6938	2	1	0	2299	28	0	3	649	0	5943	11352	601	0	0	0	0	89	0	10	11425	389156	36413	31	0	0	437175	382099	32812	0
754	-90	-2	15	29	11272	4768	144510	10	205	1013282	7	6929	2	1	0	2297	28	0	3	649	0	5943	11272	601	0	0	0	0	89	0	10	11425	389156	36413	31	0	0	437125	382099	32812	0
753	-90	-2	15	29	11192	4768	144447	10	205	1013156	7	6926	2	1	0	2295	28	0	3	649	0	5943	11192	601	0	0	0	0	89	0	10	11425	389156	36413	31	0	0	437075	382099	32812	0
752	-90	-2	15	31	11112	4768	144321	10	205	1013093	7	6920	2	1	0	2294	28	0	3	649	0	5943	11112	601	0	0	0	0	89	0	10	11425	389156	36413	31	0	0	437025	382099	32812	0
751	-90	-2	15	32	11032	4768	144195	10	205	1012967	7	6914	2	1	0	2292	28	0	3	649	0	5943	11032	601	0	0	0	0	89	0	10	11425	389156	36413	31	0	0	436975	382099	32812	0
750	-90	-2	15	33	10952	4766	144069	10	204	1012841	7	6908	2	1	0	2290	28	0	3	646	0	5936	10952	601	0	0	0	0	89	0	10	11425	389156	36413	31	0	0	436925	382099	32812	0
749	-90	-2	15	34	10872	4766	143943	10	204	1012715	7	6902	2	1	0	2288	28	0	3	646	0	5936	10872	601	0	0	0	0	89	0	10	11425	389156	36413	31	0	0	436875	382099	32812	0
748	-90	-2	15	34	10792	4766	143817	10	204	1012589	7	6896	2	1	0	2286	28	0	3	646	0	5936	10792	601	0	0	0	0	89	0	10	11425	389156	36413	31	0	0	436825	382099	32812	0
747	-90	-2	15	34	10632	4766	143628	10	204	1012337	7	6887	2	1	0	2282	28	0	3	646	0	5936	10632	601	0	0	0	0	89	0	10	11425	389156	36413	31	0	0	436725	382099	32812	0
746	-89	-2	15	34	10552	4764	143502	10	203	1012211	7	6881	2	1	0	2280	28	0	3	643	0	5929	10552	601	0	0	0	0	89	0	10	11425	389156	36413	31	0	0	436675	382099	32812	0
745	-89	-2	15	34	10472	4764	143376	10	203	1012085	7	6875	2	1	0	2278	28	0	3	643	0	5929	10472	601	0	0	0	0	89	0	10	11425	389156	36413	31	0	0	436625	382099	32812	0
744	-89	-2	15	34	10392	4764	143250	10	203	1012022	7	6869	2	1	0	2277	28	0	3	643	0	5929	10392	601	0	0	0	0	89	0	10	11425	389156	36413	31	0	0	436575	382099	32812	0
743	-89	-2	15	34	10312	4764	143124	10	203	1011896	7	6863	2	1	0	2275	28	0	3	643	0	5929	10312	601	0	0	0	0	89	0	10	11425	389156	36413	31	0	0	436525	382099	32812	0
742	-89	-2	15	34	10232	4764	142998	10	203	1011770	7	6857	2	1	0	2273	28	0	3	643	0	5929	10232	601	0	0	0	0	89	0	10	11425	389156	36413	31	0	0	436475	382099	32812	0
741	-88	-2	15	34	10152	4762	142872	10	202	1011644	7	6851	2	1	0	2271	28	0	3	640	0	5922	10152	601	0	0	0	0	89	0	10	11425	389156	36413	31	0	0	436425	382099	32812	0
740	-88	-2	15	33	10072	4762	142746	10	202	1011518	7	6845	2	1	0	2269	28	0	3	640	0	5922	10072	601	0	0	0	0	89	0	10	11425	389156	36413	31	0	0	436375	382099	32812	0
739	-88	-2	15	33	9992	4762	142683	10	202	1011392	7	6842	2	1	0	2267	28	0	3	640	0	5922	9992	601	0	0	0	0	89	0	10	11425	389156	36413	31	0	0	436325	382099	32812	0
738	-88	-2	15	33	9912	4762	142557	10	202	1011329	7	6836	2	1	0	2266	28	0	3	640	0	5922	9912	601	0	0	0	0	89	0	10	11425	389156	36413	31	0	0	436275	382099	32812	0
737	-87	-2	15	33	9752	4760	142305	10	201	1011077	7	6824	2	1	0	2262	28	0	3	637	0	5915	9752	601	0	0	0	0	89	0	10	11425	389156	36413	31	0	0	436175	382099	32812	0
736	-87	-2	15	33	9672	4760	142179	10	201	1010951	7	6818	2	1	0	2260	28	0	3	637	0	5915	9672	601	0	0	0	0	89	0	10	11425	389156	36413	31	0	0	436125	382099	32812	0
735	-87	-2	15	33	9592	4760	142053	10	201	1010825	7	6812	2	1	0	2258	28	0	3	637	0	5915	9592	601	0	0	0	0	89	0	10	11425	389156	36413	31	0	0	436075	382099	32812	0
734	-87	-2	15	34	9512	4760	141927	10	201	1010699	7	6806	2	1	0	2256	28	0	3	637	0	5915	9512	601	0	0	0	0	89	0	10	11425	389156	36413	31	0	0	436025	382099	32812	0
733	-86	-2	15	34	9432	4758	141864	10	200	1010573	7	6803	2	1	0	2254	28	0	3	634	0	5908	9432	601	0	0	0	0	89	0	10	11425	389156	36413	31	0	0	435975	382099	32812	0
732	-86	-2	15	34	9352	4758	141675	10	200	1010447	7	6794	2	1	0	2252	28	0	3	634	0	5908	9352	601	0	0	0	0	89	0	10	11425	389156	36413	31	0	0	435925	382099	32812	0
731	-86	-2	15	35	9272	4758	141612	10	200	1010321	7	6791	2	1	0	2250	28	0	3	634	0	5908	9272	601	0	0	0	0	89	0	10	11425	389156	36413	31	0	0	435875	382099	32812	0
730	-86	-2	15	35	9192	4758	141486	10	200	1010258	7	6785	2	1	0	2249	28	0	3	634	0	5908	9192	601	0	0	0	0	89	0	10	11425	389156	36413	31	0	0	435825	382099	32812	0
729	-86	-2	15	35	9112	4758	141360	10	200	1010132	7	6779	2	1	0	2247	28	0	3	634	0	5908	9112	601	0	0	0	0	89	0	10	11425	389156	36413	31	0	0	435775	382099	32812	0
728	-86	-2	15	36	9032	4756	141234	10	199	1010006	7	6773	2	1	0	2245	28	0	3	631	0	5901	9032	601	0	0	0	0	89	0	10	11425	389156	36413	31	0	0	435725	382099	32812	0
727	-86	-2	15	37	8872	4756	140982	10	199	1009754	7	6761	2	1	0	2241	28	0	3	631	0	5901	8872	601	0	0	0	0	89	0	10	11425	389156	36413	31	0	0	435625	382099	32812	0
726	-86	-2	15	37	8792	4756	140919	10	199	1009628	7	6758	2	1	0	2239	28	0	3	631	0	5901	8792	601	0	0	0	0	89	0	10	11425	389156	36413	31	0	0	435575	382099	32812	0
725	-86	-2	15	37	8712	4756	140793	10	199	1009502	7	6752	2	1	0	2237	28	0	3	631	0	5901	8712	601	0	0	0	0	89	0	10	11425	389156	36413	31	0	0	435525	382099	32812	0
724	-85	-2	15	37	8632	4754	140667	10	198	1009376	7	6746	2	1	0	2235	28	0	3	628	0	5894	8632	601	0	0	0	0	89	0	10	11425	389156	36413	31	0	0	435475	382099	32812	0
723	-85	-2	15	37	8552	4754	140541	10	198	1009250	7	6740	2	1	0	2233	28	0	3	628	0	5894	8552	601	0	0	0	0	89	0	10	11425	389156	36413	31	0	0	435425	382099	32812	0
722	-85	-2	15	37	8472	4754	140415	10	198	1009187	7	6734	2	1	0	2232	28	0	3	628	0	5894	8472	601	0	0	0	0	89	0	10	11425	389156	36413	31	0	0	435375	382099	32812	0
721	-85	-2	15	38	8392	4754	140289	10	198	1009061	7	6728	2	1	0	2230	28	0	3	628	0	5894	8392	601	0	0	0	0	89	0	10	11425	389156	36413	31	0	0	435325	382099	32812	0
720	-85	-2	15	40	8312	4754	140163	10	198	1008935	7	6722	2	1	0	2228	28	0	3	628	0	5894	8312	601	0	0	0	0	89	0	10	11425	389156	36413	31	0	0	435275	382099	32812	0
719	-85	-2	15	39	8232	4752	140037	10	197	1008809	7	6716	2	1	0	2226	28	0	3	625	0	5887	8232	601	0	0	0	0	89	0	10	11425	389156	36413	31	0	0	435225	382099	32812	0
718	-85	-2	15	39	8152	4752	139911	10	197	1008683	7	6710	2	1	0	2224	28	0	3	625	0	5887	8152	601	0	0	0	0	89	0	10	11425	389156	36413	31	0	0	435175	382099	32812	0
717	-85	-2	15	39	7992	4752	139722	10	197	1008494	7	6701	2	1	0	2221	28	0	3	625	0	5887	7992	601	0	0	0	0	89	0	10	11425	389156	36413	31	0	0	435075	382099	32812	0
716	-85	-2	15	39	7912	4752	139596	10	197	1008368	7	6695	2	1	0	2219	28	0	3	625	0	5887	7912	601	0	0	0	0	89	0	10	11425	389156	36413	31	0	0	435025	382099	32812	0
715	-85	-2	15	39	7832	4750	139470	10	196	1008242	7	6689	2	1	0	2217	28	0	3	622	0	5880	7832	601	0	0	0	0	89	0	10	11425	389156	36413	31	0	0	434975	382099	32812	0
714	-85	-2	15	40	7752	4750	139344	10	196	1008116	7	6683	2	1	0	2215	28	0	3	622	0	5880	7752	601	0	0	0	0	89	0	10	11425	389156	36413	31	0	0	434925	382099	32812	0
713	-85	-2	15	40	7672	4750	139218	10	196	1007990	7	6677	2	1	0	2213	28	0	3	622	0	5880	7672	601	0	0	0	0	89	0	10	11425	389156	36413	31	0	0	434875	382099	32812	0
712	-85	-2	15	40	7592	4750	139092	10	196	1007864	7	6671	2	1	0	2211	28	0	3	622	0	5880	7592	601	0	0	0	0	89	0	10	11425	389156	36413	31	0	0	434825	382099	32812	0
711	-87	-2	15	40	7512	4748	139029	10	195	1007738	7	6668	2	1	0	2209	28	0	3	619	0	5873	7512	601	0	0	0	0	89	0	10	11425	389156	36413	31	0	0	434775	382099	32812	0
710	-87	-2	15	40	7432	4748	138840	10	195	1007612	7	6659	2	1	0	2207	28	0	3	619	0	5873	7432	601	0	0	0	0	89	0	10	11425	389156	36413	31	0	0	434725	382099	32812	0
709	-87	-2	15	40	7352	4748	138777	10	195	1007486	7	6656	2	1	0	2205	28	0	3	619	0	5873	7352	601	0	0	0	0	89	0	10	11425	389156	36413	31	0	0	434675	382099	32812	0
708	-87	-2	15	40	7192	4748	138525	10	195	1007297	7	6644	2	1	0	2202	28	0	3	619	0	5873	7192	601	0	0	0	0	89	0	10	11425	389156	36413	31	0	0	434575	382099	32812	0
707	-91	-2	15	40	7112	4746	138399	10	194	1007171	7	6638	2	1	0	2200	28	0	3	616	0	5866	7112	601	0	0	0	0	89	0	10	11425	389156	36413	31	0	0	434525	382099	32812	0
706	-91	-2	15	40	7032	4746	138273	10	194	1007045	7	6632	2	1	0	2198	28	0	3	616	0	5866	7032	601	0	0	0	0	89	0	10	11425	389156	36413	31	0	0	434475	382099	32812	0
705	-91	-2	15	40	6952	4746	138147	10	194	1006919	7	6626	2	1	0	2196	28	0	3	616	0	5866	6952	601	0	0	0	0	89	0	10	11425	389156	36413	31	0	0	434425	382099	32812	0
704	-91	-2	15	40	6872	4746	138084	10	194	1006793	7	6623	2	1	0	2194	28	0	3	616	0	5866	6872	601	0	0	0	0	89	0	10	11425	389156	36413	31	0	0	434375	382099	32812	0
703	-91	-2	15	40	6792	4746	137958	10	194	1006667	7	6617	2	1	0	2192	28	0	3	616	0	5866	6792	601	0	0	0	0	89	0	10	11425	389156	36413	31	0	0	434325	382099	32812	0
702	-92	-2	15	40	6712	4744	137832	10	193	1006541	7	6611	2	1	0	2190	28	0	3	613	0	5859	6712	601	0	0	0	0	89	0	10	11425	389156	36413	31	0	0	434275	382099	32812	0
701	-92	-2	15	40	6632	4744	137706	10	193	1006415	7	6605	2	1	0	2188	28	0	3	613	0	5859	6632	601	0	0	0	0	89	0	10	11425	389156	36413	31	0	0	434225	382099	32812	0
700	-92	-2	15	40	6552	4744	137580	10	193	1006352	7	6599	2	1	0	2187	28	0	3	613	0	5859	6552	601	0	0	0	0	89	0	10	11425	389156	36413	31	0	0	434175	382099	32812	0
699	-92	-2	15	39	6472	4744	137454	10	193	1006226	7	6593	2	1	0	2185	28	0	3	613	0	5859	6472	601	0	0	0	0	89	0	10	11425	389156	36413	31	0	0	434125	382099	32812	0
698	-80	-2	15	37	6312	4742	137202	10	192	1005974	7	6581	2	1	0	2181	28	0	3	610	0	5852	6312	601	0	0	0	0	89	0	10	11425	389156	36413	31	0	0	434025	382099	32812	0
697	-80	-2	15	36	6232	4742	137076	10	192	1005848	7	6575	2	1	0	2179	28	0	3	610	0	5852	6232	601	0	0	0	0	89	0	10	11425	389156	36413	31	0	0	433975	382099	32812	0
696	-80	-2	15	34	6152	4742	137013	10	192	1005722	7	6572	2	1	0	2177	28	0	3	610	0	5852	6152	601	0	0	0	0	89	0	10	11425	389156	36413	31	0	0	433925	382099	32812	0
695	-80	-2	15	33	6072	4742	136887	10	192	1005659	7	6566	2	1	0	2176	28	0	3	610	0	5852	6072	601	0	0	0	0	89	0	10	11425	389156	36413	31	0	0	433875	382099	32812	0
694	-80	-2	15	31	5992	4742	136761	10	192	1005533	7	6560	2	1	0	2174	28	0	3	610	0	5852	5992	601	0	0	0	0	89	0	10	11425	389156	36413	31	0	0	433825	382099	32812	0
693	-76	-2	15	32	5912	4740	136635	10	191	1005407	7	6554	2	1	0	2172	28	0	3	607	0	5845	5912	601	0	0	0	0	89	0	10	11425	389156	36413	31	0	0	433775	382099	32812	0
692	-76	-2	15	32	5832	4740	136509	10	191	1005281	7	6548	2	1	0	2170	28	0	3	607	0	5845	5832	601	0	0	0	0	89	0	10	11425	389156	36413	31	0	0	433725	382099	32812	0
691	-76	-2	15	32	5752	4740	136383	10	191	1005155	7	6542	2	1	0	2168	28	0	3	607	0	5845	5752	601	0	0	0	0	89	0	10	11425	389156	36413	31	0	0	433675	382099	32812	0
690	-76	-2	15	31	5672	4740	136257	10	191	1005029	7	6536	2	1	0	2166	28	0	3	607	0	5845	5672	601	0	0	0	0	89	0	10	11425	389156	36413	31	0	0	433625	382099	32812	0
689	-74	-2	15	30	5592	4738	136194	10	190	1004903	7	6533	2	1	0	2164	28	0	3	604	0	5838	5592	601	0	0	0	0	89	0	10	11425	389156	36413	31	0	0	433575	382099	32812	0
688	-74	-2	15	28	5432	4738	135942	10	190	1004651	7	6521	2	1	0	2160	28	0	3	604	0	5838	5432	601	0	0	0	0	89	0	10	11425	389156	36413	31	0	0	433475	382099	32812	0
687	-74	-2	15	28	5352	4738	135816	10	190	1004588	7	6515	2	1	0	2159	28	0	3	604	0	5838	5352	601	0	0	0	0	89	0	10	11425	389156	36413	31	0	0	433425	382099	32812	0
686	-74	-2	15	27	5272	4738	135690	10	190	1004462	7	6509	2	1	0	2157	28	0	3	604	0	5838	5272	601	0	0	0	0	89	0	10	11425	389156	36413	31	0	0	433375	382099	32812	0
685	-73	-2	15	27	5192	4736	135564	10	189	1004336	7	6503	2	1	0	2155	28	0	3	601	0	5831	5192	601	0	0	0	0	89	0	10	11425	389156	36413	31	0	0	433325	382099	32812	0
684	-73	-2	15	28	5112	4736	135438	10	189	1004210	7	6497	2	1	0	2153	28	0	3	601	0	5831	5112	601	0	0	0	0	89	0	10	11425	389156	36413	31	0	0	433275	382099	32812	0
683	-73	-2	15	31	5032	4736	135312	10	189	1004084	7	6491	2	1	0	2151	28	0	3	601	0	5831	5032	601	0	0	0	0	89	0	10	11425	389156	36413	31	0	0	433225	382099	32812	0
682	-73	-2	15	32	4952	4736	135249	10	189	1003958	7	6488	2	1	0	2149	28	0	3	601	0	5831	4952	601	0	0	0	0	89	0	10	11425	389156	36413	31	0	0	433175	382099	32812	0
681	-73	-2	15	34	4872	4736	135123	10	189	1003832	7	6482	2	1	0	2147	28	0	3	601	0	5831	4872	601	0	0	0	0	89	0	10	11425	389156	36413	31	0	0	433125	382099	32812	0
680	-73	-2	15	36	4792	4734	134997	10	188	1003706	7	6476	2	1	0	2145	28	0	3	598	0	5824	4792	601	0	0	0	0	89	0	10	11425	389156	36413	31	0	0	433075	382099	32812	0
679	-73	-2	15	38	4712	4734	134871	10	188	1003580	7	6470	2	1	0	2143	28	0	3	598	0	5824	4712	601	0	0	0	0	89	0	10	11425	389156	36413	31	0	0	433025	382099	32812	0
678	-73	-2	15	40	4552	4734	134619	10	188	1003391	7	6458	2	1	0	2140	28	0	3	598	0	5824	4552	601	0	0	0	0	89	0	10	11425	389156	36413	31	0	0	432925	382099	32812	0
677	-73	-2	15	40	4472	4734	134493	10	188	1003265	7	6452	2	1	0	2138	28	0	3	598	0	5824	4472	601	0	0	0	0	89	0	10	11425	389156	36413	31	0	0	432875	382099	32812	0
676	-73	-2	15	40	4392	4732	134367	10	187	1003139	7	6446	2	1	0	2136	28	0	3	595	0	5817	4392	601	0	0	0	0	89	0	10	11425	389156	36413	31	0	0	432825	382099	32812	0
675	-73	-2	15	40	4312	4732	134241	10	187	1003013	7	6440	2	1	0	2134	28	0	3	595	0	5817	4312	601	0	0	0	0	89	0	10	11425	389156	36413	31	0	0	432775	382099	32812	0
674	-73	-2	15	40	4232	4732	134178	10	187	1002887	7	6437	2	1	0	2132	28	0	3	595	0	5817	4232	601	0	0	0	0	89	0	10	11425	389156	36413	31	0	0	432725	382099	32812	0
673	-73	-2	15	40	4152	4732	134052	10	187	1002824	7	6431	2	1	0	2131	28	0	3	595	0	5817	4152	601	0	0	0	0	89	0	10	11425	389156	36413	31	0	0	432675	382099	32812	0
672	-73	-2	15	40	4072	4732	133926	10	187	1002698	7	6425	2	1	0	2129	28	0	3	595	0	5817	4072	601	0	0	0	0	89	0	10	11425	389156	36413	31	0	0	432625	382099	32812	0
671	-73	-2	15	40	3992	4730	133800	10	186	1002572	7	6419	2	1	0	2127	28	0	3	592	0	5810	3992	601	0	0	0	0	89	0	10	11425	389156	36413	31	0	0	432575	382099	32812	0
670	-73	-2	15	40	3912	4730	133674	10	186	1002446	7	6413	2	1	0	2125	28	0	3	592	0	5810	3912	601	0	0	0	0	89	0	10	11425	389156	36413	31	0	0	432525	382099	32812	0
669	-73	-2	15	40	3832	4730	133548	10	186	1002320	7	6407	2	1	0	2123	28	0	3	592	0	5810	3832	601	0	0	0	0	89	0	10	11425	389156	36413	31	0	0	432475	382099	32812	0
668	-73	-2	15	40	3672	4728	133359	10	185	1002068	7	6398	2	1	0	2119	28	0	3	589	0	5803	3672	601	0	0	0	0	89	0	10	11425	389156	36413	31	0	0	432375	382099	32812	0
667	-73	-2	15	40	3592	4728	133170	10	185	1001942	7	6389	2	1	0	2117	28	0	3	589	0	5803	3592	601	0	0	0	0	89	0	10	11425	389156	36413	31	0	0	432325	382099	32812	0
666	-73	-2	15	40	3512	4728	133107	10	185	1001816	7	6386	2	1	0	2115	28	0	3	589	0	5803	3512	601	0	0	0	0	89	0	10	11425	389156	36413	31	0	0	432275	382099	32812	0
665	-73	-2	15	40	3432	4728	132981	10	185	1001753	7	6380	2	1	0	2114	28	0	3	589	0	5803	3432	601	0	0	0	0	89	0	10	11425	389156	36413	31	0	0	432225	382099	32812	0
664	-73	-2	15	40	3352	4728	132855	10	185	1001627	7	6374	2	1	0	2112	28	0	3	589	0	5803	3352	601	0	0	0	0	89	0	10	11425	389156	36413	31	0	0	432175	382099	32812	0
663	-73	-2	15	40	3272	4726	132729	10	184	1001501	7	6368	2	1	0	2110	28	0	3	586	0	5796	3272	601	0	0	0	0	89	0	10	11425	389156	36413	31	0	0	432125	382099	32812	0
662	-73	-2	15	40	3192	4726	132603	10	184	1001375	7	6362	2	1	0	2108	28	0	3	586	0	5796	3192	601	0	0	0	0	89	0	10	11425	389156	36413	31	0	0	432075	382099	32812	0
661	-73	-2	15	40	3112	4726	132477	10	184	1001249	7	6356	2	1	0	2106	28	0	3	586	0	5796	3112	601	0	0	0	0	89	0	10	11425	389156	36413	31	0	0	432025	382099	32812	0
660	-73	-2	15	40	3032	4726	132414	10	184	1001123	7	6353	2	1	0	2104	28	0	3	586	0	5796	3032	601	0	0	0	0	89	0	10	11425	389156	36413	31	0	0	431975	382099	32812	0
659	-73	-2	15	40	2952	4726	132288	10	184	1000997	7	6347	2	1	0	2102	28	0	3	586	0	5796	2952	601	0	0	0	0	89	0	10	11425	389156	36413	31	0	0	431925	382099	32812	0
658	-73	-2	15	40	2792	4724	132036	10	183	1000745	7	6335	2	1	0	2098	28	0	3	583	0	5789	2792	601	0	0	0	0	89	0	10	11425	389156	36413	31	0	0	431825	382099	32812	0
657	-73	-2	15	40	2712	4724	131910	10	183	1000682	7	6329	2	1	0	2097	28	0	3	583	0	5789	2712	601	0	0	0	0	89	0	10	11425	389156	36413	31	0	0	431775	382099	32812	0
656	-73	-2	15	40	2632	4724	131784	10	183	1000556	7	6323	2	1	0	2095	28	0	3	583	0	5789	2632	601	0	0	0	0	89	0	10	11425	389156	36413	31	0	0	431725	382099	32812	0
655	-73	-2	15	40	2552	4724	131658	10	183	1000430	7	6317	2	1	0	2093	28	0	3	583	0	5789	2552	601	0	0	0	0	89	0	10	11425	389156	36413	31	0	0	431675	382099	32812	0
654	-73	-2	15	40	2472	4722	131532	10	182	1000304	7	6311	2	1	0	2091	28	0	3	580	0	5782	2472	601	0	0	0	0	89	0	10	11425	389156	36413	31	0	0	431625	382099	32812	0
653	-73	-2	15	40	2392	4722	131406	10	182	1000178	7	6305	2	1	0	2089	28	0	3	580	0	5782	2392	601	0	0	0	0	89	0	10	11425	389156	36413	31	0	0	431575	382099	32812	0
652	-73	-2	15	40	2312	4722	131343	10	182	1000052	7	6302	2	1	0	2087	28	0	3	580	0	5782	2312	601	0	0	0	0	89	0	10	11425	389156	36413	31	0	0	431525	382099	32812	0
651	-73	-2	15	40	2232	4722	131217	10	182	999989	7	6296	2	1	0	2086	28	0	3	580	0	5782	2232	601	0	0	0	0	89	0	10	11425	389156	36413	31	0	0	431475	382099	32812	0
650	-73	-2	15	40	2152	4722	131091	10	182	999863	7	6290	2	1	0	2084	28	0	3	580	0	5782	2152	601	0	0	0	0	89	0	10	11425	389156	36413	31	0	0	431425	382099	32812	0
649	-73	-2	15	40	2072	4720	130965	10	181	999737	7	6284	2	1	0	2082	28	0	3	577	0	5775	2072	601	0	0	0	0	89	0	10	11425	389156	36413	31	0	0	431375	382099	32812	0
648	-73	-2	15	40	1912	4720	130713	10	181	999485	7	6272	2	1	0	2078	28	0	3	577	0	5775	1912	601	0	0	0	0	89	0	10	11425	389156	36413	31	0	0	431275	382099	32812	0
647	-73	-2	15	40	1832	4720	130587	10	181	999359	7	6266	2	1	0	2076	28	0	3	577	0	5775	1832	601	0	0	0	0	89	0	10	11425	389156	36413	31	0	0	431225	382099	32812	0
646	-73	-2	15	40	1752	4718	130524	10	180	999233	7	6263	2	1	0	2074	28	0	3	574	0	5768	1752	601	0	0	0	0	89	0	10	11425	389156	36413	31	0	0	431175	382099	32812	0
645	-73	-2	15	40	1672	4718	130335	10	180	999107	7	6254	2	1	0	2072	28	0	3	574	0	5768	1672	601	0	0	0	0	89	0	10	11425	389156	36413	31	0	0	431125	382099	32812	0
644	-73	-2	15	40	1592	4718	130272	10	180	998981	7	6251	2	1	0	2070	28	0	3	574	0	5768	1592	601	0	0	0	0	89	0	10	11425	389156	36413	31	0	0	431075	382099	32812	0
643	-73	-2	15	40	1512	4718	130146	10	180	998918	7	6245	2	1	0	2069	28	0	3	574	0	5768	1512	601	0	0	0	0	89	0	10	11425	389156	36413	31	0	0	431025	382099	32812	0
642	-73	-2	15	40	1432	4718	130020	10	180	998792	7	6239	2	1	0	2067	28	0	3	574	0	5768	1432	601	0	0	0	0	89	0	10	11425	389156	36413	31	0	0	430975	382099	32812	0
641	-73	-2	15	40	1352	4716	129894	10	179	998666	7	6233	2	1	0	2065	28	0	3	571	0	5761	1352	601	0	0	0	0	89	0	10	11425	389156	36413	31	0	0	430925	382099	32812	0
640	-73	-2	15	40	1272	4716	129768	10	179	998540	7	6227	2	1	0	2063	28	0	3	571	0	5761	1272	601	0	0	0	0	89	0	10	11425	389156	36413	31	0	0	430875	382099	32812	0
639	-73	-2	15	40	1192	4716	129642	10	179	998414	7	6221	2	1	0	2061	28	0	3	571	0	5761	1192	601	0	0	0	0	89	0	10	11425	389156	36413	31	0	0	430825	382099	32812	0
638	-73	-2	15	40	1032	4716	129453	10	179	998162	7	6212	2	1	0	2057	28	0	3	571	0	5761	1032	601	0	0	0	0	89	0	10	11425	389156	36413	31	0	0	430725	382099	32812	0
637	-73	-2	15	40	952	4714	129327	10	178	998036	7	6206	2	1	0	2055	28	0	3	568	0	5754	952	601	0	0	0	0	89	0	10	11425	389156	36413	31	0	0	430675	382099	32812	0
636	-73	-2	15	40	872	4714	129201	10	178	997910	7	6200	2	1	0	2053	28	0	3	568	0	5754	872	601	0	0	0	0	89	0	10	11425	389156	36413	31	0	0	430625	382099	32812	0
635	-73	-2	15	40	792	4714	129075	10	178	997847	7	6194	2	1	0	2052	28	0	3	568	0	5754	792	601	0	0	0	0	89	0	10	11425	389156	36413	31	0	0	430575	382099	32812	0
634	-73	-2	15	40	712	4714	128949	10	178	997721	7	6188	2	1	0	2050	28	0	3	568	0	5754	712	601	0	0	0	0	89	0	10	11425	389156	36413	31	0	0	430525	382099	32812	0
633	-73	-2	15	40	632	4714	128823	10	178	997595	7	6182	2	1	0	2048	28	0	3	568	0	5754	632	601	0	0	0	0	89	0	10	11425	389156	36413	31	0	0	430475	382099	32812	0
632	-73	-2	15	40	552	4712	128697	10	177	997469	7	6176	2	1	0	2046	28	0	3	565	0	5747	552	601	0	0	0	0	89	0	10	11425	389156	36413	31	0	0	430425	382099	32812	0
631	-73	-2	15	40	472	4712	128571	10	177	997343	7	6170	2	1	0	2044	28	0	3	565	0	5747	472	601	0	0	0	0	89	0	10	11425	389156	36413	31	0	0	430375	382099	32812	0
630	-73	-2	15	40	392	4712	128508	10	177	997217	7	6167	2	1	0	2042	28	0	3	565	0	5747	392	601	0	0	0	0	89	0	10	11425	389156	36413	31	0	0	430325	382099	32812	0
629	-73	-2	15	40	312	4712	128382	10	177	997154	7	6161	2	1	0	2041	28	0	3	565	0	5747	312	601	0	0	0	0	89	0	10	11425	389156	36413	31	0	0	430275	382099	32812	0
628	-73	-2	15	40	152	4710	128130	10	176	996902	7	6149	2	1	0	2037	28	0	3	562	0	5740	152	601	0	0	0	0	89	0	10	11425	389156	36413	31	0	0	430175	382099	32812	0
627	-73	-2	15	40	72	4710	128004	10	176	996776	7	6143	2	1	0	2035	28	0	3	562	0	5740	72	601	0	0	0	0	89	0	10	11425	389156	36413	31	0	0	430125	382099	32812	0
626	-73	-2	15	40	16376	4710	127878	10	176	996650	7	6137	2	1	0	2033	28	0	3	562	0	5740	16376	601	0	0	0	0	89	0	10	11425	389156	36413	31	0	0	430075	382099	32812	0
625	-73	-2	15	40	16296	4710	127752	10	176	996524	7	6131	2	1	0	2031	28	0	3	562	0	5740	16296	601	0	0	0	0	89	0	10	11425	389156	36413	31	0	0	430025	382099	32812	0
624	-73	-2	15	40	16216	4708	127689	10	175	996398	7	6128	2	1	0	2029	28	0	3	559	0	5733	16216	601	0	0	0	0	89	0	10	11425	389156	36413	31	0	0	429975	382099	32812	0
623	-73	-2	15	40	16136	4708	127500	10	175	996272	7	6119	2	1	0	2027	28	0	3	559	0	5733	16136	601	0	0	0	0	89	0	10	11425	389156	36413	31	0	0	429925	382099	32812	0
622	-73	-2	15	40	16056	4708	127437	10	175	996146	7	6116	2	1	0	2025	28	0	3	559	0	5733	16056	601	0	0	0	0	89	0	10	11425	389156	36413	31	0	0	429875	382099	32812	0
621	-73	-2	15	40	15976	4708	127311	10	175	996083	7	6110	2	1	0	2024	28	0	3	559	0	5733	15976	601	0	0	0	0	89	0	10	11425	389156	36413	31	0	0	429825	382099	32812	0
620	-73	-2	15	40	15896	4708	127185	10	175	995957	7	6104	2	1	0	2022	28	0	3	559	0	5733	15896	601	0	0	0	0	89	0	10	11425	389156	36413	31	0	0	429775	382099	32812	0
619	-73	-2	15	40	15736	4706	126933	10	174	995705	7	6092	2	1	0	2018	28	0	3	556	0	5726	15736	601	0	0	0	0	89	0	10	11425	389156	36413	31	0	0	429675	382099	32812	0
618	-73	-2	15	40	15656	4706	126807	10	174	995579	7	6086	2	1	0	2016	28	0	3	556	0	5726	15656	601	0	0	0	0	89	0	10	11425	389156	36413	31	0	0	429625	382099	32812	0
617	-73	-2	15	40	15576	4706	126744	10	174	995453	7	6083	2	1	0	2014	28	0	3	556	0	5726	15576	601	0	0	0	0	89	0	10	11425	389156	36413	31	0	0	429575	382099	32812	0
616	-73	-2	15	40	15496	4706	126618	10	174	995327	7	6077	2	1	0	2012	28	0	3	556	0	5726	15496	601	0	0	0	0	89	0	10	11425	389156	36413	31	0	0	429525	382099	32812	0
615	-73	-2	15	40	15416	4704	126492	10	173	995201	7	6071	2	1	0	2010	28	0	3	553	0	5719	15416	601	0	0	0	0	89	0	10	11425	389156	36413	31	0	0	429475	382099	32812	0
614	-73	-2	15	40	15336	4704	126366	10	173	995075	7	6065	2	1	0	2008	28	0	3	553	0	5719	15336	601	0	0	0	0	89	0	10	11425	389156	36413	31	0	0	429425	382099	32812	0
613	-73	-2	15	40	15256	4704	126240	10	173	995012	7	6059	2	1	0	2007	28	0	3	553	0	5719	15256	601	0	0	0	0	89	0	10	11425	389156	36413	31	0	0	429375	382099	32812	0
612	-73	-2	15	40	15176	4704	126114	10	173	994886	7	6053	2	1	0	2005	28	0	3	553	0	5719	15176	601	0	0	0	0	89	0	10	11425	389156	36413	31	0	0	429325	382099	32812	0
611	-73	-2	15	40	15096	4704	125988	10	173	994760	7	6047	2	1	0	2003	28	0	3	553	0	5719	15096	601	0	0	0	0	89	0	10	11425	389156	36413	31	0	0	429275	382099	32812	0
610	-73	-2	15	40	15016	4702	125862	10	172	994634	7	6041	2	1	0	2001	28	0	3	550	0	5712	15016	601	0	0	0	0	89	0	10	11425	389156	36413	31	0	0	429225	382099	32812	0
609	-73	-2	15	40	14856	4702	125673	10	172	994382	7	6032	2	1	0	1997	28	0	3	550	0	5712	14856	601	0	0	0	0	89	0	10	11425	389156	36413	31	0	0	429125	382099	32812	0
608	-73	-2	15	40	14776	4702	125547	10	172	994319	7	6026	2	1	0	1996	28	0	3	550	0	5712	14776	601	0	0	0	0	89	0	10	11425	389156	36413	31	0	0	429075	382099	32812	0
607	-73	-2	15	40	14696	4702	125421	10	172	994193	7	6020	2	1	0	1994	28	0	3	550	0	5712	14696	601	0	0	0	0	89	0	10	11425	389156	36413	31	0	0	429025	382099	32812	0
606	-73	-2	15	40	14616	4700	125295	10	171	994067	7	6014	2	1	0	1992	28	0	3	547	0	5705	14616	601	0	0	0	0	89	0	10	11425	389156	36413	31	0	0	428975	382099	32812	0
605	-73	-2	15	40	14536	4700	125169	10	171	993941	7	6008	2	1	0	1990	28	0	3	547	0	5705	14536	601	0	0	0	0	89	0	10	11425	389156	36413	31	0	0	428925	382099	32812	0
604	-73	-2	15	40	14456	4700	125043	10	171	993815	7	6002	2	1	0	1988	28	0	3	547	0	5705	14456	601	0	0	0	0	89	0	10	11425	389156	36413	31	0	0	428875	382099	32812	0
603	-73	-2	15	40	14376	4700	124917	10	171	993689	7	5996	2	1	0	1986	28	0	3	547	0	5705	14376	601	0	0	0	0	89	0	10	11425	389156	36413	31	0	0	428825	382099	32812	0
602	-73	-2	15	40	14296	4698	124854	10	170	993563	7	5993	2	1	0	1984	28	0	3	544	0	5698	14296	601	0	0	0	0	89	0	10	11425	389156	36413	31	0	0	428775	382099	32812	0
601	-73	-2	15	40	14216	4698	124665	10	170	993437	7	5984	2	1	0	1982	28	0	3	544	0	5698	14216	601	0	0	0	0	89	0	10	11425	389156	36413	31	0	0	428725	382099	32812	0
600	-73	-2	15	40	14136	4698	124602	10	170	993311	7	5981	2	1	0	1980	28	0	3	544	0	5698	14136	601	0	0	0	0	89	0	10	11425	389156	36413	31	0	0	428675	382099	32812	0
599	-73	-2	15	40	13976	4698	124350	10	170	993122	7	5969	2	1	0	1977	28	0	3	544	0	5698	13976	601	0	0	0	0	89	0	10	11425	389156	36413	31	0	0	428575	382099	32812	0
598	-72	-2	15	40	13896	4696	124224	10	169	992996	7	5963	2	1	0	1975	28	0	3	541	0	5691	13896	601	0	0	0	0	89	0	10	11425	389156	36413	31	0	0	428525	382099	32812	0
597	-72	-2	15	40	13816	4696	124098	10	169	992870	7	5957	2	1	0	1973	28	0	3	541	0	5691	13816	601	0	0	0	0	89	0	10	11425	389156	36413	31	0	0	428475	382099	32812	0
596	-72	-2	15	40	13736	4696	123972	10	169	992744	7	5951	2	1	0	1971	28	0	3	541	0	5691	13736	601	0	0	0	0	89	0	10	11425	389156	36413	31	0	0	428425	382099	32812	0
595	-72	-2	15	40	13656	4696	123909	10	169	992618	7	5948	2	1	0	1969	28	0	3	541	0	5691	13656	601	0	0	0	0	89	0	10	11425	389156	36413	31	0	0	428375	382099	32812	0
594	-72	-2	15	40	13576	4696	123783	10	169	992492	7	5942	2	1	0	1967	28	0	3	541	0	5691	13576	601	0	0	0	0	89	0	10	11425	389156	36413	31	0	0	428325	382099	32812	0
593	-70	-2	15	40	13496	4694	123657	10	168	992366	7	5936	2	1	0	1965	28	0	3	538	0	5684	13496	601	0	0	0	0	89	0	10	11425	389156	36413	31	0	0	428275	382099	32812	0
592	-70	-2	15	40	13416	4694	123531	10	168	992240	7	5930	2	1	0	1963	28	0	3	538	0	5684	13416	601	0	0	0	0	89	0	10	11425	389156	36413	31	0	0	428225	382099	32812	0
591	-70	-2	15	40	13336	4694	123405	10	168	992177	7	5924	2	1	0	1962	28	0	3	538	0	5684	13336	601	0	0	0	0	89	0	10	11425	389156	36413	31	0	0	428175	382099	32812	0
590	-70	-2	15	40	13256	4694	123279	10	168	992051	7	5918	2	1	0	1960	28	0	3	538	0	5684	13256	601	0	0	0	0	89	0	10	11425	389156	36413	31	0	0	428125	382099	32812	0
589	-69	-2	15	40	13096	4692	123027	10	167	991799	7	5906	2	1	0	1956	28	0	3	535	0	5677	13096	601	0	0	0	0	89	0	10	11425	389156	36413	31	0	0	428025	382099	32812	0
588	-69	-2	15	40	13016	4692	122901	10	167	991673	7	5900	2	1	0	1954	28	0	3	535	0	5677	13016	601	0	0	0	0	89	0	10	11425	389156	36413	31	0	0	427975	382099	32812	0
587	-69	-2	15	40	12936	4692	122838	10	167	991547	7	5897	2	1	0	1952	28	0	3	535	0	5677	12936	601	0	0	0	0	89	0	10	11425	389156	36413	31	0	0	427925	382099	32812	0
586	-69	-2	15	40	12856	4692	122712	10	167	991484	7	5891	2	1	0	1951	28	0	3	535	0	5677	12856	601	0	0	0	0	89	0	10	11425	389156	36413	31	0	0	427875	382099	32812	0
585	-69	-2	15	40	12776	4692	122586	10	167	991358	7	5885	2	1	0	1949	28	0	3	535	0	5677	12776	601	0	0	0	0	89	0	10	11425	389156	36413	31	0	0	427825	382099	32812	0
584	-68	-2	15	40	12696	4690	122460	10	166	991232	7	5879	2	1	0	1947	28	0	3	532	0	5670	12696	601	0	0	0	0	89	0	10	11425	389156	36413	31	0	0	427775	382099	32812	0
583	-68	-2	15	40	12616	4690	122334	10	166	991106	7	5873	2	1	0	1945	28	0	3	532	0	5670	12616	601	0	0	0	0	89	0	10	11425	389156	36413	31	0	0	427725	382099	32812	0
582	-68	-2	15	40	12536	4690	122208	10	166	990980	7	5867	2	1	0	1943	28	0	3	532	0	5670	12536	601	0	0	0	0	89	0	10	11425	389156	36413	31	0	0	427675	382099	32812	0
581	-68	-2	15	40	12456	4690	122082	10	166	990854	7	5861	2	1	0	1941	28	0	3	532	0	5670	12456	601	0	0	0	0	89	0	10	11425	389156	36413	31	0	0	427625	382099	32812	0
580	-69	-2	15	40	12376	4688	122019	10	165	990728	7	5858	2	1	0	1939	28	0	3	529	0	5663	12376	601	0	0	0	0	89	0	10	11425	389156	36413	31	0	0	427575	382099	32812	0
579	-69	-2	15	40	12216	4688	121767	10	165	990476	7	5846	2	1	0	1935	28	0	3	529	0	5663	12216	601	0	0	0	0	89	0	10	11425	389156	36413	31	0	0	427475	382099	32812	0
578	-69	-2	15	40	12136	4688	121641	10	165	990413	7	5840	2	1	0	1934	28	0	3	529	0	5663	12136	601	0	0	0	0	89	0	10	11425	389156	36413	31	0	0	427425	382099	32812	0
577	-69	-2	15	40	12056	4688	121515	10	165	990287	7	5834	2	1	0	1932	28	0	3	529	0	5663	12056	601	0	0	0	0	89	0	10	11425	389156	36413	31	0	0	427375	382099	32812	0
576	-69	-2	15	40	11976	4686	121389	10	164	990161	7	5828	2	1	0	1930	28	0	3	526	0	5656	11976	601	0	0	0	0	89	0	10	11425	389156	36413	31	0	0	427325	382099	32812	0
575	-69	-2	15	40	11896	4686	121263	10	164	990035	7	5822	2	1	0	1928	28	0	3	526	0	5656	11896	601	0	0	0	0	89	0	10	11425	389156	36413	31	0	0	427275	382099	32812	0
574	-69	-2	15	40	11816	4686	121137	10	164	989909	7	5816	2	1	0	1926	28	0	3	526	0	5656	11816	601	0	0	0	0	89	0	10	11425	389156	36413	31	0	0	427225	382099	32812	0
573	-69	-2	15	40	11736	4686	121074	10	164	989783	7	5813	2	1	0	1924	28	0	3	526	0	5656	11736	601	0	0	0	0	89	0	10	11425	389156	36413	31	0	0	427175	382099	32812	0
572	-69	-2	15	40	11656	4686	120948	10	164	989657	7	5807	2	1	0	1922	28	0	3	526	0	5656	11656	601	0	0	0	0	89	0	10	11425	389156	36413	31	0	0	427125	382099	32812	0
571	-69	-2	15	40	11576	4684	120822	10	163	989531	7	5801	2	1	0	1920	28	0	3	523	0	5649	11576	601	0	0	0	0	89	0	10	11425	389156	36413	31	0	0	427075	382099	32812	0
570	-69	-2	15	40	11496	4684	120696	10	163	989405	7	5795	2	1	0	1918	28	0	3	523	0	5649	11496	601	0	0	0	0	89	0	10	11425	389156	36413	31	0	0	427025	382099	32812	0
569	-69	-2	15	40	11336	4684	120444	10	163	989216	7	5783	2	1	0	1915	28	0	3	523	0	5649	11336	601	0	0	0	0	89	0	10	11425	389156	36413	31	0	0	426925	382099	32812	0
568	-69	-2	15	40	11256	4684	120318	10	163	989090	7	5777	2	1	0	1913	28	0	3	523	0	5649	11256	601	0	0	0	0	89	0	10	11425	389156	36413	31	0	0	426875	382099	32812	0
567	-69	-2	15	40	11176	4682	120192	10	162	988964	7	5771	2	1	0	1911	28	0	3	520	0	5642	11176	601	0	0	0	0	89	0	10	11425	389156	36413	31	0	0	426825	382099	32812	0
566	-69	-2	15	40	11096	4682	120066	10	162	988838	7	5765	2	1	0	1909	28	0	3	520	0	5642	11096	601	0	0	0	0	89	0	10	11425	389156	36413	31	0	0	426775	382099	32812	0
565	-69	-2	15	40	11016	4682	120003	10	162	988712	7	5762	2	1	0	1907	28	0	3	520	0	5642	11016	601	0	0	0	0	89	0	10	11425	389156	36413	31	0	0	426725	382099	32812	0
564	-69	-2	15	40	10935	4682	119877	10	162	988586	7	5756	2	1	0	1905	28	0	3	520	0	5642	10935	601	0	0	0	0	89	0	10	11425	389156	36413	31	0	0	426674	382099	32812	0
563	-69	-2	15	40	10856	4682	119751	10	162	988523	7	5750	2	1	0	1904	28	0	3	520	0	5642	10856	601	0	0	0	0	89	0	10	11425	389156	36413	31	0	0	426625	382099	32812	0
562	-69	-2	15	40	10776	4680	119625	10	161	988397	7	5744	2	1	0	1902	28	0	3	517	0	5635	10776	601	0	0	0	0	89	0	10	11425	389156	36413	31	0	0	426575	382099	32812	0
561	-69	-2	15	40	10696	4680	119499	10	161	988271	7	5738	2	1	0	1900	28	0	3	517	0	5635	10696	601	0	0	0	0	89	0	10	11425	389156	36413	31	0	0	426525	382099	32812	0
560	-69	-2	15	40	10616	4680	119373	10	161	988145	7	5732	2	1	0	1898	28	0	3	517	0	5635	10616	601	0	0	0	0	89	0	10	11425	389156	36413	31	0	0	426475	382099	32812	0
559	-69	-2	15	40	10456	4678	119184	10	160	987893	7	5723	2	1	0	1894	28	0	3	514	0	5628	10456	601	0	0	0	0	89	0	10	11425	389156	36413	31	0	0	426375	382099	32812	0
558	-69	-2	15	40	10376	4678	118995	10	160	987767	7	5714	2	1	0	1892	28	0	3	514	0	5628	10376	601	0	0	0	0	89	0	10	11425	389156	36413	31	0	0	426325	382099	32812	0
557	-69	-2	15	40	10296	4678	118932	10	160	987641	7	5711	2	1	0	1890	28	0	3	514	0	5628	10296	601	0	0	0	0	89	0	10	11425	389156	36413	31	0	0	426275	382099	32812	0
556	-69	-2	15	40	10216	4678	118806	10	160	987578	7	5705	2	1	0	1889	28	0	3	514	0	5628	10216	601	0	0	0	0	89	0	10	11425	389156	36413	31	0	0	426225	382099	32812	0
555	-69	-2	15	40	10136	4678	118680	10	160	987452	7	5699	2	1	0	1887	28	0	3	514	0	5628	10136	601	0	0	0	0	89	0	10	11425	389156	36413	31	0	0	426175	382099	32812	0
554	-69	-2	15	40	10056	4676	118554	10	159	987326	7	5693	2	1	0	1885	28	0	3	511	0	5621	10056	601	0	0	0	0	89	0	10	11425	389156	36413	31	0	0	426125	382099	32812	0
553	-69	-2	15	40	9976	4676	118428	10	159	987200	7	5687	2	1	0	1883	28	0	3	511	0	5621	9976	601	0	0	0	0	89	0	10	11425	389156	36413	31	0	0	426075	382099	32812	0
552	-69	-2	15	40	9896	4676	118302	10	159	987074	7	5681	2	1	0	1881	28	0	3	511	0	5621	9896	601	0	0	0	0	89	0	10	11425	389156	36413	31	0	0	426025	382099	32812	0
551	-69	-2	15	40	9816	4676	118239	10	159	986948	7	5678	2	1	0	1879	28	0	3	511	0	5621	9816	601	0	0	0	0	89	0	10	11425	389156	36413	31	0	0	425975	382099	32812	0
550	-69	-2	15	40	9736	4676	118113	10	159	986822	7	5672	2	1	0	1877	28	0	3	511	0	5621	9736	601	0	0	0	0	89	0	10	11425	389156	36413	31	0	0	425925	382099	32812	0
549	-69	-2	15	40	9576	4674	117861	10	158	986570	7	5660	2	1	0	1873	28	0	3	508	0	5614	9576	601	0	0	0	0	89	0	10	11425	389156	36413	31	0	0	425825	382099	32812	0
548	-69	-2	15	40	9496	4674	117735	10	158	986507	7	5654	2	1	0	1872	28	0	3	508	0	5614	9496	601	0	0	0	0	89	0	10	11425	389156	36413	31	0	0	425775	382099	32812	0
547	-69	-2	15	40	9416	4674	117609	10	158	986381	7	5648	2	1	0	1870	28	0	3	508	0	5614	9416	601	0	0	0	0	89	0	10	11425	389156	36413	31	0	0	425725	382099	32812	0
546	-69	-2	15	40	9336	4674	117483	10	158	986255	7	5642	2	1	0	1868	28	0	3	508	0	5614	9336	601	0	0	0	0	89	0	10	11425	389156	36413	31	0	0	425675	382099	32812	0
545	-69	-2	15	40	9256	4672	117357	10	157	986129	7	5636	2	1	0	1866	28	0	3	505	0	5607	9256	601	0	0	0	0	89	0	10	11425	389156	36413	31	0	0	425625	382099	32812	0
544	-69	-2	15	40	9176	4672	117231	10	157	986003	7	5630	2	1	0	1864	28	0	3	505	0	5607	9176	601	0	0	0	0	89	0	10	11425	389156	36413	31	0	0	425575	382099	32812	0
543	-69	-2	15	40	9096	4672	117168	10	157	985877	7	5627	2	1	0	1862	28	0	3	505	0	5607	9096	601	0	0	0	0	89	0	10	11425	389156	36413	31	0	0	425525	382099	32812	0
542	-69	-2	15	40	9015	4672	117042	10	157	985751	7	5621	2	1	0	1860	28	0	3	505	0	5607	9015	601	0	0	0	0	89	0	10	11425	389156	36413	31	0	0	425474	382099	32812	0
541	-69	-2	15	40	8936	4672	116916	10	157	985688	7	5615	2	1	0	1859	28	0	3	505	0	5607	8936	601	0	0	0	0	89	0	10	11425	389156	36413	31	0	0	425425	382099	32812	0
540	-69	-2	15	40	8856	4670	116790	10	156	985562	7	5609	2	1	0	1857	28	0	3	502	0	5600	8856	601	0	0	0	0	89	0	10	11425	389156	36413	31	0	0	425375	382099	32812	0
539	-69	-2	15	40	8696	4670	116538	10	156	985310	7	5597	2	1	0	1853	28	0	3	502	0	5600	8696	601	0	0	0	0	89	0	10	11425	389156	36413	31	0	0	425275	382099	32812	0
538	-69	-2	15	40	8616	4670	116412	10	156	985184	7	5591	2	1	0	1851	28	0	3	502	0	5600	8616	601	0	0	0	0	89	0	10	11425	389156	36413	31	0	0	425225	382099	32812	0
537	-69	-2	15	40	8536	4668	116349	10	155	985058	7	5588	2	1	0	1849	28	0	3	499	0	5593	8536	601	0	0	0	0	89	0	10	11425	389156	36413	31	0	0	425175	382099	32812	0
536	-69	-2	15	40	8456	4668	116160	10	155	984932	7	5579	2	1	0	1847	28	0	3	499	0	5593	8456	601	0	0	0	0	89	0	10	11425	389156	36413	31	0	0	425125	382099	32812	0
535	-69	-2	15	40	8376	4668	116097	10	155	984806	7	5576	2	1	0	1845	28	0	3	499	0	5593	8376	601	0	0	0	0	89	0	10	11425	389156	36413	31	0	0	425075	382099	32812	0
534	-69	-2	15	40	8296	4668	115971	10	155	984743	7	5570	2	1	0	1844	28	0	3	499	0	5593	8296	601	0	0	0	0	89	0	10	11425	389156	36413	31	0	0	425025	382099	32812	0
533	-69	-2	15	40	8216	4668	115845	10	155	984617	7	5564	2	1	0	1842	28	0	3	499	0	5593	8216	601	0	0	0	0	89	0	10	11425	389156	36413	31	0	0	424975	382099	32812	0
532	-69	-2	15	40	8136	4666	115719	10	154	984491	7	5558	2	1	0	1840	28	0	3	496	0	5586	8136	601	0	0	0	0	89	0	10	11425	389156	36413	31	0	0	424925	382099	32812	0
531	-69	-2	15	40	8056	4666	115593	10	154	984365	7	5552	2	1	0	1838	28	0	3	496	0	5586	8056	601	0	0	0	0	89	0	10	11425	389156	36413	31	0	0	424875	382099	32812	0
530	-69	-2	15	40	7896	4666	115404	10	154	984113	7	5543	2	1	0	1834	28	0	3	496	0	5586	7896	601	0	0	0	0	89	0	10	11425	389156	36413	31	0	0	424775	382099	32812	0
529	-69	-2	15	40	7816	4666	115278	10	154	983987	7	5537	2	1	0	1832	28	0	3	496	0	5586	7816	601	0	0	0	0	89	0	10	11425	389156	36413	31	0	0	424725	382099	32812	0
528	-69	-2	15	40	7736	4664	115152	10	153	983861	7	5531	2	1	0	1830	28	0	3	493	0	5579	7736	601	0	0	0	0	89	0	10	11425	389156	36413	31	0	0	424675	382099	32812	0
527	-69	-2	15	40	7655	4664	115026	10	153	983735	7	5525	2	1	0	1828	28	0	3	493	0	5579	7655	601	0	0	0	0	89	0	10	11425	389156	36413	31	0	0	424624	382099	32812	0
526	-69	-2	15	40	7576	4664	114900	10	153	983672	7	5519	2	1	0	1827	28	0	3	493	0	5579	7576	601	0	0	0	0	89	0	10	11425	389156	36413	31	0	0	424575	382099	32812	0
525	-69	-2	15	40	7496	4664	114774	10	153	983546	7	5513	2	1	0	1825	28	0	3	493	0	5579	7496	601	0	0	0	0	89	0	10	11425	389156	36413	31	0	0	424525	382099	32812	0
524	-69	-2	15	40	7416	4664	114648	10	153	983420	7	5507	2	1	0	1823	28	0	3	493	0	5579	7416	601	0	0	0	0	89	0	10	11425	389156	36413	31	0	0	424475	382099	32812	0
523	-69	-2	15	40	7336	4662	114522	10	152	983294	7	5501	2	1	0	1821	28	0	3	490	0	5572	7336	601	0	0	0	0	89	0	10	11425	389156	36413	31	0	0	424425	382099	32812	0
522	-69	-2	15	40	7256	4662	114396	10	152	983168	7	5495	2	1	0	1819	28	0	3	490	0	5572	7256	601	0	0	0	0	89	0	10	11425	389156	36413	31	0	0	424375	382099	32812	0
521	-69	-2	15	40	7176	4662	114333	10	152	983042	7	5492	2	1	0	1817	28	0	3	490	0	5572	7176	601	0	0	0	0	89	0	10	11425	389156	36413	31	0	0	424325	382099	32812	0
520	-69	-2	15	40	7016	4662	114081	10	152	982853	7	5480	2	1	0	1814	28	0	3	490	0	5572	7016	601	0	0	0	0	89	0	10	11425	389156	36413	31	0	0	424225	382099	32812	0
519	-69	-2	15	40	6936	4660	113955	10	151	982727	7	5474	2	1	0	1812	28	0	3	487	0	5565	6936	601	0	0	0	0	89	0	10	11425	389156	36413	31	0	0	424175	382099	32812	0
518	-69	-2	15	40	6856	4660	113829	10	151	982601	7	5468	2	1	0	1810	28	0	3	487	0	5565	6856	601	0	0	0	0	89	0	10	11425	389156	36413	31	0	0	424125	382099	32812	0
517	-69	-2	15	40	6776	4660	113703	10	151	982475	7	5462	2	1	0	1808	28	0	3	487	0	5565	6776	601	0	0	0	0	89	0	10	11425	389156	36413	31	0	0	424075	382099	32812	0
516	-69	-2	15	40	6696	4660	113577	10	151	982349	7	5456	2	1	0	1806	28	0	3	487	0	5565	6696	601	0	0	0	0	89	0	10	11425	389156	36413	31	0	0	424025	382099	32812	0
515	-69	-2	15	40	6616	4658	113514	10	150	982223	7	5453	2	1	0	1804	28	0	3	484	0	5558	6616	601	0	0	0	0	89	0	10	11425	389156	36413	31	0	0	423975	382099	32812	0
514	-69	-2	15	40	6536	4658	113325	10	150	982097	7	5444	2	1	0	1802	28	0	3	484	0	5558	6536	601	0	0	0	0	89	0	10	11425	389156	36413	31	0	0	423925	382099	32812	0
513	-69	-2	15	40	6456	4658	113262	10	150	981971	7	5441	2	1	0	1800	28	0	3	484	0	5558	6456	601	0	0	0	0	89	0	10	11425	389156	36413	31	0	0	423875	382099	32812	0
512	-69	-2	15	40	6376	4658	113136	10	150	981908	7	5435	2	1	0	1799	28	0	3	484	0	5558	6376	601	0	0	0	0	89	0	10	11425	389156	36413	31	0	0	423825	382099	32812	0
511	-69	-2	15	40	6296	4658	113010	10	150	981782	7	5429	2	1	0	1797	28	0	3	484	0	5558	6296	601	0	0	0	0	89	0	10	11425	389156	36413	31	0	0	423775	382099	32812	0
510	-69	-2	15	40	6136	4656	112758	10	149	981530	7	5417	2	1	0	1793	28	0	3	481	0	5551	6136	601	0	0	0	0	89	0	10	11425	389156	36413	31	0	0	423675	382099	32812	0
509	-69	-2	15	40	6056	4656	112632	10	149	981404	7	5411	2	1	0	1791	28	0	3	481	0	5551	6056	601	0	0	0	0	89	0	10	11425	389156	36413	31	0	0	423625	382099	32812	0
508	-69	-2	15	40	5976	4656	112569	10	149	981278	7	5408	2	1	0	1789	28	0	3	481	0	5551	5976	601	0	0	0	0	89	0	10	11425	389156	36413	31	0	0	423575	382099	32812	0
507	-69	-2	15	40	5896	4656	112443	10	149	981152	7	5402	2	1	0	1787	28	0	3	481	0	5551	5896	601	0	0	0	0	89	0	10	11425	389156	36413	31	0	0	423525	382099	32812	0
506	-69	-2	15	40	5816	4654	112317	10	148	981026	7	5396	2	1	0	1785	28	0	3	478	0	5544	5816	601	0	0	0	0	89	0	10	11425	389156	36413	31	0	0	423475	382099	32812	0
505	-69	-2	15	40	5736	4654	112191	10	148	980900	7	5390	2	1	0	1783	28	0	3	478	0	5544	5736	601	0	0	0	0	89	0	10	11425	389156	36413	31	0	0	423425	382099	32812	0
504	-69	-2	15	40	5656	4654	112065	10	148	980837	7	5384	2	1	0	1782	28	0	3	478	0	5544	5656	601	0	0	0	0	89	0	10	11425	389156	36413	31	0	0	423375	382099	32812	0
503	-69	-2	15	40	5576	4654	111939	10	148	980711	7	5378	2	1	0	1780	28	0	3	478	0	5544	5576	601	0	0	0	0	89	0	10	11425	389156	36413	31	0	0	423325	382099	32812	0
502	-69	-2	15	40	5496	4654	111813	10	148	980585	7	5372	2	1	0	1778	28	0	3	478	0	5544	5496	601	0	0	0	0	89	0	10	11425	389156	36413	31	0	0	423275	382099	32812	0
501	-69	-2	15	40	5416	4652	111687	10	147	980459	7	5366	2	1	0	1776	28	0	3	475	0	5537	5416	601	0	0	0	0	89	0	10	11425	389156	36413	31	0	0	423225	382099	32812	0
500	-69	-2	15	40	5256	4652	111498	10	147	980207	7	5357	2	1	0	1772	28	0	3	475	0	5537	5256	601	0	0	0	0	89	0	10	11425	389156	36413	31	0	0	423125	382099	32812	0
499	-69	-2	15	40	5175	4652	111372	10	147	980081	7	5351	2	1	0	1770	28	0	3	475	0	5537	5175	601	0	0	0	0	89	0	10	11425	389156	36413	31	0	0	423074	382099	32812	0
498	-69	-2	15	40	5095	4652	111246	10	147	980018	7	5345	2	1	0	1769	28	0	3	475	0	5537	5095	601	0	0	0	0	89	0	10	11425	389156	36413	31	0	0	423024	382099	32812	0
497	-69	-2	15	40	5015	4650	111120	10	146	979829	7	5339	2	1	0	1766	28	0	3	472	0	5530	5015	601	0	0	0	0	89	0	10	11425	389156	36413	31	0	0	422974	382099	32812	0
496	-69	-2	15	40	4935	4650	110994	10	146	979766	7	5333	2	1	0	1765	28	0	3	472	0	5530	4935	601	0	0	0	0	89	0	10	11425	389156	36413	31	0	0	422924	382099	32812	0
495	-69	-2	15	40	4856	4650	110868	10	146	979640	7	5327	2	1	0	1763	28	0	3	472	0	5530	4856	601	0	0	0	0	89	0	10	11425	389156	36413	31	0	0	422875	382099	32812	0
494	-69	-2	15	40	4775	4650	110742	10	146	979514	7	5321	2	1	0	1761	28	0	3	472	0	5530	4775	601	0	0	0	0	89	0	10	11425	389156	36413	31	0	0	422824	382099	32812	0
493	-69	-2	15	40	4696	4648	110679	10	145	979388	7	5318	2	1	0	1759	28	0	3	469	0	5523	4696	601	0	0	0	0	89	0	10	11425	389156	36413	31	0	0	422775	382099	32812	0
492	-69	-2	15	40	4616	4648	110490	10	145	979262	7	5309	2	1	0	1757	28	0	3	469	0	5523	4616	601	0	0	0	0	89	0	10	11425	389156	36413	31	0	0	422725	382099	32812	0
491	-69	-2	15	40	4536	4648	110427	10	145	979136	7	5306	2	1	0	1755	28	0	3	469	0	5523	4536	601	0	0	0	0	89	0	10	11425	389156	36413	31	0	0	422675	382099	32812	0
490	-69	-2	15	40	4375	4648	110175	10	145	978947	7	5294	2	1	0	1752	28	0	3	469	0	5523	4375	601	0	0	0	0	89	0	10	11425	389156	36413	31	0	0	422574	382099	32812	0
489	-69	-2	15	40	4295	4646	110049	10	144	978821	7	5288	2	1	0	1750	28	0	3	466	0	5516	4295	601	0	0	0	0	89	0	10	11425	389156	36413	31	0	0	422524	382099	32812	0
488	-69	-2	15	40	4216	4646	109923	10	144	978695	7	5282	2	1	0	1748	28	0	3	466	0	5516	4216	601	0	0	0	0	89	0	10	11425	389156	36413	31	0	0	422475	382099	32812	0
487	-69	-2	15	40	4136	4646	109797	10	144	978569	7	5276	2	1	0	1746	28	0	3	466	0	5516	4136	601	0	0	0	0	89	0	10	11425	389156	36413	31	0	0	422425	382099	32812	0
486	-69	-2	15	40	4054	4646	109671	10	144	978443	7	5270	2	1	0	1744	28	0	3	466	0	5516	4054	601	0	0	0	0	89	0	10	11425	389156	36413	31	0	0	422373	382099	32812	0
485	-69	-2	15	40	3976	4646	109608	10	144	978317	7	5267	2	1	0	1742	28	0	3	466	0	5516	3976	601	0	0	0	0	89	0	10	11425	389156	36413	31	0	0	422325	382099	32812	0
484	-69	-2	15	40	3895	4644	109419	10	143	978191	7	5258	2	1	0	1740	28	0	3	463	0	5509	3895	601	0	0	0	0	89	0	10	11425	389156	36413	31	0	0	422274	382099	32812	0
483	-69	-2	15	40	3816	4644	109356	10	143	978065	7	5255	2	1	0	1738	28	0	3	463	0	5509	3816	601	0	0	0	0	89	0	10	11425	389156	36413	31	0	0	422225	382099	32812	0
482	-69	-2	15	40	3736	4644	109230	10	143	978002	7	5249	2	1	0	1737	28	0	3	463	0	5509	3736	601	0	0	0	0	89	0	10	11425	389156	36413	31	0	0	422175	382099	32812	0
481	-69	-2	15	40	3656	4644	109104	10	143	977876	7	5243	2	1	0	1735	28	0	3	463	0	5509	3656	601	0	0	0	0	89	0	10	11425	389156	36413	31	0	0	422125	382099	32812	0
480	-69	-2	15	40	3496	4642	108852	10	142	977624	7	5231	2	1	0	1731	28	0	3	460	0	5502	3496	601	0	0	0	0	89	0	10	11425	389156	36413	31	0	0	422025	382099	32812	0
479	-69	-2	15	40	3416	4642	108726	10	142	977498	7	5225	2	1	0	1729	28	0	3	460	0	5502	3416	601	0	0	0	0	89	0	10	11425	389156	36413	31	0	0	421975	382099	32812	0
478	-69	-2	15	40	3336	4642	108663	10	142	977372	7	5222	2	1	0	1727	28	0	3	460	0	5502	3336	601	0	0	0	0	89	0	10	11425	389156	36413	31	0	0	421925	382099	32812	0
477	-69	-2	15	40	3255	4642	108537	10	142	977246	7	5216	2	1	0	1725	28	0	3	460	0	5502	3255	601	0	0	0	0	89	0	10	11425	389156	36413	31	0	0	421874	382099	32812	0
476	-69	-2	15	40	3176	4642	108411	10	142	977183	7	5210	2	1	0	1724	28	0	3	460	0	5502	3176	601	0	0	0	0	89	0	10	11425	389156	36413	31	0	0	421825	382099	32812	0
475	-69	-2	15	40	3095	4640	108285	10	141	976994	7	5204	2	1	0	1721	28	0	3	457	0	5495	3095	601	0	0	0	0	89	0	10	11425	389156	36413	31	0	0	421774	382099	32812	0
474	-69	-2	15	40	3016	4640	108159	10	141	976931	7	5198	2	1	0	1720	28	0	3	457	0	5495	3016	601	0	0	0	0	89	0	10	11425	389156	36413	31	0	0	421725	382099	32812	0
473	-69	-2	15	40	2936	4640	108033	10	141	976805	7	5192	2	1	0	1718	28	0	3	457	0	5495	2936	601	0	0	0	0	89	0	10	11425	389156	36413	31	0	0	421675	382099	32812	0
472	-69	-2	15	40	2855	4640	107907	10	141	976679	7	5186	2	1	0	1716	28	0	3	457	0	5495	2855	601	0	0	0	0	89	0	10	11425	389156	36413	31	0	0	421624	382099	32812	0
471	-69	-2	15	40	2776	4638	107844	10	140	976553	7	5183	2	1	0	1714	28	0	3	454	0	5488	2776	601	0	0	0	0	89	0	10	11425	389156	36413	31	0	0	421575	382099	32812	0
470	-69	-2	15	40	2616	4638	107592	10	140	976301	7	5171	2	1	0	1710	28	0	3	454	0	5488	2616	601	0	0	0	0	89	0	10	11425	389156	36413	31	0	0	421475	382099	32812	0
469	-69	-2	15	40	2535	4638	107466	10	140	976238	7	5165	2	1	0	1709	28	0	3	454	0	5488	2535	601	0	0	0	0	89	0	10	11425	389156	36413	31	0	0	421424	382099	32812	0
468	-69	-2	15	40	2455	4638	107340	10	140	976112	7	5159	2	1	0	1707	28	0	3	454	0	5488	2455	601	0	0	0	0	89	0	10	11425	389156	36413	31	0	0	421374	382099	32812	0
467	-69	-2	15	40	2375	4636	107214	10	139	975986	7	5153	2	1	0	1705	28	0	3	451	0	5481	2375	601	0	0	0	0	89	0	10	11425	389156	36413	31	0	0	421324	382099	32812	0
466	-69	-2	15	40	2295	4636	107088	10	139	975860	7	5147	2	1	0	1703	28	0	3	451	0	5481	2295	601	0	0	0	0	89	0	10	11425	389156	36413	31	0	0	421274	382099	32812	0
465	-69	-2	15	40	2215	4636	106962	10	139	975734	7	5141	2	1	0	1701	28	0	3	451	0	5481	2215	601	0	0	0	0	89	0	10	11425	389156	36413	31	0	0	421224	382099	32812	0
464	-69	-2	15	40	2135	4636	106836	10	139	975608	7	5135	2	1	0	1699	28	0	3	451	0	5481	2135	601	0	0	0	0	89	0	10	11425	389156	36413	31	0	0	421174	382099	32812	0
463	-69	-2	15	40	2056	4636	106773	10	139	975482	7	5132	2	1	0	1697	28	0	3	451	0	5481	2056	601	0	0	0	0	89	0	10	11425	389156	36413	31	0	0	421125	382099	32812	0
462	-69	-2	15	40	1976	4634	106647	10	138	975356	7	5126	2	1	0	1695	28	0	3	448	0	5474	1976	601	0	0	0	0	89	0	10	11425	389156	36413	31	0	0	421075	382099	32812	0
461	-69	-2	15	40	1896	4634	106521	10	138	975230	7	5120	2	1	0	1693	28	0	3	448	0	5474	1896	601	0	0	0	0	89	0	10	11425	389156	36413	31	0	0	421025	382099	32812	0
460	-69	-2	15	40	1736	4634	106269	10	138	975041	7	5108	2	1	0	1690	28	0	3	448	0	5474	1736	601	0	0	0	0	89	0	10	11425	389156	36413	31	0	0	420925	382099	32812	0
459	-69	-2	15	40	1655	4634	106143	10	138	974915	7	5102	2	1	0	1688	28	0	3	448	0	5474	1655	601	0	0	0	0	89	0	10	11425	389156	36413	31	0	0	420874	382099	32812	0
458	-69	-2	15	40	1576	4632	106017	10	137	974789	7	5096	2	1	0	1686	28	0	3	445	0	5467	1576	601	0	0	0	0	89	0	10	11425	389156	36413	31	0	0	420825	382099	32812	0
457	-69	-2	15	40	1495	4632	105891	10	137	974663	7	5090	2	1	0	1684	28	0	3	445	0	5467	1495	601	0	0	0	0	89	0	10	11425	389156	36413	31	0	0	420774	382099	32812	0
456	-69	-2	15	40	1415	4632	105828	10	137	974537	7	5087	2	1	0	1682	28	0	3	445	0	5467	1415	601	0	0	0	0	89	0	10	11425	389156	36413	31	0	0	420724	382099	32812	0
455	-69	-2	15	40	1335	4632	105702	10	137	974411	7	5081	2	1	0	1680	28	0	3	445	0	5467	1335	601	0	0	0	0	89	0	10	11425	389156	36413	31	0	0	420674	382099	32812	0
454	-69	-2	15	40	1256	4632	105576	10	137	974348	7	5075	2	1	0	1679	28	0	3	445	0	5467	1256	601	0	0	0	0	89	0	10	11425	389156	36413	31	0	0	420625	382099	32812	0
453	-69	-2	15	40	1175	4630	105450	10	136	974159	7	5069	2	1	0	1676	28	0	3	442	0	5460	1175	601	0	0	0	0	89	0	10	11425	389156	36413	31	0	0	420574	382099	32812	0
452	-69	-2	15	40	1096	4630	105324	10	136	974096	7	5063	2	1	0	1675	28	0	3	442	0	5460	1096	601	0	0	0	0	89	0	10	11425	389156	36413	31	0	0	420525	382099	32812	0
451	-69	-2	15	40	1016	4630	105198	10	136	973970	7	5057	2	1	0	1673	28	0	3	442	0	5460	1016	601	0	0	0	0	89	0	10	11425	389156	36413	31	0	0	420475	382099	32812	0
450	-69	-2	15	40	856	4628	105009	10	135	973718	7	5048	2	1	0	1669	28	0	3	439	0	5453	856	601	0	0	0	0	89	0	10	11425	389156	36413	31	0	0	420375	382099	32812	0
449	-69	-2	15	40	776	4628	104820	10	135	973592	7	5039	2	1	0	1667	28	0	3	439	0	5453	776	601	0	0	0	0	89	0	10	11425	389156	36413	31	0	0	420325	382099	32812	0
448	-69	-2	15	40	696	4628	104757	10	135	973466	7	5036	2	1	0	1665	28	0	3	439	0	5453	696	601	0	0	0	0	89	0	10	11425	389156	36413	31	0	0	420275	382099	32812	0
447	-69	-2	15	40	616	4628	104631	10	135	973403	7	5030	2	1	0	1664	28	0	3	439	0	5453	616	601	0	0	0	0	89	0	10	11425	389156	36413	31	0	0	420225	382099	32812	0
446	-69	-2	15	40	536	4628	104505	10	135	973277	7	5024	2	1	0	1662	28	0	3	439	0	5453	536	601	0	0	0	0	89	0	10	11425	389156	36413	31	0	0	420175	382099	32812	0
445	-69	-2	15	40	456	4626	104379	10	134	973151	7	5018	2	1	0	1660	28	0	3	436	0	5446	456	601	0	0	0	0	89	0	10	11425	389156	36413	31	0	0	420125	382099	32812	0
444	-69	-2	15	40	375	4626	104253	10	134	973025	7	5012	2	1	0	1658	28	0	3	436	0	5446	375	601	0	0	0	0	89	0	10	11425	389156	36413	31	0	0	420074	382099	32812	0
443	-69	-2	15	40	296	4626	104127	10	134	972899	7	5006	2	1	0	1656	28	0	3	436	0	5446	296	601	0	0	0	0	89	0	10	11425	389156	36413	31	0	0	420025	382099	32812	0
442	-69	-2	15	40	216	4626	104064	10	134	972773	7	5003	2	1	0	1654	28	0	3	436	0	5446	216	601	0	0	0	0	89	0	10	11425	389156	36413	31	0	0	419975	382099	32812	0
441	-69	-2	15	40	56	4624	103812	10	133	972521	7	4991	2	1	0	1650	28	0	3	433	0	5439	56	601	0	0	0	0	89	0	10	11425	389156	36413	31	0	0	419875	382099	32812	0
440	-69	-2	15	40	16360	4624	103686	10	133	972395	7	4985	2	1	0	1648	28	0	3	433	0	5439	16360	601	0	0	0	0	89	0	10	11425	389156	36413	31	0	0	419825	382099	32812	0
439	-69	-2	15	40	16280	4624	103560	10	133	972332	7	4979	2	1	0	1647	28	0	3	433	0	5439	16280	601	0	0	0	0	89	0	10	11425	389156	36413	31	0	0	419775	382099	32812	0
438	-69	-2	15	40	16200	4624	103434	10	133	972206	7	4973	2	1	0	1645	28	0	3	433	0	5439	16200	601	0	0	0	0	89	0	10	11425	389156	36413	31	0	0	419725	382099	32812	0
437	-69	-2	15	40	16120	4624	103308	10	133	972080	7	4967	2	1	0	1643	28	0	3	433	0	5439	16120	601	0	0	0	0	89	0	10	11425	389156	36413	31	0	0	419675	382099	32812	0
436	-69	-2	15	40	16039	4622	103182	10	132	971954	7	4961	2	1	0	1641	28	0	3	430	0	5432	16039	601	0	0	0	0	89	0	10	11425	389156	36413	31	0	0	419624	382099	32812	0
435	-69	-2	15	40	15959	4622	103056	10	132	971828	7	4955	2	1	0	1639	28	0	3	430	0	5432	15959	601	0	0	0	0	89	0	10	11425	389156	36413	31	0	0	419574	382099	32812	0
434	-69	-2	15	40	15879	4622	102993	10	132	971702	7	4952	2	1	0	1637	28	0	3	430	0	5432	15879	601	0	0	0	0	89	0	10	11425	389156	36413	31	0	0	419524	382099	32812	0
433	-69	-2	15	40	15799	4622	102867	10	132	971576	7	4946	2	1	0	1635	28	0	3	430	0	5432	15799	601	0	0	0	0	89	0	10	11425	389156	36413	31	0	0	419474	382099	32812	0
432	-69	-2	15	40	15719	4622	102741	10	132	971513	7	4940	2	1	0	1634	28	0	3	430	0	5432	15719	601	0	0	0	0	89	0	10	11425	389156	36413	31	0	0	419424	382099	32812	0
431	-69	-2	15	40	15560	4620	102489	10	131	971261	7	4928	2	1	0	1630	28	0	3	427	0	5425	15560	601	0	0	0	0	89	0	10	11425	389156	36413	31	0	0	419325	382099	32812	0
430	-69	-2	15	40	15479	4620	102363	10	131	971135	7	4922	2	1	0	1628	28	0	3	427	0	5425	15479	601	0	0	0	0	89	0	10	11425	389156	36413	31	0	0	419274	382099	32812	0
429	-69	-2	15	40	15400	4620	102237	10	131	971009	7	4916	2	1	0	1626	28	0	3	427	0	5425	15400	601	0	0	0	0	89	0	10	11425	389156	36413	31	0	0	419225	382099	32812	0
428	-69	-2	15	40	15319	4618	102174	10	130	970883	7	4913	2	1	0	1624	28	0	3	424	0	5418	15319	601	0	0	0	0	89	0	10	11425	389156	36413	31	0	0	419174	382099	32812	0
427	-69	-2	15	40	15239	4618	101985	10	130	970757	7	4904	2	1	0	1622	28	0	3	424	0	5418	15239	601	0	0	0	0	89	0	10	11425	389156	36413	31	0	0	419124	382099	32812	0
426	-69	-2	15	40	15160	4618	101922	10	130	970631	7	4901	2	1	0	1620	28	0	3	424	0	5418	15160	601	0	0	0	0	89	0	10	11425	389156	36413	31	0	0	419075	382099	32812	0
425	-69	-2	15	40	15079	4618	101796	10	130	970568	7	4895	2	1	0	1619	28	0	3	424	0	5418	15079	601	0	0	0	0	89	0	10	11425	389156	36413	31	0	0	419024	382099	32812	0
424	-69	-2	15	40	14999	4618	101670	10	130	970442	7	4889	2	1	0	1617	28	0	3	424	0	5418	14999	601	0	0	0	0	89	0	10	11425	389156	36413	31	0	0	418974	382099	32812	0
423	-69	-2	15	40	14919	4616	101544	10	129	970316	7	4883	2	1	0	1615	28	0	3	421	0	5411	14919	601	0	0	0	0	89	0	10	11425	389156	36413	31	0	0	418924	382099	32812	0
422	-69	-2	15	40	14840	4616	101418	10	129	970190	7	4877	2	1	0	1613	28	0	3	421	0	5411	14840	601	0	0	0	0	89	0	10	11425	389156	36413	31	0	0	418875	382099	32812	0
421	-69	-2	15	40	14680	4616	101229	10	129	969938	7	4868	2	1	0	1609	28	0	3	421	0	5411	14680	601	0	0	0	0	89	0	10	11425	389156	36413	31	0	0	418775	382099	32812	0
420	-69	-2	15	40	14599	4616	101103	10	129	969812	7	4862	2	1	0	1607	28	0	3	421	0	5411	14599	601	0	0	0	0	89	0	10	11425	389156	36413	31	0	0	418724	382099	32812	0
419	-69	-2	15	40	14520	4614	100977	10	128	969686	7	4856	2	1	0	1605	28	0	3	418	0	5404	14520	601	0	0	0	0	89	0	10	11425	389156	36413	31	0	0	418675	382099	32812	0
418	-69	-2	15	40	14440	4614	100851	10	128	969560	7	4850	2	1	0	1603	28	0	3	418	0	5404	14440	601	0	0	0	0	89	0	10	11425	389156	36413	31	0	0	418625	382099	32812	0
417	-69	-2	15	40	14359	4614	100725	10	128	969497	7	4844	2	1	0	1602	28	0	3	418	0	5404	14359	601	0	0	0	0	89	0	10	11425	389156	36413	31	0	0	418574	382099	32812	0
416	-69	-2	15	40	14279	4614	100599	10	128	969371	7	4838	2	1	0	1600	28	0	3	418	0	5404	14279	601	0	0	0	0	89	0	10	11425	389156	36413	31	0	0	418524	382099	32812	0
415	-69	-2	15	40	14199	4614	100473	10	128	969245	7	4832	2	1	0	1598	28	0	3	418	0	5404	14199	601	0	0	0	0	89	0	10	11425	389156	36413	31	0	0	418474	382099	32812	0
414	-69	-2	15	40	14120	4612	100347	10	127	969119	7	4826	2	1	0	1596	28	0	3	415	0	5397	14120	601	0	0	0	0	89	0	10	11425	389156	36413	31	0	0	418425	382099	32812	0
413	-69	-2	15	40	14040	4612	100221	10	127	968993	7	4820	2	1	0	1594	28	0	3	415	0	5397	14040	601	0	0	0	0	89	0	10	11425	389156	36413	31	0	0	418375	382099	32812	0
412	-69	-2	15	40	13960	4612	100158	10	127	968867	7	4817	2	1	0	1592	28	0	3	415	0	5397	13960	601	0	0	0	0	89	0	10	11425	389156	36413	31	0	0	418325	382099	32812	0
411	-69	-2	15	40	13799	4612	99906	10	127	968678	7	4805	2	1	0	1589	28	0	3	415	0	5397	13799	601	0	0	0	0	89	0	10	11425	389156	36413	31	0	0	418224	382099	32812	0
410	-69	-2	15	40	13719	4610	99780	10	126	968489	7	4799	2	1	0	1586	28	0	3	412	0	5390	13719	601	0	0	0	0	89	0	10	11425	389156	36413	31	0	0	418174	382099	32812	0
409	-69	-2	15	40	13639	4610	99654	10	126	968426	7	4793	2	1	0	1585	28	0	3	412	0	5390	13639	601	0	0	0	0	89	0	10	11425	389156	36413	31	0	0	418124	382099	32812	0
408	-69	-2	15	40	13559	4610	99528	10	126	968300	7	4787	2	1	0	1583	28	0	3	412	0	5390	13559	601	0	0	0	0	89	0	10	11425	389156	36413	31	0	0	418074	382099	32812	0
407	-69	-2	15	40	13479	4610	99402	10	126	968174	7	4781	2	1	0	1581	28	0	3	412	0	5390	13479	601	0	0	0	0	89	0	10	11425	389156	36413	31	0	0	418024	382099	32812	0
406	-69	-2	15	40	13399	4608	99339	10	125	968048	7	4778	2	1	0	1579	28	0	3	409	0	5383	13399	601	0	0	0	0	89	0	10	11425	389156	36413	31	0	0	417974	382099	32812	0
405	-69	-2	15	40	13319	4608	99150	10	125	967922	7	4769	2	1	0	1577	28	0	3	409	0	5383	13319	601	0	0	0	0	89	0	10	11425	389156	36413	31	0	0	417924	382099	32812	0
404	-69	-2	15	40	13239	4608	99087	10	125	967796	7	4766	2	1	0	1575	28	0	3	409	0	5383	13239	601	0	0	0	0	89	0	10	11425	389156	36413	31	0	0	417874	382099	32812	0
403	-69	-2	15	40	13159	4608	98961	10	125	967733	7	4760	2	1	0	1574	28	0	3	409	0	5383	13159	601	0	0	0	0	89	0	10	11425	389156	36413	31	0	0	417824	382099	32812	0
402	-69	-2	15	40	13079	4608	98835	10	125	967607	7	4754	2	1	0	1572	28	0	3	409	0	5383	13079	601	0	0	0	0	89	0	10	11425	389156	36413	31	0	0	417774	382099	32812	0
401	-69	-2	15	40	12919	4606	98583	10	124	967355	7	4742	2	1	0	1568	28	0	3	406	0	5376	12919	601	0	0	0	0	89	0	10	11425	389156	36413	31	0	0	417674	382099	32812	0
400	-69	-2	15	40	12839	4606	98457	10	124	967229	7	4736	2	1	0	1566	28	0	3	406	0	5376	12839	601	0	0	0	0	89	0	10	11425	389156	36413	31	0	0	417624	382099	32812	0
399	-69	-2	15	40	12759	4606	98331	10	124	967103	7	4730	2	1	0	1564	28	0	3	406	0	5376	12759	601	0	0	0	0	89	0	10	11425	389156	36413	31	0	0	417574	382099	32812	0
398	-69	-2	15	40	12679	4606	98268	10	124	966977	7	4727	2	1	0	1562	28	0	3	406	0	5376	12679	601	0	0	0	0	89	0	10	11425	389156	36413	31	0	0	417524	382099	32812	0
397	-69	-2	15	40	12599	4604	98079	10	123	966851	7	4718	2	1	0	1560	28	0	3	403	0	5369	12599	601	0	0	0	0	89	0	10	11425	389156	36413	31	0	0	417474	382099	32812	0
396	-69	-2	15	40	12519	4604	98016	10	123	966725	7	4715	2	1	0	1558	28	0	3	403	0	5369	12519	601	0	0	0	0	89	0	10	11425	389156	36413	31	0	0	417424	382099	32812	0
395	-69	-2	15	40	12439	4604	97890	10	123	966662	7	4709	2	1	0	1557	28	0	3	403	0	5369	12439	601	0	0	0	0	89	0	10	11425	389156	36413	31	0	0	417374	382099	32812	0
394	-69	-2	15	40	12359	4604	97764	10	123	966536	7	4703	2	1	0	1555	28	0	3	403	0	5369	12359	601	0	0	0	0	89	0	10	11425	389156	36413	31	0	0	417324	382099	32812	0
393	-69	-2	15	40	12279	4604	97638	10	123	966410	7	4697	2	1	0	1553	28	0	3	403	0	5369	12279	601	0	0	0	0	89	0	10	11425	389156	36413	31	0	0	417274	382099	32812	0
392	-69	-2	15	40	12199	4602	97512	10	122	966284	7	4691	2	1	0	1551	28	0	3	400	0	5362	12199	601	0	0	0	0	89	0	10	11425	389156	36413	31	0	0	417224	382099	32812	0
391	-69	-2	15	40	12039	4602	97323	10	122	966032	7	4682	2	1	0	1547	28	0	3	400	0	5362	12039	601	0	0	0	0	89	0	10	11425	389156	36413	31	0	0	417124	382099	32812	0
390	-69	-2	15	40	11959	4602	97197	10	122	965906	7	4676	2	1	0	1545	28	0	3	400	0	5362	11959	601	0	0	0	0	89	0	10	11425	389156	36413	31	0	0	417074	382099	32812	0
389	-69	-2	15	40	11879	4602	97071	10	122	965843	7	4670	2	1	0	1544	28	0	3	400	0	5362	11879	601	0	0	0	0	89	0	10	11425	389156	36413	31	0	0	417024	382099	32812	0
388	-69	-2	15	40	11799	4600	96945	10	121	965654	7	4664	2	1	0	1541	28	0	3	397	0	5355	11799	601	0	0	0	0	89	0	10	11425	389156	36413	31	0	0	416974	382099	32812	0
387	-69	-2	15	40	11719	4600	96819	10	121	965591	7	4658	2	1	0	1540	28	0	3	397	0	5355	11719	601	0	0	0	0	89	0	10	11425	389156	36413	31	0	0	416924	382099	32812	0
386	-69	-2	15	40	11639	4600	96693	10	121	965465	7	4652	2	1	0	1538	28	0	3	397	0	5355	11639	601	0	0	0	0	89	0	10	11425	389156	36413	31	0	0	416874	382099	32812	0
385	-69	-2	15	40	11559	4600	96567	10	121	965339	7	4646	2	1	0	1536	28	0	3	397	0	5355	11559	601	0	0	0	0	89	0	10	11425	389156	36413	31	0	0	416824	382099	32812	0
384	-69	-2	15	40	11479	4598	96504	10	120	965213	7	4643	2	1	0	1534	28	0	3	394	0	5348	11479	601	0	0	0	0	89	0	10	11425	389156	36413	31	0	0	416774	382099	32812	0
383	-69	-2	15	40	11399	4598	96315	10	120	965087	7	4634	2	1	0	1532	28	0	3	394	0	5348	11399	601	0	0	0	0	89	0	10	11425	389156	36413	31	0	0	416724	382099	32812	0
382	-69	-2	15	40	11319	4598	96252	10	120	964961	7	4631	2	1	0	1530	28	0	3	394	0	5348	11319	601	0	0	0	0	89	0	10	11425	389156	36413	31	0	0	416674	382099	32812	0
381	-69	-2	15	40	11159	4598	96000	10	120	964772	7	4619	2	1	0	1527	28	0	3	394	0	5348	11159	601	0	0	0	0	89	0	10	11425	389156	36413	31	0	0	416574	382099	32812	0
380	-69	-2	15	40	11079	4596	95874	10	119	964646	7	4613	2	1	0	1525	28	0	3	391	0	5341	11079	601	0	0	0	0	89	0	10	11425	389156	36413	31	0	0	416524	382099	32812	0
379	-69	-2	15	40	10998	4596	95748	10	119	964520	7	4607	2	1	0	1523	28	0	3	391	0	5341	10998	601	0	0	0	0	89	0	10	11425	389156	36413	31	0	0	416473	382099	32812	0
378	-69	-2	15	40	10919	4596	95622	10	119	964394	7	4601	2	1	0	1521	28	0	3	391	0	5341	10919	601	0	0	0	0	89	0	10	11425	389156	36413	31	0	0	416424	382099	32812	0
377	-69	-2	15	40	10839	4596	95496	10	119	964268	7	4595	2	1	0	1519	28	0	3	391	0	5341	10839	601	0	0	0	0	89	0	10	11425	389156	36413	31	0	0	416374	382099	32812	0
376	-69	-2	15	40	10759	4596	95433	10	119	964142	7	4592	2	1	0	1517	28	0	3	391	0	5341	10759	601	0	0	0	0	89	0	10	11425	389156	36413	31	0	0	416324	382099	32812	0
375	-69	-2	15	40	10679	4594	95244	10	118	964016	7	4583	2	1	0	1515	28	0	3	388	0	5334	10679	601	0	0	0	0	89	0	10	11425	389156	36413	31	0	0	416274	382099	32812	0
374	-69	-2	15	40	10599	4594	95181	10	118	963890	7	4580	2	1	0	1513	28	0	3	388	0	5334	10599	601	0	0	0	0	89	0	10	11425	389156	36413	31	0	0	416224	382099	32812	0
373	-69	-2	15	40	10519	4594	95055	10	118	963827	7	4574	2	1	0	1512	28	0	3	388	0	5334	10519	601	0	0	0	0	89	0	10	11425	389156	36413	31	0	0	416174	382099	32812	0
372	-69	-2	15	40	10439	4594	94929	10	118	963701	7	4568	2	1	0	1510	28	0	3	388	0	5334	10439	601	0	0	0	0	89	0	10	11425	389156	36413	31	0	0	416124	382099	32812	0
371	-69	-2	15	40	10279	4592	94677	10	117	963449	7	4556	2	1	0	1506	28	0	3	385	0	5327	10279	601	0	0	0	0	89	0	10	11425	389156	36413	31	0	0	416024	382099	32812	0
370	-69	-2	15	40	10199	4592	94551	10	117	963323	7	4550	2	1	0	1504	28	0	3	385	0	5327	10199	601	0	0	0	0	89	0	10	11425	389156	36413	31	0	0	415974	382099	32812	0
369	-69	-2	15	40	10119	4592	94488	10	117	963197	7	4547	2	1	0	1502	28	0	3	385	0	5327	10119	601	0	0	0	0	89	0	10	11425	389156	36413	31	0	0	415924	382099	32812	0
368	-69	-2	15	40	10039	4592	94362	10	117	963071	7	4541	2	1	0	1500	28	0	3	385	0	5327	10039	601	0	0	0	0	89	0	10	11425	389156	36413	31	0	0	415874	382099	32812	0
367	-69	-2	15	40	9959	4592	94236	10	117	963008	7	4535	2	1	0	1499	28	0	3	385	0	5327	9959	601	0	0	0	0	89	0	10	11425	389156	36413	31	0	0	415824	382099	32812	0
366	-69	-2	15	40	9879	4590	94110	10	116	962819	7	4529	2	1	0	1496	28	0	3	382	0	5320	9879	601	0	0	0	0	89	0	10	11425	389156	36413	31	0	0	415774	382099	32812	0
365	-69	-2	15	40	9799	4590	93984	10	116	962756	7	4523	2	1	0	1495	28	0	3	382	0	5320	9799	601	0	0	0	0	89	0	10	11425	389156	36413	31	0	0	415724	382099	32812	0
364	-69	-2	15	40	9719	4590	93858	10	116	962630	7	4517	2	1	0	1493	28	0	3	382	0	5320	9719	601	0	0	0	0	89	0	10	11425	389156	36413	31	0	0	415674	382099	32812	0
363	-69	-2	15	40	9639	4590	93732	10	116	962504	7	4511	2	1	0	1491	28	0	3	382	0	5320	9639	601	0	0	0	0	89	0	10	11425	389156	36413	31	0	0	415624	382099	32812	0
362	-69	-2	15	40	9559	4588	93669	10	115	962378	7	4508	2	1	0	1489	28	0	3	379	0	5313	9559	601	0	0	0	0	89	0	10	11425	389156	36413	31	0	0	415574	382099	32812	0
361	-69	-2	15	40	9399	4588	93417	10	115	962126	7	4496	2	1	0	1485	28	0	3	379	0	5313	9399	601	0	0	0	0	89	0	10	11425	389156	36413	31	0	0	415474	382099	32812	0
360	-69	-2	15	40	9319	4588	93291	10	115	962063	7	4490	2	1	0	1484	28	0	3	379	0	5313	9319	601	0	0	0	0	89	0	10	11425	389156	36413	31	0	0	415424	382099	32812	0
359	-69	-2	15	40	9239	4588	93165	10	115	961937	7	4484	2	1	0	1482	28	0	3	379	0	5313	9239	601	0	0	0	0	89	0	10	11425	389156	36413	31	0	0	415374	382099	32812	0
358	-69	-2	15	40	9159	4586	93039	10	114	961811	7	4478	2	1	0	1480	28	0	3	376	0	5306	9159	601	0	0	0	0	89	0	10	11425	389156	36413	31	0	0	415324	382099	32812	0
357	-69	-2	15	40	9079	4586	92913	10	114	961685	7	4472	2	1	0	1478	28	0	3	376	0	5306	9079	601	0	0	0	0	89	0	10	11425	389156	36413	31	0	0	415274	382099	32812	0
356	-69	-2	15	40	8999	4586	92787	10	114	961559	7	4466	2	1	0	1476	28	0	3	376	0	5306	8999	601	0	0	0	0	89	0	10	11425	389156	36413	31	0	0	415224	382099	32812	0
355	-69	-2	15	40	8919	4586	92661	10	114	961433	7	4460	2	1	0	1474	28	0	3	376	0	5306	8919	601	0	0	0	0	89	0	10	11425	389156	36413	31	0	0	415174	382099	32812	0
354	-69	-2	15	40	8839	4586	92598	10	114	961307	7	4457	2	1	0	1472	28	0	3	376	0	5306	8839	601	0	0	0	0	89	0	10	11425	389156	36413	31	0	0	415124	382099	32812	0
353	-69	-2	15	40	8759	4584	92409	10	113	961181	7	4448	2	1	0	1470	28	0	3	373	0	5299	8759	601	0	0	0	0	89	0	10	11425	389156	36413	31	0	0	415074	382099	32812	0
352	-69	-2	15	40	8599	4584	92220	10	113	960992	7	4439	2	1	0	1467	28	0	3	373	0	5299	8599	601	0	0	0	0	89	0	10	11425	389156	36413	31	0	0	414974	382099	32812	0
351	-69	-2	15	40	8519	4584	92094	10	113	960866	7	4433	2	1	0	1465	28	0	3	373	0	5299	8519	601	0	0	0	0	89	0	10	11425	389156	36413	31	0	0	414924	382099	32812	0
350	-69	-2	15	40	8439	4584	91968	10	113	960740	7	4427	2	1	0	1463	28	0	3	373	0	5299	8439	601	0	0	0	0	89	0	10	11425	389156	36413	31	0	0	414874	382099	32812	0
349	-69	-2	15	40	8359	4582	91842	10	112	960614	7	4421	2	1	0	1461	28	0	3	370	0	5292	8359	601	0	0	0	0	89	0	10	11425	389156	36413	31	0	0	414824	382099	32812	0
348	-69	-2	15	40	8279	4582	91716	10	112	960488	7	4415	2	1	0	1459	28	0	3	370	0	5292	8279	601	0	0	0	0	89	0	10	11425	389156	36413	31	0	0	414774	382099	32812	0
347	-69	-2	15	40	8199	4582	91653	10	112	960362	7	4412	2	1	0	1457	28	0	3	370	0	5292	8199	601	0	0	0	0	89	0	10	11425	389156	36413	31	0	0	414724	382099	32812	0
346	-69	-2	15	40	8119	4582	91527	10	112	960236	7	4406	2	1	0	1455	28	0	3	370	0	5292	8119	601	0	0	0	0	89	0	10	11425	389156	36413	31	0	0	414674	382099	32812	0
345	-69	-2	15	40	8039	4582	91401	10	112	960173	7	4400	2	1	0	1454	28	0	3	370	0	5292	8039	601	0	0	0	0	89	0	10	11425	389156	36413	31	0	0	414624	382099	32812	0
344	-69	-2	15	40	7959	4580	91275	10	111	959984	7	4394	2	1	0	1451	28	0	3	367	0	5285	7959	601	0	0	0	0	89	0	10	11425	389156	36413	31	0	0	414574	382099	32812	0
343	-69	-2	15	40	7879	4580	91149	10	111	959921	7	4388	2	1	0	1450	28	0	3	367	0	5285	7879	601	0	0	0	0	89	0	10	11425	389156	36413	31	0	0	414524	382099	32812	0
342	-69	-2	15	40	7719	4580	90897	10	111	959669	7	4376	2	1	0	1446	28	0	3	367	0	5285	7719	601	0	0	0	0	89	0	10	11425	389156	36413	31	0	0	414424	382099	32812	0
341	-69	-2	15	40	7639	4578	90834	10	110	959543	7	4373	2	1	0	1444	28	0	3	364	0	5278	7639	601	0	0	0	0	89	0	10	11425	389156	36413	31	0	0	414374	382099	32812	0
340	-69	-2	15	40	7559	4578	90645	10	110	959417	7	4364	2	1	0	1442	28	0	3	364	0	5278	7559	601	0	0	0	0	89	0	10	11425	389156	36413	31	0	0	414324	382099	32812	0
339	-69	-2	15	40	7479	4578	90582	10	110	959291	7	4361	2	1	0	1440	28	0	3	364	0	5278	7479	601	0	0	0	0	89	0	10	11425	389156	36413	31	0	0	414274	382099	32812	0
338	-69	-2	15	40	7399	4578	90456	10	110	959228	7	4355	2	1	0	1439	28	0	3	364	0	5278	7399	601	0	0	0	0	89	0	10	11425	389156	36413	31	0	0	414224	382099	32812	0
337	-69	-2	15	40	7319	4578	90330	10	110	959102	7	4349	2	1	0	1437	28	0	3	364	0	5278	7319	601	0	0	0	0	89	0	10	11425	389156	36413	31	0	0	414174	382099	32812	0
336	-69	-2	15	40	7239	4576	90204	10	109	958976	7	4343	2	1	0	1435	28	0	3	361	0	5271	7239	601	0	0	0	0	89	0	10	11425	389156	36413	31	0	0	414124	382099	32812	0
335	-69	-2	15	40	7159	4576	90078	10	109	958850	7	4337	2	1	0	1433	28	0	3	361	0	5271	7159	601	0	0	0	0	89	0	10	11425	389156	36413	31	0	0	414074	382099	32812	0
334	-69	-2	15	40	7079	4576	89952	10	109	958724	7	4331	2	1	0	1431	28	0	3	361	0	5271	7079	601	0	0	0	0	89	0	10	11425	389156	36413	31	0	0	414024	382099	32812	0
333	-69	-2	15	40	6999	4576	89826	10	109	958598	7	4325	2	1	0	1429	28	0	3	361	0	5271	6999	601	0	0	0	0	89	0	10	11425	389156	36413	31	0	0	413974	382099	32812	0
332	-69	-2	15	40	6839	4574	89574	10	108	958346	7	4313	2	1	0	1425	28	0	3	358	0	5264	6839	601	0	0	0	0	89	0	10	11425	389156	36413	31	0	0	413874	382099	32812	0
331	-69	-2	15	40	6759	4574	89511	10	108	958220	7	4310	2	1	0	1423	28	0	3	358	0	5264	6759	601	0	0	0	0	89	0	10	11425	389156	36413	31	0	0	413824	382099	32812	0
330	-69	-2	15	40	6679	4574	89385	10	108	958157	7	4304	2	1	0	1422	28	0	3	358	0	5264	6679	601	0	0	0	0	89	0	10	11425	389156	36413	31	0	0	413774	382099	32812	0
329	-69	-2	15	40	6599	4574	89259	10	108	958031	7	4298	2	1	0	1420	28	0	3	358	0	5264	6599	601	0	0	0	0	89	0	10	11425	389156	36413	31	0	0	413724	382099	32812	0
328	-69	-2	15	40	6519	4574	89133	10	108	957905	7	4292	2	1	0	1418	28	0	3	358	0	5264	6519	601	0	0	0	0	89	0	10	11425	389156	36413	31	0	0	413674	382099	32812	0
327	-69	-2	15	40	6439	4572	89007	10	107	957779	7	4286	2	1	0	1416	28	0	3	355	0	5257	6439	601	0	0	0	0	89	0	10	11425	389156	36413	31	0	0	413624	382099	32812	0
326	-69	-2	15	40	6359	4572	88881	10	107	957653	7	4280	2	1	0	1414	28	0	3	355	0	5257	6359	601	0	0	0	0	89	0	10	11425	389156	36413	31	0	0	413574	382099	32812	0
325	-69	-2	15	40	6279	4572	88818	10	107	957527	7	4277	2	1	0	1412	28	0	3	355	0	5257	6279	601	0	0	0	0	89	0	10	11425	389156	36413	31	0	0	413524	382099	32812	0
324	-69	-2	15	40	6199	4572	88692	10	107	957401	7	4271	2	1	0	1410	28	0	3	355	0	5257	6199	601	0	0	0	0	89	0	10	11425	389156	36413	31	0	0	413474	382099	32812	0
323	-69	-2	15	40	6119	4572	88566	10	107	957338	7	4265	2	1	0	1409	28	0	3	355	0	5257	6119	601	0	0	0	0	89	0	10	11425	389156	36413	31	0	0	413424	382099	32812	0
322	-69	-2	15	40	5959	4570	88314	10	106	957086	7	4253	2	1	0	1405	28	0	3	352	0	5250	5959	601	0	0	0	0	89	0	10	11425	389156	36413	31	0	0	413324	382099	32812	0
321	-69	-2	15	40	5879	4570	88188	10	106	956960	7	4247	2	1	0	1403	28	0	3	352	0	5250	5879	601	0	0	0	0	89	0	10	11425	389156	36413	31	0	0	413274	382099	32812	0
320	-69	-2	15	40	5799	4570	88062	10	106	956834	7	4241	2	1	0	1401	28	0	3	352	0	5250	5799	601	0	0	0	0	89	0	10	11425	389156	36413	31	0	0	413224	382099	32812	0
319	-69	-2	15	40	5719	4568	87999	10	105	956708	7	4238	2	1	0	1399	28	0	3	349	0	5243	5719	601	0	0	0	0	89	0	10	11425	389156	36413	31	0	0	413174	382099	32812	0
318	-69	-2	15	40	5638	4568	87810	10	105	956582	7	4229	2	1	0	1397	28	0	3	349	0	5243	5638	601	0	0	0	0	89	0	10	11425	389156	36413	31	0	0	413123	382099	32812	0
317	-69	-2	15	40	5559	4568	87747	10	105	956456	7	4226	2	1	0	1395	28	0	3	349	0	5243	5559	601	0	0	0	0	89	0	10	11425	389156	36413	31	0	0	413074	382099	32812	0
316	-69	-2	15	40	5478	4568	87621	10	105	956393	7	4220	2	1	0	1394	28	0	3	349	0	5243	5478	601	0	0	0	0	89	0	10	11425	389156	36413	31	0	0	413023	382099	32812	0
315	-69	-2	15	40	5399	4568	87495	10	105	956267	7	4214	2	1	0	1392	28	0	3	349	0	5243	5399	601	0	0	0	0	89	0	10	11425	389156	36413	31	0	0	412974	382099	32812	0
314	-69	-2	15	40	5319	4566	87369	10	104	956141	7	4208	2	1	0	1390	28	0	3	346	0	5236	5319	601	0	0	0	0	89	0	10	11425	389156	36413	31	0	0	412924	382099	32812	0
313	-69	-2	15	40	5239	4566	87243	10	104	956015	7	4202	2	1	0	1388	28	0	3	346	0	5236	5239	601	0	0	0	0	89	0	10	11425	389156	36413	31	0	0	412874	382099	32812	0
312	-69	-2	15	40	5079	4566	86991	10	104	955763	7	4190	2	1	0	1384	28	0	3	346	0	5236	5079	601	0	0	0	0	89	0	10	11425	389156	36413	31	0	0	412774	382099	32812	0
311	-69	-2	15	40	4999	4566	86928	10	104	955637	7	4187	2	1	0	1382	28	0	3	346	0	5236	4999	601	0	0	0	0	89	0	10	11425	389156	36413	31	0	0	412724	382099	32812	0
310	-69	-2	15	40	4919	4564	86739	10	103	955511	7	4178	2	1	0	1380	28	0	3	343	0	5229	4919	601	0	0	0	0	89	0	10	11425	389156	36413	31	0	0	412674	382099	32812	0
309	-69	-2	15	40	4839	4564	86676	10	103	955385	7	4175	2	1	0	1378	28	0	3	343	0	5229	4839	601	0	0	0	0	89	0	10	11425	389156	36413	31	0	0	412624	382099	32812	0
308	-69	-2	15	40	4759	4564	86550	10	103	955322	7	4169	2	1	0	1377	28	0	3	343	0	5229	4759	601	0	0	0	0	89	0	10	11425	389156	36413	31	0	0	412574	382099	32812	0
307	-69	-2	15	40	4679	4564	86424	10	103	955196	7	4163	2	1	0	1375	28	0	3	343	0	5229	4679	601	0	0	0	0	89	0	10	11425	389156	36413	31	0	0	412524	382099	32812	0
306	-69	-2	15	40	4599	4564	86298	10	103	955070	7	4157	2	1	0	1373	28	0	3	343	0	5229	4599	601	0	0	0	0	89	0	10	11425	389156	36413	31	0	0	412474	382099	32812	0
305	-69	-2	15	40	4519	4562	86172	10	102	954944	7	4151	2	1	0	1371	28	0	3	340	0	5222	4519	601	0	0	0	0	89	0	10	11425	389156	36413	31	0	0	412424	382099	32812	0
304	-69	-2	15	40	4439	4562	86046	10	102	954818	7	4145	2	1	0	1369	28	0	3	340	0	5222	4439	601	0	0	0	0	89	0	10	11425	389156	36413	31	0	0	412374	382099	32812	0
303	-69	-2	15	40	4359	4562	85983	10	102	954692	7	4142	2	1	0	1367	28	0	3	340	0	5222	4359	601	0	0	0	0	89	0	10	11425	389156	36413	31	0	0	412324	382099	32812	0
302	-69	-2	15	40	4199	4562	85731	10	102	954503	7	4130	2	1	0	1364	28	0	3	340	0	5222	4199	601	0	0	0	0	89	0	10	11425	389156	36413	31	0	0	412224	382099	32812	0
301	-69	-2	15	40	4119	4560	85605	10	101	954314	7	4124	2	1	0	1361	28	0	3	337	0	5215	4119	601	0	0	0	0	89	0	10	11425	389156	36413	31	0	0	412174	382099	32812	0
300	-69	-2	15	40	4039	4560	85479	10	101	954251	7	4118	2	1	0	1360	28	0	3	337	0	5215	4039	601	0	0	0	0	89	0	10	11425	389156	36413	31	0	0	412124	382099	32812	0
299	-69	-2	15	40	3959	4560	85353	10	101	954125	7	4112	2	1	0	1358	28	0	3	337	0	5215	3959	601	0	0	0	0	89	0	10	11425	389156	36413	31	0	0	412074	382099	32812	0
298	-69	-2	15	40	3879	4560	85227	10	101	953999	7	4106	2	1	0	1356	28	0	3	337	0	5215	3879	601	0	0	0	0	89	0	10	11425	389156	36413	31	0	0	412024	382099	32812	0
297	-69	-2	15	40	3799	4558	85164	10	100	953873	7	4103	2	1	0	1354	28	0	3	334	0	5208	3799	601	0	0	0	0	89	0	10	11425	389156	36413	31	0	0	411974	382099	32812	0
296	-69	-2	15	40	3719	4558	84975	10	100	953747	7	4094	2	1	0	1352	28	0	3	334	0	5208	3719	601	0	0	0	0	89	0	10	11425	389156	36413	31	0	0	411924	382099	32812	0
295	-69	-2	15	40	3639	4558	84912	10	100	953621	7	4091	2	1	0	1350	28	0	3	334	0	5208	3639	601	0	0	0	0	89	0	10	11425	389156	36413	31	0	0	411874	382099	32812	0
294	-69	-2	15	40	3559	4558	84786	10	100	953558	7	4085	2	1	0	1349	28	0	3	334	0	5208	3559	601	0	0	0	0	89	0	10	11425	389156	36413	31	0	0	411824	382099	32812	0
293	-69	-2	15	40	3479	4558	84660	10	100	953432	7	4079	2	1	0	1347	28	0	3	334	0	5208	3479	601	0	0	0	0	89	0	10	11425	389156	36413	31	0	0	411774	382099	32812	0
292	-69	-2	15	40	3319	4556	84408	10	99	953180	7	4067	2	1	0	1343	28	0	3	331	0	5201	3319	601	0	0	0	0	89	0	10	11425	389156	36413	31	0	0	411674	382099	32812	0
291	-69	-2	15	40	3239	4556	84282	10	99	953054	7	4061	2	1	0	1341	28	0	3	331	0	5201	3239	601	0	0	0	0	89	0	10	11425	389156	36413	31	0	0	411624	382099	32812	0
290	-69	-2	15	40	3159	4556	84156	10	99	952928	7	4055	2	1	0	1339	28	0	3	331	0	5201	3159	601	0	0	0	0	89	0	10	11425	389156	36413	31	0	0	411574	382099	32812	0
289	-69	-2	15	40	3079	4556	84093	10	99	952802	7	4052	2	1	0	1337	28	0	3	331	0	5201	3079	601	0	0	0	0	89	0	10	11425	389156	36413	31	0	0	411524	382099	32812	0
288	-69	-2	15	40	2999	4554	83904	10	98	952676	7	4043	2	1	0	1335	28	0	3	328	0	5194	2999	601	0	0	0	0	89	0	10	11425	389156	36413	31	0	0	411474	382099	32812	0
287	-69	-2	15	40	2919	4554	83841	10	98	952550	7	4040	2	1	0	1333	28	0	3	328	0	5194	2919	601	0	0	0	0	89	0	10	11425	389156	36413	31	0	0	411424	382099	32812	0
286	-69	-2	15	40	2839	4554	83715	10	98	952487	7	4034	2	1	0	1332	28	0	3	328	0	5194	2839	601	0	0	0	0	89	0	10	11425	389156	36413	31	0	0	411374	382099	32812	0
285	-69	-2	15	40	2759	4554	83589	10	98	952361	7	4028	2	1	0	1330	28	0	3	328	0	5194	2759	601	0	0	0	0	89	0	10	11425	389156	36413	31	0	0	411324	382099	32812	0
284	-69	-2	15	40	2679	4554	83463	10	98	952235	7	4022	2	1	0	1328	28	0	3	328	0	5194	2679	601	0	0	0	0	89	0	10	11425	389156	36413	31	0	0	411274	382099	32812	0
283	-69	-2	15	40	2599	4552	83337	10	97	952109	7	4016	2	1	0	1326	28	0	3	325	0	5187	2599	601	0	0	0	0	89	0	10	11425	389156	36413	31	0	0	411224	382099	32812	0
282	-69	-2	15	40	2439	4552	83148	10	97	951857	7	4007	2	1	0	1322	28	0	3	325	0	5187	2439	601	0	0	0	0	89	0	10	11425	389156	36413	31	0	0	411124	382099	32812	0
281	-69	-2	15	40	2359	4552	83022	10	97	951731	7	4001	2	1	0	1320	28	0	3	325	0	5187	2359	601	0	0	0	0	89	0	10	11425	389156	36413	31	0	0	411074	382099	32812	0
280	-69	-2	15	40	2279	4552	82896	10	97	951668	7	3995	2	1	0	1319	28	0	3	325	0	5187	2279	601	0	0	0	0	89	0	10	11425	389156	36413	31	0	0	411024	382099	32812	0
279	-69	-2	15	40	2199	4550	82770	10	96	951479	7	3989	2	1	0	1316	28	0	3	322	0	5180	2199	601	0	0	0	0	89	0	10	11425	389156	36413	31	0	0	410974	382099	32812	0
278	-69	-2	15	40	2119	4550	82644	10	96	951416	7	3983	2	1	0	1315	28	0	3	322	0	5180	2119	601	0	0	0	0	89	0	10	11425	389156	36413	31	0	0	410924	382099	32812	0
277	-69	-2	15	40	2039	4550	82518	10	96	951290	7	3977	2	1	0	1313	28	0	3	322	0	5180	2039	601	0	0	0	0	89	0	10	11425	389156	36413	31	0	0	410874	382099	32812	0
276	-69	-2	15	40	1959	4550	82392	10	96	951164	7	3971	2	1	0	1311	28	0	3	322	0	5180	1959	601	0	0	0	0	89	0	10	11425	389156	36413	31	0	0	410824	382099	32812	0
275	-69	-2	15	40	1879	4548	82329	10	95	951038	7	3968	2	1	0	1309	28	0	3	319	0	5173	1879	601	0	0	0	0	89	0	10	11425	389156	36413	31	0	0	410774	382099	32812	0
274	-69	-2	15	40	1799	4548	82140	10	95	950912	7	3959	2	1	0	1307	28	0	3	319	0	5173	1799	601	0	0	0	0	89	0	10	11425	389156	36413	31	0	0	410724	382099	32812	0
273	-69	-2	15	40	1719	4548	82077	10	95	950786	7	3956	2	1	0	1305	28	0	3	319	0	5173	1719	601	0	0	0	0	89	0	10	11425	389156	36413	31	0	0	410674	382099	32812	0
272	-69	-2	15	40	1559	4548	81825	10	95	950597	7	3944	2	1	0	1302	28	0	3	319	0	5173	1559	601	0	0	0	0	89	0	10	11425	389156	36413	31	0	0	410574	382099	32812	0
271	-69	-2	15	40	1479	4546	81699	10	94	950471	7	3938	2	1	0	1300	28	0	3	316	0	5166	1479	601	0	0	0	0	89	0	10	11425	389156	36413	31	0	0	410524	382099	32812	0
270	-69	-2	15	40	1399	4546	81573	10	94	950345	7	3932	2	1	0	1298	28	0	3	316	0	5166	1399	601	0	0	0	0	89	0	10	11425	389156	36413	31	0	0	410474	382099	32812	0
269	-69	-2	15	40	1319	4546	81447	10	94	950219	7	3926	2	1	0	1296	28	0	3	316	0	5166	1319	601	0	0	0	0	89	0	10	11425	389156	36413	31	0	0	410424	382099	32812	0
268	-69	-2	15	40	1239	4546	81321	10	94	950093	7	3920	2	1	0	1294	28	0	3	316	0	5166	1239	601	0	0	0	0	89	0	10	11425	389156	36413	31	0	0	410374	382099	32812	0
267	-69	-2	15	40	1159	4546	81258	10	94	949967	7	3917	2	1	0	1292	28	0	3	316	0	5166	1159	601	0	0	0	0	89	0	10	11425	389156	36413	31	0	0	410324	382099	32812	0
266	-69	-2	15	40	1079	4544	81069	10	93	949841	7	3908	2	1	0	1290	28	0	3	313	0	5159	1079	601	0	0	0	0	89	0	10	11425	389156	36413	31	0	0	410274	382099	32812	0
265	-69	-2	15	40	999	4544	81006	10	93	949715	7	3905	2	1	0	1288	28	0	3	313	0	5159	999	601	0	0	0	0	89	0	10	11425	389156	36413	31	0	0	410224	382099	32812	0
264	-69	-2	15	40	919	4544	80880	10	93	949652	7	3899	2	1	0	1287	28	0	3	313	0	5159	919	601	0	0	0	0	89	0	10	11425	389156	36413	31	0	0	410174	382099	32812	0
263	-69	-2	15	40	839	4544	80754	10	93	949526	7	3893	2	1	0	1285	28	0	3	313	0	5159	839	601	0	0	0	0	89	0	10	11425	389156	36413	31	0	0	410124	382099	32812	0
262	-69	-2	15	40	679	4542	80502	10	92	949274	7	3881	2	1	0	1281	28	0	3	310	0	5152	679	601	0	0	0	0	89	0	10	11425	389156	36413	31	0	0	410024	382099	32812	0
261	-69	-2	15	40	599	4542	80376	10	92	949148	7	3875	2	1	0	1279	28	0	3	310	0	5152	599	601	0	0	0	0	89	0	10	11425	389156	36413	31	0	0	409974	382099	32812	0
260	-69	-2	15	40	519	4542	80313	10	92	949022	7	3872	2	1	0	1277	28	0	3	310	0	5152	519	601	0	0	0	0	89	0	10	11425	389156	36413	31	0	0	409924	382099	32812	0
259	-69	-2	15	40	439	4542	80187	10	92	948896	7	3866	2	1	0	1275	28	0	3	310	0	5152	439	601	0	0	0	0	89	0	10	11425	389156	36413	31	0	0	409874	382099	32812	0
258	-69	-2	15	40	359	4542	80061	10	92	948833	7	3860	2	1	0	1274	28	0	3	310	0	5152	359	601	0	0	0	0	89	0	10	11425	389156	36413	31	0	0	409824	382099	32812	0
257	-69	-2	15	40	279	4540	79935	10	91	948644	7	3854	2	1	0	1271	28	0	3	307	0	5145	279	601	0	0	0	0	89	0	10	11425	389156	36413	31	0	0	409774	382099	32812	0
256	-69	-2	15	40	199	4540	79809	10	91	948581	7	3848	2	1	0	1270	28	0	3	307	0	5145	199	601	0	0	0	0	89	0	10	11425	389156	36413	31	0	0	409724	382099	32812	0
255	-69	-2	15	40	119	4540	79683	10	91	948455	7	3842	2	1	0	1268	28	0	3	307	0	5145	119	601	0	0	0	0	89	0	10	11425	389156	36413	31	0	0	409674	382099	32812	0
254	-69	-2	15	40	39	4540	79557	10	91	948329	7	3836	2	1	0	1266	28	0	3	307	0	5145	39	601	0	0	0	0	89	0	10	11425	389156	36413	31	0	0	409624	382099	32812	0
253	-69	-2	15	40	16343	4538	79494	10	90	948203	7	3833	2	1	0	1264	28	0	3	304	0	5138	16343	601	0	0	0	0	89	0	10	11425	389156	36413	31	0	0	409574	382099	32812	0
252	-69	-2	15	40	16183	4538	79242	10	90	947951	7	3821	2	1	0	1260	28	0	3	304	0	5138	16183	601	0	0	0	0	89	0	10	11425	389156	36413	31	0	0	409474	382099	32812	0
251	-69	-2	15	40	16103	4538	79116	10	90	947888	7	3815	2	1	0	1259	28	0	3	304	0	5138	16103	601	0	0	0	0	89	0	10	11425	389156	36413	31	0	0	409424	382099	32812	0
250	-69	-2	15	40	16023	4538	78990	10	90	947762	7	3809	2	1	0	1257	28	0	3	304	0	5138	16023	601	0	0	0	0	89	0	10	11425	389156	36413	31	0	0	409374	382099	32812	0
249	-69	-2	15	40	15943	4536	78864	10	89	947636	7	3803	2	1	0	1255	28	0	3	301	0	5131	15943	601	0	0	0	0	89	0	10	11425	389156	36413	31	0	0	409324	382099	32812	0
248	-69	-2	15	40	15863	4536	78738	10	89	947510	7	3797	2	1	0	1253	28	0	3	301	0	5131	15863	601	0	0	0	0	89	0	10	11425	389156	36413	31	0	0	409274	382099	32812	0
247	-69	-2	15	40	15783	4536	78612	10	89	947384	7	3791	2	1	0	1251	28	0	3	301	0	5131	15783	601	0	0	0	0	89	0	10	11425	389156	36413	31	0	0	409224	382099	32812	0
246	-69	-2	15	40	15703	4536	78486	10	89	947258	7	3785	2	1	0	1249	28	0	3	301	0	5131	15703	601	0	0	0	0	89	0	10	11425	389156	36413	31	0	0	409174	382099	32812	0
245	-69	-2	15	40	15623	4536	78423	10	89	947132	7	3782	2	1	0	1247	28	0	3	301	0	5131	15623	601	0	0	0	0	89	0	10	11425	389156	36413	31	0	0	409124	382099	32812	0
244	-69	-2	15	40	15543	4534	78234	10	88	947006	7	3773	2	1	0	1245	28	0	3	298	0	5124	15543	601	0	0	0	0	89	0	10	11425	389156	36413	31	0	0	409074	382099	32812	0
243	-69	-2	15	40	15463	4534	78171	10	88	946880	7	3770	2	1	0	1243	28	0	3	298	0	5124	15463	601	0	0	0	0	89	0	10	11425	389156	36413	31	0	0	409024	382099	32812	0
242	-69	-2	15	40	15303	4534	77919	10	88	946691	7	3758	2	1	0	1240	28	0	3	298	0	5124	15303	601	0	0	0	0	89	0	10	11425	389156	36413	31	0	0	408924	382099	32812	0
241	-69	-2	15	40	15223	4534	77793	10	88	946565	7	3752	2	1	0	1238	28	0	3	298	0	5124	15223	601	0	0	0	0	89	0	10	11425	389156	36413	31	0	0	408874	382099	32812	0
240	-69	-2	15	40	15143	4532	77667	10	87	946439	7	3746	2	1	0	1236	28	0	3	295	0	5117	15143	601	0	0	0	0	89	0	10	11425	389156	36413	31	0	0	408824	382099	32812	0
239	-69	-2	15	40	15063	4532	77541	10	87	946313	7	3740	2	1	0	1234	28	0	3	295	0	5117	15063	601	0	0	0	0	89	0	10	11425	389156	36413	31	0	0	408774	382099	32812	0
238	-69	-2	15	40	14983	4532	77478	10	87	946187	7	3737	2	1	0	1232	28	0	3	295	0	5117	14983	601	0	0	0	0	89	0	10	11425	389156	36413	31	0	0	408724	382099	32812	0
237	-69	-2	15	40	14903	4532	77352	10	87	946061	7	3731	2	1	0	1230	28	0	3	295	0	5117	14903	601	0	0	0	0	89	0	10	11425	389156	36413	31	0	0	408674	382099	32812	0
236	-69	-2	15	40	14823	4532	77226	10	87	945998	7	3725	2	1	0	1229	28	0	3	295	0	5117	14823	601	0	0	0	0	89	0	10	11425	389156	36413	31	0	0	408624	382099	32812	0
235	-69	-2	15	40	14743	4530	77100	10	86	945809	7	3719	2	1	0	1226	28	0	3	292	0	5110	14743	601	0	0	0	0	89	0	10	11425	389156	36413	31	0	0	408574	382099	32812	0
234	-69	-2	15	40	14663	4530	76974	10	86	945746	7	3713	2	1	0	1225	28	0	3	292	0	5110	14663	601	0	0	0	0	89	0	10	11425	389156	36413	31	0	0	408524	382099	32812	0
233	-69	-2	15	40	14583	4530	76848	10	86	945620	7	3707	2	1	0	1223	28	0	3	292	0	5110	14583	601	0	0	0	0	89	0	10	11425	389156	36413	31	0	0	408474	382099	32812	0
232	-69	-2	15	40	14423	4528	76659	10	85	945368	7	3698	2	1	0	1219	28	0	3	289	0	5103	14423	601	0	0	0	0	89	0	10	11425	389156	36413	31	0	0	408374	382099	32812	0
231	-69	-2	15	40	14343	4528	76470	10	85	945242	7	3689	2	1	0	1217	28	0	3	289	0	5103	14343	601	0	0	0	0	89	0	10	11425	389156	36413	31	0	0	408324	382099	32812	0
230	-69	-2	15	40	14263	4528	76407	10	85	945116	7	3686	2	1	0	1215	28	0	3	289	0	5103	14263	601	0	0	0	0	89	0	10	11425	389156	36413	31	0	0	408274	382099	32812	0
229	-69	-2	15	40	14183	4528	76281	10	85	945053	7	3680	2	1	0	1214	28	0	3	289	0	5103	14183	601	0	0	0	0	89	0	10	11425	389156	36413	31	0	0	408224	382099	32812	0
228	-69	-2	15	40	14103	4528	76155	10	85	944927	7	3674	2	1	0	1212	28	0	3	289	0	5103	14103	601	0	0	0	0	89	0	10	11425	389156	36413	31	0	0	408174	382099	32812	0
227	-69	-2	15	40	14023	4526	76029	10	84	944801	7	3668	2	1	0	1210	28	0	3	286	0	5096	14023	601	0	0	0	0	89	0	10	11425	389156	36413	31	0	0	408124	382099	32812	0
226	-69	-2	15	40	13943	4526	75903	10	84	944675	7	3662	2	1	0	1208	28	0	3	286	0	5096	13943	601	0	0	0	0	89	0	10	11425	389156	36413	31	0	0	408074	382099	32812	0
225	-69	-2	15	40	13863	4526	75777	10	84	944549	7	3656	2	1	0	1206	28	0	3	286	0	5096	13863	601	0	0	0	0	89	0	10	11425	389156	36413	31	0	0	408024	382099	32812	0
224	-69	-2	15	40	13783	4526	75651	10	84	944423	7	3650	2	1	0	1204	28	0	3	286	0	5096	13783	601	0	0	0	0	89	0	10	11425	389156	36413	31	0	0	407974	382099	32812	0
223	-69	-2	15	40	13703	4526	75588	10	84	944297	7	3647	2	1	0	1202	28	0	3	286	0	5096	13703	601	0	0	0	0	89	0	10	11425	389156	36413	31	0	0	407924	382099	32812	0
222	-69	-2	15	40	13543	4524	75336	10	83	944045	7	3635	2	1	0	1198	28	0	3	283	0	5089	13543	601	0	0	0	0	89	0	10	11425	389156	36413	31	0	0	407824	382099	32812	0
221	-69	-2	15	40	13463	4524	75210	10	83	943982	7	3629	2	1	0	1197	28	0	3	283	0	5089	13463	601	0	0	0	0	89	0	10	11425	389156	36413	31	0	0	407774	382099	32812	0
220	-69	-2	15	40	13383	4524	75084	10	83	943856	7	3623	2	1	0	1195	28	0	3	283	0	5089	13383	601	0	0	0	0	89	0	10	11425	389156	36413	31	0	0	407724	382099	32812	0
219	-69	-2	15	40	13303	4524	74958	10	83	943730	7	3617	2	1	0	1193	28	0	3	283	0	5089	13303	601	0	0	0	0	89	0	10	11425	389156	36413	31	0	0	407674	382099	32812	0
218	-69	-2	15	40	13223	4522	74832	10	82	943604	7	3611	2	1	0	1191	28	0	3	280	0	5082	13223	601	0	0	0	0	89	0	10	11425	389156	36413	31	0	0	407624	382099	32812	0
217	-69	-2	15	40	13143	4522	74706	10	82	943478	7	3605	2	1	0	1189	28	0	3	280	0	5082	13143	601	0	0	0	0	89	0	10	11425	389156	36413	31	0	0	407574	382099	32812	0
216	-69	-2	15	40	13063	4522	74643	10	82	943352	7	3602	2	1	0	1187	28	0	3	280	0	5082	13063	601	0	0	0	0	89	0	10	11425	389156	36413	31	0	0	407524	382099	32812	0
215	-69	-2	15	40	12983	4522	74517	10	82	943226	7	3596	2	1	0	1185	28	0	3	280	0	5082	12983	601	0	0	0	0	89	0	10	11425	389156	36413	31	0	0	407474	382099	32812	0
214	-69	-2	15	40	12903	4522	74391	10	82	943163	7	3590	2	1	0	1184	28	0	3	280	0	5082	12903	601	0	0	0	0	89	0	10	11425	389156	36413	31	0	0	407424	382099	32812	0
213	-69	-2	15	40	12823	4520	74265	10	81	942974	7	3584	2	1	0	1181	28	0	3	277	0	5075	12823	601	0	0	0	0	89	0	10	11425	389156	36413	31	0	0	407374	382099	32812	0
212	-69	-2	15	40	12663	4520	74013	10	81	942785	7	3572	2	1	0	1178	28	0	3	277	0	5075	12663	601	0	0	0	0	89	0	10	11425	389156	36413	31	0	0	407274	382099	32812	0
211	-69	-2	15	40	12583	4520	73887	10	81	942659	7	3566	2	1	0	1176	28	0	3	277	0	5075	12583	601	0	0	0	0	89	0	10	11425	389156	36413	31	0	0	407224	382099	32812	0
210	-69	-2	15	40	12503	4518	73824	10	80	942533	7	3563	2	1	0	1174	28	0	3	274	0	5068	12503	601	0	0	0	0	89	0	10	11425	389156	36413	31	0	0	407174	382099	32812	0
209	-69	-2	15	40	12423	4518	73635	10	80	942407	7	3554	2	1	0	1172	28	0	3	274	0	5068	12423	601	0	0	0	0	89	0	10	11425	389156	36413	31	0	0	407124	382099	32812	0
208	-69	-2	15	40	12343	4518	73572	10	80	942281	7	3551	2	1	0	1170	28	0	3	274	0	5068	12343	601	0	0	0	0	89	0	10	11425	389156	36413	31	0	0	407074	382099	32812	0
207	-69	-2	15	40	12263	4518	73446	10	80	942218	7	3545	2	1	0	1169	28	0	3	274	0	5068	12263	601	0	0	0	0	89	0	10	11425	389156	36413	31	0	0	407024	382099	32812	0
206	-69	-2	15	40	12183	4518	73320	10	80	942092	7	3539	2	1	0	1167	28	0	3	274	0	5068	12183	601	0	0	0	0	89	0	10	11425	389156	36413	31	0	0	406974	382099	32812	0
205	-69	-2	15	40	12103	4516	73194	10	79	941966	7	3533	2	1	0	1165	28	0	3	271	0	5061	12103	601	0	0	0	0	89	0	10	11425	389156	36413	31	0	0	406924	382099	32812	0
204	-69	-2	15	40	12023	4516	73068	10	79	941840	7	3527	2	1	0	1163	28	0	3	271	0	5061	12023	601	0	0	0	0	89	0	10	11425	389156	36413	31	0	0	406874	382099	32812	0
203	-69	-2	15	40	11943	4516	72942	10	79	941714	7	3521	2	1	0	1161	28	0	3	271	0	5061	11943	601	0	0	0	0	89	0	10	11425	389156	36413	31	0	0	406824	382099	32812	0
202	-69	-2	15	40	11783	4516	72753	10	79	941462	7	3512	2	1	0	1157	28	0	3	271	0	5061	11783	601	0	0	0	0	89	0	10	11425	389156	36413	31	0	0	406724	382099	32812	0
201	-69	-2	15	40	11703	4514	72564	10	78	941336	7	3503	2	1	0	1155	28	0	3	268	0	5054	11703	601	0	0	0	0	89	0	10	11425	389156	36413	31	0	0	406674	382099	32812	0
200	-69	-2	15	40	11623	4514	72501	10	78	941210	7	3500	2	1	0	1153	28	0	3	268	0	5054	11623	601	0	0	0	0	89	0	10	11425	389156	36413	31	0	0	406624	382099	32812	0
199	-69	-2	15	40	11543	4514	72375	10	78	941147	7	3494	2	1	0	1152	28	0	3	268	0	5054	11543	601	0	0	0	0	89	0	10	11425	389156	36413	31	0	0	406574	382099	32812	0
198	-69	-2	15	40	11463	4514	72249	10	78	941021	7	3488	2	1	0	1150	28	0	3	268	0	5054	11463	601	0	0	0	0	89	0	10	11425	389156	36413	31	0	0	406524	382099	32812	0
197	-69	-2	15	40	11383	4514	72123	10	78	940895	7	3482	2	1	0	1148	28	0	3	268	0	5054	11383	601	0	0	0	0	89	0	10	11425	389156	36413	31	0	0	406474	382099	32812	0
196	-69	-2	15	40	11303	4512	71997	10	77	940769	7	3476	2	1	0	1146	28	0	3	265	0	5047	11303	601	0	0	0	0	89	0	10	11425	389156	36413	31	0	0	406424	382099	32812	0
195	-69	-2	15	40	11223	4512	71871	10	77	940643	7	3470	2	1	0	1144	28	0	3	265	0	5047	11223	601	0	0	0	0	89	0	10	11425	389156	36413	31	0	0	406374	382099	32812	0
194	-69	-2	15	40	11143	4512	71808	10	77	940517	7	3467	2	1	0	1142	28	0	3	265	0	5047	11143	601	0	0	0	0	89	0	10	11425	389156	36413	31	0	0	406324	382099	32812	0
193	-69	-2	15	40	11063	4512	71682	10	77	940391	7	3461	2	1	0	1140	28	0	3	265	0	5047	11063	601	0	0	0	0	89	0	10	11425	389156	36413	31	0	0	406274	382099	32812	0
192	-69	-2	15	40	10903	4510	71430	10	76	940139	7	3449	2	1	0	1136	28	0	3	262	0	5040	10903	601	0	0	0	0	89	0	10	11425	389156	36413	31	0	0	406174	382099	32812	0
191	-69	-2	15	40	10823	4510	71304	10	76	940076	7	3443	2	1	0	1135	28	0	3	262	0	5040	10823	601	0	0	0	0	89	0	10	11425	389156	36413	31	0	0	406124	382099	32812	0
190	-69	-2	15	40	10743	4510	71178	10	76	939950	7	3437	2	1	0	1133	28	0	3	262	0	5040	10743	601	0	0	0	0	89	0	10	11425	389156	36413	31	0	0	406074	382099	32812	0
189	-69	-2	15	40	10663	4510	71052	10	76	939824	7	3431	2	1	0	1131	28	0	3	262	0	5040	10663	601	0	0	0	0	89	0	10	11425	389156	36413	31	0	0	406024	382099	32812	0
188	-69	-2	15	40	10583	4508	70989	10	75	939698	7	3428	2	1	0	1129	28	0	3	259	0	5033	10583	601	0	0	0	0	89	0	10	11425	389156	36413	31	0	0	405974	382099	32812	0
187	-69	-2	15	40	10503	4508	70800	10	75	939572	7	3419	2	1	0	1127	28	0	3	259	0	5033	10503	601	0	0	0	0	89	0	10	11425	389156	36413	31	0	0	405924	382099	32812	0
186	-69	-2	15	40	10423	4508	70737	10	75	939446	7	3416	2	1	0	1125	28	0	3	259	0	5033	10423	601	0	0	0	0	89	0	10	11425	389156	36413	31	0	0	405874	382099	32812	0
185	-69	-2	15	40	10343	4508	70611	10	75	939383	7	3410	2	1	0	1124	28	0	3	259	0	5033	10343	601	0	0	0	0	89	0	10	11425	389156	36413	31	0	0	405824	382099	32812	0
184	-69	-2	15	40	10263	4508	70485	10	75	939257	7	3404	2	1	0	1122	28	0	3	259	0	5033	10263	601	0	0	0	0	89	0	10	11425	389156	36413	31	0	0	405774	382099	32812	0
183	-69	-2	15	40	10183	4506	70359	10	74	939131	7	3398	2	1	0	1120	28	0	3	256	0	5026	10183	601	0	0	0	0	89	0	10	11425	389156	36413	31	0	0	405724	382099	32812	0
182	-69	-2	15	40	10023	4506	70107	10	74	938879	7	3386	2	1	0	1116	28	0	3	256	0	5026	10023	601	0	0	0	0	89	0	10	11425	389156	36413	31	0	0	405624	382099	32812	0
181	-69	-2	15	40	9943	4506	69981	10	74	938753	7	3380	2	1	0	1114	28	0	3	256	0	5026	9943	601	0	0	0	0	89	0	10	11425	389156	36413	31	0	0	405574	382099	32812	0
180	-69	-2	15	40	9863	4506	69918	10	74	938627	7	3377	2	1	0	1112	28	0	3	256	0	5026	9863	601	0	0	0	0	89	0	10	11425	389156	36413	31	0	0	405524	382099	32812	0
179	-69	-2	15	40	9783	4504	69729	10	73	938501	7	3368	2	1	0	1110	28	0	3	253	0	5019	9783	601	0	0	0	0	89	0	10	11425	389156	36413	31	0	0	405474	382099	32812	0
178	-69	-2	15	40	9703	4504	69666	10	73	938375	7	3365	2	1	0	1108	28	0	3	253	0	5019	9703	601	0	0	0	0	89	0	10	11425	389156	36413	31	0	0	405424	382099	32812	0
177	-69	-2	15	40	9623	4504	69540	10	73	938312	7	3359	2	1	0	1107	28	0	3	253	0	5019	9623	601	0	0	0	0	89	0	10	11425	389156	36413	31	0	0	405374	382099	32812	0
176	-69	-2	15	40	9543	4504	69414	10	73	938186	7	3353	2	1	0	1105	28	0	3	253	0	5019	9543	601	0	0	0	0	89	0	10	11425	389156	36413	31	0	0	405324	382099	32812	0
175	-69	-2	15	40	9463	4504	69288	10	73	938060	7	3347	2	1	0	1103	28	0	3	253	0	5019	9463	601	0	0	0	0	89	0	10	11425	389156	36413	31	0	0	405274	382099	32812	0
174	-69	-2	15	40	9383	4502	69162	10	72	937934	7	3341	2	1	0	1101	28	0	3	250	0	5012	9383	601	0	0	0	0	89	0	10	11425	389156	36413	31	0	0	405224	382099	32812	0
173	-69	-2	15	40	9303	4502	69036	10	72	937808	7	3335	2	1	0	1099	28	0	3	250	0	5012	9303	601	0	0	0	0	89	0	10	11425	389156	36413	31	0	0	405174	382099	32812	0
172	-69	-2	15	40	9143	4502	68847	10	72	937556	7	3326	2	1	0	1095	28	0	3	250	0	5012	9143	601	0	0	0	0	89	0	10	11425	389156	36413	31	0	0	405074	382099	32812	0
171	-69	-2	15	40	9063	4502	68721	10	72	937493	7	3320	2	1	0	1094	28	0	3	250	0	5012	9063	601	0	0	0	0	89	0	10	11425	389156	36413	31	0	0	405024	382099	32812	0
170	-69	-2	15	40	8983	4500	68595	10	71	937304	7	3314	2	1	0	1091	28	0	3	247	0	5005	8983	601	0	0	0	0	89	0	10	11425	389156	36413	31	0	0	404974	382099	32812	0
169	-69	-2	15	40	8903	4500	68469	10	71	937241	7	3308	2	1	0	1090	28	0	3	247	0	5005	8903	601	0	0	0	0	89	0	10	11425	389156	36413	31	0	0	404924	382099	32812	0
168	-69	-2	15	40	8823	4500	68343	10	71	937115	7	3302	2	1	0	1088	28	0	3	247	0	5005	8823	601	0	0	0	0	89	0	10	11425	389156	36413	31	0	0	404874	382099	32812	0
167	-69	-2	15	40	8743	4500	68217	10	71	936989	7	3296	2	1	0	1086	28	0	3	247	0	5005	8743	601	0	0	0	0	89	0	10	11425	389156	36413	31	0	0	404824	382099	32812	0
166	-69	-2	15	40	8663	4498	68154	10	70	936863	7	3293	2	1	0	1084	28	0	3	244	0	4998	8663	601	0	0	0	0	89	0	10	11425	389156	36413	31	0	0	404774	382099	32812	0
165	-69	-2	15	40	8583	4498	67965	10	70	936737	7	3284	2	1	0	1082	28	0	3	244	0	4998	8583	601	0	0	0	0	89	0	10	11425	389156	36413	31	0	0	404724	382099	32812	0
164	-69	-2	15	40	8503	4498	67902	10	70	936611	7	3281	2	1	0	1080	28	0	3	244	0	4998	8503	601	0	0	0	0	89	0	10	11425	389156	36413	31	0	0	404674	382099	32812	0
163	-69	-2	15	40	8343	4498	67650	10	70	936422	7	3269	2	1	0	1077	28	0	3	244	0	4998	8343	601	0	0	0	0	89	0	10	11425	389156	36413	31	0	0	404574	382099	32812	0
162	-69	-2	15	40	8263	4496	67524	10	69	936296	7	3263	2	1	0	1075	28	0	3	241	0	4991	8263	601	0	0	0	0	89	0	10	11425	389156	36413	31	0	0	404524	382099	32812	0
161	-69	-2	15	40	8183	4496	67398	10	69	936170	7	3257	2	1	0	1073	28	0	3	241	0	4991	8183	601	0	0	0	0	89	0	10	11425	389156	36413	31	0	0	404474	382099	32812	0
160	-69	-2	15	40	8103	4496	67272	10	69	936044	7	3251	2	1	0	1071	28	0	3	241	0	4991	8103	601	0	0	0	0	89	0	10	11425	389156	36413	31	0	0	404424	382099	32812	0
159	-69	-2	15	40	8023	4496	67146	10	69	935918	7	3245	2	1	0	1069	28	0	3	241	0	4991	8023	601	0	0	0	0	89	0	10	11425	389156	36413	31	0	0	404374	382099	32812	0
158	-69	-2	15	40	7943	4496	67083	10	69	935792	7	3242	2	1	0	1067	28	0	3	241	0	4991	7943	601	0	0	0	0	89	0	10	11425	389156	36413	31	0	0	404324	382099	32812	0
157	-69	-2	15	40	7863	4494	66894	10	68	935666	7	3233	2	1	0	1065	28	0	3	238	0	4984	7863	601	0	0	0	0	89	0	10	11425	389156	36413	31	0	0	404274	382099	32812	0
156	-69	-2	15	40	7783	4494	66831	10	68	935540	7	3230	2	1	0	1063	28	0	3	238	0	4984	7783	601	0	0	0	0	89	0	10	11425	389156	36413	31	0	0	404224	382099	32812	0
155	-69	-2	15	40	7703	4494	66705	10	68	935477	7	3224	2	1	0	1062	28	0	3	238	0	4984	7703	601	0	0	0	0	89	0	10	11425	389156	36413	31	0	0	404174	382099	32812	0
154	-69	-2	15	40	7623	4494	66579	10	68	935351	7	3218	2	1	0	1060	28	0	3	238	0	4984	7623	601	0	0	0	0	89	0	10	11425	389156	36413	31	0	0	404124	382099	32812	0
153	-69	-2	15	40	7463	4492	66327	10	67	935099	7	3206	2	1	0	1056	28	0	3	235	0	4977	7463	601	0	0	0	0	89	0	10	11425	389156	36413	31	0	0	404024	382099	32812	0
152	-69	-2	15	40	7383	4492	66201	10	67	934973	7	3200	2	1	0	1054	28	0	3	235	0	4977	7383	601	0	0	0	0	89	0	10	11425	389156	36413	31	0	0	403974	382099	32812	0
151	-69	-2	15	40	7303	4492	66138	10	67	934847	7	3197	2	1	0	1052	28	0	3	235	0	4977	7303	601	0	0	0	0	89	0	10	11425	389156	36413	31	0	0	403924	382099	32812	0
150	-69	-2	15	40	7223	4492	66012	10	67	934721	7	3191	2	1	0	1050	28	0	3	235	0	4977	7223	601	0	0	0	0	89	0	10	11425	389156	36413	31	0	0	403874	382099	32812	0
149	-69	-2	15	40	7143	4492	65886	10	67	934658	7	3185	2	1	0	1049	28	0	3	235	0	4977	7143	601	0	0	0	0	89	0	10	11425	389156	36413	31	0	0	403824	382099	32812	0
148	-69	-2	15	40	7063	4490	65760	10	66	934469	7	3179	2	1	0	1046	28	0	3	232	0	4970	7063	601	0	0	0	0	89	0	10	11425	389156	36413	31	0	0	403774	382099	32812	0
147	-69	-2	15	40	6983	4490	65634	10	66	934406	7	3173	2	1	0	1045	28	0	3	232	0	4970	6983	601	0	0	0	0	89	0	10	11425	389156	36413	31	0	0	403724	382099	32812	0
146	-69	-2	15	40	6903	4490	65508	10	66	934280	7	3167	2	1	0	1043	28	0	3	232	0	4970	6903	601	0	0	0	0	89	0	10	11425	389156	36413	31	0	0	403674	382099	32812	0
145	-69	-2	15	40	6823	4490	65382	10	66	934154	7	3161	2	1	0	1041	28	0	3	232	0	4970	6823	601	0	0	0	0	89	0	10	11425	389156	36413	31	0	0	403624	382099	32812	0
144	-69	-2	15	40	6743	4488	65319	10	65	934028	7	3158	2	1	0	1039	28	0	3	229	0	4963	6743	601	0	0	0	0	89	0	10	11425	389156	36413	31	0	0	403574	382099	32812	0
143	-69	-2	15	40	6582	4488	65067	10	65	933776	7	3146	2	1	0	1035	28	0	3	229	0	4963	6582	601	0	0	0	0	89	0	10	11425	389156	36413	31	0	0	403473	382099	32812	0
142	-69	-2	15	40	6503	4488	64941	10	65	933713	7	3140	2	1	0	1034	28	0	3	229	0	4963	6503	601	0	0	0	0	89	0	10	11425	389156	36413	31	0	0	403424	382099	32812	0
141	-69	-2	15	40	6423	4488	64815	10	65	933587	7	3134	2	1	0	1032	28	0	3	229	0	4963	6423	601	0	0	0	0	89	0	10	11425	389156	36413	31	0	0	403374	382099	32812	0
140	-69	-2	15	40	6343	4486	64689	10	64	933461	7	3128	2	1	0	1030	28	0	3	226	0	4956	6343	601	0	0	0	0	89	0	10	11425	389156	36413	31	0	0	403324	382099	32812	0
139	-69	-2	15	40	6263	4486	64563	10	64	933335	7	3122	2	1	0	1028	28	0	3	226	0	4956	6263	601	0	0	0	0	89	0	10	11425	389156	36413	31	0	0	403274	382099	32812	0
138	-69	-2	15	40	6183	4486	64437	10	64	933209	7	3116	2	1	0	1026	28	0	3	226	0	4956	6183	601	0	0	0	0	89	0	10	11425	389156	36413	31	0	0	403224	382099	32812	0
137	-69	-2	15	40	6103	4486	64311	10	64	933083	7	3110	2	1	0	1024	28	0	3	226	0	4956	6103	601	0	0	0	0	89	0	10	11425	389156	36413	31	0	0	403174	382099	32812	0
136	-69	-2	15	40	6023	4486	64248	10	64	932957	7	3107	2	1	0	1022	28	0	3	226	0	4956	6023	601	0	0	0	0	89	0	10	11425	389156	36413	31	0	0	403124	382099	32812	0
135	-69	-2	15	40	5943	4484	64059	10	63	932831	7	3098	2	1	0	1020	28	0	3	223	0	4949	5943	601	0	0	0	0	89	0	10	11425	389156	36413	31	0	0	403074	382099	32812	0
134	-69	-2	15	40	5863	4484	63996	10	63	932705	7	3095	2	1	0	1018	28	0	3	223	0	4949	5863	601	0	0	0	0	89	0	10	11425	389156	36413	31	0	0	403024	382099	32812	0
133	-69	-2	15	40	5703	4484	63744	10	63	932516	7	3083	2	1	0	1015	28	0	3	223	0	4949	5703	601	0	0	0	0	89	0	10	11425	389156	36413	31	0	0	402924	382099	32812	0
132	-69	-2	15	40	5623	4484	63618	10	63	932390	7	3077	2	1	0	1013	28	0	3	223	0	4949	5623	601	0	0	0	0	89	0	10	11425	389156	36413	31	0	0	402874	382099	32812	0
131	-69	-2	15	40	5543	4482	63492	10	62	932264	7	3071	2	1	0	1011	28	0	3	220	0	4942	5543	601	0	0	0	0	89	0	10	11425	389156	36413	31	0	0	402824	382099	32812	0
130	-69	-2	15	40	5463	4482	63366	10	62	932138	7	3065	2	1	0	1009	28	0	3	220	0	4942	5463	601	0	0	0	0	89	0	10	11425	389156	36413	31	0	0	402774	382099	32812	0
129	-69	-2	15	40	5383	4482	63303	10	62	932012	7	3062	2	1	0	1007	28	0	3	220	0	4942	5383	601	0	0	0	0	89	0	10	11425	389156	36413	31	0	0	402724	382099	32812	0
128	-69	-2	15	40	5303	4482	63177	10	62	931886	7	3056	2	1	0	1005	28	0	3	220	0	4942	5303	601	0	0	0	0	89	0	10	11425	389156	36413	31	0	0	402674	382099	32812	0
127	-69	-2	15	40	5223	4482	63051	10	62	931823	7	3050	2	1	0	1004	28	0	3	220	0	4942	5223	601	0	0	0	0	89	0	10	11425	389156	36413	31	0	0	402624	382099	32812	0
126	-69	-2	15	40	5143	4480	62925	10	61	931634	7	3044	2	1	0	1001	28	0	3	217	0	4935	5143	601	0	0	0	0	89	0	10	11425	389156	36413	31	0	0	402574	382099	32812	0
125	-69	-2	15	40	5063	4480	62799	10	61	931571	7	3038	2	1	0	1000	28	0	3	217	0	4935	5063	601	0	0	0	0	89	0	10	11425	389156	36413	31	0	0	402524	382099	32812	0
124	-69	-2	15	40	4983	4480	62673	10	61	931445	7	3032	2	1	0	998	28	0	3	217	0	4935	4983	601	0	0	0	0	89	0	10	11425	389156	36413	31	0	0	402474	382099	32812	0
123	-69	-2	15	40	4823	4478	62484	10	60	931193	7	3023	2	1	0	994	28	0	3	214	0	4928	4823	601	0	0	0	0	89	0	10	11425	389156	36413	31	0	0	402374	382099	32812	0
122	-69	-2	15	40	4743	4478	62295	10	60	931067	7	3014	2	1	0	992	28	0	3	214	0	4928	4743	601	0	0	0	0	89	0	10	11425	389156	36413	31	0	0	402324	382099	32812	0
121	-69	-2	15	40	4663	4478	62232	10	60	930941	7	3011	2	1	0	990	28	0	3	214	0	4928	4663	601	0	0	0	0	89	0	10	11425	389156	36413	31	0	0	402274	382099	32812	0
120	-69	-2	15	40	4583	4478	62106	10	60	930878	7	3005	2	1	0	989	28	0	3	214	0	4928	4583	601	0	0	0	0	89	0	10	11425	389156	36413	31	0	0	402224	382099	32812	0
119	-69	-2	15	40	4503	4478	61980	10	60	930752	7	2999	2	1	0	987	28	0	3	214	0	4928	4503	601	0	0	0	0	89	0	10	11425	389156	36413	31	0	0	402174	382099	32812	0
118	-69	-2	15	40	4423	4476	61854	10	59	930626	7	2993	2	1	0	985	28	0	3	211	0	4921	4423	601	0	0	0	0	89	0	10	11425	389156	36413	31	0	0	402124	382099	32812	0
117	-69	-2	15	40	4343	4476	61728	10	59	930500	7	2987	2	1	0	983	28	0	3	211	0	4921	4343	601	0	0	0	0	89	0	10	11425	389156	36413	31	0	0	402074	382099	32812	0
116	-69	-2	15	40	4263	4476	61602	10	59	930374	7	2981	2	1	0	981	28	0	3	211	0	4921	4263	601	0	0	0	0	89	0	10	11425	389156	36413	31	0	0	402024	382099	32812	0
115	-69	-2	15	40	4183	4476	61476	10	59	930248	7	2975	2	1	0	979	28	0	3	211	0	4921	4183	601	0	0	0	0	89	0	10	11425	389156	36413	31	0	0	401974	382099	32812	0
114	-69	-2	15	40	4103	4476	61413	10	59	930122	7	2972	2	1	0	977	28	0	3	211	0	4921	4103	601	0	0	0	0	89	0	10	11425	389156	36413	31	0	0	401924	382099	32812	0
113	-69	-2	15	40	3943	4474	61161	10	58	929870	7	2960	2	1	0	973	28	0	3	208	0	4914	3943	601	0	0	0	0	89	0	10	11425	389156	36413	31	0	0	401824	382099	32812	0
112	-69	-2	15	40	3863	4474	61035	10	58	929807	7	2954	2	1	0	972	28	0	3	208	0	4914	3863	601	0	0	0	0	89	0	10	11425	389156	36413	31	0	0	401774	382099	32812	0
111	-69	-2	15	40	3783	4474	60909	10	58	929681	7	2948	2	1	0	970	28	0	3	208	0	4914	3783	601	0	0	0	0	89	0	10	11425	389156	36413	31	0	0	401724	382099	32812	0
110	-69	-2	15	40	3703	4474	60783	10	58	929555	7	2942	2	1	0	968	28	0	3	208	0	4914	3703	601	0	0	0	0	89	0	10	11425	389156	36413	31	0	0	401674	382099	32812	0
109	-69	-2	15	40	3623	4472	60657	10	57	929429	7	2936	2	1	0	966	28	0	3	205	0	4907	3623	601	0	0	0	0	89	0	10	11425	389156	36413	31	0	0	401624	382099	32812	0
108	-69	-2	15	40	3543	4472	60531	10	57	929303	7	2930	2	1	0	964	28	0	3	205	0	4907	3543	601	0	0	0	0	89	0	10	11425	389156	36413	31	0	0	401574	382099	32812	0
107	-69	-2	15	40	3463	4472	60468	10	57	929177	7	2927	2	1	0	962	28	0	3	205	0	4907	3463	601	0	0	0	0	89	0	10	11425	389156	36413	31	0	0	401524	382099	32812	0
106	-69	-2	15	40	3383	4472	60342	10	57	929051	7	2921	2	1	0	960	28	0	3	205	0	4907	3383	601	0	0	0	0	89	0	10	11425	389156	36413	31	0	0	401474	382099	32812	0
105	-69	-2	15	40	3303	4472	60216	10	57	928988	7	2915	2	1	0	959	28	0	3	205	0	4907	3303	601	0	0	0	0	89	0	10	11425	389156	36413	31	0	0	401424	382099	32812	0
104	-69	-2	15	40	3223	4470	60090	10	56	928799	7	2909	2	1	0	956	28	0	3	202	0	4900	3223	601	0	0	0	0	89	0	10	11425	389156	36413	31	0	0	401374	382099	32812	0
103	-69	-2	15	40	3063	4470	59838	10	56	928610	7	2897	2	1	0	953	28	0	3	202	0	4900	3063	601	0	0	0	0	89	0	10	11425	389156	36413	31	0	0	401274	382099	32812	0
102	-69	-2	15	40	2983	4470	59712	10	56	928484	7	2891	2	1	0	951	28	0	3	202	0	4900	2983	601	0	0	0	0	89	0	10	11425	389156	36413	31	0	0	401224	382099	32812	0
101	-69	-2	15	40	2903	4468	59649	10	55	928358	7	2888	2	1	0	949	28	0	3	199	0	4893	2903	601	0	0	0	0	89	0	10	11425	389156	36413	31	0	0	401174	382099	32812	0
100	-69	-2	15	40	2823	4468	59460	10	55	928232	7	2879	2	1	0	947	28	0	3	199	0	4893	2823	601	0	0	0	0	89	0	10	11425	389156	36413	31	0	0	401124	382099	32812	0
99	-69	-2	15	40	2743	4468	59397	10	55	928106	7	2876	2	1	0	945	28	0	3	199	0	4893	2743	601	0	0	0	0	89	0	10	11425	389156	36413	31	0	0	401074	382099	32812	0
98	-69	-2	15	40	2663	4468	59271	10	55	928043	7	2870	2	1	0	944	28	0	3	199	0	4893	2663	601	0	0	0	0	89	0	10	11425	389156	36413	31	0	0	401024	382099	32812	0
97	-69	-2	15	40	2583	4468	59145	10	55	927917	7	2864	2	1	0	942	28	0	3	199	0	4893	2583	601	0	0	0	0	89	0	10	11425	389156	36413	31	0	0	400974	382099	32812	0
96	-69	-2	15	40	2503	4466	59019	10	54	927791	7	2858	2	1	0	940	28	0	3	196	0	4886	2503	601	0	0	0	0	89	0	10	11425	389156	36413	31	0	0	400924	382099	32812	0
95	-69	-2	15	40	2423	4466	58893	10	54	927665	7	2852	2	1	0	938	28	0	3	196	0	4886	2423	601	0	0	0	0	89	0	10	11425	389156	36413	31	0	0	400874	382099	32812	0
94	-69	-2	15	40	2343	4466	58767	10	54	927539	7	2846	2	1	0	936	28	0	3	196	0	4886	2343	601	0	0	0	0	89	0	10	11425	389156	36413	31	0	0	400824	382099	32812	0
93	-69	-2	15	40	2183	4466	58578	10	54	927287	7	2837	2	1	0	932	28	0	3	196	0	4886	2183	601	0	0	0	0	89	0	10	11425	389156	36413	31	0	0	400724	382099	32812	0
92	-69	-2	15	40	2103	4464	58389	10	53	927161	7	2828	2	1	0	930	28	0	3	193	0	4879	2103	601	0	0	0	0	89	0	10	11425	389156	36413	31	0	0	400674	382099	32812	0
91	-69	-2	15	40	2023	4464	58326	10	53	927035	7	2825	2	1	0	928	28	0	3	193	0	4879	2023	601	0	0	0	0	89	0	10	11425	389156	36413	31	0	0	400624	382099	32812	0
90	-69	-2	15	40	1943	4464	58200	10	53	926972	7	2819	2	1	0	927	28	0	3	193	0	4879	1943	601	0	0	0	0	89	0	10	11425	389156	36413	31	0	0	400574	382099	32812	0
89	-69	-2	15	40	1863	4464	58074	10	53	926846	7	2813	2	1	0	925	28	0	3	193	0	4879	1863	601	0	0	0	0	89	0	10	11425	389156	36413	31	0	0	400524	382099	32812	0
88	-69	-2	15	40	1783	4464	57948	10	53	926720	7	2807	2	1	0	923	28	0	3	193	0	4879	1783	601	0	0	0	0	89	0	10	11425	389156	36413	31	0	0	400474	382099	32812	0
87	-69	-2	15	40	1703	4462	57822	10	52	926594	7	2801	2	1	0	921	28	0	3	190	0	4872	1703	601	0	0	0	0	89	0	10	11425	389156	36413	31	0	0	400424	382099	32812	0
86	-69	-2	15	40	1623	4462	57696	10	52	926468	7	2795	2	1	0	919	28	0	3	190	0	4872	1623	601	0	0	0	0	89	0	10	11425	389156	36413	31	0	0	400374	382099	32812	0
85	-69	-2	15	40	1543	4462	57633	10	52	926342	7	2792	2	1	0	917	28	0	3	190	0	4872	1543	601	0	0	0	0	89	0	10	11425	389156	36413	31	0	0	400324	382099	32812	0
84	-69	-2	15	40	1463	4462	57507	10	52	926216	7	2786	2	1	0	915	28	0	3	190	0	4872	1463	601	0	0	0	0	89	0	10	11425	389156	36413	31	0	0	400274	382099	32812	0
83	-69	-2	15	40	1303	4460	57255	10	51	925964	7	2774	2	1	0	911	28	0	3	187	0	4865	1303	601	0	0	0	0	89	0	10	11425	389156	36413	31	0	0	400174	382099	32812	0
82	-69	-2	15	40	1223	4460	57129	10	51	925901	7	2768	2	1	0	910	28	0	3	187	0	4865	1223	601	0	0	0	0	89	0	10	11425	389156	36413	31	0	0	400124	382099	32812	0
81	-69	-2	15	40	1143	4460	57003	10	51	925775	7	2762	2	1	0	908	28	0	3	187	0	4865	1143	601	0	0	0	0	89	0	10	11425	389156	36413	31	0	0	400074	382099	32812	0
80	-69	-2	15	40	1063	4460	56877	10	51	925649	7	2756	2	1	0	906	28	0	3	187	0	4865	1063	601	0	0	0	0	89	0	10	11425	389156	36413	31	0	0	400024	382099	32812	0
79	-69	-2	15	40	983	4458	56814	10	50	925523	7	2753	2	1	0	904	28	0	3	184	0	4858	983	601	0	0	0	0	89	0	10	11425	389156	36413	31	0	0	399974	382099	32812	0
78	-69	-2	15	40	903	4458	56625	10	50	925397	7	2744	2	1	0	902	28	0	3	184	0	4858	903	601	0	0	0	0	89	0	10	11425	389156	36413	31	0	0	399924	382099	32812	0
77	-69	-2	15	40	823	4458	56562	10	50	925271	7	2741	2	1	0	900	28	0	3	184	0	4858	823	601	0	0	0	0	89	0	10	11425	389156	36413	31	0	0	399874	382099	32812	0
76	-69	-2	15	40	743	4458	56436	10	50	925208	7	2735	2	1	0	899	28	0	3	184	0	4858	743	601	0	0	0	0	89	0	10	11425	389156	36413	31	0	0	399824	382099	32812	0
75	-69	-2	15	40	663	4458	56310	10	50	925082	7	2729	2	1	0	897	28	0	3	184	0	4858	663	601	0	0	0	0	89	0	10	11425	389156	36413	31	0	0	399774	382099	32812	0
74	-69	-2	15	40	503	4456	56058	10	49	924830	7	2717	2	1	0	893	28	0	3	181	0	4851	503	601	0	0	0	0	89	0	10	11425	389156	36413	31	0	0	399674	382099	32812	0
73	-69	-2	15	40	423	4456	55932	10	49	924704	7	2711	2	1	0	891	28	0	3	181	0	4851	423	601	0	0	0	0	89	0	10	11425	389156	36413	31	0	0	399624	382099	32812	0
72	-69	-2	15	40	343	4456	55806	10	49	924578	7	2705	2	1	0	889	28	0	3	181	0	4851	343	601	0	0	0	0	89	0	10	11425	389156	36413	31	0	0	399574	382099	32812	0
71	-69	-2	15	40	263	4456	55743	10	49	924452	7	2702	2	1	0	887	28	0	3	181	0	4851	263	601	0	0	0	0	89	0	10	11425	389156	36413	31	0	0	399524	382099	32812	0
70	-69	-2	15	40	183	4454	55554	10	48	924326	7	2693	2	1	0	885	28	0	3	178	0	4844	183	601	0	0	0	0	89	0	10	11425	389156	36413	31	0	0	399474	382099	32812	0
69	-69	-2	15	40	103	4454	55491	10	48	924200	7	2690	2	1	0	883	28	0	3	178	0	4844	103	601	0	0	0	0	89	0	10	11425	389156	36413	31	0	0	399424	382099	32812	0
68	-69	-2	15	40	23	4454	55365	10	48	924137	7	2684	2	1	0	882	28	0	3	178	0	4844	23	601	0	0	0	0	89	0	10	11425	389156	36413	31	0	0	399374	382099	32812	0
67	-69	-2	15	40	16327	4454	55239	10	48	924011	7	2678	2	1	0	880	28	0	3	178	0	4844	16327	601	0	0	0	0	89	0	10	11425	389156	36413	31	0	0	399324	382099	32812	0
66	-69	-2	15	40	16247	4454	55113	10	48	923885	7	2672	2	1	0	878	28	0	3	178	0	4844	16247	601	0	0	0	0	89	0	10	11425	389156	36413	31	0	0	399274	382099	32812	0
65	-69	-2	15	40	16167	4452	54987	10	47	923759	7	2666	2	1	0	876	28	0	3	175	0	4837	16167	601	0	0	0	0	89	0	10	11425	389156	36413	31	0	0	399224	382099	32812	0
64	-69	-2	15	40	16007	4452	54798	10	47	923507	7	2657	2	1	0	872	28	0	3	175	0	4837	16007	601	0	0	0	0	89	0	10	11425	389156	36413	31	0	0	399124	382099	32812	0
63	-69	-2	15	40	15927	4452	54672	10	47	923381	7	2651	2	1	0	870	28	0	3	175	0	4837	15927	601	0	0	0	0	89	0	10	11425	389156	36413	31	0	0	399074	382099	32812	0
62	-69	-2	15	40	15847	4452	54546	10	47	923318	7	2645	2	1	0	869	28	0	3	175	0	4837	15847	601	0	0	0	0	89	0	10	11425	389156	36413	31	0	0	399024	382099	32812	0
61	-69	-2	15	40	15767	4450	54420	10	46	923129	7	2639	2	1	0	866	28	0	3	172	0	4830	15767	601	0	0	0	0	89	0	10	11425	389156	36413	31	0	0	398974	382099	32812	0
60	-69	-2	15	40	15687	4450	54294	10	46	923066	7	2633	2	1	0	865	28	0	3	172	0	4830	15687	601	0	0	0	0	89	0	10	11425	389156	36413	31	0	0	398924	382099	32812	0
59	-69	-2	15	40	15607	4450	54168	10	46	922940	7	2627	2	1	0	863	28	0	3	172	0	4830	15607	601	0	0	0	0	89	0	10	11425	389156	36413	31	0	0	398874	382099	32812	0
58	-69	-2	15	40	15527	4450	54042	10	46	922814	7	2621	2	1	0	861	28	0	3	172	0	4830	15527	601	0	0	0	0	89	0	10	11425	389156	36413	31	0	0	398824	382099	32812	0
57	-69	-2	15	40	15447	4448	53979	10	45	922688	7	2618	2	1	0	859	28	0	3	169	0	4823	15447	601	0	0	0	0	89	0	10	11425	389156	36413	31	0	0	398774	382099	32812	0
56	-69	-2	15	40	15367	4448	53790	10	45	922562	7	2609	2	1	0	857	28	0	3	169	0	4823	15367	601	0	0	0	0	89	0	10	11425	389156	36413	31	0	0	398724	382099	32812	0
55	-69	-2	15	40	15287	4448	53727	10	45	922436	7	2606	2	1	0	855	28	0	3	169	0	4823	15287	601	0	0	0	0	89	0	10	11425	389156	36413	31	0	0	398674	382099	32812	0
54	-69	-2	15	40	15127	4448	53475	10	45	922247	7	2594	2	1	0	852	28	0	3	169	0	4823	15127	601	0	0	0	0	89	0	10	11425	389156	36413	31	0	0	398574	382099	32812	0
53	-69	-2	15	40	15047	4446	53349	10	44	922121	7	2588	2	1	0	850	28	0	3	166	0	4816	15047	601	0	0	0	0	89	0	10	11425	389156	36413	31	0	0	398524	382099	32812	0
52	-69	-2	15	40	14967	4446	53223	10	44	921995	7	2582	2	1	0	848	28	0	3	166	0	4816	14967	601	0	0	0	0	89	0	10	11425	389156	36413	31	0	0	398474	382099	32812	0
51	-69	-2	15	40	14887	4446	53097	10	44	921869	7	2576	2	1	0	846	28	0	3	166	0	4816	14887	601	0	0	0	0	89	0	10	11425	389156	36413	31	0	0	398424	382099	32812	0
50	-69	-2	15	40	14807	4446	52971	10	44	921743	7	2570	2	1	0	844	28	0	3	166	0	4816	14807	601	0	0	0	0	89	0	10	11425	389156	36413	31	0	0	398374	382099	32812	0
49	-69	-2	15	40	14727	4446	52908	10	44	921617	7	2567	2	1	0	842	28	0	3	166	0	4816	14727	601	0	0	0	0	89	0	10	11425	389156	36413	31	0	0	398324	382099	32812	0
48	-69	-2	15	40	14647	4444	52719	10	43	921491	7	2558	2	1	0	840	28	0	3	163	0	4809	14647	601	0	0	0	0	89	0	10	11425	389156	36413	31	0	0	398274	382099	32812	0
47	-69	-2	15	40	14567	4444	52656	10	43	921365	7	2555	2	1	0	838	28	0	3	163	0	4809	14567	601	0	0	0	0	89	0	10	11425	389156	36413	31	0	0	398224	382099	32812	0
46	-69	-2	15	40	14487	4444	52530	10	43	921302	7	2549	2	1	0	837	28	0	3	163	0	4809	14487	601	0	0	0	0	89	0	10	11425	389156	36413	31	0	0	398174	382099	32812	0
45	-69	-2	15	40	14407	4444	52404	10	43	921176	7	2543	2	1	0	835	28	0	3	163	0	4809	14407	601	0	0	0	0	89	0	10	11425	389156	36413	31	0	0	398124	382099	32812	0
44	-69	-2	15	40	14247	4442	52152	10	42	920924	7	2531	2	1	0	831	28	0	3	160	0	4802	14247	601	0	0	0	0	89	0	10	11425	389156	36413	31	0	0	398024	382099	32812	0
43	-69	-2	15	40	14167	4442	52026	10	42	920798	7	2525	2	1	0	829	28	0	3	160	0	4802	14167	601	0	0	0	0	89	0	10	11425	389156	36413	31	0	0	397974	382099	32812	0
42	-69	-2	15	40	14087	4442	51963	10	42	920672	7	2522	2	1	0	827	28	0	3	160	0	4802	14087	601	0	0	0	0	89	0	10	11425	389156	36413	31	0	0	397924	382099	32812	0
41	-69	-2	15	40	14007	4442	51837	10	42	920546	7	2516	2	1	0	825	28	0	3	160	0	4802	14007	601	0	0	0	0	89	0	10	11425	389156	36413	31	0	0	397874	382099	32812	0
40	-69	-2	15	40	13927	4442	51711	10	42	920483	7	2510	2	1	0	824	28	0	3	160	0	4802	13927	601	0	0	0	0	89	0	10	11425	389156	36413	31	0	0	397824	382099	32812	0
39	-69	-2	15	40	13847	4440	51585	10	41	920294	7	2504	2	1	0	821	28	0	3	157	0	4795	13847	601	0	0	0	0	89	0	10	11425	389156	36413	31	0	0	397774	382099	32812	0
38	-69	-2	15	40	13767	4440	51459	10	41	920231	7	2498	2	1	0	820	28	0	3	157	0	4795	13767	601	0	0	0	0	89	0	10	11425	389156	36413	31	0	0	397724	382099	32812	0
37	-69	-2	15	40	13687	4440	51333	10	41	920105	7	2492	2	1	0	818	28	0	3	157	0	4795	13687	601	0	0	0	0	89	0	10	11425	389156	36413	31	0	0	397674	382099	32812	0
36	-69	-2	15	40	13607	4440	51207	10	41	919979	7	2486	2	1	0	816	28	0	3	157	0	4795	13607	601	0	0	0	0	89	0	10	11425	389156	36413	31	0	0	397624	382099	32812	0
35	-69	-2	15	40	13527	4438	51144	10	40	919853	7	2483	2	1	0	814	28	0	3	154	0	4788	13527	601	0	0	0	0	89	0	10	11425	389156	36413	31	0	0	397574	382099	32812	0
34	-69	-2	15	40	13367	4438	50892	10	40	919601	7	2471	2	1	0	810	28	0	3	154	0	4788	13367	601	0	0	0	0	89	0	10	11425	389156	36413	31	0	0	397474	382099	32812	0
33	-69	-2	15	40	13287	4438	50766	10	40	919538	7	2465	2	1	0	809	28	0	3	154	0	4788	13287	601	0	0	0	0	89	0	10	11425	389156	36413	31	0	0	397424	382099	32812	0
32	-69	-2	15	40	13207	4438	50640	10	40	919412	7	2459	2	1	0	807	28	0	3	154	0	4788	13207	601	0	0	0	0	89	0	10	11425	389156	36413	31	0	0	397374	382099	32812	0
31	-69	-2	15	40	13127	4436	50514	10	39	919286	7	2453	2	1	0	805	28	0	3	151	0	4781	13127	601	0	0	0	0	89	0	10	11425	389156	36413	31	0	0	397324	382099	32812	0
30	-69	-2	15	40	13047	4436	50388	10	39	919160	7	2447	2	1	0	803	28	0	3	151	0	4781	13047	601	0	0	0	0	89	0	10	11425	389156	36413	31	0	0	397274	382099	32812	0
29	-69	-2	15	40	12967	4436	50262	10	39	919034	7	2441	2	1	0	801	28	0	3	151	0	4781	12967	601	0	0	0	0	89	0	10	11425	389156	36413	31	0	0	397224	382099	32812	0
28	-69	-2	15	40	12887	4436	50136	10	39	918908	7	2435	2	1	0	799	28	0	3	151	0	4781	12887	601	0	0	0	0	89	0	10	11425	389156	36413	31	0	0	397174	382099	32812	0
27	-69	-2	15	40	12807	4436	50073	10	39	918782	7	2432	2	1	0	797	28	0	3	151	0	4781	12807	601	0	0	0	0	89	0	10	11425	389156	36413	31	0	0	397124	382099	32812	0
26	-69	-2	15	40	12727	4434	49884	10	38	918656	7	2423	2	1	0	795	28	0	3	148	0	4774	12727	601	0	0	0	0	89	0	10	11425	389156	36413	31	0	0	397074	382099	32812	0
25	-69	-2	15	40	12647	4434	49821	10	38	918530	7	2420	2	1	0	793	28	0	3	148	0	4774	12647	601	0	0	0	0	89	0	10	11425	389156	36413	31	0	0	397024	382099	32812	0
24	-69	-2	15	40	12487	4434	49569	10	38	918341	7	2408	2	1	0	790	28	0	3	148	0	4774	12487	601	0	0	0	0	89	0	10	11425	389156	36413	31	0	0	396924	382099	32812	0
23	-69	-2	15	40	12407	4434	49443	10	38	918215	7	2402	2	1	0	788	28	0	3	148	0	4774	12407	601	0	0	0	0	89	0	10	11425	389156	36413	31	0	0	396874	382099	32812	0
22	-69	-2	15	40	12327	4432	49317	10	37	918089	7	2396	2	1	0	786	28	0	3	145	0	4767	12327	601	0	0	0	0	89	0	10	11425	389156	36413	31	0	0	396824	382099	32812	0
21	-69	-2	15	40	12247	4432	49191	10	37	917963	7	2390	2	1	0	784	28	0	3	145	0	4767	12247	601	0	0	0	0	89	0	10	11425	389156	36413	31	0	0	396774	382099	32812	0
20	-69	-2	15	40	12167	4432	49128	10	37	917837	7	2387	2	1	0	782	28	0	3	145	0	4767	12167	601	0	0	0	0	89	0	10	11425	389156	36413	31	0	0	396724	382099	32812	0
19	-69	-2	15	40	12087	4432	49002	10	37	917711	7	2381	2	1	0	780	28	0	3	145	0	4767	12087	601	0	0	0	0	89	0	10	11425	389156	36413	31	0	0	396674	382099	32812	0
18	-69	-2	15	40	12007	4432	48876	10	37	917648	7	2375	2	1	0	779	28	0	3	145	0	4767	12007	601	0	0	0	0	89	0	10	11425	389156	36413	31	0	0	396624	382099	32812	0
17	-69	-2	15	40	11927	4430	48750	10	36	917459	7	2369	2	1	0	776	28	0	3	142	0	4760	11927	601	0	0	0	0	89	0	10	11425	389156	36413	31	0	0	396574	382099	32812	0
16	-69	-2	15	40	11847	4430	48624	10	36	917396	7	2363	2	1	0	775	28	0	3	142	0	4760	11847	601	0	0	0	0	89	0	10	11425	389156	36413	31	0	0	396524	382099	32812	0
15	-69	-2	15	40	11767	4430	48498	10	36	917270	7	2357	2	1	0	773	28	0	3	142	0	4760	11767	601	0	0	0	0	89	0	10	11425	389156	36413	31	0	0	396474	382099	32812	0
14	-69	-2	15	40	11607	4428	48309	10	35	917018	7	2348	2	1	0	769	28	0	3	139	0	4753	11607	601	0	0	0	0	89	0	10	11425	389156	36413	31	0	0	396374	382099	32812	0
13	-69	-2	15	40	11527	4428	48120	10	35	916892	7	2339	2	1	0	767	28	0	3	139	0	4753	11527	601	0	0	0	0	89	0	10	11425	389156	36413	31	0	0	396324	382099	32812	0
12	-69	-2	15	40	11447	4428	48057	10	35	916766	7	2336	2	1	0	765	28	0	3	139	0	4753	11447	601	0	0	0	0	89	0	10	11425	389156	36413	31	0	0	396274	382099	32812	0
11	-69	-2	15	40	11367	4428	47931	10	35	916703	7	2330	2	1	0	764	28	0	3	139	0	4753	11367	601	0	0	0	0	89	0	10	11425	389156	36413	31	0	0	396224	382099	32812	0
10	-69	-2	15	40	11287	4428	47805	10	35	916577	7	2324	2	1	0	762	28	0	3	139	0	4753	11287	601	0	0	0	0	89	0	10	11425	389156	36413	31	0	0	396174	382099	32812	0
9	-69	-2	15	40	11207	4426	47679	10	34	916451	7	2318	2	1	0	760	28	0	3	136	0	4746	11207	601	0	0	0	0	89	0	10	11425	389156	36413	31	0	0	396124	382099	32812	0
8	-69	-2	15	40	11127	4426	47553	10	34	916325	7	2312	2	1	0	758	28	0	3	136	0	4746	11127	601	0	0	0	0	89	0	10	11425	389156	36413	31	0	0	396074	382099	32812	0
7	-69	-2	15	40	11047	4426	47427	10	34	916199	7	2306	2	1	0	756	28	0	3	136	0	4746	11047	601	0	0	0	0	89	0	10	11425	389156	36413	31	0	0	396024	382099	32812	0
6	-69	-2	15	40	10967	4426	47301	10	34	916073	7	2300	2	1	0	754	28	0	3	136	0	4746	10967	601	0	0	0	0	89	0	10	11425	389156	36413	31	0	0	395974	382099	32812	0
5	-69	-2	15	40	10887	4426	47238	10	34	915947	7	2297	2	1	0	752	28	0	3	136	0	4746	10887	601	0	0	0	0	89	0	10	11425	389156	36413	31	0	0	395924	382099	32812	0
4	-69	-2	15	40	10727	4424	46986	10	33	915695	7	2285	2	1	0	748	28	0	3	133	0	4739	10727	601	0	0	0	0	89	0	10	11425	389156	36413	31	0	0	395824	382099	32812	0
3	-69	-2	15	40	10647	4424	46860	10	33	915632	7	2279	2	1	0	747	28	0	3	133	0	4739	10647	601	0	0	0	0	89	0	10	11425	389156	36413	31	0	0	395774	382099	32812	0
2	-69	-2	15	40	10567	4424	46734	10	33	915506	7	2273	2	1	0	745	28	0	3	133	0	4739	10567	601	0	0	0	0	89	0	10	11425	389156	36413	31	0	0	395724	382099	32812	0
1	-69	-2	15	40	10487	4424	46608	10	33	915380	7	2267	2	1	0	743	28	0	3	133	0	4739	10487	601	0	0	0	0	89	0	10	11425	389156	36413	31	0	0	395674	382099	32812	0
