date_index	rsrp	rsrq	wbcqi	macStats_phr	dlCqiReport_sfnSn	macStats_totalBytesSdusDl	macStats_totalTbsUl	macStats_mcs1Ul	macStats_totalPduDl	macStats_totalBytesSdusUl	macStats_tbsDl	macStats_totalPrbUl	macStats_macSdusDl_sduLength	macStats_macSdusDl_lcid	macStats_prbUl	macStats_totalPduUl	macStats_mcs1Dl	macStats_mcs2Dl	macStats_prbDl	macStats_totalPrbDl	macStats_prbRetxDl	macStats_totalTbsDl	ulCqiReport_sfnSn	pdcpStats_pktRx	pdcpStats_pktRxW	pdcpStats_pktRxAiatW	pdcpStats_pktRxOo	pdcpStats_pktRxBytesW	pdcpStats_pktRxSn	pdcpStats_pktTxBytesW	pdcpStats_pktTxSn	pdcpStats_pktTxBytes	pdcpStats_pktRxAiat	pdcpStats_pktRxBytes	pdcpStats_pktTx	pdcpStats_pktTxW	pdcpStats_pktTxAiatW	pdcpStats_sfn	pdcpStats_pktTxAiat	rnti	quality
1644	-94	-2	15	38	11601	12894	498533	10	802	1082171	7	23763	2	1	0	7878	28	0	3	2494	0	17326	11601	1526	0	0	0	0	586	0	29	26556	456648	92450	72	0	0	457808	417970	12319	0
1643	-94	-2	15	38	11443	12892	498281	10	801	1081919	7	23751	2	1	0	7874	28	0	3	2491	0	17319	11443	1526	0	0	0	0	586	0	29	26556	456648	92450	72	0	0	457710	417970	12319	0
1642	-94	-2	15	38	11283	12892	498092	10	801	1081667	7	23742	2	1	0	7870	28	0	3	2491	0	17319	11283	1526	0	0	0	0	586	0	29	26556	456648	92450	72	0	0	457610	417970	12319	0
1641	-94	-2	15	38	11123	12892	497840	10	801	1081478	7	23730	2	1	0	7867	28	0	3	2491	0	17319	11123	1526	0	0	0	0	586	0	29	26556	456648	92450	72	0	0	457510	417970	12319	0
1640	-94	-2	15	38	10963	12890	497588	10	800	1081226	7	23718	2	1	0	7863	28	0	3	2488	0	17312	10963	1526	0	0	0	0	586	0	29	26556	456648	92450	72	0	0	457410	417970	12319	0
1639	-94	-2	15	38	10803	12890	497399	10	800	1080974	7	23709	2	1	0	7859	28	0	3	2488	0	17312	10803	1526	0	0	0	0	586	0	29	26556	456648	92450	72	0	0	457310	417970	12319	0
1638	-94	-2	15	38	10482	12888	496895	10	799	1080533	7	23685	2	1	0	7852	28	0	3	2485	0	17305	10482	1526	0	0	0	0	586	0	29	26556	456648	92450	72	0	0	457109	417970	12319	0
1637	-94	-2	15	38	10323	12886	496643	10	798	1080281	7	23673	2	1	0	7848	28	0	3	2482	0	17298	10323	1526	0	0	0	0	586	0	29	26556	456648	92450	72	0	0	457010	417970	12319	0
1636	-94	-2	15	38	10163	12886	496391	10	798	1080029	7	23661	2	1	0	7844	28	0	3	2482	0	17298	10163	1526	0	0	0	0	586	0	29	26556	456648	92450	72	0	0	456910	417970	12319	0
1635	-94	-2	15	38	10003	12886	496202	10	798	1079840	7	23652	2	1	0	7841	28	0	3	2482	0	17298	10003	1526	0	0	0	0	586	0	29	26556	456648	92450	72	0	0	456810	417970	12319	0
1634	-94	-2	15	38	9843	12884	495950	10	797	1079588	7	23640	2	1	0	7837	28	0	3	2479	0	17291	9843	1526	2	46	0	120	586	0	29	26556	456648	92450	72	0	0	456710	417970	12319	0
1633	-94	-2	15	38	9683	12884	495664	10	797	1079239	7	23627	2	1	0	7832	28	0	3	2479	0	17291	9683	1524	3	74	0	180	584	0	29	26556	456556	92330	72	0	0	456610	417970	12319	0
1632	-94	-2	15	38	9523	12882	495219	10	796	1078857	7	23611	2	1	0	7828	28	0	3	2476	0	17284	9523	1521	0	0	0	0	581	0	29	26556	456334	92150	72	0	0	456510	417970	12319	0
1631	-94	-2	15	38	9363	12882	494967	10	796	1078605	7	23599	2	1	0	7824	28	0	3	2476	0	17284	9363	1521	4	107	0	240	581	0	29	26556	456334	92150	72	0	0	456410	417970	12319	0
1630	-94	-2	15	38	9203	12882	494538	10	796	1078176	7	23583	2	1	0	7819	28	0	3	2476	0	17284	9203	1517	0	0	0	0	577	0	29	26556	455906	91910	72	0	0	456310	417970	12319	0
1629	-94	-2	15	38	9043	12880	494349	10	795	1077924	7	23574	2	1	0	7815	28	0	3	2473	0	17277	9043	1517	0	0	0	0	577	0	29	26556	455906	91910	72	0	0	456210	417970	12319	0
1628	-94	-2	15	38	8723	12878	493845	10	794	1077483	7	23550	2	1	0	7808	28	0	3	2470	0	17270	8723	1517	2	429	0	120	577	0	29	26556	455906	91910	72	0	0	456010	417970	12319	0
1627	-94	-2	15	38	8563	12878	493656	12	794	1077294	7	23541	2	1	0	7805	28	0	3	2470	0	17270	8563	1517	0	0	0	0	577	0	29	26556	455906	91910	72	0	0	455910	417970	12319	0
1626	-94	-2	15	38	8403	12876	493307	10	793	1076945	7	23525	2	1	0	7800	28	0	3	2467	0	17263	8403	1515	0	0	0	0	575	0	29	26556	455048	91790	72	0	0	455810	417970	12319	0
1625	-94	-2	15	38	8243	12876	493055	10	793	1076693	7	23513	2	1	0	7796	28	0	3	2467	0	17263	8243	1515	0	0	0	0	575	0	29	26556	455048	91790	72	0	0	455710	417970	12319	0
1624	-94	-2	15	38	8083	12876	492866	10	793	1076504	7	23504	2	1	0	7793	28	0	3	2467	0	17263	8083	1515	0	0	0	0	575	0	29	26556	455048	91790	72	0	0	455610	417970	12319	0
1623	-94	-2	15	38	7923	12874	492614	10	792	1076252	7	23492	2	1	0	7789	28	0	3	2464	0	17256	7923	1515	0	0	0	0	575	0	29	26556	455048	91790	72	0	0	455510	417970	12319	0
1622	-94	-2	15	38	7763	12874	492362	10	792	1076000	7	23480	2	1	0	7785	28	0	3	2464	0	17256	7763	1515	0	0	0	0	575	0	29	26556	455048	91790	72	0	0	455410	417970	12319	0
1621	-94	-2	15	38	7603	12872	492110	10	791	1075748	7	23468	2	1	0	7781	28	0	3	2461	0	17249	7603	1515	0	0	0	0	575	0	29	26556	455048	91790	72	0	0	455310	417970	12319	0
1620	-94	-2	15	38	7443	12872	491921	10	791	1075496	7	23459	2	1	0	7777	28	0	3	2461	0	17249	7443	1515	0	0	0	0	575	0	29	26556	455048	91790	72	0	0	455210	417970	12319	0
1619	-94	-2	15	38	7283	12872	491669	10	791	1075307	7	23447	2	1	0	7774	28	0	3	2461	0	17249	7283	1515	1	142	0	60	575	0	29	26556	455048	91790	72	0	0	455110	417970	12319	0
1618	-94	-2	15	38	6963	12870	491165	12	790	1074803	7	23423	2	1	0	7766	28	0	3	2458	0	17242	6963	1514	0	0	0	0	574	0	29	26556	454906	91730	72	0	0	454910	417970	12319	0
1617	-94	-2	15	38	6803	12868	490816	10	789	1074454	7	23407	2	1	0	7761	28	0	3	2455	0	17235	6803	1512	0	0	0	0	572	0	29	26556	454626	91610	72	0	0	454810	417970	12319	0
1616	-94	-2	15	38	6643	12868	490627	10	789	1074202	7	23398	2	1	0	7757	28	0	3	2455	0	17235	6643	1512	1	312	0	60	572	0	29	26556	454626	91610	72	0	0	454710	417970	12319	0
1615	-94	-2	15	38	6483	12866	490353	10	788	1073991	7	23383	2	1	0	7753	28	0	3	2452	0	17228	6483	1511	0	0	0	0	571	0	29	26556	454314	91550	72	0	0	454610	417970	12319	0
1614	-94	-2	15	38	6323	12866	490164	10	788	1073739	7	23374	2	1	0	7749	28	0	3	2452	0	17228	6323	1511	0	0	0	0	571	0	29	26556	454314	91550	72	0	0	454510	417970	12319	0
1613	-94	-2	15	38	6163	12866	489912	10	788	1073550	7	23362	2	1	0	7746	28	0	3	2452	0	17228	6163	1511	3	1092	0	180	571	0	29	26556	454314	91550	72	0	0	454410	417970	12319	0
1612	-94	-2	15	38	6003	12864	489723	12	787	1073264	7	23353	2	1	0	7742	28	0	3	2449	0	17221	6003	1509	0	0	0	0	569	0	29	26556	454308	91430	72	0	0	454310	417970	12319	0
1611	-94	-2	15	38	5843	12864	489311	10	787	1072949	7	23334	2	1	0	7737	28	0	3	2449	0	17221	5843	1508	0	0	0	0	568	0	29	26556	451036	91370	72	0	0	454210	417970	12319	0
1610	-94	-2	15	38	5683	12862	489059	10	786	1072697	7	23322	2	1	0	7733	28	0	3	2446	0	17214	5683	1508	0	0	0	0	568	0	29	26556	451036	91370	72	0	0	454110	417970	12319	0
1609	-94	-2	15	38	5523	12862	488870	10	786	1072445	7	23313	2	1	0	7729	28	0	3	2446	0	17214	5523	1508	0	0	0	0	568	0	29	26556	451036	91370	72	0	0	454010	417970	12319	0
1608	-94	-2	15	38	5203	12860	488366	10	785	1072004	7	23289	2	1	0	7722	28	0	3	2443	0	17207	5203	1508	0	0	0	0	568	0	29	26556	451036	91370	72	0	0	453810	417970	12319	0
1607	-94	-2	15	38	5043	12860	488177	10	785	1071752	7	23280	2	1	0	7718	28	0	3	2443	0	17207	5043	1508	0	0	0	0	568	0	29	26556	451036	91370	72	0	0	453710	417970	12319	0
1606	-94	-2	15	38	4883	12858	487925	10	784	1071500	7	23268	2	1	0	7714	28	0	3	2440	0	17200	4883	1508	0	0	0	0	568	0	29	26556	451036	91370	72	0	0	453610	417970	12319	0
1605	-94	-2	15	38	4723	12858	487673	10	784	1071311	7	23256	2	1	0	7711	28	0	3	2440	0	17200	4723	1508	0	0	0	0	568	0	29	26556	451036	91370	72	0	0	453510	417970	12319	0
1604	-94	-2	15	38	4563	12856	487421	10	783	1071059	7	23244	2	1	0	7707	28	0	3	2437	0	17193	4563	1508	0	0	0	0	568	0	29	26556	451036	91370	72	0	0	453410	417970	12319	0
1603	-94	-2	15	38	4403	12856	487169	10	783	1070807	7	23232	2	1	0	7703	28	0	3	2437	0	17193	4403	1508	0	0	0	0	568	0	29	26556	451036	91370	72	0	0	453310	417970	12319	0
1602	-94	-2	15	38	4243	12856	486980	10	783	1070618	7	23223	2	1	0	7700	28	0	3	2437	0	17193	4243	1508	0	0	0	0	568	0	29	26556	451036	91370	72	0	0	453210	417970	12319	0
1601	-94	-2	15	38	4083	12854	486728	10	782	1070366	7	23211	2	1	0	7696	28	0	3	2434	0	17186	4083	1508	0	0	0	0	568	0	29	26556	451036	91370	72	0	0	453110	417970	12319	0
1600	-94	-2	15	38	3923	12854	486476	10	782	1070114	7	23199	2	1	0	7692	28	0	3	2434	0	17186	3923	1508	0	0	0	0	568	0	29	26556	451036	91370	72	0	0	453010	417970	12319	0
1599	-94	-2	15	38	3763	12852	486224	10	781	1069862	7	23187	2	1	0	7688	28	0	3	2431	0	17179	3763	1508	0	0	0	0	568	0	29	26556	451036	91370	72	0	0	452910	417970	12319	0
1598	-94	-2	15	38	3443	12852	485783	10	781	1069421	7	23166	2	1	0	7681	28	0	3	2431	0	17179	3443	1508	0	0	0	0	568	0	29	26556	451036	91370	72	0	0	452710	417970	12319	0
1597	-94	-2	15	38	3283	12850	485531	10	780	1069169	7	23154	2	1	0	7677	28	0	3	2428	0	17172	3283	1508	0	0	0	0	568	0	29	26556	451036	91370	72	0	0	452610	417970	12319	0
1596	-94	-2	15	38	3123	12850	485342	10	780	1068917	7	23145	2	1	0	7673	28	0	3	2428	0	17172	3123	1508	0	0	0	0	568	0	29	26556	451036	91370	72	0	0	452510	417970	12319	0
1595	-94	-2	15	38	2963	12848	485090	10	779	1068665	7	23133	2	1	0	7669	28	0	3	2425	0	17165	2963	1508	0	0	0	0	568	0	29	26556	451036	91370	72	0	0	452410	417970	12319	0
1594	-94	-2	15	38	2803	12848	484838	10	779	1068476	7	23121	2	1	0	7666	28	0	3	2425	0	17165	2803	1508	0	0	0	0	568	0	29	26556	451036	91370	72	0	0	452310	417970	12319	0
1593	-94	-2	15	38	2643	12846	484586	10	778	1068224	7	23109	2	1	0	7662	28	0	3	2422	0	17158	2643	1508	0	0	0	0	568	0	29	26556	451036	91370	72	0	0	452210	417970	12319	0
1592	-94	-2	15	38	2483	12846	484334	10	778	1067972	7	23097	2	1	0	7658	28	0	3	2422	0	17158	2483	1508	0	0	0	0	568	0	29	26556	451036	91370	72	0	0	452110	417970	12319	0
1591	-94	-2	15	38	2323	12846	484145	10	778	1067783	7	23088	2	1	0	7655	28	0	3	2422	0	17158	2323	1508	0	0	0	0	568	0	29	26556	451036	91370	72	0	0	452010	417970	12319	0
1590	-94	-2	15	38	2163	12844	483893	10	777	1067531	7	23076	2	1	0	7651	28	0	3	2419	0	17151	2163	1508	0	0	0	0	568	0	29	26556	451036	91370	72	0	0	451910	417970	12319	0
1589	-94	-2	15	38	1843	12842	483389	10	776	1067027	7	23052	2	1	0	7643	28	0	3	2416	0	17144	1843	1508	0	0	0	0	568	0	29	26556	451036	91370	72	0	0	451710	417970	12319	0
1588	-94	-2	15	38	1683	12842	483200	10	776	1066775	7	23043	2	1	0	7639	28	0	3	2416	0	17144	1683	1508	0	0	0	0	568	0	29	26556	451036	91370	72	0	0	451610	417970	12319	0
1587	-94	-2	15	38	1523	12842	482948	10	776	1066586	7	23031	2	1	0	7636	28	0	3	2416	0	17144	1523	1508	0	0	0	0	568	0	29	26556	451036	91370	72	0	0	451510	417970	12319	0
1586	-94	-2	15	38	1363	12840	482696	10	775	1066334	7	23019	2	1	0	7632	28	0	3	2413	0	17137	1363	1508	0	0	0	0	568	0	29	26556	451036	91370	72	0	0	451410	417970	12319	0
1585	-94	-2	15	38	1203	12840	482507	10	775	1066082	7	23010	2	1	0	7628	28	0	3	2413	0	17137	1203	1508	0	0	0	0	568	0	29	26556	451036	91370	72	0	0	451310	417970	12319	0
1584	-94	-2	15	38	1043	12838	482255	10	774	1065893	7	22998	2	1	0	7625	28	0	3	2410	0	17130	1043	1508	0	0	0	0	568	0	29	26556	451036	91370	72	0	0	451210	417970	12319	0
1583	-94	-2	15	38	883	12838	482003	10	774	1065641	7	22986	2	1	0	7621	28	0	3	2410	0	17130	883	1508	1	1154	0	60	568	0	29	26556	451036	91370	72	0	0	451110	417970	12319	0
1582	-94	-2	15	38	723	12836	481729	10	773	1065367	7	22971	2	1	0	7616	28	0	3	2407	0	17123	723	1507	0	0	0	0	567	0	29	26556	449882	91310	72	0	0	451010	417970	12319	0
1581	-94	-2	15	38	563	12836	481477	10	773	1065115	7	22959	2	1	0	7612	28	0	3	2407	0	17123	563	1507	0	0	0	0	567	0	29	26556	449882	91310	72	0	0	450910	417970	12319	0
1580	-94	-2	15	38	403	12836	481288	10	773	1064926	7	22950	2	1	0	7609	28	0	3	2407	0	17123	403	1507	0	0	0	0	567	0	29	26556	449882	91310	72	0	0	450810	417970	12319	0
1579	-94	-2	15	38	83	12834	480784	10	772	1064422	7	22926	2	1	0	7601	28	0	3	2404	0	17116	83	1507	0	0	0	0	567	0	29	26556	449882	91310	72	0	0	450610	417970	12319	0
1578	-94	-2	15	38	16307	12832	480532	10	771	1064170	7	22914	2	1	0	7597	28	0	3	2401	0	17109	16307	1507	0	0	0	0	567	0	29	26556	449882	91310	72	0	0	450510	417970	12319	0
1577	-94	-2	15	38	16147	12832	480343	10	771	1063918	7	22905	2	1	0	7593	28	0	3	2401	0	17109	16147	1507	0	0	0	0	567	0	29	26556	449882	91310	72	0	0	450410	417970	12319	0
1576	-94	-2	15	38	15987	12832	480091	10	771	1063729	7	22893	2	1	0	7590	28	0	3	2401	0	17109	15987	1507	0	0	0	0	567	0	29	26556	449882	91310	72	0	0	450310	417970	12319	0
1575	-94	-2	15	38	15827	12830	479839	10	770	1063477	7	22881	2	1	0	7586	28	0	3	2398	0	17102	15827	1507	0	0	0	0	567	0	29	26556	449882	91310	72	0	0	450210	417970	12319	0
1574	-94	-2	15	38	15667	12830	479650	10	770	1063288	7	22872	2	1	0	7583	28	0	3	2398	0	17102	15667	1507	0	0	0	0	567	0	29	26556	449882	91310	72	0	0	450110	417970	12319	0
1573	-94	-2	15	38	15507	12828	479398	10	769	1063036	7	22860	2	1	0	7579	28	0	3	2395	0	17095	15507	1507	0	0	0	0	567	0	29	26556	449882	91310	72	0	0	450010	417970	12319	0
1572	-94	-2	15	38	15347	12828	479209	10	769	1062784	7	22851	2	1	0	7575	28	0	3	2395	0	17095	15347	1507	4	211	0	240	567	0	29	26556	449882	91310	72	0	0	449910	417970	12319	0
1571	-94	-2	15	38	15187	12826	478717	10	768	1062355	7	22832	2	1	0	7570	28	0	3	2392	0	17088	15187	1503	0	0	0	0	563	0	29	26556	449036	91070	72	0	0	449810	417970	12319	0
1570	-94	-2	15	38	15027	12826	478465	10	768	1062103	7	22820	2	1	0	7566	28	0	3	2392	0	17088	15027	1503	0	0	0	0	563	0	29	26556	449036	91070	72	0	0	449710	417970	12319	0
1569	-94	-2	15	38	14707	12824	478024	10	767	1061662	7	22799	2	1	0	7559	28	0	3	2389	0	17081	14707	1503	0	0	0	0	563	0	29	26556	449036	91070	72	0	0	449510	417970	12319	0
1568	-94	-2	15	38	14547	12824	477772	10	767	1061410	7	22787	2	1	0	7555	28	0	3	2389	0	17081	14547	1503	0	0	0	0	563	0	29	26556	449036	91070	72	0	0	449410	417970	12319	0
1567	-94	-2	15	38	14387	12822	477520	10	766	1061158	7	22775	2	1	0	7551	28	0	3	2386	0	17074	14387	1503	0	0	0	0	563	0	29	26556	449036	91070	72	0	0	449310	417970	12319	0
1566	-94	-2	15	38	14227	12822	477331	10	766	1060906	7	22766	2	1	0	7547	28	0	3	2386	0	17074	14227	1503	0	0	0	0	563	0	29	26556	449036	91070	72	0	0	449210	417970	12319	0
1565	-94	-2	15	38	14067	12822	477079	10	766	1060717	7	22754	2	1	0	7544	28	0	3	2386	0	17074	14067	1503	1	118	0	60	563	0	29	26556	449036	91070	72	0	0	449110	417970	12319	0
1564	-94	-2	15	38	13907	12820	476805	10	765	1060443	7	22739	2	1	0	7539	28	0	3	2383	0	17067	13907	1502	1	882	0	60	562	0	29	26556	448918	91010	72	0	0	449010	417970	12319	0
1563	-94	-2	15	38	13747	12820	476553	10	765	1060128	7	22727	2	1	0	7534	28	0	3	2383	0	17067	13747	1501	0	0	0	0	561	0	29	26556	448036	90950	72	0	0	448910	417970	12319	0
1562	-94	-2	15	38	13587	12818	476301	10	764	1059876	7	22715	2	1	0	7530	28	0	3	2380	0	17060	13587	1501	0	0	0	0	561	0	29	26556	448036	90950	72	0	0	448810	417970	12319	0
1561	-94	-2	15	38	13427	12818	476049	10	764	1059687	7	22703	2	1	0	7527	28	0	3	2380	0	17060	13427	1501	0	0	0	0	561	0	29	26556	448036	90950	72	0	0	448710	417970	12319	0
1560	-94	-2	15	38	13267	12816	475797	10	763	1059435	7	22691	2	1	0	7523	28	0	3	2377	0	17053	13267	1501	0	0	0	0	561	0	29	26556	448036	90950	72	0	0	448610	417970	12319	0
1559	-94	-2	15	38	12947	12816	475356	10	763	1058994	7	22670	2	1	0	7516	28	0	3	2377	0	17053	12947	1501	0	0	0	0	561	0	29	26556	448036	90950	72	0	0	448410	417970	12319	0
1558	-94	-2	15	38	12787	12814	475104	10	762	1058742	7	22658	2	1	0	7512	28	0	3	2374	0	17046	12787	1501	0	0	0	0	561	0	29	26556	448036	90950	72	0	0	448310	417970	12319	0
1557	-94	-2	15	38	12627	12814	474852	10	762	1058490	7	22646	2	1	0	7508	28	0	3	2374	0	17046	12627	1501	0	0	0	0	561	0	29	26556	448036	90950	72	0	0	448210	417970	12319	0
1556	-94	-2	15	38	12467	12812	474600	10	761	1058238	7	22634	2	1	0	7504	28	0	3	2371	0	17039	12467	1501	1	2122	0	60	561	0	29	26556	448036	90950	72	0	0	448110	417970	12319	0
1555	-94	-2	15	38	12307	12812	474389	10	761	1057964	7	22622	2	1	0	7499	28	0	3	2371	0	17039	12307	1500	0	0	0	0	560	0	29	26556	445914	90890	72	0	0	448010	417970	12319	0
1554	-94	-2	15	38	12147	12812	474137	10	761	1057775	7	22610	2	1	0	7496	28	0	3	2371	0	17039	12147	1500	0	0	0	0	560	0	29	26556	445914	90890	72	0	0	447910	417970	12319	0
1553	-94	-2	15	38	11987	12810	473885	10	760	1057523	7	22598	2	1	0	7492	28	0	3	2368	0	17032	11987	1500	0	0	0	0	560	0	29	26556	445914	90890	72	0	0	447810	417970	12319	0
1552	-94	-2	15	38	11827	12810	473696	10	760	1057271	7	22589	2	1	0	7488	28	0	3	2368	0	17032	11827	1500	0	0	0	0	560	0	29	26556	445914	90890	72	0	0	447710	417970	12319	0
1551	-94	-2	15	38	11667	12808	473444	10	759	1057019	7	22577	2	1	0	7484	28	0	3	2365	0	17025	11667	1500	0	0	0	0	560	0	29	26556	445914	90890	72	0	0	447610	417970	12319	0
1550	-94	-2	15	38	11507	12808	473192	10	759	1056830	7	22565	2	1	0	7481	28	0	3	2365	0	17025	11507	1500	0	0	0	0	560	0	29	26556	445914	90890	72	0	0	447510	417970	12319	0
1549	-94	-2	15	38	11187	12806	472688	10	758	1056326	7	22541	2	1	0	7473	28	0	3	2362	0	17018	11187	1500	0	0	0	0	560	0	29	26556	445914	90890	72	0	0	447310	417970	12319	0
1548	-94	-2	15	38	11027	12806	472499	10	758	1056137	7	22532	2	1	0	7470	28	0	3	2362	0	17018	11027	1500	0	0	0	0	560	0	29	26556	445914	90890	72	0	0	447210	417970	12319	0
1547	-94	-2	15	38	10867	12804	472247	10	757	1055885	7	22520	2	1	0	7466	28	0	3	2359	0	17011	10867	1500	0	0	0	0	560	0	29	26556	445914	90890	72	0	0	447110	417970	12319	0
1546	-94	-2	15	38	10707	12804	471995	10	757	1055633	7	22508	2	1	0	7462	28	0	3	2359	0	17011	10707	1500	0	0	0	0	560	0	29	26556	445914	90890	72	0	0	447010	417970	12319	0
1545	-94	-2	15	38	10547	12802	471743	10	756	1055381	7	22496	2	1	0	7458	28	0	3	2356	0	17004	10547	1500	0	0	0	0	560	0	29	26556	445914	90890	72	0	0	446910	417970	12319	0
1544	-94	-2	15	38	10387	12802	471554	10	756	1055129	7	22487	2	1	0	7454	28	0	3	2356	0	17004	10387	1500	0	0	0	0	560	0	29	26556	445914	90890	72	0	0	446810	417970	12319	0
1543	-94	-2	15	38	10227	12802	471302	10	756	1054940	7	22475	2	1	0	7451	28	0	3	2356	0	17004	10227	1500	0	0	0	0	560	0	29	26556	445914	90890	72	0	0	446710	417970	12319	0
1542	-94	-2	15	38	10067	12800	471050	10	755	1054688	7	22463	2	1	0	7447	28	0	3	2353	0	16997	10067	1500	0	0	0	0	560	0	29	26556	445914	90890	72	0	0	446610	417970	12319	0
1541	-94	-2	15	38	9907	12800	470861	10	755	1054436	7	22454	2	1	0	7443	28	0	3	2353	0	16997	9907	1500	0	0	0	0	560	0	29	26556	445914	90890	72	0	0	446510	417970	12319	0
1540	-94	-2	15	38	9587	12798	470357	10	754	1053995	7	22430	2	1	0	7436	28	0	3	2350	0	16990	9587	1500	0	0	0	0	560	0	29	26556	445914	90890	72	0	0	446310	417970	12319	0
1539	-94	-2	15	38	9427	12796	470105	10	753	1053743	7	22418	2	1	0	7432	28	0	3	2347	0	16983	9427	1500	0	0	0	0	560	0	29	26556	445914	90890	72	0	0	446210	417970	12319	0
1538	-94	-2	15	38	9267	12796	469916	10	753	1053491	7	22409	2	1	0	7428	28	0	3	2347	0	16983	9267	1500	0	0	0	0	560	0	29	26556	445914	90890	72	0	0	446110	417970	12319	0
1537	-94	-2	15	38	9107	12796	469664	10	753	1053302	7	22397	2	1	0	7425	28	0	3	2347	0	16983	9107	1500	2	508	0	120	560	0	29	26556	445914	90890	72	0	0	446010	417970	12319	0
1536	-94	-2	15	38	8947	12794	469475	12	752	1053016	7	22388	2	1	0	7421	28	0	3	2344	0	16976	8947	1498	0	0	0	0	558	0	29	26556	444898	90770	72	0	0	445910	417970	12319	0
1535	-94	-2	15	38	8787	12794	469126	10	752	1052764	7	22372	2	1	0	7417	28	0	3	2344	0	16976	8787	1498	0	0	0	0	558	0	29	26556	444898	90770	72	0	0	445810	417970	12319	0
1534	-94	-2	15	38	8627	12792	468874	10	751	1052512	7	22360	2	1	0	7413	28	0	3	2341	0	16969	8627	1498	0	0	0	0	558	0	29	26556	444898	90770	72	0	0	445710	417970	12319	0
1533	-94	-2	15	38	8467	12792	468685	10	751	1052260	7	22351	2	1	0	7409	28	0	3	2341	0	16969	8467	1498	0	0	0	0	558	0	29	26556	444898	90770	72	0	0	445610	417970	12319	0
1532	-94	-2	15	38	8307	12792	468433	10	751	1052071	7	22339	2	1	0	7406	28	0	3	2341	0	16969	8307	1498	0	0	0	0	558	0	29	26556	444898	90770	72	0	0	445510	417970	12319	0
1531	-94	-2	15	38	8147	12790	468181	10	750	1051819	7	22327	2	1	0	7402	28	0	3	2338	0	16962	8147	1498	0	0	0	0	558	0	29	26556	444898	90770	72	0	0	445410	417970	12319	0
1530	-94	-2	15	38	7827	12788	467740	10	749	1051378	7	22306	2	1	0	7395	28	0	3	2335	0	16955	7827	1498	0	0	0	0	558	0	29	26556	444898	90770	72	0	0	445210	417970	12319	0
1529	-94	-2	15	38	7667	12788	467488	10	749	1051126	7	22294	2	1	0	7391	28	0	3	2335	0	16955	7667	1498	0	0	0	0	558	0	29	26556	444898	90770	72	0	0	445110	417970	12319	0
1528	-94	-2	15	38	7507	12786	467299	10	748	1050874	7	22285	2	1	0	7387	28	0	3	2332	0	16948	7507	1498	0	0	0	0	558	0	29	26556	444898	90770	72	0	0	445010	417970	12319	0
1527	-94	-2	15	38	7347	12786	467047	3	748	1050685	7	22273	2	1	0	7384	28	0	3	2332	0	16948	7347	1498	1	2010	0	60	558	0	29	26556	444898	90770	72	0	0	444910	417970	12319	0
1526	-94	-2	15	38	7187	12786	466836	10	748	1050474	7	22261	2	1	0	7380	28	0	3	2332	0	16948	7187	1497	0	0	0	0	557	0	29	26556	442888	90710	72	0	0	444810	417970	12319	0
1525	-94	-2	15	38	7027	12784	466584	10	747	1050222	7	22249	2	1	0	7376	28	0	3	2329	0	16941	7027	1497	0	0	0	0	557	0	29	26556	442888	90710	72	0	0	444710	417970	12319	0
1524	-94	-2	15	38	6867	12784	466332	10	747	1049970	7	22237	2	1	0	7372	28	0	3	2329	0	16941	6867	1497	0	0	0	0	557	0	29	26556	442888	90710	72	0	0	444610	417970	12319	0
1523	-94	-2	15	38	6707	12782	466080	10	746	1049718	7	22225	2	1	0	7368	28	0	3	2326	0	16934	6707	1497	0	0	0	0	557	0	29	26556	442888	90710	72	0	0	444510	417970	12319	0
1522	-94	-2	15	38	6547	12782	465891	10	746	1049466	7	22216	2	1	0	7364	28	0	3	2326	0	16934	6547	1497	0	0	0	0	557	0	29	26556	442888	90710	72	0	0	444410	417970	12319	0
1521	-94	-2	15	38	6387	12782	465639	10	746	1049277	7	22204	2	1	0	7361	28	0	3	2326	0	16934	6387	1497	0	0	0	0	557	0	29	26556	442888	90710	72	0	0	444310	417970	12319	0
1520	-94	-2	15	38	6067	12780	465198	10	745	1048773	7	22183	2	1	0	7353	28	0	3	2323	0	16927	6067	1497	0	0	0	0	557	0	29	26556	442888	90710	72	0	0	444110	417970	12319	0
1519	-94	-2	15	38	5907	12778	464946	10	744	1048521	7	22171	2	1	0	7349	28	0	3	2320	0	16920	5907	1497	0	0	0	0	557	0	29	26556	442888	90710	72	0	0	444010	417970	12319	0
1518	-94	-2	15	38	5747	12778	464694	10	744	1048332	7	22159	2	1	0	7346	28	0	3	2320	0	16920	5747	1497	0	0	0	0	557	0	29	26556	442888	90710	72	0	0	443910	417970	12319	0
1517	-94	-2	15	38	5587	12776	464442	10	743	1048080	7	22147	2	1	0	7342	28	0	3	2317	0	16913	5587	1497	0	0	0	0	557	0	29	26556	442888	90710	72	0	0	443810	417970	12319	0
1516	-94	-2	15	38	5427	12776	464190	10	743	1047828	7	22135	2	1	0	7338	28	0	3	2317	0	16913	5427	1497	0	0	0	0	557	0	29	26556	442888	90710	72	0	0	443710	417970	12319	0
1515	-94	-2	15	38	5267	12776	464001	10	743	1047639	7	22126	2	1	0	7335	28	0	3	2317	0	16913	5267	1497	0	0	0	0	557	0	29	26556	442888	90710	72	0	0	443610	417970	12319	0
1514	-94	-2	15	38	5107	12774	463749	10	742	1047387	7	22114	2	1	0	7331	28	0	3	2314	0	16906	5107	1497	0	0	0	0	557	0	29	26556	442888	90710	72	0	0	443510	417970	12319	0
1513	-94	-2	15	38	4947	12774	463497	10	742	1047135	7	22102	2	1	0	7327	28	0	3	2314	0	16906	4947	1497	0	0	0	0	557	0	29	26556	442888	90710	72	0	0	443410	417970	12319	0
1512	-94	-2	15	38	4787	12772	463245	10	741	1046883	7	22090	2	1	0	7323	28	0	3	2311	0	16899	4787	1497	0	0	0	0	557	0	29	26556	442888	90710	72	0	0	443310	417970	12319	0
1511	-94	-2	15	38	4627	12772	463056	10	741	1046631	7	22081	2	1	0	7319	28	0	3	2311	0	16899	4627	1497	0	0	0	0	557	0	29	26556	442888	90710	72	0	0	443210	417970	12319	0
1510	-94	-2	15	38	4307	12770	462552	10	740	1046190	7	22057	2	1	0	7312	28	0	3	2308	0	16892	4307	1497	0	0	0	0	557	0	29	26556	442888	90710	72	0	0	443010	417970	12319	0
1509	-94	-2	15	38	4147	12770	462363	10	740	1045938	7	22048	2	1	0	7308	28	0	3	2308	0	16892	4147	1497	1	992	0	60	557	0	29	26556	442888	90710	72	0	0	442910	417970	12319	0
1508	-94	-2	15	38	3987	12768	462048	10	739	1045623	7	22033	2	1	0	7303	28	0	3	2305	0	16885	3987	1496	0	0	0	0	556	0	29	26556	441896	90650	72	0	0	442810	417970	12319	0
1507	-94	-2	15	38	3827	12768	461796	10	739	1045434	7	22021	2	1	0	7300	28	0	3	2305	0	16885	3827	1496	0	0	0	0	556	0	29	26556	441896	90650	72	0	0	442710	417970	12319	0
1506	-94	-2	15	38	3667	12766	461544	10	738	1045182	7	22009	2	1	0	7296	28	0	3	2302	0	16878	3667	1496	0	0	0	0	556	0	29	26556	441896	90650	72	0	0	442610	417970	12319	0
1505	-94	-2	15	38	3507	12766	461292	10	738	1044930	7	21997	2	1	0	7292	28	0	3	2302	0	16878	3507	1496	0	0	0	0	556	0	29	26556	441896	90650	72	0	0	442510	417970	12319	0
1504	-94	-2	15	38	3347	12766	461103	10	738	1044741	7	21988	2	1	0	7289	28	0	3	2302	0	16878	3347	1496	0	0	0	0	556	0	29	26556	441896	90650	72	0	0	442410	417970	12319	0
1503	-94	-2	15	38	3187	12764	460851	10	737	1044489	7	21976	2	1	0	7285	28	0	3	2299	0	16871	3187	1496	0	0	0	0	556	0	29	26556	441896	90650	72	0	0	442310	417970	12319	0
1502	-94	-2	15	38	3027	12764	460599	10	737	1044237	7	21964	2	1	0	7281	28	0	3	2299	0	16871	3027	1496	0	0	0	0	556	0	29	26556	441896	90650	72	0	0	442210	417970	12319	0
1501	-94	-2	15	38	2707	12762	460158	10	736	1043796	7	21943	2	1	0	7274	28	0	3	2296	0	16864	2707	1496	0	0	0	0	556	0	29	26556	441896	90650	72	0	0	442010	417970	12319	0
1500	-94	-2	15	38	2547	12762	459906	19	736	1043544	7	21931	2	1	0	7270	28	0	3	2296	0	16864	2547	1496	7	284	0	420	556	0	29	26556	441896	90650	72	0	0	441910	417970	12319	0
1499	-94	-2	15	38	2387	12760	459284	10	735	1042922	7	21911	2	1	0	7264	28	0	3	2293	0	16857	2387	1489	0	0	0	0	549	0	29	26556	439906	90230	72	0	0	441810	417970	12319	0
1498	-94	-2	15	38	2227	12760	459095	10	735	1042670	7	21902	2	1	0	7260	28	0	3	2293	0	16857	2227	1489	0	0	0	0	549	0	29	26556	439906	90230	72	0	0	441710	417970	12319	0
1497	-94	-2	15	38	2067	12758	458843	10	734	1042418	7	21890	2	1	0	7256	28	0	3	2290	0	16850	2067	1489	0	0	0	0	549	0	29	26556	439906	90230	72	0	0	441610	417970	12319	0
1496	-94	-2	15	38	1907	12758	458591	10	734	1042229	7	21878	2	1	0	7253	28	0	3	2290	0	16850	1907	1489	0	0	0	0	549	0	29	26556	439906	90230	72	0	0	441510	417970	12319	0
1495	-94	-2	15	38	1747	12756	458339	10	733	1041977	7	21866	2	1	0	7249	28	0	3	2287	0	16843	1747	1489	0	0	0	0	549	0	29	26556	439906	90230	72	0	0	441410	417970	12319	0
1494	-94	-2	15	38	1587	12756	458087	10	733	1041725	7	21854	2	1	0	7245	28	0	3	2287	0	16843	1587	1489	0	0	0	0	549	0	29	26556	439906	90230	72	0	0	441310	417970	12319	0
1493	-94	-2	15	38	1427	12756	457898	10	733	1041536	7	21845	2	1	0	7242	28	0	3	2287	0	16843	1427	1489	0	0	0	0	549	0	29	26556	439906	90230	72	0	0	441210	417970	12319	0
1492	-94	-2	15	38	1267	12754	457646	10	732	1041284	7	21833	2	1	0	7238	28	0	3	2284	0	16836	1267	1489	0	0	0	0	549	0	29	26556	439906	90230	72	0	0	441110	417970	12319	0
1491	-94	-2	15	38	947	12752	457142	10	731	1040780	7	21809	2	1	0	7230	28	0	3	2281	0	16829	947	1489	0	0	0	0	549	0	29	26556	439906	90230	72	0	0	440910	417970	12319	0
1490	-94	-2	15	38	787	12752	456953	10	731	1040528	7	21800	2	1	0	7226	28	0	3	2281	0	16829	787	1489	0	0	0	0	549	0	29	26556	439906	90230	72	0	0	440810	417970	12319	0
1489	-94	-2	15	38	627	12752	456701	10	731	1040339	7	21788	2	1	0	7223	28	0	3	2281	0	16829	627	1489	0	0	0	0	549	0	29	26556	439906	90230	72	0	0	440710	417970	12319	0
1488	-94	-2	15	38	467	12750	456449	10	730	1040087	7	21776	2	1	0	7219	28	0	3	2278	0	16822	467	1489	0	0	0	0	549	0	29	26556	439906	90230	72	0	0	440610	417970	12319	0
1487	-94	-2	15	38	307	12750	456260	10	730	1039835	7	21767	2	1	0	7215	28	0	3	2278	0	16822	307	1489	0	0	0	0	549	0	29	26556	439906	90230	72	0	0	440510	417970	12319	0
1486	-94	-2	15	38	147	12748	456008	10	729	1039583	7	21755	2	1	0	7211	28	0	3	2275	0	16815	147	1489	0	0	0	0	549	0	29	26556	439906	90230	72	0	0	440410	417970	12319	0
1485	-94	-2	15	38	16371	12748	455756	10	729	1039394	7	21743	2	1	0	7208	28	0	3	2275	0	16815	16371	1489	0	0	0	0	549	0	29	26556	439906	90230	72	0	0	440310	417970	12319	0
1484	-94	-2	15	38	16211	12746	455504	10	728	1039142	7	21731	2	1	0	7204	28	0	3	2272	0	16808	16211	1489	0	0	0	0	549	0	29	26556	439906	90230	72	0	0	440210	417970	12319	0
1483	-94	-2	15	38	16051	12746	455252	10	728	1038890	7	21719	2	1	0	7200	28	0	3	2272	0	16808	16051	1489	0	0	0	0	549	0	29	26556	439906	90230	72	0	0	440110	417970	12319	0
1482	-94	-2	15	38	15891	12746	455063	10	728	1038701	7	21710	2	1	0	7197	28	0	3	2272	0	16808	15891	1489	2	505	0	120	549	0	29	26556	439906	90230	72	0	0	440010	417970	12319	0
1481	-94	-2	15	38	15571	12744	454462	10	727	1038100	7	21682	2	1	0	7188	28	0	3	2269	0	16801	15571	1487	0	0	0	0	547	0	29	26556	438896	90110	72	0	0	439810	417970	12319	0
1480	-94	-2	15	38	15411	12742	454210	10	726	1037848	7	21670	2	1	0	7184	28	0	3	2266	0	16794	15411	1487	0	0	0	0	547	0	29	26556	438896	90110	72	0	0	439710	417970	12319	0
1479	-94	-2	15	38	15251	12742	454021	10	726	1037596	7	21661	2	1	0	7180	28	0	3	2266	0	16794	15251	1487	0	0	0	0	547	0	29	26556	438896	90110	72	0	0	439610	417970	12319	0
1478	-94	-2	15	38	15091	12742	453769	10	726	1037407	7	21649	2	1	0	7177	28	0	3	2266	0	16794	15091	1487	0	0	0	0	547	0	29	26556	438896	90110	72	0	0	439510	417970	12319	0
1477	-94	-2	15	38	14931	12740	453517	10	725	1037155	7	21637	2	1	0	7173	28	0	3	2263	0	16787	14931	1487	0	0	0	0	547	0	29	26556	438896	90110	72	0	0	439410	417970	12319	0
1476	-94	-2	15	38	14771	12740	453328	10	725	1036903	7	21628	2	1	0	7169	28	0	3	2263	0	16787	14771	1487	0	0	0	0	547	0	29	26556	438896	90110	72	0	0	439310	417970	12319	0
1475	-94	-2	15	38	14611	12738	453076	10	724	1036714	7	21616	2	1	0	7166	28	0	3	2260	0	16780	14611	1487	0	0	0	0	547	0	29	26556	438896	90110	72	0	0	439210	417970	12319	0
1474	-94	-2	15	38	14451	12738	452824	10	724	1036462	7	21604	2	1	0	7162	28	0	3	2260	0	16780	14451	1487	0	0	0	0	547	0	29	26556	438896	90110	72	0	0	439110	417970	12319	0
1473	-94	-2	15	38	14291	12738	452635	10	724	1036273	7	21595	2	1	0	7159	28	0	3	2260	0	16780	14291	1487	0	0	0	0	547	0	29	26556	438896	90110	72	0	0	439010	417970	12319	0
1472	-94	-2	15	38	14131	12736	452383	11	723	1036021	7	21583	2	1	0	7155	28	0	3	2257	0	16773	14131	1487	2	149	0	120	547	0	29	26556	438896	90110	72	0	0	438910	417970	12319	0
1471	-94	-2	15	38	13811	12734	451857	10	722	1035432	7	21558	2	1	0	7146	28	0	3	2254	0	16766	13811	1485	0	0	0	0	545	0	29	26556	438598	89990	72	0	0	438710	417970	12319	0
1470	-94	-2	15	38	13651	12734	451605	10	722	1035243	7	21546	2	1	0	7143	28	0	3	2254	0	16766	13651	1485	1	322	0	60	545	0	29	26556	438598	89990	72	0	0	438610	417970	12319	0
1469	-94	-2	15	38	13491	12732	451290	10	721	1034928	7	21531	2	1	0	7138	28	0	3	2251	0	16759	13491	1484	0	0	0	0	544	0	29	26556	438276	89930	72	0	0	438510	417970	12319	0
1468	-94	-2	15	38	13331	12732	451101	10	721	1034676	7	21522	2	1	0	7134	28	0	3	2251	0	16759	13331	1484	0	0	0	0	544	0	29	26556	438276	89930	72	0	0	438410	417970	12319	0
1467	-94	-2	15	38	13171	12732	450849	10	721	1034487	7	21510	2	1	0	7131	28	0	3	2251	0	16759	13171	1484	3	140	0	180	544	0	29	26556	438276	89930	72	0	0	438310	417970	12319	0
1466	-94	-2	15	38	13011	12730	450490	10	720	1034128	7	21489	2	1	0	7124	28	0	3	2248	0	16752	13011	1481	0	0	0	0	541	0	29	26556	437854	89750	72	0	0	438210	417970	12319	0
1465	-94	-2	15	38	12851	12730	450301	10	720	1033939	7	21480	2	1	0	7121	28	0	3	2248	0	16752	12851	1481	0	0	0	0	541	0	29	26556	437854	89750	72	0	0	438110	417970	12319	0
1464	-94	-2	15	38	12691	12728	450049	10	719	1033687	7	21468	2	1	0	7117	28	0	3	2245	0	16745	12691	1481	0	0	0	0	541	0	29	26556	437854	89750	72	0	0	438010	417970	12319	0
1463	-94	-2	15	38	12531	12728	449860	10	719	1033435	7	21459	2	1	0	7113	28	0	3	2245	0	16745	12531	1481	4	499	0	240	541	0	29	26556	437854	89750	72	0	0	437910	417970	12319	0
1462	-94	-2	15	38	12371	12726	449391	10	718	1033029	7	21443	2	1	0	7109	28	0	3	2242	0	16738	12371	1477	0	0	0	0	537	0	29	26556	435856	89510	72	0	0	437810	417970	12319	0
1461	-94	-2	15	38	12051	12726	448950	10	718	1032588	7	21422	2	1	0	7102	28	0	3	2242	0	16738	12051	1477	0	0	0	0	537	0	29	26556	435856	89510	72	0	0	437610	417970	12319	0
1460	-94	-2	15	38	11891	12724	448698	10	717	1032336	7	21410	2	1	0	7098	28	0	3	2239	0	16731	11891	1477	0	0	0	0	537	0	29	26556	435856	89510	72	0	0	437510	417970	12319	0
1459	-94	-2	15	38	11731	12724	448446	10	717	1032084	7	21398	2	1	0	7094	28	0	3	2239	0	16731	11731	1477	0	0	0	0	537	0	29	26556	435856	89510	72	0	0	437410	417970	12319	0
1458	-94	-2	15	38	11571	12722	448194	10	716	1031832	7	21386	2	1	0	7090	28	0	3	2236	0	16724	11571	1477	0	0	0	0	537	0	29	26556	435856	89510	72	0	0	437310	417970	12319	0
1457	-94	-2	15	38	11411	12722	448005	10	716	1031580	7	21377	2	1	0	7086	28	0	3	2236	0	16724	11411	1477	0	0	0	0	537	0	29	26556	435856	89510	72	0	0	437210	417970	12319	0
1456	-94	-2	15	38	11251	12722	447753	10	716	1031391	7	21365	2	1	0	7083	28	0	3	2236	0	16724	11251	1477	0	0	0	0	537	0	29	26556	435856	89510	72	0	0	437110	417970	12319	0
1455	-94	-2	15	38	11091	12720	447501	10	715	1031139	7	21353	2	1	0	7079	28	0	3	2233	0	16717	11091	1477	0	0	0	0	537	0	29	26556	435856	89510	72	0	0	437010	417970	12319	0
1454	-94	-2	15	38	10931	12720	447312	10	715	1030887	7	21344	2	1	0	7075	28	0	3	2233	0	16717	10931	1477	0	0	0	0	537	0	29	26556	435856	89510	72	0	0	436910	417970	12319	0
1453	-94	-2	15	38	10771	12718	447060	10	714	1030635	7	21332	2	1	0	7071	28	0	3	2230	0	16710	10771	1477	0	0	0	0	537	0	29	26556	435856	89510	72	0	0	436810	417970	12319	0
1452	-94	-2	15	38	10451	12716	446556	10	713	1030194	7	21308	2	1	0	7064	28	0	3	2227	0	16703	10451	1477	0	0	0	0	537	0	29	26556	435856	89510	72	0	0	436610	417970	12319	0
1451	-94	-2	15	38	10291	12716	446304	10	713	1029942	7	21296	2	1	0	7060	28	0	3	2227	0	16703	10291	1477	0	0	0	0	537	0	29	26556	435856	89510	72	0	0	436510	417970	12319	0
1450	-94	-2	15	38	10131	12716	446115	10	713	1029753	7	21287	2	1	0	7057	28	0	3	2227	0	16703	10131	1477	0	0	0	0	537	0	29	26556	435856	89510	72	0	0	436410	417970	12319	0
1449	-94	-2	15	38	9971	12714	445863	10	712	1029501	7	21275	2	1	0	7053	28	0	3	2224	0	16696	9971	1477	0	0	0	0	537	0	29	26556	435856	89510	72	0	0	436310	417970	12319	0
1448	-94	-2	15	38	9811	12714	445611	10	712	1029249	7	21263	2	1	0	7049	28	0	3	2224	0	16696	9811	1477	0	0	0	0	537	0	29	26556	435856	89510	72	0	0	436210	417970	12319	0
1447	-94	-2	15	38	9651	12712	445359	10	711	1028997	7	21251	2	1	0	7045	28	0	3	2221	0	16689	9651	1477	0	0	0	0	537	0	29	26556	435856	89510	72	0	0	436110	417970	12319	0
1446	-94	-2	15	38	9491	12712	445170	10	711	1028745	7	21242	2	1	0	7041	28	0	3	2221	0	16689	9491	1477	0	0	0	0	537	0	29	26556	435856	89510	72	0	0	436010	417970	12319	0
1445	-94	-2	15	38	9330	12712	444918	10	711	1028556	7	21230	2	1	0	7038	28	0	3	2221	0	16689	9330	1477	4	252	0	240	537	0	29	26556	435856	89510	72	0	0	435909	417970	12319	0
1444	-94	-2	15	38	9171	12710	444449	10	710	1028087	7	21214	2	1	0	7033	28	0	3	2218	0	16682	9171	1473	0	0	0	0	533	0	29	26556	434846	89270	72	0	0	435810	417970	12319	0
1443	-94	-2	15	38	9011	12710	444260	10	710	1027835	7	21205	2	1	0	7029	28	0	3	2218	0	16682	9011	1473	0	0	0	0	533	0	29	26556	434846	89270	72	0	0	435710	417970	12319	0
1442	-94	-2	15	38	8691	12708	443756	10	709	1027394	7	21181	2	1	0	7022	28	0	3	2215	0	16675	8691	1473	0	0	0	0	533	0	29	26556	434846	89270	72	0	0	435510	417970	12319	0
1441	-94	-2	15	38	8531	12706	443504	10	708	1027142	7	21169	2	1	0	7018	28	0	3	2212	0	16668	8531	1473	0	0	0	0	533	0	29	26556	434846	89270	72	0	0	435410	417970	12319	0
1440	-94	-2	15	38	8371	12706	443252	10	708	1026890	7	21157	2	1	0	7014	28	0	3	2212	0	16668	8371	1473	0	0	0	0	533	0	29	26556	434846	89270	72	0	0	435310	417970	12319	0
1439	-94	-2	15	38	8211	12706	443063	10	708	1026701	7	21148	2	1	0	7011	28	0	3	2212	0	16668	8211	1473	0	0	0	0	533	0	29	26556	434846	89270	72	0	0	435210	417970	12319	0
1438	-94	-2	15	38	8051	12704	442811	10	707	1026449	7	21136	2	1	0	7007	28	0	3	2209	0	16661	8051	1473	0	0	0	0	533	0	29	26556	434846	89270	72	0	0	435110	417970	12319	0
1437	-94	-2	15	38	7891	12704	442622	10	707	1026197	7	21127	2	1	0	7003	28	0	3	2209	0	16661	7891	1473	0	0	0	0	533	0	29	26556	434846	89270	72	0	0	435010	417970	12319	0
1436	-94	-2	15	38	7731	12702	442370	10	706	1026008	7	21115	2	1	0	7000	28	0	3	2206	0	16654	7731	1473	4	449	0	240	533	0	29	26556	434846	89270	72	0	0	434910	417970	12319	0
1435	-94	-2	15	38	7571	12702	441964	10	706	1025539	7	21102	2	1	0	6995	28	0	3	2206	0	16654	7571	1469	0	0	0	0	529	0	29	26556	433048	89030	72	0	0	434810	417970	12319	0
1434	-94	-2	15	38	7411	12702	441712	10	706	1025350	7	21090	2	1	0	6992	28	0	3	2206	0	16654	7411	1469	0	0	0	0	529	0	29	26556	433048	89030	72	0	0	434710	417970	12319	0
1433	-94	-2	15	38	7251	12700	441460	10	705	1025098	7	21078	2	1	0	6988	28	0	3	2203	0	16647	7251	1469	0	0	0	0	529	0	29	26556	433048	89030	72	0	0	434610	417970	12319	0
1432	-94	-2	15	38	6931	12698	441019	10	704	1024594	7	21057	2	1	0	6980	28	0	3	2200	0	16640	6931	1469	0	0	0	0	529	0	29	26556	433048	89030	72	0	0	434410	417970	12319	0
1431	-94	-2	15	38	6771	12698	440767	10	704	1024405	7	21045	2	1	0	6977	28	0	3	2200	0	16640	6771	1469	0	0	0	0	529	0	29	26556	433048	89030	72	0	0	434310	417970	12319	0
1430	-94	-2	15	38	6611	12696	440515	10	703	1024153	7	21033	2	1	0	6973	28	0	3	2197	0	16633	6611	1469	0	0	0	0	529	0	29	26556	433048	89030	72	0	0	434210	417970	12319	0
1429	-94	-2	15	38	6451	12696	440263	10	703	1023901	7	21021	2	1	0	6969	28	0	3	2197	0	16633	6451	1469	0	0	0	0	529	0	29	26556	433048	89030	72	0	0	434110	417970	12319	0
1428	-94	-2	15	38	6291	12696	440074	10	703	1023712	7	21012	2	1	0	6966	28	0	3	2197	0	16633	6291	1469	0	0	0	0	529	0	29	26556	433048	89030	72	0	0	434010	417970	12319	0
1427	-94	-2	15	38	6131	12694	439822	10	702	1023460	7	21000	2	1	0	6962	28	0	3	2194	0	16626	6131	1469	0	0	0	0	529	0	29	26556	433048	89030	72	0	0	433910	417970	12319	0
1426	-94	-2	15	38	5971	12694	439570	10	702	1023208	7	20988	2	1	0	6958	28	0	3	2194	0	16626	5971	1469	0	0	0	0	529	0	29	26556	433048	89030	72	0	0	433810	417970	12319	0
1425	-94	-2	15	38	5811	12692	439318	10	701	1022956	7	20976	2	1	0	6954	28	0	3	2191	0	16619	5811	1469	0	0	0	0	529	0	29	26556	433048	89030	72	0	0	433710	417970	12319	0
1424	-94	-2	15	38	5651	12692	439129	10	701	1022704	7	20967	2	1	0	6950	28	0	3	2191	0	16619	5651	1469	0	0	0	0	529	0	29	26556	433048	89030	72	0	0	433610	417970	12319	0
1423	-94	-2	15	38	5491	12692	438877	10	701	1022515	7	20955	2	1	0	6947	28	0	3	2191	0	16619	5491	1469	0	0	0	0	529	0	29	26556	433048	89030	72	0	0	433510	417970	12319	0
1422	-94	-2	15	38	5171	12690	438436	10	700	1022011	7	20934	2	1	0	6939	28	0	3	2188	0	16612	5171	1469	0	0	0	0	529	0	29	26556	433048	89030	72	0	0	433310	417970	12319	0
1421	-94	-2	15	38	5011	12688	438184	10	699	1021759	7	20922	2	1	0	6935	28	0	3	2185	0	16605	5011	1469	0	0	0	0	529	0	29	26556	433048	89030	72	0	0	433210	417970	12319	0
1420	-94	-2	15	38	4851	12688	437932	10	699	1021570	7	20910	2	1	0	6932	28	0	3	2185	0	16605	4851	1469	1	1152	0	60	529	0	29	26556	433048	89030	72	0	0	433110	417970	12319	0
1419	-94	-2	15	38	4691	12686	437617	10	698	1021255	7	20895	2	1	0	6927	28	0	3	2182	0	16598	4691	1468	0	0	0	0	528	0	29	26556	431896	88970	72	0	0	433010	417970	12319	0
1418	-94	-2	15	38	4531	12686	437365	10	698	1021003	7	20883	2	1	0	6923	28	0	3	2182	0	16598	4531	1468	0	0	0	0	528	0	29	26556	431896	88970	72	0	0	432910	417970	12319	0
1417	-94	-2	15	38	4371	12686	437176	10	698	1020814	7	20874	2	1	0	6920	28	0	3	2182	0	16598	4371	1468	0	0	0	0	528	0	29	26556	431896	88970	72	0	0	432810	417970	12319	0
1416	-94	-2	15	38	4211	12684	436924	10	697	1020562	7	20862	2	1	0	6916	28	0	3	2179	0	16591	4211	1468	0	0	0	0	528	0	29	26556	431896	88970	72	0	0	432710	417970	12319	0
1415	-94	-2	15	38	4051	12684	436672	10	697	1020310	7	20850	2	1	0	6912	28	0	3	2179	0	16591	4051	1468	0	0	0	0	528	0	29	26556	431896	88970	72	0	0	432610	417970	12319	0
1414	-94	-2	15	38	3891	12682	436420	10	696	1020058	7	20838	2	1	0	6908	28	0	3	2176	0	16584	3891	1468	0	0	0	0	528	0	29	26556	431896	88970	72	0	0	432510	417970	12319	0
1413	-94	-2	15	38	3731	12682	436231	10	696	1019806	7	20829	2	1	0	6904	28	0	3	2176	0	16584	3731	1468	0	0	0	0	528	0	29	26556	431896	88970	72	0	0	432410	417970	12319	0
1412	-94	-2	15	38	3411	12680	435727	10	695	1019365	7	20805	2	1	0	6897	28	0	3	2173	0	16577	3411	1468	0	0	0	0	528	0	29	26556	431896	88970	72	0	0	432210	417970	12319	0
1411	-94	-2	15	38	3251	12680	435538	10	695	1019113	7	20796	2	1	0	6893	28	0	3	2173	0	16577	3251	1468	0	0	0	0	528	0	29	26556	431896	88970	72	0	0	432110	417970	12319	0
1410	-94	-2	15	38	3091	12678	435286	10	694	1018924	7	20784	2	1	0	6890	28	0	3	2170	0	16570	3091	1468	0	0	0	0	528	0	29	26556	431896	88970	72	0	0	432010	417970	12319	0
1409	-94	-2	15	40	2931	12678	435034	3	694	1018672	7	20772	2	1	0	6886	28	0	3	2170	0	16570	2931	1468	1	1308	0	60	528	0	29	26556	431896	88970	72	0	0	431910	417970	12319	0
1408	-94	-2	15	39	2771	12676	434760	10	693	1018398	7	20757	2	1	0	6881	28	0	3	2167	0	16563	2771	1467	0	0	0	0	527	0	29	26556	430588	88910	72	0	0	431810	417970	12319	0
1407	-94	-2	15	39	2611	12676	434508	10	693	1018146	7	20745	2	1	0	6877	28	0	3	2167	0	16563	2611	1467	0	0	0	0	527	0	29	26556	430588	88910	72	0	0	431710	417970	12319	0
1406	-94	-2	15	39	2451	12676	434319	10	693	1017957	7	20736	2	1	0	6874	28	0	3	2167	0	16563	2451	1467	0	0	0	0	527	0	29	26556	430588	88910	72	0	0	431610	417970	12319	0
1405	-94	-2	15	39	2291	12674	434067	10	692	1017705	7	20724	2	1	0	6870	28	0	3	2164	0	16556	2291	1467	0	0	0	0	527	0	29	26556	430588	88910	72	0	0	431510	417970	12319	0
1404	-94	-2	15	39	2131	12674	433815	10	692	1017453	7	20712	2	1	0	6866	28	0	3	2164	0	16556	2131	1467	0	0	0	0	527	0	29	26556	430588	88910	72	0	0	431410	417970	12319	0
1403	-94	-2	15	39	1971	12672	433563	10	691	1017201	7	20700	2	1	0	6862	28	0	3	2161	0	16549	1971	1467	0	0	0	0	527	0	29	26556	430588	88910	72	0	0	431310	417970	12319	0
1402	-94	-2	15	38	1651	12672	433122	10	691	1016760	7	20679	2	1	0	6855	28	0	3	2161	0	16549	1651	1467	0	0	0	0	527	0	29	26556	430588	88910	72	0	0	431110	417970	12319	0
1401	-94	-2	15	38	1491	12670	432870	10	690	1016508	7	20667	2	1	0	6851	28	0	3	2158	0	16542	1491	1467	0	0	0	0	527	0	29	26556	430588	88910	72	0	0	431010	417970	12319	0
1400	-94	-2	15	38	1331	12670	432681	10	690	1016256	7	20658	2	1	0	6847	28	0	3	2158	0	16542	1331	1467	0	0	0	0	527	0	29	26556	430588	88910	72	0	0	430910	417970	12319	0
1399	-94	-2	15	38	1171	12668	432429	10	689	1016004	7	20646	2	1	0	6843	28	0	3	2155	0	16535	1171	1467	0	0	0	0	527	0	29	26556	430588	88910	72	0	0	430810	417970	12319	0
1398	-94	-2	15	38	1011	12668	432177	10	689	1015815	7	20634	2	1	0	6840	28	0	3	2155	0	16535	1011	1467	0	0	0	0	527	0	29	26556	430588	88910	72	0	0	430710	417970	12319	0
1397	-94	-2	15	38	851	12666	431925	10	688	1015500	7	20622	2	1	0	6835	28	0	3	2152	0	16528	851	1467	1	342	0	60	527	0	29	26556	430588	88910	72	0	0	430610	417970	12319	0
1396	-94	-2	15	38	691	12666	431610	10	688	1015248	7	20607	2	1	0	6831	28	0	3	2152	0	16528	691	1466	0	0	0	0	526	0	29	26556	430246	88850	72	0	0	430510	417970	12319	0
1395	-94	-2	15	38	531	12666	431421	10	688	1015059	7	20598	2	1	0	6828	28	0	3	2152	0	16528	531	1466	0	0	0	0	526	0	29	26556	430246	88850	72	0	0	430410	417970	12319	0
1394	-94	-2	15	38	371	12664	431169	10	687	1014807	7	20586	2	1	0	6824	28	0	3	2149	0	16521	371	1466	3	123	0	180	526	0	29	26556	430246	88850	72	0	0	430310	417970	12319	0
1393	-94	-2	15	38	211	12664	430724	10	687	1014362	7	20570	2	1	0	6819	28	0	3	2149	0	16521	211	1463	0	0	0	0	523	0	29	26556	429876	88670	72	0	0	430210	417970	12319	0
1392	-94	-2	15	38	16275	12662	430283	10	686	1013858	7	20549	2	1	0	6811	28	0	3	2146	0	16514	16275	1463	0	0	0	0	523	0	29	26556	429876	88670	72	0	0	430010	417970	12319	0
1391	-94	-2	15	38	16115	12662	430031	10	686	1013669	7	20537	2	1	0	6808	28	0	3	2146	0	16514	16115	1463	4	245	0	240	523	0	29	26556	429876	88670	72	0	0	429910	417970	12319	0
1390	-94	-2	15	38	15955	12660	429564	10	685	1013202	7	20518	2	1	0	6802	28	0	3	2143	0	16507	15955	1459	0	0	0	0	519	0	29	26556	428896	88430	72	0	0	429810	417970	12319	0
1389	-94	-2	15	38	15794	12660	429375	10	685	1012950	7	20509	2	1	0	6798	28	0	3	2143	0	16507	15794	1459	0	0	0	0	519	0	29	26556	428896	88430	72	0	0	429709	417970	12319	0
1388	-94	-2	15	38	15635	12658	429123	10	684	1012698	7	20497	2	1	0	6794	28	0	3	2140	0	16500	15635	1459	0	0	0	0	519	0	29	26556	428896	88430	72	0	0	429610	417970	12319	0
1387	-94	-2	15	38	15475	12658	428871	10	684	1012509	7	20485	2	1	0	6791	28	0	3	2140	0	16500	15475	1459	0	0	0	0	519	0	29	26556	428896	88430	72	0	0	429510	417970	12319	0
1386	-94	-2	15	38	15315	12656	428619	10	683	1012257	7	20473	2	1	0	6787	28	0	3	2137	0	16493	15315	1459	0	0	0	0	519	0	29	26556	428896	88430	72	0	0	429410	417970	12319	0
1385	-94	-2	15	38	15155	12656	428367	10	683	1012005	7	20461	2	1	0	6783	28	0	3	2137	0	16493	15155	1459	0	0	0	0	519	0	29	26556	428896	88430	72	0	0	429310	417970	12319	0
1384	-94	-2	15	38	14995	12656	428178	10	683	1011816	7	20452	2	1	0	6780	28	0	3	2137	0	16493	14995	1459	0	0	0	0	519	0	29	26556	428896	88430	72	0	0	429210	417970	12319	0
1383	-94	-2	15	38	14835	12654	427926	10	682	1011564	7	20440	2	1	0	6776	28	0	3	2134	0	16486	14835	1459	0	0	0	0	519	0	29	26556	428896	88430	72	0	0	429110	417970	12319	0
1382	-94	-2	15	38	14515	12652	427422	12	681	1011060	7	20416	2	1	0	6768	28	0	3	2131	0	16479	14515	1459	2	505	0	120	519	0	29	26556	428896	88430	72	0	0	428910	417970	12319	0
1381	-94	-2	15	38	14354	12652	427136	10	681	1010711	7	20403	2	1	0	6763	28	0	3	2131	0	16479	14354	1457	0	0	0	0	517	0	29	26556	427886	88310	72	0	0	428809	417970	12319	0
1380	-94	-2	15	38	14194	12652	426884	10	681	1010522	7	20391	2	1	0	6760	28	0	3	2131	0	16479	14194	1457	0	0	0	0	517	0	29	26556	427886	88310	72	0	0	428709	417970	12319	0
1379	-94	-2	15	38	14034	12650	426632	10	680	1010270	7	20379	2	1	0	6756	28	0	3	2128	0	16472	14034	1457	0	0	0	0	517	0	29	26556	427886	88310	72	0	0	428609	417970	12319	0
1378	-94	-2	15	38	13875	12650	426443	10	680	1010018	7	20370	2	1	0	6752	28	0	3	2128	0	16472	13875	1457	0	0	0	0	517	0	29	26556	427886	88310	72	0	0	428510	417970	12319	0
1377	-94	-2	15	38	13714	12648	426191	10	679	1009766	7	20358	2	1	0	6748	28	0	3	2125	0	16465	13714	1457	0	0	0	0	517	0	29	26556	427886	88310	72	0	0	428409	417970	12319	0
1376	-94	-2	15	38	13555	12648	425939	10	679	1009577	7	20346	2	1	0	6745	28	0	3	2125	0	16465	13555	1457	0	0	0	0	517	0	29	26556	427886	88310	72	0	0	428310	417970	12319	0
1375	-94	-2	15	38	13394	12646	425687	10	678	1009325	7	20334	2	1	0	6741	28	0	3	2122	0	16458	13394	1457	0	0	0	0	517	0	29	26556	427886	88310	72	0	0	428209	417970	12319	0
1374	-94	-2	15	38	13234	12646	425498	10	678	1009073	7	20325	2	1	0	6737	28	0	3	2122	0	16458	13234	1457	0	0	0	0	517	0	29	26556	427886	88310	72	0	0	428109	417970	12319	0
1373	-94	-2	15	38	13075	12646	425246	10	678	1008884	7	20313	2	1	0	6734	28	0	3	2122	0	16458	13075	1457	0	0	0	0	517	0	29	26556	427886	88310	72	0	0	428010	417970	12319	0
1372	-94	-2	15	38	12755	12644	424783	10	677	1008421	7	20289	2	1	0	6726	28	0	3	2119	0	16451	12755	1456	0	0	0	0	516	0	29	26556	426568	88250	72	0	0	427810	417970	12319	0
1371	-94	-2	15	38	12595	12642	424531	10	676	1008169	7	20277	2	1	0	6722	28	0	3	2116	0	16444	12595	1456	0	0	0	0	516	0	29	26556	426568	88250	72	0	0	427710	417970	12319	0
1370	-94	-2	15	38	12435	12642	424342	10	676	1007917	7	20268	2	1	0	6718	28	0	3	2116	0	16444	12435	1456	0	0	0	0	516	0	29	26556	426568	88250	72	0	0	427610	417970	12319	0
1369	-94	-2	15	38	12274	12642	424090	10	676	1007728	7	20256	2	1	0	6715	28	0	3	2116	0	16444	12274	1456	0	0	0	0	516	0	29	26556	426568	88250	72	0	0	427509	417970	12319	0
1368	-94	-2	15	38	12115	12640	423838	10	675	1007476	7	20244	2	1	0	6711	28	0	3	2113	0	16437	12115	1456	0	0	0	0	516	0	29	26556	426568	88250	72	0	0	427410	417970	12319	0
1367	-94	-2	15	38	11955	12640	423649	10	675	1007224	7	20235	2	1	0	6707	28	0	3	2113	0	16437	11955	1456	0	0	0	0	516	0	29	26556	426568	88250	72	0	0	427310	417970	12319	0
1366	-94	-2	15	38	11795	12638	423397	10	674	1006972	7	20223	2	1	0	6703	28	0	3	2110	0	16430	11795	1456	0	0	0	0	516	0	29	26556	426568	88250	72	0	0	427210	417970	12319	0
1365	-94	-2	15	38	11634	12638	423145	10	674	1006783	7	20211	2	1	0	6700	28	0	3	2110	0	16430	11634	1456	0	0	0	0	516	0	29	26556	426568	88250	72	0	0	427109	417970	12319	0
1364	-94	-2	15	38	11475	12636	422893	10	673	1006531	7	20199	2	1	0	6696	28	0	3	2107	0	16423	11475	1456	0	0	0	0	516	0	29	26556	426568	88250	72	0	0	427010	417970	12319	0
1363	-94	-2	15	38	11155	12636	422452	10	673	1006090	7	20178	2	1	0	6689	28	0	3	2107	0	16423	11155	1456	0	0	0	0	516	0	29	26556	426568	88250	72	0	0	426810	417970	12319	0
1362	-94	-2	15	38	10995	12634	422200	10	672	1005838	7	20166	2	1	0	6685	28	0	3	2104	0	16416	10995	1456	0	0	0	0	516	0	29	26556	426568	88250	72	0	0	426710	417970	12319	0
1361	-94	-2	15	38	10834	12634	421948	10	672	1005586	7	20154	2	1	0	6681	28	0	3	2104	0	16416	10834	1456	1	342	0	60	516	0	29	26556	426568	88250	72	0	0	426609	417970	12319	0
1360	-94	-2	15	38	10674	12632	421633	10	671	1005271	7	20139	2	1	0	6676	28	0	3	2101	0	16409	10674	1455	0	0	0	0	515	0	29	26556	426226	88190	72	0	0	426509	417970	12319	0
1359	-94	-2	15	38	10514	12632	421444	10	671	1005019	7	20130	2	1	0	6672	28	0	3	2101	0	16409	10514	1455	0	0	0	0	515	0	29	26556	426226	88190	72	0	0	426409	417970	12319	0
1358	-94	-2	15	38	10354	12632	421192	10	671	1004830	7	20118	2	1	0	6669	28	0	3	2101	0	16409	10354	1455	3	116	0	180	515	0	29	26556	426226	88190	72	0	0	426309	417970	12319	0
1357	-94	-2	15	38	10195	12630	420747	10	670	1004385	7	20102	2	1	0	6664	28	0	3	2098	0	16402	10195	1452	0	0	0	0	512	0	29	26556	425876	88010	72	0	0	426210	417970	12319	0
1356	-94	-2	15	38	10034	12630	420558	10	670	1004133	7	20093	2	1	0	6660	28	0	3	2098	0	16402	10034	1452	0	0	0	0	512	0	29	26556	425876	88010	72	0	0	426109	417970	12319	0
1355	-94	-2	15	38	9874	12628	420306	10	669	1003881	7	20081	2	1	0	6656	28	0	3	2095	0	16395	9874	1452	0	0	0	0	512	0	29	26556	425876	88010	72	0	0	426009	417970	12319	0
1354	-94	-2	15	38	9714	12628	420054	10	669	1003692	7	20069	2	1	0	6653	28	0	3	2095	0	16395	9714	1452	1	858	0	60	512	0	29	26556	425876	88010	72	0	0	425909	417970	12319	0
1353	-94	-2	15	38	9394	12626	419528	10	668	1003166	7	20042	2	1	0	6644	28	0	3	2092	0	16388	9394	1451	0	0	0	0	511	0	29	26556	425018	87950	72	0	0	425709	417970	12319	0
1352	-94	-2	15	38	9234	12626	419339	10	668	1002977	7	20033	2	1	0	6641	28	0	3	2092	0	16388	9234	1451	0	0	0	0	511	0	29	26556	425018	87950	72	0	0	425609	417970	12319	0
1351	-94	-2	15	38	9075	12624	419087	10	667	1002725	7	20021	2	1	0	6637	28	0	3	2089	0	16381	9075	1451	0	0	0	0	511	0	29	26556	425018	87950	72	0	0	425510	417970	12319	0
1350	-94	-2	15	38	8914	12624	418835	10	667	1002473	7	20009	2	1	0	6633	28	0	3	2089	0	16381	8914	1451	0	0	0	0	511	0	29	26556	425018	87950	72	0	0	425409	417970	12319	0
1349	-94	-2	15	38	8754	12622	418583	10	666	1002221	7	19997	2	1	0	6629	28	0	3	2086	0	16374	8754	1451	0	0	0	0	511	0	29	26556	425018	87950	72	0	0	425309	417970	12319	0
1348	-94	-2	15	38	8594	12622	418394	10	666	1001969	7	19988	2	1	0	6625	28	0	3	2086	0	16374	8594	1451	0	0	0	0	511	0	29	26556	425018	87950	72	0	0	425209	417970	12319	0
1347	-94	-2	15	38	8434	12622	418142	10	666	1001780	7	19976	2	1	0	6622	28	0	3	2086	0	16374	8434	1451	1	88	0	60	511	0	29	26556	425018	87950	72	0	0	425109	417970	12319	0
1346	-94	-2	15	38	8274	12620	417890	10	665	1001465	7	19964	2	1	0	6617	28	0	3	2083	0	16367	8274	1450	2	32	0	120	510	0	29	26556	424930	87890	72	0	0	425009	417970	12319	0
1345	-94	-2	15	38	8114	12620	417616	10	665	1001254	7	19949	2	1	0	6613	28	0	3	2083	0	16367	8114	1448	1	292	0	60	508	0	29	26556	424866	87770	72	0	0	424909	417970	12319	0
1344	-94	-2	15	38	7954	12618	417405	10	664	1000980	7	19937	2	1	0	6608	28	0	3	2080	0	16360	7954	1447	0	0	0	0	507	0	29	26556	424574	87710	72	0	0	424809	417970	12319	0
1343	-94	-2	15	38	7635	12616	416901	10	663	1000539	7	19913	2	1	0	6601	28	0	3	2077	0	16353	7635	1447	3	26	0	180	507	0	29	26556	424574	87710	72	0	0	424610	417970	12319	0
1342	-94	-2	15	38	7474	12616	416564	19	663	1000202	7	19897	2	1	0	6596	28	0	3	2077	0	16353	7474	1444	3	73	0	180	504	0	29	26556	424496	87530	72	0	0	424509	417970	12319	0
1341	-94	-2	15	38	7314	12616	416182	10	663	999820	7	19884	2	1	0	6592	28	0	3	2077	0	16353	7314	1441	0	0	0	0	501	0	29	26556	424276	87350	72	0	0	424409	417970	12319	0
1340	-94	-2	15	38	7154	12614	415930	10	662	999568	7	19872	2	1	0	6588	28	0	3	2074	0	16346	7154	1441	7	102	0	420	501	0	29	26556	424276	87350	72	0	0	424309	417970	12319	0
1339	-94	-2	15	38	6994	12614	415268	10	662	998906	7	19852	2	1	0	6582	28	0	3	2074	0	16346	6994	1434	0	0	0	0	494	0	29	26556	423558	86930	72	0	0	424209	417970	12319	0
1338	-94	-2	15	38	6834	12612	415016	10	661	998654	7	19840	2	1	0	6578	28	0	3	2071	0	16339	6834	1434	0	0	0	0	494	0	29	26556	423558	86930	72	0	0	424109	417970	12319	0
1337	-94	-2	15	38	6674	12612	414827	10	661	998402	7	19831	2	1	0	6574	28	0	3	2071	0	16339	6674	1434	0	0	0	0	494	0	29	26556	423558	86930	72	0	0	424009	417970	12319	0
1336	-94	-2	15	38	6514	12612	414575	10	661	998213	7	19819	2	1	0	6571	28	0	3	2071	0	16339	6514	1434	0	0	0	0	494	0	29	26556	423558	86930	72	0	0	423909	417970	12319	0
1335	-94	-2	15	38	6354	12610	414323	10	660	997961	7	19807	2	1	0	6567	28	0	3	2068	0	16332	6354	1434	0	0	0	0	494	0	29	26556	423558	86930	72	0	0	423809	417970	12319	0
1334	-94	-2	15	38	6194	12610	414134	10	660	997709	7	19798	2	1	0	6563	28	0	3	2068	0	16332	6194	1434	0	0	0	0	494	0	29	26556	423558	86930	72	0	0	423709	417970	12319	0
1333	-94	-2	15	38	5874	12608	413608	10	659	997246	7	19771	2	1	0	6555	28	0	3	2065	0	16325	5874	1433	0	0	0	0	493	0	29	26556	423242	86870	72	0	0	423509	417970	12319	0
1332	-94	-2	15	38	5714	12606	413419	10	658	996994	7	19762	2	1	0	6551	28	0	3	2062	0	16318	5714	1433	0	0	0	0	493	0	29	26556	423242	86870	72	0	0	423409	417970	12319	0
1331	-94	-2	15	38	5554	12606	413167	10	658	996805	7	19750	2	1	0	6548	28	0	3	2062	0	16318	5554	1433	3	118	0	180	493	0	29	26556	423242	86870	72	0	0	423309	417970	12319	0
1330	-94	-2	15	38	5394	12606	412978	12	658	996519	7	19741	2	1	0	6544	28	0	3	2062	0	16318	5394	1430	0	0	0	0	490	0	29	26556	422886	86690	72	0	0	423209	417970	12319	0
1329	-94	-2	15	38	5234	12604	412629	10	657	996267	7	19725	2	1	0	6540	28	0	3	2059	0	16311	5234	1430	0	0	0	0	490	0	29	26556	422886	86690	72	0	0	423109	417970	12319	0
1328	-94	-2	15	38	5074	12604	412377	10	657	996015	7	19713	2	1	0	6536	28	0	3	2059	0	16311	5074	1430	0	0	0	0	490	0	29	26556	422886	86690	72	0	0	423009	417970	12319	0
1327	-94	-2	15	40	4914	12602	412188	10	656	995763	7	19704	2	1	0	6532	28	0	3	2056	0	16304	4914	1430	2	505	0	120	490	0	29	26556	422886	86690	72	0	0	422909	417970	12319	0
1326	-94	-2	15	38	4754	12602	411914	10	656	995489	7	19689	2	1	0	6527	28	0	3	2056	0	16304	4754	1428	0	0	0	0	488	0	29	26556	421876	86570	72	0	0	422809	417970	12319	0
1325	-94	-2	15	38	4594	12602	411662	10	656	995300	7	19677	2	1	0	6524	28	0	3	2056	0	16304	4594	1428	0	0	0	0	488	0	29	26556	421876	86570	72	0	0	422709	417970	12319	0
1324	-94	-2	15	38	4434	12600	411410	10	655	995048	7	19665	2	1	0	6520	28	0	3	2053	0	16297	4434	1428	0	0	0	0	488	0	29	26556	421876	86570	72	0	0	422609	417970	12319	0
1323	-94	-2	15	38	4114	12598	410969	10	654	994544	7	19644	2	1	0	6512	28	0	3	2050	0	16290	4114	1428	0	0	0	0	488	0	29	26556	421876	86570	72	0	0	422409	417970	12319	0
1322	-94	-2	15	38	3954	12598	410717	10	654	994355	7	19632	2	1	0	6509	28	0	3	2050	0	16290	3954	1428	0	0	0	0	488	0	29	26556	421876	86570	72	0	0	422309	417970	12319	0
1321	-94	-2	15	38	3794	12596	410465	10	653	994103	7	19620	2	1	0	6505	28	0	3	2047	0	16283	3794	1428	0	0	0	0	488	0	29	26556	421876	86570	72	0	0	422209	417970	12319	0
1320	-94	-2	15	38	3634	12596	410213	10	653	993851	7	19608	2	1	0	6501	28	0	3	2047	0	16283	3634	1428	0	0	0	0	488	0	29	26556	421876	86570	72	0	0	422109	417970	12319	0
1319	-94	-2	15	38	3474	12596	410024	10	653	993662	7	19599	2	1	0	6498	28	0	3	2047	0	16283	3474	1428	0	0	0	0	488	0	29	26556	421876	86570	72	0	0	422009	417970	12319	0
1318	-94	-2	15	38	3314	12594	409772	10	652	993410	7	19587	2	1	0	6494	28	0	3	2044	0	16276	3314	1428	6	144	0	360	488	0	29	26556	421876	86570	72	0	0	421909	417970	12319	0
1317	-94	-2	15	38	3154	12594	409206	10	652	992844	7	19567	2	1	0	6488	28	0	3	2044	0	16276	3154	1422	0	0	0	0	482	0	29	26556	421008	86210	72	0	0	421809	417970	12319	0
1316	-94	-2	15	38	2994	12592	408954	10	651	992592	7	19555	2	1	0	6484	28	0	3	2041	0	16269	2994	1422	0	0	0	0	482	0	29	26556	421008	86210	72	0	0	421709	417970	12319	0
1315	-94	-2	15	38	2834	12592	408765	10	651	992340	7	19546	2	1	0	6480	28	0	3	2041	0	16269	2834	1422	0	0	0	0	482	0	29	26556	421008	86210	72	0	0	421609	417970	12319	0
1314	-94	-2	15	38	2514	12590	408261	10	650	991899	7	19522	2	1	0	6473	28	0	3	2038	0	16262	2514	1422	0	0	0	0	482	0	29	26556	421008	86210	72	0	0	421409	417970	12319	0
1313	-94	-2	15	38	2354	12590	408072	10	650	991647	7	19513	2	1	0	6469	28	0	3	2038	0	16262	2354	1422	0	0	0	0	482	0	29	26556	421008	86210	72	0	0	421309	417970	12319	0
1312	-94	-2	15	38	2194	12588	407820	10	649	991458	7	19501	2	1	0	6466	28	0	3	2035	0	16255	2194	1422	0	0	0	0	482	0	29	26556	421008	86210	72	0	0	421209	417970	12319	0
1311	-94	-2	15	38	2034	12588	407568	10	649	991206	7	19489	2	1	0	6462	28	0	3	2035	0	16255	2034	1422	1	2002	0	60	482	0	29	26556	421008	86210	72	0	0	421109	417970	12319	0
1310	-94	-2	15	38	1874	12588	407379	10	649	991017	7	19480	2	1	0	6459	28	0	3	2035	0	16255	1874	1422	0	0	0	0	482	0	29	26556	421008	86210	72	0	0	421009	417970	12319	0
1309	-94	-2	15	38	1714	12586	407064	10	648	990702	7	19465	2	1	0	6454	28	0	3	2032	0	16248	1714	1421	0	0	0	0	481	0	29	26556	419006	86150	72	0	0	420909	417970	12319	0
1308	-94	-2	15	38	1554	12586	406875	10	648	990513	7	19456	2	1	0	6451	28	0	3	2032	0	16248	1554	1421	0	0	0	0	481	0	29	26556	419006	86150	72	0	0	420809	417970	12319	0
1307	-94	-2	15	38	1394	12584	406623	10	647	990261	7	19444	2	1	0	6447	28	0	3	2029	0	16241	1394	1421	0	0	0	0	481	0	29	26556	419006	86150	72	0	0	420709	417970	12319	0
1306	-94	-2	15	38	1234	12584	406371	10	647	990009	7	19432	2	1	0	6443	28	0	3	2029	0	16241	1234	1421	0	0	0	0	481	0	29	26556	419006	86150	72	0	0	420609	417970	12319	0
1305	-94	-2	15	38	1074	12582	406119	10	646	989757	7	19420	2	1	0	6439	28	0	3	2026	0	16234	1074	1421	0	0	0	0	481	0	29	26556	419006	86150	72	0	0	420509	417970	12319	0
1304	-94	-2	15	38	754	12582	405678	10	646	989316	7	19399	2	1	0	6432	28	0	3	2026	0	16234	754	1421	0	0	0	0	481	0	29	26556	419006	86150	72	0	0	420309	417970	12319	0
1303	-94	-2	15	38	594	12580	405426	10	645	989064	7	19387	2	1	0	6428	28	0	3	2023	0	16227	594	1421	0	0	0	0	481	0	29	26556	419006	86150	72	0	0	420209	417970	12319	0
1302	-94	-2	15	38	434	12580	405237	10	645	988812	7	19378	2	1	0	6424	28	0	3	2023	0	16227	434	1421	0	0	0	0	481	0	29	26556	419006	86150	72	0	0	420109	417970	12319	0
1301	-94	-2	15	38	274	12578	404985	10	644	988560	7	19366	2	1	0	6420	28	0	3	2020	0	16220	274	1421	0	0	0	0	481	0	29	26556	419006	86150	72	0	0	420009	417970	12319	0
1300	-94	-2	15	38	114	12578	404733	10	644	988371	7	19354	2	1	0	6417	28	0	3	2020	0	16220	114	1421	0	0	0	0	481	0	29	26556	419006	86150	72	0	0	419909	417970	12319	0
1299	-94	-2	15	38	16338	12576	404481	10	643	988119	7	19342	2	1	0	6413	28	0	3	2017	0	16213	16338	1421	0	0	0	0	481	0	29	26556	419006	86150	72	0	0	419809	417970	12319	0
1298	-94	-2	15	38	16178	12576	404229	10	643	987867	7	19330	2	1	0	6409	28	0	3	2017	0	16213	16178	1421	0	0	0	0	481	0	29	26556	419006	86150	72	0	0	419709	417970	12319	0
1297	-94	-2	15	38	16018	12576	404040	10	643	987678	7	19321	2	1	0	6406	28	0	3	2017	0	16213	16018	1421	0	0	0	0	481	0	29	26556	419006	86150	72	0	0	419609	417970	12319	0
1296	-94	-2	15	38	15858	12574	403788	10	642	987426	7	19309	2	1	0	6402	28	0	3	2014	0	16206	15858	1421	0	0	0	0	481	0	29	26556	419006	86150	72	0	0	419509	417970	12319	0
1295	-94	-2	15	38	15698	12574	403536	10	642	987174	7	19297	2	1	0	6398	28	0	3	2014	0	16206	15698	1421	0	0	0	0	481	0	29	26556	419006	86150	72	0	0	419409	417970	12319	0
1294	-94	-2	15	38	15378	12572	403095	10	641	986733	7	19276	2	1	0	6391	28	0	3	2011	0	16199	15378	1421	0	0	0	0	481	0	29	26556	419006	86150	72	0	0	419209	417970	12319	0
1293	-94	-2	15	38	15218	12572	402843	10	641	986481	7	19264	2	1	0	6387	28	0	3	2011	0	16199	15218	1421	1	1000	0	60	481	0	29	26556	419006	86150	72	0	0	419109	417970	12319	0
1292	-94	-2	15	38	15058	12570	402654	3	640	986292	7	19255	2	1	0	6384	28	0	3	2008	0	16192	15058	1421	0	0	0	0	481	0	29	26556	419006	86150	72	0	0	419009	417970	12319	0
1291	-94	-2	15	38	14898	12570	402443	10	640	986018	7	19243	2	1	0	6379	28	0	3	2008	0	16192	14898	1420	0	0	0	0	480	0	29	26556	418006	86090	72	0	0	418909	417970	12319	0
1290	-94	-2	15	38	14738	12568	402191	10	639	985766	7	19231	2	1	0	6375	28	0	3	2005	0	16185	14738	1420	0	0	0	0	480	0	29	26556	418006	86090	72	0	0	418809	417970	12319	0
1289	-94	-2	15	38	14578	12568	401939	10	639	985577	7	19219	2	1	0	6372	28	0	3	2005	0	16185	14578	1420	0	0	0	0	480	0	29	26556	418006	86090	72	0	0	418709	417970	12319	0
1288	-94	-2	15	38	14418	12566	401687	10	638	985325	7	19207	2	1	0	6368	28	0	3	2002	0	16178	14418	1420	0	0	0	0	480	0	29	26556	418006	86090	72	0	0	418609	417970	12319	0
1287	-94	-2	15	38	14258	12566	401435	10	638	985073	7	19195	2	1	0	6364	28	0	3	2002	0	16178	14258	1420	0	0	0	0	480	0	29	26556	418006	86090	72	0	0	418509	417970	12319	0
1286	-94	-2	15	38	14098	12566	401246	10	638	984884	7	19186	2	1	0	6361	28	0	3	2002	0	16178	14098	1420	0	0	0	0	480	0	29	26556	418006	86090	72	0	0	418409	417970	12319	0
1285	-94	-2	15	38	13938	12564	400994	10	637	984632	7	19174	2	1	0	6357	28	0	3	1999	0	16171	13938	1420	0	0	0	0	480	0	29	26556	418006	86090	72	0	0	418309	417970	12319	0
1284	-94	-2	15	38	13618	12562	400490	10	636	984128	373	19150	370	3	0	6349	28	23	6	1996	0	16164	13618	1420	1	80	0	60	480	0	29	26556	418006	86090	72	0	0	418109	417970	12319	0
1283	-94	-2	15	40	13458	12562	400301	3	636	983939	373	19141	370	3	0	6346	28	23	6	1996	0	16164	13458	1420	1	92	0	67	480	366	29	26556	418006	86090	72	1	8168	418009	417970	12319	0
1282	-94	-2	15	38	13298	12192	400005	10	635	983643	7	19123	2	1	0	6340	28	0	3	1990	0	15791	13298	1418	4	242	0	240	478	0	28	26190	417834	85963	71	0	0	417909	409802	12319	0
1281	-94	-2	15	38	13138	12190	399576	10	634	983214	7	19107	2	1	0	6335	28	0	3	1987	0	15784	13138	1414	0	0	0	0	474	0	28	26190	416866	85723	71	0	0	417809	409802	12319	0
1280	-94	-2	15	38	12978	12190	399387	10	634	982962	7	19098	2	1	0	6331	28	0	3	1987	0	15784	12978	1414	0	0	0	0	474	0	28	26190	416866	85723	71	0	0	417709	409802	12319	0
1279	-94	-2	15	38	12818	12188	399135	10	633	982710	7	19086	2	1	0	6327	28	0	3	1984	0	15777	12818	1414	0	0	0	0	474	0	28	26190	416866	85723	71	0	0	417609	409802	12319	0
1278	-94	-2	15	38	12658	12188	398883	10	633	982521	7	19074	2	1	0	6324	28	0	3	1984	0	15777	12658	1414	0	0	0	0	474	0	28	26190	416866	85723	71	0	0	417509	409802	12319	0
1277	-94	-2	15	38	12498	12186	398631	10	632	982269	7	19062	2	1	0	6320	28	0	3	1981	0	15770	12498	1414	0	0	0	0	474	0	28	26190	416866	85723	71	0	0	417409	409802	12319	0
1276	-94	-2	15	38	12338	12186	398379	10	632	982017	7	19050	2	1	0	6316	28	0	3	1981	0	15770	12338	1414	0	0	0	0	474	0	28	26190	416866	85723	71	0	0	417309	409802	12319	0
1275	-94	-2	15	38	12018	12184	397938	10	631	981576	7	19029	2	1	0	6309	28	0	3	1978	0	15763	12018	1414	0	0	0	0	474	0	28	26190	416866	85723	71	0	0	417109	409802	12319	0
1274	-94	-2	15	38	11858	12184	397686	10	631	981324	7	19017	2	1	0	6305	28	0	3	1978	0	15763	11858	1414	0	0	0	0	474	0	28	26190	416866	85723	71	0	0	417009	409802	12319	0
1273	-94	-2	15	38	11698	12182	397434	10	630	981072	7	19005	2	1	0	6301	28	0	3	1975	0	15756	11698	1414	1	1040	0	60	474	0	28	26190	416866	85723	71	0	0	416909	409802	12319	0
1272	-94	-2	15	38	11538	12182	397223	10	630	980798	7	18993	2	1	0	6296	28	0	3	1975	0	15756	11538	1413	0	0	0	0	473	0	28	26190	415826	85663	71	0	0	416809	409802	12319	0
1271	-94	-2	15	38	11378	12182	396971	10	630	980609	7	18981	2	1	0	6293	28	0	3	1975	0	15756	11378	1413	0	0	0	0	473	0	28	26190	415826	85663	71	0	0	416709	409802	12319	0
1270	-94	-2	15	38	11218	12180	396719	10	629	980357	7	18969	2	1	0	6289	28	0	3	1972	0	15749	11218	1413	0	0	0	0	473	0	28	26190	415826	85663	71	0	0	416609	409802	12319	0
1269	-94	-2	15	38	11058	12180	396530	10	629	980105	7	18960	2	1	0	6285	28	0	3	1972	0	15749	11058	1413	0	0	0	0	473	0	28	26190	415826	85663	71	0	0	416509	409802	12319	0
1268	-94	-2	15	38	10898	12178	396278	10	628	979853	7	18948	2	1	0	6281	28	0	3	1969	0	15742	10898	1413	0	0	0	0	473	0	28	26190	415826	85663	71	0	0	416409	409802	12319	0
1267	-94	-2	15	38	10738	12178	396026	10	628	979664	7	18936	2	1	0	6278	28	0	3	1969	0	15742	10738	1413	0	0	0	0	473	0	28	26190	415826	85663	71	0	0	416309	409802	12319	0
1266	-94	-2	15	38	10578	12176	395774	10	627	979412	7	18924	2	1	0	6274	28	0	3	1966	0	15735	10578	1413	0	0	0	0	473	0	28	26190	415826	85663	71	0	0	416209	409802	12319	0
1265	-94	-2	15	38	10258	12176	395333	10	627	978971	7	18903	2	1	0	6267	28	0	3	1966	0	15735	10258	1413	0	0	0	0	473	0	28	26190	415826	85663	71	0	0	416009	409802	12319	0
1264	-94	-2	15	38	10098	12174	395144	10	626	978719	7	18894	2	1	0	6263	28	0	3	1963	0	15728	10098	1413	4	250	0	240	473	0	28	26190	415826	85663	71	0	0	415909	409802	12319	0
1263	-94	-2	15	38	9938	12174	394675	10	626	978313	7	18878	2	1	0	6259	28	0	3	1963	0	15728	9938	1409	0	0	0	0	469	0	28	26190	414826	85423	71	0	0	415809	409802	12319	0
1262	-94	-2	15	38	9778	12172	394423	10	625	978061	7	18866	2	1	0	6255	28	0	3	1960	0	15721	9778	1409	0	0	0	0	469	0	28	26190	414826	85423	71	0	0	415709	409802	12319	0
1261	-94	-2	15	38	9618	12172	394234	10	625	977809	7	18857	2	1	0	6251	28	0	3	1960	0	15721	9618	1409	0	0	0	0	469	0	28	26190	414826	85423	71	0	0	415609	409802	12319	0
1260	-94	-2	15	38	9458	12172	393982	10	625	977620	7	18845	2	1	0	6248	28	0	3	1960	0	15721	9458	1409	0	0	0	0	469	0	28	26190	414826	85423	71	0	0	415509	409802	12319	0
1259	-94	-2	15	38	9298	12170	393730	10	624	977368	7	18833	2	1	0	6244	28	0	3	1957	0	15714	9298	1409	0	0	0	0	469	0	28	26190	414826	85423	71	0	0	415409	409802	12319	0
1258	-94	-2	15	38	9138	12170	393541	10	624	977116	7	18824	2	1	0	6240	28	0	3	1957	0	15714	9138	1409	0	0	0	0	469	0	28	26190	414826	85423	71	0	0	415309	409802	12319	0
1257	-94	-2	15	38	8978	12168	393289	10	623	976864	7	18812	2	1	0	6236	28	0	3	1954	0	15707	8978	1409	0	0	0	0	469	0	28	26190	414826	85423	71	0	0	415209	409802	12319	0
1256	-94	-2	15	38	8818	12168	393037	10	623	976675	7	18800	2	1	0	6233	28	0	3	1954	0	15707	8818	1409	0	0	0	0	469	0	28	26190	414826	85423	71	0	0	415109	409802	12319	0
1255	-94	-2	15	38	8498	12166	392596	10	622	976171	7	18779	2	1	0	6225	28	0	3	1951	0	15700	8498	1409	4	250	0	240	469	0	28	26190	414826	85423	71	0	0	414909	409802	12319	0
1254	-94	-2	15	38	8338	12166	392127	10	622	975765	7	18763	2	1	0	6221	28	0	3	1951	0	15700	8338	1405	0	0	0	0	465	0	28	26190	413824	85183	71	0	0	414809	409802	12319	0
1253	-94	-2	15	38	8178	12164	391875	10	621	975513	7	18751	2	1	0	6217	28	0	3	1948	0	15693	8178	1405	0	0	0	0	465	0	28	26190	413824	85183	71	0	0	414709	409802	12319	0
1252	-94	-2	15	38	8018	12164	391623	10	621	975261	7	18739	2	1	0	6213	28	0	3	1948	0	15693	8018	1405	0	0	0	0	465	0	28	26190	413824	85183	71	0	0	414609	409802	12319	0
1251	-94	-2	15	38	7858	12162	391371	10	620	975009	7	18727	2	1	0	6209	28	0	3	1945	0	15686	7858	1405	0	0	0	0	465	0	28	26190	413824	85183	71	0	0	414509	409802	12319	0
1250	-94	-2	15	38	7698	12162	391182	10	620	974757	7	18718	2	1	0	6205	28	0	3	1945	0	15686	7698	1405	0	0	0	0	465	0	28	26190	413824	85183	71	0	0	414409	409802	12319	0
1249	-94	-2	15	38	7538	12162	390930	10	620	974568	7	18706	2	1	0	6202	28	0	3	1945	0	15686	7538	1405	0	0	0	0	465	0	28	26190	413824	85183	71	0	0	414309	409802	12319	0
1248	-94	-2	15	38	7378	12160	390741	10	619	974316	7	18697	2	1	0	6198	28	0	3	1942	0	15679	7378	1405	0	0	0	0	465	0	28	26190	413824	85183	71	0	0	414209	409802	12319	0
1247	-94	-2	15	38	7218	12160	390489	10	619	974127	7	18685	2	1	0	6195	28	0	3	1942	0	15679	7218	1405	0	0	0	0	465	0	28	26190	413824	85183	71	0	0	414109	409802	12319	0
1246	-94	-2	15	38	7058	12158	390237	10	618	973875	7	18673	2	1	0	6191	28	0	3	1939	0	15672	7058	1405	0	0	0	0	465	0	28	26190	413824	85183	71	0	0	414009	409802	12319	0
1245	-94	-2	15	38	6738	12158	389837	4	618	973449	7	18652	2	1	0	6183	28	0	3	1939	0	15672	6738	1404	0	0	0	0	464	0	28	26190	413808	85123	71	0	0	413809	409802	12319	0
1244	-94	-2	15	38	6578	12156	389496	10	617	973134	7	18634	2	1	0	6178	28	0	3	1936	0	15665	6578	1403	0	0	0	0	463	0	28	26190	412938	85063	71	0	0	413709	409802	12319	0
1243	-94	-2	15	38	6418	12156	389307	10	617	972945	7	18625	2	1	0	6175	28	0	3	1936	0	15665	6418	1403	0	0	0	0	463	0	28	26190	412938	85063	71	0	0	413609	409802	12319	0
1242	-94	-2	15	38	6258	12154	389055	10	616	972693	7	18613	2	1	0	6171	28	0	3	1933	0	15658	6258	1403	0	0	0	0	463	0	28	26190	412938	85063	71	0	0	413509	409802	12319	0
1241	-94	-2	15	38	6098	12154	388803	10	616	972441	7	18601	2	1	0	6167	28	0	3	1933	0	15658	6098	1403	0	0	0	0	463	0	28	26190	412938	85063	71	0	0	413409	409802	12319	0
1240	-94	-2	15	38	5938	12152	388551	10	615	972189	7	18589	2	1	0	6163	28	0	3	1930	0	15651	5938	1403	0	0	0	0	463	0	28	26190	412938	85063	71	0	0	413309	409802	12319	0
1239	-94	-2	15	38	5778	12152	388362	10	615	971937	7	18580	2	1	0	6159	28	0	3	1930	0	15651	5778	1403	0	0	0	0	463	0	28	26190	412938	85063	71	0	0	413209	409802	12319	0
1238	-94	-2	15	38	5618	12152	388110	10	615	971748	7	18568	2	1	0	6156	28	0	3	1930	0	15651	5618	1403	0	0	0	0	463	0	28	26190	412938	85063	71	0	0	413109	409802	12319	0
1237	-94	-2	15	38	5458	12150	387858	10	614	971496	7	18556	2	1	0	6152	28	0	3	1927	0	15644	5458	1403	1	90	0	60	463	0	28	26190	412938	85063	71	0	0	413009	409802	12319	0
1236	-94	-2	15	38	5298	12150	387606	10	614	971244	7	18544	2	1	0	6148	28	0	3	1927	0	15644	5298	1402	1	2002	0	60	462	0	28	26190	412848	85003	71	0	0	412909	409802	12319	0
1235	-94	-2	15	38	4978	12148	387102	10	613	970740	7	18520	2	1	0	6140	28	0	3	1924	0	15637	4978	1401	0	0	0	0	461	0	28	26190	410846	84943	71	0	0	412709	409802	12319	0
1234	-94	-2	15	38	4818	12146	386850	10	612	970488	7	18508	2	1	0	6136	28	0	3	1921	0	15630	4818	1401	0	0	0	0	461	0	28	26190	410846	84943	71	0	0	412609	409802	12319	0
1233	-94	-2	15	38	4658	12146	386598	10	612	970236	7	18496	2	1	0	6132	28	0	3	1921	0	15630	4658	1401	0	0	0	0	461	0	28	26190	410846	84943	71	0	0	412509	409802	12319	0
1232	-94	-2	15	38	4498	12146	386409	10	612	970047	7	18487	2	1	0	6129	28	0	3	1921	0	15630	4498	1401	0	0	0	0	461	0	28	26190	410846	84943	71	0	0	412409	409802	12319	0
1231	-94	-2	15	38	4338	12144	386157	10	611	969795	7	18475	2	1	0	6125	28	0	3	1918	0	15623	4338	1401	0	0	0	0	461	0	28	26190	410846	84943	71	0	0	412309	409802	12319	0
1230	-94	-2	15	38	4178	12144	385905	10	611	969543	7	18463	2	1	0	6121	28	0	3	1918	0	15623	4178	1401	0	0	0	0	461	0	28	26190	410846	84943	71	0	0	412209	409802	12319	0
1229	-94	-2	15	38	4018	12142	385653	10	610	969291	7	18451	2	1	0	6117	28	0	3	1915	0	15616	4018	1401	0	0	0	0	461	0	28	26190	410846	84943	71	0	0	412109	409802	12319	0
1228	-94	-2	15	38	3858	12142	385464	10	610	969039	7	18442	2	1	0	6113	28	0	3	1915	0	15616	3858	1401	0	0	0	0	461	0	28	26190	410846	84943	71	0	0	412009	409802	12319	0
1227	-94	-2	15	38	3698	12142	385212	10	610	968850	7	18430	2	1	0	6110	28	0	3	1915	0	15616	3698	1401	0	0	0	0	461	0	28	26190	410846	84943	71	0	0	411909	409802	12319	0
1226	-94	-2	15	38	3378	12140	384771	10	609	968346	7	18409	2	1	0	6102	28	0	3	1912	0	15609	3378	1401	0	0	0	0	461	0	28	26190	410846	84943	71	0	0	411709	409802	12319	0
1225	-94	-2	15	38	3218	12138	384519	10	608	968094	7	18397	2	1	0	6098	28	0	3	1909	0	15602	3218	1401	0	0	0	0	461	0	28	26190	410846	84943	71	0	0	411609	409802	12319	0
1224	-94	-2	15	38	3058	12138	384267	10	608	967905	7	18385	2	1	0	6095	28	0	3	1909	0	15602	3058	1401	0	0	0	0	461	0	28	26190	410846	84943	71	0	0	411509	409802	12319	0
1223	-94	-2	15	38	2898	12136	384015	10	607	967653	7	18373	2	1	0	6091	28	0	3	1906	0	15595	2898	1401	0	0	0	0	461	0	28	26190	410846	84943	71	0	0	411409	409802	12319	0
1222	-94	-2	15	38	2738	12136	383763	10	607	967401	7	18361	2	1	0	6087	28	0	3	1906	0	15595	2738	1401	0	0	0	0	461	0	28	26190	410846	84943	71	0	0	411309	409802	12319	0
1221	-94	-2	15	38	2578	12136	383574	10	607	967212	7	18352	2	1	0	6084	28	0	3	1906	0	15595	2578	1401	0	0	0	0	461	0	28	26190	410846	84943	71	0	0	411209	409802	12319	0
1220	-94	-2	15	38	2418	12134	383322	10	606	966960	7	18340	2	1	0	6080	28	0	3	1903	0	15588	2418	1401	0	0	0	0	461	0	28	26190	410846	84943	71	0	0	411109	409802	12319	0
1219	-94	-2	15	38	2258	12134	383133	10	606	966708	7	18331	2	1	0	6076	28	0	3	1903	0	15588	2258	1401	0	0	0	0	461	0	28	26190	410846	84943	71	0	0	411009	409802	12319	0
1218	-94	-2	15	38	2098	12132	382881	10	605	966519	7	18319	2	1	0	6073	28	0	3	1900	0	15581	2098	1401	1	986	0	60	461	0	28	26190	410846	84943	71	0	0	410909	409802	12319	0
1217	-94	-2	15	38	1938	12132	382670	10	605	966245	7	18307	2	1	0	6068	28	0	3	1900	0	15581	1938	1400	0	0	0	0	460	0	28	26190	409860	84883	71	0	0	410809	409802	12319	0
1216	-94	-2	15	38	1618	12130	382166	10	604	965804	7	18283	2	1	0	6061	28	0	3	1897	0	15574	1618	1400	0	0	0	0	460	0	28	26190	409860	84883	71	0	0	410609	409802	12319	0
1215	-94	-2	15	38	1458	12130	381977	10	604	965552	7	18274	2	1	0	6057	28	0	3	1897	0	15574	1458	1400	0	0	0	0	460	0	28	26190	409860	84883	71	0	0	410509	409802	12319	0
1214	-94	-2	15	38	1298	12128	381725	10	603	965300	7	18262	2	1	0	6053	28	0	3	1894	0	15567	1298	1400	0	0	0	0	460	0	28	26190	409860	84883	71	0	0	410409	409802	12319	0
1213	-94	-2	15	38	1138	12128	381473	10	603	965111	7	18250	2	1	0	6050	28	0	3	1894	0	15567	1138	1400	0	0	0	0	460	0	28	26190	409860	84883	71	0	0	410309	409802	12319	0
1212	-94	-2	15	38	978	12126	381221	10	602	964859	7	18238	2	1	0	6046	28	0	3	1891	0	15560	978	1400	0	0	0	0	460	0	28	26190	409860	84883	71	0	0	410209	409802	12319	0
1211	-94	-2	15	38	818	12126	380969	10	602	964607	7	18226	2	1	0	6042	28	0	3	1891	0	15560	818	1400	0	0	0	0	460	0	28	26190	409860	84883	71	0	0	410109	409802	12319	0
1210	-94	-2	15	38	658	12126	380780	10	602	964418	7	18217	2	1	0	6039	28	0	3	1891	0	15560	658	1400	0	0	0	0	460	0	28	26190	409860	84883	71	0	0	410009	409802	12319	0
1209	-94	-2	15	38	498	12124	380528	10	601	964103	453	18205	447	3	0	6034	28	26	6	1888	0	15553	498	1400	6	10	0	360	460	443	28	26190	409860	84883	71	1	11933	409909	409802	12319	0
1208	-94	-2	15	38	338	12124	379951	12	601	963589	453	18187	447	3	0	6030	28	26	6	1888	0	15553	338	1394	2	657	0	125	454	0	28	26190	409796	84523	71	0	0	409809	409802	12319	0
1207	-94	-2	15	38	178	11675	379602	10	599	963240	7	18171	2	1	0	6025	28	0	3	1879	0	15093	178	1392	0	0	0	0	452	0	27	25747	408482	84398	70	0	0	409709	397869	12319	0
1206	-94	-2	15	38	16242	11675	379161	10	599	962799	7	18150	2	1	0	6018	28	0	3	1879	0	15093	16242	1392	0	0	0	0	452	0	27	25747	408482	84398	70	0	0	409509	397869	12319	0
1205	-94	-2	15	38	16082	11673	378909	10	598	962547	7	18138	2	1	0	6014	28	0	3	1876	0	15086	16082	1392	0	0	0	0	452	0	27	25747	408482	84398	70	0	0	409409	397869	12319	0
1204	-94	-2	15	38	15922	11673	378720	10	598	962295	7	18129	2	1	0	6010	28	0	3	1876	0	15086	15922	1392	0	0	0	0	452	0	27	25747	408482	84398	70	0	0	409309	397869	12319	0
1203	-94	-2	15	38	15762	11671	378468	10	597	962043	7	18117	2	1	0	6006	28	0	3	1873	0	15079	15762	1392	0	0	0	0	452	0	27	25747	408482	84398	70	0	0	409209	397869	12319	0
1202	-94	-2	15	38	15602	11671	378216	10	597	961854	7	18105	2	1	0	6003	28	0	3	1873	0	15079	15602	1392	0	0	0	0	452	0	27	25747	408482	84398	70	0	0	409109	397869	12319	0
1201	-94	-2	15	38	15442	11669	377964	10	596	961602	7	18093	2	1	0	5999	28	0	3	1870	0	15072	15442	1392	0	0	0	0	452	0	27	25747	408482	84398	70	0	0	409009	397869	12319	0
1200	-94	-2	15	38	15282	11669	377712	10	596	961350	7	18081	2	1	0	5995	28	0	3	1870	0	15072	15282	1392	0	0	0	0	452	0	27	25747	408482	84398	70	0	0	408909	397869	12319	0
1199	-94	-2	15	38	15122	11669	377523	10	596	961161	7	18072	2	1	0	5992	28	0	3	1870	0	15072	15122	1392	0	0	0	0	452	0	27	25747	408482	84398	70	0	0	408809	397869	12319	0
1198	-94	-2	15	38	14962	11667	377271	10	595	960909	7	18060	2	1	0	5988	28	0	3	1867	0	15065	14962	1392	0	0	0	0	452	0	27	25747	408482	84398	70	0	0	408709	397869	12319	0
1197	-94	-2	15	38	14802	11667	377019	10	595	960657	7	18048	2	1	0	5984	28	0	3	1867	0	15065	14802	1392	0	0	0	0	452	0	27	25747	408482	84398	70	0	0	408609	397869	12319	0
1196	-94	-2	15	38	14482	11665	376363	10	594	959938	7	18020	2	1	0	5974	28	0	3	1864	0	15058	14482	1387	0	0	0	0	447	0	27	25747	408270	84098	70	0	0	408409	397869	12319	0
1195	-94	-2	15	38	14322	11665	376111	10	594	959749	7	18008	2	1	0	5971	28	0	3	1864	0	15058	14322	1387	4	113	0	240	447	0	27	25747	408270	84098	70	0	0	408309	397869	12319	0
1194	-94	-2	15	38	14162	11663	375837	3	593	959475	7	17995	2	1	0	5967	28	0	3	1861	0	15051	14162	1384	0	0	0	0	444	0	27	25747	408206	83918	70	0	0	408209	397869	12319	0
1193	-94	-2	15	38	14002	11663	375626	10	593	959201	7	17983	2	1	0	5962	28	0	3	1861	0	15051	14002	1383	0	0	0	0	443	0	27	25747	407816	83858	70	0	0	408109	397869	12319	0
1192	-94	-2	15	38	13842	11661	375374	10	592	958949	7	17971	2	1	0	5958	28	0	3	1858	0	15044	13842	1383	0	0	0	0	443	0	27	25747	407816	83858	70	0	0	408009	397869	12319	0
1191	-94	-2	15	38	13682	11661	375122	10	592	958760	7	17959	2	1	0	5955	28	0	3	1858	0	15044	13682	1383	2	511	0	120	443	0	27	25747	407816	83858	70	0	0	407909	397869	12319	0
1190	-94	-2	15	38	13522	11661	374933	3	592	958527	7	17950	2	1	0	5950	28	0	3	1858	0	15044	13522	1382	0	0	0	0	442	0	27	25747	407808	83798	70	0	0	407809	397869	12319	0
1189	-94	-2	15	38	13362	11659	374574	10	591	958212	7	17929	2	1	0	5945	28	0	3	1855	0	15037	13362	1381	0	0	0	0	441	0	27	25747	406794	83738	70	0	0	407709	397869	12319	0
1188	-94	-2	15	38	13202	11659	374385	10	591	958023	7	17920	2	1	0	5942	28	0	3	1855	0	15037	13202	1381	0	0	0	0	441	0	27	25747	406794	83738	70	0	0	407609	397869	12319	0
1187	-94	-2	15	38	13042	11657	374133	10	590	957771	7	17908	2	1	0	5938	28	0	3	1852	0	15030	13042	1381	0	0	0	0	441	0	27	25747	406794	83738	70	0	0	407509	397869	12319	0
1186	-94	-2	15	38	12722	11655	373629	10	589	957267	7	17884	2	1	0	5930	28	0	3	1849	0	15023	12722	1381	0	0	0	0	441	0	27	25747	406794	83738	70	0	0	407309	397869	12319	0
1185	-94	-2	15	38	12562	11655	373440	10	589	957015	7	17875	2	1	0	5926	28	0	3	1849	0	15023	12562	1381	0	0	0	0	441	0	27	25747	406794	83738	70	0	0	407209	397869	12319	0
1184	-94	-2	15	38	12402	11655	373188	10	589	956826	7	17863	2	1	0	5923	28	0	3	1849	0	15023	12402	1381	0	0	0	0	441	0	27	25747	406794	83738	70	0	0	407109	397869	12319	0
1183	-94	-2	15	38	12242	11653	372936	10	588	956574	7	17851	2	1	0	5919	28	0	3	1846	0	15016	12242	1381	0	0	0	0	441	0	27	25747	406794	83738	70	0	0	407009	397869	12319	0
1182	-94	-2	15	38	12082	11653	372747	10	588	956385	7	17842	2	1	0	5916	28	0	3	1846	0	15016	12082	1381	0	0	0	0	441	0	27	25747	406794	83738	70	0	0	406909	397869	12319	0
1181	-94	-2	15	38	11922	11651	372495	12	587	956133	7	17830	2	1	0	5912	28	0	3	1843	0	15009	11922	1381	2	939	0	120	441	0	27	25747	406794	83738	70	0	0	406809	397869	12319	0
1180	-94	-2	15	38	11762	11651	372209	10	587	955847	7	17817	2	1	0	5908	28	0	3	1843	0	15009	11762	1379	0	0	0	0	439	0	27	25747	404916	83618	70	0	0	406709	397869	12319	0
1179	-94	-2	15	38	11602	11649	371957	10	586	955595	7	17805	2	1	0	5904	28	0	3	1840	0	15002	11602	1379	0	0	0	0	439	0	27	25747	404916	83618	70	0	0	406609	397869	12319	0
1178	-94	-2	15	38	11442	11649	371705	10	586	955343	7	17793	2	1	0	5900	28	0	3	1840	0	15002	11442	1379	0	0	0	0	439	0	27	25747	404916	83618	70	0	0	406509	397869	12319	0
1177	-94	-2	15	38	11122	11647	371264	10	585	954902	7	17772	2	1	0	5893	28	0	3	1837	0	14995	11122	1379	0	0	0	0	439	0	27	25747	404916	83618	70	0	0	406309	397869	12319	0
1176	-94	-2	15	38	10962	11647	371012	10	585	954650	7	17760	2	1	0	5889	28	0	3	1837	0	14995	10962	1379	0	0	0	0	439	0	27	25747	404916	83618	70	0	0	406209	397869	12319	0
1175	-94	-2	15	38	10802	11645	370760	10	584	954398	7	17748	2	1	0	5885	28	0	3	1834	0	14988	10802	1379	0	0	0	0	439	0	27	25747	404916	83618	70	0	0	406109	397869	12319	0
1174	-94	-2	15	38	10642	11645	370571	10	584	954146	7	17739	2	1	0	5881	28	0	3	1834	0	14988	10642	1379	0	0	0	0	439	0	27	25747	404916	83618	70	0	0	406009	397869	12319	0
1173	-94	-2	15	38	10482	11645	370319	10	584	953957	7	17727	2	1	0	5878	28	0	3	1834	0	14988	10482	1379	0	0	0	0	439	0	27	25747	404916	83618	70	0	0	405909	397869	12319	0
1172	-94	-2	15	38	10322	11643	370067	10	583	953705	7	17715	2	1	0	5874	28	0	3	1831	0	14981	10322	1379	0	0	0	0	439	0	27	25747	404916	83618	70	0	0	405809	397869	12319	0
1171	-94	-2	15	38	10162	11643	369878	10	583	953453	7	17706	2	1	0	5870	28	0	3	1831	0	14981	10162	1379	0	0	0	0	439	0	27	25747	404916	83618	70	0	0	405709	397869	12319	0
1170	-94	-2	15	38	10002	11641	369626	10	582	953201	7	17694	2	1	0	5866	28	0	3	1828	0	14974	10002	1379	0	0	0	0	439	0	27	25747	404916	83618	70	0	0	405609	397869	12319	0
1169	-94	-2	15	38	9842	11641	369374	10	582	953012	7	17682	2	1	0	5863	28	0	3	1828	0	14974	9842	1379	0	0	0	0	439	0	27	25747	404916	83618	70	0	0	405509	397869	12319	0
1168	-94	-2	15	38	9682	11639	369122	10	581	952760	7	17670	2	1	0	5859	28	0	3	1825	0	14967	9682	1379	0	0	0	0	439	0	27	25747	404916	83618	70	0	0	405409	397869	12319	0
1167	-94	-2	15	38	9362	11639	368681	10	581	952319	7	17649	2	1	0	5852	28	0	3	1825	0	14967	9362	1379	0	0	0	0	439	0	27	25747	404916	83618	70	0	0	405209	397869	12319	0
1166	-94	-2	15	38	9202	11637	368429	10	580	952067	7	17637	2	1	0	5848	28	0	3	1822	0	14960	9202	1379	0	0	0	0	439	0	27	25747	404916	83618	70	0	0	405109	397869	12319	0
1165	-94	-2	15	38	9042	11637	368177	10	580	951815	7	17625	2	1	0	5844	28	0	3	1822	0	14960	9042	1379	1	2148	0	60	439	0	27	25747	404916	83618	70	0	0	405009	397869	12319	0
1164	-94	-2	15	39	8882	11635	367988	3	579	951604	7	17616	2	1	0	5840	28	0	3	1819	0	14953	8882	1378	0	0	0	0	438	0	27	25747	402768	83558	70	0	0	404909	397869	12319	0
1163	-94	-2	15	39	8722	11635	367714	10	579	951289	7	17601	2	1	0	5835	28	0	3	1819	0	14953	8722	1378	0	0	0	0	438	0	27	25747	402768	83558	70	0	0	404809	397869	12319	0
1162	-94	-2	15	39	8562	11635	367462	10	579	951100	7	17589	2	1	0	5832	28	0	3	1819	0	14953	8562	1378	0	0	0	0	438	0	27	25747	402768	83558	70	0	0	404709	397869	12319	0
1161	-94	-2	15	39	8402	11633	367210	10	578	950848	7	17577	2	1	0	5828	28	0	3	1816	0	14946	8402	1378	0	0	0	0	438	0	27	25747	402768	83558	70	0	0	404609	397869	12319	0
1160	-94	-2	15	39	8242	11633	367021	10	578	950596	7	17568	2	1	0	5824	28	0	3	1816	0	14946	8242	1378	0	0	0	0	438	0	27	25747	402768	83558	70	0	0	404509	397869	12319	0
1159	-94	-2	15	39	8082	11631	366769	10	577	950344	7	17556	2	1	0	5820	28	0	3	1813	0	14939	8082	1378	0	0	0	0	438	0	27	25747	402768	83558	70	0	0	404409	397869	12319	0
1158	-94	-2	15	39	7922	11631	366517	10	577	950155	7	17544	2	1	0	5817	28	0	3	1813	0	14939	7922	1378	0	0	0	0	438	0	27	25747	402768	83558	70	0	0	404309	397869	12319	0
1157	-94	-2	15	39	7602	11629	366013	10	576	949651	7	17520	2	1	0	5809	28	0	3	1810	0	14932	7602	1378	0	0	0	0	438	0	27	25747	402768	83558	70	0	0	404109	397869	12319	0
1156	-94	-2	15	39	7442	11629	365824	10	576	949462	7	17511	2	1	0	5806	28	0	3	1810	0	14932	7442	1378	0	0	0	0	438	0	27	25747	402768	83558	70	0	0	404009	397869	12319	0
1155	-94	-2	15	39	7282	11627	365572	10	575	949210	7	17499	2	1	0	5802	28	0	3	1807	0	14925	7282	1378	0	0	0	0	438	0	27	25747	402768	83558	70	0	0	403909	397869	12319	0
1154	-94	-2	15	39	7122	11627	365320	10	575	948958	7	17487	2	1	0	5798	28	0	3	1807	0	14925	7122	1378	0	0	0	0	438	0	27	25747	402768	83558	70	0	0	403809	397869	12319	0
1153	-94	-2	15	39	6962	11625	365068	10	574	948706	7	17475	2	1	0	5794	28	0	3	1804	0	14918	6962	1378	0	0	0	0	438	0	27	25747	402768	83558	70	0	0	403709	397869	12319	0
1152	-94	-2	15	39	6802	11625	364879	10	574	948454	7	17466	2	1	0	5790	28	0	3	1804	0	14918	6802	1378	0	0	0	0	438	0	27	25747	402768	83558	70	0	0	403609	397869	12319	0
1151	-94	-2	15	39	6642	11625	364627	10	574	948265	7	17454	2	1	0	5787	28	0	3	1804	0	14918	6642	1378	0	0	0	0	438	0	27	25747	402768	83558	70	0	0	403509	397869	12319	0
1150	-94	-2	15	38	6482	11623	364375	10	573	948013	7	17442	2	1	0	5783	28	0	3	1801	0	14911	6482	1378	0	0	0	0	438	0	27	25747	402768	83558	70	0	0	403409	397869	12319	0
1149	-94	-2	15	38	6322	11623	364186	10	573	947761	7	17433	2	1	0	5779	28	0	3	1801	0	14911	6322	1378	0	0	0	0	438	0	27	25747	402768	83558	70	0	0	403309	397869	12319	0
1148	-94	-2	15	38	6162	11621	363934	10	572	947509	7	17421	2	1	0	5775	28	0	3	1798	0	14904	6162	1378	0	0	0	0	438	0	27	25747	402768	83558	70	0	0	403209	397869	12319	0
1147	-94	-2	15	38	5842	11619	363430	10	571	947068	7	17397	2	1	0	5768	28	0	3	1795	0	14897	5842	1378	0	0	0	0	438	0	27	25747	402768	83558	70	0	0	403009	397869	12319	0
1146	-94	-2	15	38	5682	11619	363241	10	571	946879	7	17388	2	1	0	5765	28	0	3	1795	0	14897	5682	1378	0	0	0	0	438	0	27	25747	402768	83558	70	0	0	402909	397869	12319	0
1145	-94	-2	15	38	5522	11619	362989	10	571	946627	7	17376	2	1	0	5761	28	0	3	1795	0	14897	5522	1378	1	958	0	60	438	0	27	25747	402768	83558	70	0	0	402809	397869	12319	0
1144	-94	-2	15	38	5362	11617	362737	10	570	946375	7	17364	2	1	0	5757	28	0	3	1792	0	14890	5362	1377	0	0	0	0	437	0	27	25747	401810	83498	70	0	0	402709	397869	12319	0
1143	-94	-2	15	38	5202	11617	362485	10	570	946123	7	17352	2	1	0	5753	28	0	3	1792	0	14890	5202	1377	0	0	0	0	437	0	27	25747	401810	83498	70	0	0	402609	397869	12319	0
1142	-94	-2	15	38	5042	11615	362233	10	569	945871	7	17340	2	1	0	5749	28	0	3	1789	0	14883	5042	1377	0	0	0	0	437	0	27	25747	401810	83498	70	0	0	402509	397869	12319	0
1141	-94	-2	15	38	4882	11615	362044	10	569	945619	7	17331	2	1	0	5745	28	0	3	1789	0	14883	4882	1377	0	0	0	0	437	0	27	25747	401810	83498	70	0	0	402409	397869	12319	0
1140	-94	-2	15	38	4722	11615	361792	10	569	945430	7	17319	2	1	0	5742	28	0	3	1789	0	14883	4722	1377	0	0	0	0	437	0	27	25747	401810	83498	70	0	0	402309	397869	12319	0
1139	-94	-2	15	38	4562	11613	361540	10	568	945178	7	17307	2	1	0	5738	28	0	3	1786	0	14876	4562	1377	0	0	0	0	437	0	27	25747	401810	83498	70	0	0	402209	397869	12319	0
1138	-94	-2	15	38	4242	11611	361099	10	567	944737	7	17286	2	1	0	5731	28	0	3	1783	0	14869	4242	1377	0	0	0	0	437	0	27	25747	401810	83498	70	0	0	402009	397869	12319	0
1137	-94	-2	15	38	4082	11611	360847	10	567	944485	7	17274	2	1	0	5727	28	0	3	1783	0	14869	4082	1377	4	223	0	240	437	0	27	25747	401810	83498	70	0	0	401909	397869	12319	0
1136	-94	-2	15	38	3922	11611	360658	18	567	944119	7	17265	2	1	0	5723	28	0	3	1783	0	14869	3922	1374	0	0	0	0	434	0	27	25747	401808	83318	70	0	0	401809	397869	12319	0
1135	-94	-2	15	38	3762	11609	360166	10	566	943804	7	17246	2	1	0	5718	28	0	3	1780	0	14862	3762	1373	0	0	0	0	433	0	27	25747	400916	83258	70	0	0	401709	397869	12319	0
1134	-94	-2	15	38	3602	11609	359977	10	566	943615	7	17237	2	1	0	5715	28	0	3	1780	0	14862	3602	1373	0	0	0	0	433	0	27	25747	400916	83258	70	0	0	401609	397869	12319	0
1133	-94	-2	15	38	3442	11607	359725	10	565	943363	7	17225	2	1	0	5711	28	0	3	1777	0	14855	3442	1373	0	0	0	0	433	0	27	25747	400916	83258	70	0	0	401509	397869	12319	0
1132	-94	-2	15	38	3282	11607	359473	10	565	943111	7	17213	2	1	0	5707	28	0	3	1777	0	14855	3282	1373	0	0	0	0	433	0	27	25747	400916	83258	70	0	0	401409	397869	12319	0
1131	-94	-2	15	38	3122	11605	359221	10	564	942859	7	17201	2	1	0	5703	28	0	3	1774	0	14848	3122	1373	0	0	0	0	433	0	27	25747	400916	83258	70	0	0	401309	397869	12319	0
1130	-94	-2	15	38	2962	11605	359032	10	564	942607	7	17192	2	1	0	5699	28	0	3	1774	0	14848	2962	1373	0	0	0	0	433	0	27	25747	400916	83258	70	0	0	401209	397869	12319	0
1129	-94	-2	15	38	2802	11605	358780	10	564	942418	7	17180	2	1	0	5696	28	0	3	1774	0	14848	2802	1373	0	0	0	0	433	0	27	25747	400916	83258	70	0	0	401109	397869	12319	0
1128	-94	-2	15	38	2482	11603	358339	3	563	941955	7	17159	2	1	0	5688	28	0	3	1771	0	14841	2482	1372	0	0	0	0	432	0	27	25747	400466	83198	70	0	0	400909	397869	12319	0
1127	-94	-2	15	38	2322	11601	358065	10	562	941703	7	17144	2	1	0	5684	28	0	3	1768	0	14834	2322	1372	0	0	0	0	432	0	27	25747	400466	83198	70	0	0	400809	397869	12319	0
1126	-94	-2	15	38	2162	11601	357813	10	562	941451	7	17132	2	1	0	5680	28	0	3	1768	0	14834	2162	1372	0	0	0	0	432	0	27	25747	400466	83198	70	0	0	400709	397869	12319	0
1125	-94	-2	15	38	2002	11601	357624	10	562	941262	7	17123	2	1	0	5677	28	0	3	1768	0	14834	2002	1372	0	0	0	0	432	0	27	25747	400466	83198	70	0	0	400609	397869	12319	0
1124	-94	-2	15	38	1842	11599	357372	10	561	941010	7	17111	2	1	0	5673	28	0	3	1765	0	14827	1842	1372	5	52	0	300	432	0	27	25747	400466	83198	70	0	0	400509	397869	12319	0
1123	-94	-2	15	38	1682	11599	357098	12	561	940639	7	17098	2	1	0	5668	28	0	3	1765	0	14827	1682	1368	0	0	0	0	428	0	27	25747	400408	82958	70	0	0	400409	397869	12319	0
1122	-94	-2	15	38	1522	11597	356686	10	560	940261	7	17079	2	1	0	5662	28	0	3	1762	0	14820	1522	1367	3	12	0	180	427	0	27	25747	400204	82898	70	0	0	400309	397869	12319	0
1121	-94	-2	15	38	1362	11597	356434	19	560	940072	7	17067	2	1	0	5659	28	0	3	1762	0	14820	1362	1367	1	334	0	60	427	0	27	25747	400204	82898	70	0	0	400209	397869	12319	0
1120	-94	-2	15	38	1202	11595	355989	10	559	939564	7	17051	2	1	0	5653	28	0	3	1759	0	14813	1202	1363	0	0	0	0	423	0	27	25747	399834	82658	70	0	0	400109	397869	12319	0
1119	-94	-2	15	38	1042	11595	355737	10	559	939375	7	17039	2	1	0	5650	28	0	3	1759	0	14813	1042	1363	0	0	0	0	423	0	27	25747	399834	82658	70	0	0	400009	397869	12319	0
1118	-94	-2	15	38	722	11593	355296	3	558	938934	7	17018	2	1	0	5643	28	0	3	1756	0	14806	722	1362	0	0	0	0	422	0	27	25747	399806	82598	70	0	0	399809	397869	12319	0
1117	-94	-2	15	38	562	11593	355085	10	558	938660	7	17006	2	1	0	5638	28	0	3	1756	0	14806	562	1361	0	0	0	0	421	0	27	25747	398906	82538	70	0	0	399709	397869	12319	0
1116	-94	-2	15	38	402	11591	354833	10	557	938408	7	16994	2	1	0	5634	28	0	3	1753	0	14799	402	1361	0	0	0	0	421	0	27	25747	398906	82538	70	0	0	399609	397869	12319	0
1115	-94	-2	15	38	242	11591	354581	10	557	938219	7	16982	2	1	0	5631	28	0	3	1753	0	14799	242	1361	0	0	0	0	421	0	27	25747	398906	82538	70	0	0	399509	397869	12319	0
1114	-94	-2	15	38	82	11589	354329	10	556	937967	7	16970	2	1	0	5627	28	0	3	1750	0	14792	82	1361	0	0	0	0	421	0	27	25747	398906	82538	70	0	0	399409	397869	12319	0
1113	-94	-2	15	38	16306	11589	354077	10	556	937715	7	16958	2	1	0	5623	28	0	3	1750	0	14792	16306	1361	0	0	0	0	421	0	27	25747	398906	82538	70	0	0	399309	397869	12319	0
1112	-94	-2	15	38	16146	11589	353888	10	556	937526	7	16949	2	1	0	5620	28	0	3	1750	0	14792	16146	1361	0	0	0	0	421	0	27	25747	398906	82538	70	0	0	399209	397869	12319	0
1111	-94	-2	15	38	15986	11587	353636	10	555	937274	7	16937	2	1	0	5616	28	0	3	1747	0	14785	15986	1361	0	0	0	0	421	0	27	25747	398906	82538	70	0	0	399109	397869	12319	0
1110	-94	-2	15	38	15826	11587	353384	10	555	937022	7	16925	2	1	0	5612	28	0	3	1747	0	14785	15826	1361	1	148	0	60	421	0	27	25747	398906	82538	70	0	0	399009	397869	12319	0
1109	-94	-2	15	38	15666	11585	353132	3	554	936770	7	16913	2	1	0	5608	28	0	3	1744	0	14778	15666	1361	0	0	0	0	421	0	27	25747	398906	82538	70	0	0	398909	397869	12319	0
1108	-94	-2	15	38	15346	11585	352606	10	554	936244	7	16886	2	1	0	5599	28	0	3	1744	0	14778	15346	1359	0	0	0	0	419	0	27	25747	397986	82418	70	0	0	398709	397869	12319	0
1107	-94	-2	15	38	15186	11583	352354	10	553	935992	7	16874	2	1	0	5595	28	0	3	1741	0	14771	15186	1359	0	0	0	0	419	0	27	25747	397986	82418	70	0	0	398609	397869	12319	0
1106	-94	-2	15	38	15026	11583	352165	10	553	935740	7	16865	2	1	0	5591	28	0	3	1741	0	14771	15026	1359	0	0	0	0	419	0	27	25747	397986	82418	70	0	0	398509	397869	12319	0
1105	-94	-2	15	38	14866	11581	351913	10	552	935551	7	16853	2	1	0	5588	28	0	3	1738	0	14764	14866	1359	0	0	0	0	419	0	27	25747	397986	82418	70	0	0	398409	397869	12319	0
1104	-94	-2	15	38	14706	11581	351661	10	552	935299	7	16841	2	1	0	5584	28	0	3	1738	0	14764	14706	1359	0	0	0	0	419	0	27	25747	397986	82418	70	0	0	398309	397869	12319	0
1103	-94	-2	15	38	14546	11579	351472	10	551	935047	7	16832	2	1	0	5580	28	0	3	1735	0	14757	14546	1359	0	0	0	0	419	0	27	25747	397986	82418	70	0	0	398209	397869	12319	0
1102	-94	-2	15	38	14386	11579	351220	10	551	934858	7	16820	2	1	0	5577	28	0	3	1735	0	14757	14386	1359	0	0	0	0	419	0	27	25747	397986	82418	70	0	0	398109	397869	12319	0
1101	-94	-2	15	38	14226	11579	351031	10	551	934606	7	16811	2	1	0	5573	28	0	3	1735	0	14757	14226	1359	1	88	0	76	419	0	27	25747	397986	82418	70	0	0	398009	397869	12319	0
1100	-94	-2	15	38	14066	11577	350730	10	550	934368	373	16795	359	3	0	5569	28	23	6	1732	0	14750	14066	1358	5	20	0	302	418	355	27	25747	397898	82342	70	1	3110	397909	397869	12319	0
1099	-94	-2	15	38	13906	11218	350456	18	549	934094	7	16780	2	1	0	5564	28	0	3	1726	0	14377	13906	1356	1	1032	0	60	416	0	26	25392	397802	82220	69	0	0	397809	394759	12319	0
1098	-94	-2	15	38	13586	11216	349775	10	548	933350	7	16752	2	1	0	5554	28	0	3	1723	0	14370	13586	1352	0	0	0	0	412	0	26	25392	396766	81980	69	0	0	397609	394759	12319	0
1097	-94	-2	15	38	13426	11216	349523	10	548	933161	7	16740	2	1	0	5551	28	0	3	1723	0	14370	13426	1352	0	0	0	0	412	0	26	25392	396766	81980	69	0	0	397509	394759	12319	0
1096	-94	-2	15	38	13266	11214	349271	10	547	932909	7	16728	2	1	0	5547	28	0	3	1720	0	14363	13266	1352	0	0	0	0	412	0	26	25392	396766	81980	69	0	0	397409	394759	12319	0
1095	-94	-2	15	38	13106	11214	349082	10	547	932657	7	16719	2	1	0	5543	28	0	3	1720	0	14363	13106	1352	0	0	0	0	412	0	26	25392	396766	81980	69	0	0	397309	394759	12319	0
1094	-94	-2	15	38	12946	11212	348830	10	546	932405	7	16707	2	1	0	5539	28	0	3	1717	0	14356	12946	1352	0	0	0	0	412	0	26	25392	396766	81980	69	0	0	397209	394759	12319	0
1093	-94	-2	15	38	12786	11212	348578	10	546	932216	7	16695	2	1	0	5536	28	0	3	1717	0	14356	12786	1352	0	0	0	0	412	0	26	25392	396766	81980	69	0	0	397109	394759	12319	0
1092	-94	-2	15	38	12626	11210	348326	10	545	931964	7	16683	2	1	0	5532	28	0	3	1714	0	14349	12626	1352	0	0	0	0	412	0	26	25392	396766	81980	69	0	0	397009	394759	12319	0
1091	-94	-2	15	38	12466	11210	348137	10	545	931712	7	16674	2	1	0	5528	28	0	3	1714	0	14349	12466	1352	0	0	0	0	412	0	26	25392	396766	81980	69	0	0	396909	394759	12319	0
1090	-94	-2	15	38	12305	11210	347885	10	545	931523	7	16662	2	1	0	5525	28	0	3	1714	0	14349	12305	1352	1	310	0	60	412	0	26	25392	396766	81980	69	0	0	396808	394759	12319	0
1089	-94	-2	15	38	11986	11208	347400	10	544	931038	7	16635	2	1	0	5516	28	0	3	1711	0	14342	11986	1351	0	0	0	0	411	0	26	25392	396456	81920	69	0	0	396609	394759	12319	0
1088	-94	-2	15	38	11826	11206	347211	10	543	930786	7	16626	2	1	0	5512	28	0	3	1708	0	14335	11826	1351	2	30	0	120	411	0	26	25392	396456	81920	69	0	0	396509	394759	12319	0
1087	-94	-2	15	29	11666	11206	346862	19	543	930500	7	16610	2	1	0	5508	28	0	3	1708	0	14335	11666	1349	3	64	0	180	409	0	26	25392	396396	81800	69	0	0	396409	394759	12319	0
1086	-94	-2	15	38	11506	11206	346480	10	543	930055	7	16597	2	1	0	5503	28	0	3	1708	0	14335	11506	1346	2	3	0	120	406	0	26	25392	396204	81620	69	0	0	396309	394759	12319	0
1085	-94	-2	15	38	11346	11204	346228	12	542	929866	7	16585	2	1	0	5500	28	0	3	1705	0	14328	11346	1346	2	186	0	120	406	0	26	25392	396204	81620	69	0	0	396209	394759	12319	0
1084	-94	-2	15	38	11186	11204	345816	10	542	929454	7	16566	2	1	0	5494	28	0	3	1705	0	14328	11186	1342	0	0	0	0	402	0	26	25392	395826	81380	69	0	0	396109	394759	12319	0
1083	-94	-2	15	38	11026	11202	345564	10	541	929202	7	16554	2	1	0	5490	28	0	3	1702	0	14321	11026	1342	0	0	0	0	402	0	26	25392	395826	81380	69	0	0	396009	394759	12319	0
1082	-94	-2	15	38	10866	11202	345375	10	541	928950	7	16545	2	1	0	5486	28	0	3	1702	0	14321	10866	1342	3	14	0	180	402	0	26	25392	395826	81380	69	0	0	395909	394759	12319	0
1081	-94	-2	15	38	10706	11200	345073	10	540	928648	7	16527	2	1	0	5480	28	0	3	1699	0	14314	10706	1339	4	248	0	240	399	0	26	25392	395784	81200	69	0	0	395809	394759	12319	0
1080	-94	-2	15	38	10546	11200	344565	10	540	928203	7	16508	2	1	0	5475	28	0	3	1699	0	14314	10546	1335	0	0	0	0	395	0	26	25392	394792	80960	69	0	0	395709	394759	12319	0
1079	-94	-2	15	38	10226	11198	344124	10	539	927762	7	16487	2	1	0	5468	28	0	3	1696	0	14307	10226	1335	0	0	0	0	395	0	26	25392	394792	80960	69	0	0	395509	394759	12319	0
1078	-94	-2	15	38	10066	11198	343872	10	539	927510	7	16475	2	1	0	5464	28	0	3	1696	0	14307	10066	1335	0	0	0	0	395	0	26	25392	394792	80960	69	0	0	395409	394759	12319	0
1077	-94	-2	15	38	9906	11196	343620	10	538	927258	7	16463	2	1	0	5460	28	0	3	1693	0	14300	9906	1335	0	0	0	0	395	0	26	25392	394792	80960	69	0	0	395309	394759	12319	0
1076	-94	-2	15	38	9746	11196	343431	10	538	927006	7	16454	2	1	0	5456	28	0	3	1693	0	14300	9746	1335	0	0	0	0	395	0	26	25392	394792	80960	69	0	0	395209	394759	12319	0
1075	-94	-2	15	38	9586	11196	343179	10	538	926817	7	16442	2	1	0	5453	28	0	3	1693	0	14300	9586	1335	0	0	0	0	395	0	26	25392	394792	80960	69	0	0	395109	394759	12319	0
1074	-94	-2	15	38	9426	11194	342990	10	537	926565	7	16433	2	1	0	5449	28	0	3	1690	0	14293	9426	1335	0	0	0	0	395	0	26	25392	394792	80960	69	0	0	395009	394759	12319	0
1073	-94	-2	15	38	9266	11194	342738	10	537	926376	7	16421	2	1	0	5446	28	0	3	1690	0	14293	9266	1335	0	0	0	0	395	0	26	25392	394792	80960	69	0	0	394909	394759	12319	0
1072	-94	-2	15	38	9106	11192	342486	18	536	926124	185	16409	175	3	0	5442	28	23	3	1687	0	14286	9106	1335	5	70	0	298	395	171	26	25392	394792	80960	69	1	1594	394809	394759	12319	0
1071	-94	-2	15	38	8946	11017	342035	10	535	925673	7	16390	2	1	0	5436	28	0	3	1684	0	14101	8946	1330	0	0	0	0	390	0	25	25221	394442	80662	68	0	0	394709	393165	12319	0
1070	-94	-2	15	38	8786	11015	341846	10	534	925421	7	16381	2	1	0	5432	28	0	3	1681	0	14094	8786	1330	0	0	0	0	390	0	25	25221	394442	80662	68	0	0	394609	393165	12319	0
1069	-94	-2	15	38	8466	11015	341320	19	534	924958	7	16354	2	1	0	5424	28	0	3	1681	0	14094	8466	1328	0	0	0	0	388	0	25	25221	394406	80542	68	0	0	394409	393165	12319	0
1068	-94	-2	15	38	8306	11013	340875	10	533	924513	7	16338	2	1	0	5419	28	0	3	1678	0	14087	8306	1325	0	0	0	0	385	0	25	25221	394196	80362	68	0	0	394309	393165	12319	0
1067	-94	-2	15	38	8146	11013	340623	19	533	924261	7	16326	2	1	0	5415	28	0	3	1678	0	14087	8146	1325	4	100	0	240	385	0	25	25221	394196	80362	68	0	0	394209	393165	12319	0
1066	-94	-2	15	38	7986	11011	340156	10	532	923794	7	16307	2	1	0	5409	28	0	3	1675	0	14080	7986	1321	0	0	0	0	381	0	25	25221	393796	80122	68	0	0	394109	393165	12319	0
1065	-94	-2	15	38	7826	11011	339967	10	532	923542	7	16298	2	1	0	5405	28	0	3	1675	0	14080	7826	1321	0	0	0	0	381	0	25	25221	393796	80122	68	0	0	394009	393165	12319	0
1064	-94	-2	15	38	7666	11011	339715	10	532	923353	7	16286	2	1	0	5402	28	0	3	1675	0	14080	7666	1321	0	0	0	0	381	0	25	25221	393796	80122	68	0	0	393909	393165	12319	0
1063	-94	-2	15	36	7506	11009	339463	11	531	923101	7	16274	2	1	0	5398	28	0	3	1672	0	14073	7506	1321	2	175	0	120	381	0	25	25221	393796	80122	68	0	0	393809	393165	12319	0
1062	-94	-2	15	38	7346	11009	339189	10	531	922764	7	16261	2	1	0	5393	28	0	3	1672	0	14073	7346	1319	0	0	0	0	379	0	25	25221	393446	80002	68	0	0	393709	393165	12319	0
1061	-94	-2	15	38	7186	11007	338937	10	530	922512	7	16249	2	1	0	5389	28	0	3	1669	0	14066	7186	1319	0	0	0	0	379	0	25	25221	393446	80002	68	0	0	393609	393165	12319	0
1060	-94	-2	15	38	7026	11007	338685	10	530	922323	7	16237	2	1	0	5386	28	0	3	1669	0	14066	7026	1319	2	25	0	120	379	0	25	25221	393446	80002	68	0	0	393509	393165	12319	0
1059	-94	-2	15	38	6706	11005	337954	10	529	921592	7	16208	2	1	0	5377	28	0	3	1666	0	14059	6706	1314	2	32	0	120	374	0	25	25221	393250	79702	68	0	0	393309	393165	12319	0
1058	-94	-2	15	38	6546	11005	337743	10	529	921318	7	16196	2	1	0	5372	28	0	3	1666	0	14059	6546	1312	5	20	0	333	372	1560	25	25221	393186	79582	68	4	100	393209	393165	12319	0
1057	-94	-2	15	38	6386	9427	337315	10	525	920890	7	16180	2	1	0	5367	28	0	3	1642	0	12355	6386	1307	1	162	0	69	367	0	21	23661	393086	79249	64	0	0	393109	392765	12319	0
1056	-94	-2	15	38	6226	9427	337041	10	525	920679	7	16165	2	1	0	5363	28	0	3	1642	0	12355	6226	1306	1	128	0	76	366	0	21	23661	392924	79180	64	0	0	393009	392765	12319	0
1055	-94	-2	15	38	6066	9425	336830	3	524	920446	839	16153	735	3	0	5358	28	28	9	1639	0	12348	6066	1305	0	0	0	0	365	0	21	23661	392796	79104	64	0	0	392909	392765	12319	0
1054	-94	-2	15	38	5906	9425	336556	19	524	920194	839	16138	735	3	0	5354	28	28	9	1639	0	12348	5906	1305	6	1958	0	393	365	1051	21	23661	392796	79104	64	3	7442	392809	392765	12319	0
1053	-94	-2	15	38	5746	8362	335970	10	522	919608	7	16118	2	1	0	5348	28	0	3	1624	0	11160	5746	1299	0	0	0	0	359	0	18	22610	381046	78711	61	0	0	392709	370438	12319	0
1052	-94	-2	15	38	5586	8360	335718	10	521	919356	7	16106	2	1	0	5344	28	0	3	1621	0	11153	5586	1299	0	0	0	0	359	0	18	22610	381046	78711	61	0	0	392609	370438	12319	0
1051	-94	-2	15	38	5426	8360	335529	10	521	919104	7	16097	2	1	0	5340	28	0	3	1621	0	11153	5426	1299	0	0	0	0	359	0	18	22610	381046	78711	61	0	0	392509	370438	12319	0
1050	-94	-2	15	38	5265	8358	335277	10	520	918852	7	16085	2	1	0	5336	28	0	3	1618	0	11146	5265	1299	0	0	0	0	359	0	18	22610	381046	78711	61	0	0	392408	370438	12319	0
1049	-94	-2	15	38	4946	8356	334773	10	519	918411	7	16061	2	1	0	5329	28	0	3	1615	0	11139	4946	1299	0	0	0	0	359	0	18	22610	381046	78711	61	0	0	392209	370438	12319	0
1048	-94	-2	15	38	4786	8356	334521	10	519	918159	7	16049	2	1	0	5325	28	0	3	1615	0	11139	4786	1299	0	0	0	0	359	0	18	22610	381046	78711	61	0	0	392109	370438	12319	0
1047	-94	-2	15	38	4626	8356	334332	10	519	917970	7	16040	2	1	0	5322	28	0	3	1615	0	11139	4626	1299	0	0	0	0	359	0	18	22610	381046	78711	61	0	0	392009	370438	12319	0
1046	-94	-2	15	38	4466	8354	334080	10	518	917718	7	16028	2	1	0	5318	28	0	3	1612	0	11132	4466	1299	0	0	0	0	359	0	18	22610	381046	78711	61	0	0	391909	370438	12319	0
1045	-94	-2	15	38	4306	8354	333828	10	518	917466	7	16016	2	1	0	5314	28	0	3	1612	0	11132	4306	1299	0	0	0	0	359	0	18	22610	381046	78711	61	0	0	391809	370438	12319	0
1044	-94	-2	15	38	4146	8352	333576	10	517	917214	7	16004	2	1	0	5310	28	0	3	1609	0	11125	4146	1299	0	0	0	0	359	0	18	22610	381046	78711	61	0	0	391709	370438	12319	0
1043	-94	-2	15	38	3986	8352	333387	10	517	916962	7	15995	2	1	0	5306	28	0	3	1609	0	11125	3986	1299	0	0	0	0	359	0	18	22610	381046	78711	61	0	0	391609	370438	12319	0
1042	-94	-2	15	38	3826	8352	333135	10	517	916773	7	15983	2	1	0	5303	28	0	3	1609	0	11125	3826	1299	0	0	0	0	359	0	18	22610	381046	78711	61	0	0	391509	370438	12319	0
1041	-94	-2	15	38	3666	8350	332883	10	516	916521	7	15971	2	1	0	5299	28	0	3	1606	0	11118	3666	1299	0	0	0	0	359	0	18	22610	381046	78711	61	0	0	391409	370438	12319	0
1040	-94	-2	15	38	3506	8350	332694	10	516	916269	7	15962	2	1	0	5295	28	0	3	1606	0	11118	3506	1299	0	0	0	0	359	0	18	22610	381046	78711	61	0	0	391309	370438	12319	0
1039	-94	-2	15	38	3186	8348	332190	10	515	915828	7	15938	2	1	0	5288	28	0	3	1603	0	11111	3186	1299	0	0	0	0	359	0	18	22610	381046	78711	61	0	0	391109	370438	12319	0
1038	-94	-2	15	38	3026	8346	331938	10	514	915576	7	15926	2	1	0	5284	28	0	3	1600	0	11104	3026	1299	0	0	0	0	359	0	18	22610	381046	78711	61	0	0	391009	370438	12319	0
1037	-94	-2	15	38	2866	8346	331686	10	514	915324	7	15914	2	1	0	5280	28	0	3	1600	0	11104	2866	1299	0	0	0	0	359	0	18	22610	381046	78711	61	0	0	390909	370438	12319	0
1036	-94	-2	15	38	2706	8346	331497	10	514	915135	7	15905	2	1	0	5277	28	0	3	1600	0	11104	2706	1299	0	0	0	0	359	0	18	22610	381046	78711	61	0	0	390809	370438	12319	0
1035	-94	-2	15	38	2546	8344	331245	10	513	914883	7	15893	2	1	0	5273	28	0	3	1597	0	11097	2546	1299	0	0	0	0	359	0	18	22610	381046	78711	61	0	0	390709	370438	12319	0
1034	-94	-2	15	38	2386	8344	330993	10	513	914631	7	15881	2	1	0	5269	28	0	3	1597	0	11097	2386	1299	0	0	0	0	359	0	18	22610	381046	78711	61	0	0	390609	370438	12319	0
1033	-94	-2	15	38	2226	8342	330741	10	512	914379	7	15869	2	1	0	5265	28	0	3	1594	0	11090	2226	1299	0	0	0	0	359	0	18	22610	381046	78711	61	0	0	390509	370438	12319	0
1032	-94	-2	15	38	2066	8342	330552	10	512	914127	7	15860	2	1	0	5261	28	0	3	1594	0	11090	2066	1299	0	0	0	0	359	0	18	22610	381046	78711	61	0	0	390409	370438	12319	0
1031	-94	-2	15	38	1906	8342	330300	10	512	913938	7	15848	2	1	0	5258	28	0	3	1594	0	11090	1906	1299	0	0	0	0	359	0	18	22610	381046	78711	61	0	0	390309	370438	12319	0
1030	-94	-2	15	38	1746	8340	330048	10	511	913686	7	15836	2	1	0	5254	28	0	3	1591	0	11083	1746	1299	0	0	0	0	359	0	18	22610	381046	78711	61	0	0	390209	370438	12319	0
1029	-94	-2	15	38	1426	8338	329607	10	510	913182	7	15815	2	1	0	5246	28	0	3	1588	0	11076	1426	1299	0	0	0	0	359	0	18	22610	381046	78711	61	0	0	390009	370438	12319	0
1028	-94	-2	15	38	1266	8338	329355	10	510	912993	7	15803	2	1	0	5243	28	0	3	1588	0	11076	1266	1299	0	0	0	0	359	0	18	22610	381046	78711	61	0	0	389909	370438	12319	0
1027	-94	-2	15	38	1106	8336	329103	10	509	912741	7	15791	2	1	0	5239	28	0	3	1585	0	11069	1106	1299	0	0	0	0	359	0	18	22610	381046	78711	61	0	0	389809	370438	12319	0
1026	-94	-2	15	38	946	8336	328851	10	509	912489	7	15779	2	1	0	5235	28	0	3	1585	0	11069	946	1299	0	0	0	0	359	0	18	22610	381046	78711	61	0	0	389709	370438	12319	0
1025	-94	-2	15	38	786	8336	328662	10	509	912300	7	15770	2	1	0	5232	28	0	3	1585	0	11069	786	1299	0	0	0	0	359	0	18	22610	381046	78711	61	0	0	389609	370438	12319	0
1024	-94	-2	15	38	626	8334	328410	10	508	912048	7	15758	2	1	0	5228	28	0	3	1582	0	11062	626	1299	0	0	0	0	359	0	18	22610	381046	78711	61	0	0	389509	370438	12319	0
1023	-94	-2	15	38	466	8334	328158	10	508	911796	7	15746	2	1	0	5224	28	0	3	1582	0	11062	466	1299	0	0	0	0	359	0	18	22610	381046	78711	61	0	0	389409	370438	12319	0
1022	-94	-2	15	38	306	8332	327906	10	507	911544	7	15734	2	1	0	5220	28	0	3	1579	0	11055	306	1299	0	0	0	0	359	0	18	22610	381046	78711	61	0	0	389309	370438	12319	0
1021	-94	-2	15	38	146	8332	327717	10	507	911292	7	15725	2	1	0	5216	28	0	3	1579	0	11055	146	1299	0	0	0	0	359	0	18	22610	381046	78711	61	0	0	389209	370438	12319	0
1020	-94	-2	15	38	16370	8332	327465	10	507	911103	7	15713	2	1	0	5213	28	0	3	1579	0	11055	16370	1299	0	0	0	0	359	0	18	22610	381046	78711	61	0	0	389109	370438	12319	0
1019	-94	-2	15	38	16050	8330	327024	10	506	910599	7	15692	2	1	0	5205	28	0	3	1576	0	11048	16050	1299	0	0	0	0	359	0	18	22610	381046	78711	61	0	0	388909	370438	12319	0
1018	-94	-2	15	38	15890	8328	326772	10	505	910347	7	15680	2	1	0	5201	28	0	3	1573	0	11041	15890	1299	0	0	0	0	359	0	18	22610	381046	78711	61	0	0	388809	370438	12319	0
1017	-94	-2	15	38	15730	8328	326520	10	505	910158	7	15668	2	1	0	5198	28	0	3	1573	0	11041	15730	1299	0	0	0	0	359	0	18	22610	381046	78711	61	0	0	388709	370438	12319	0
1016	-94	-2	15	38	15570	8326	326268	10	504	909906	7	15656	2	1	0	5194	28	0	3	1570	0	11034	15570	1299	0	0	0	0	359	0	18	22610	381046	78711	61	0	0	388609	370438	12319	0
1015	-94	-2	15	38	15410	8326	326016	10	504	909654	7	15644	2	1	0	5190	28	0	3	1570	0	11034	15410	1299	0	0	0	0	359	0	18	22610	381046	78711	61	0	0	388509	370438	12319	0
1014	-94	-2	15	38	15250	8326	325827	10	504	909465	7	15635	2	1	0	5187	28	0	3	1570	0	11034	15250	1299	0	0	0	0	359	0	18	22610	381046	78711	61	0	0	388409	370438	12319	0
1013	-94	-2	15	38	15090	8324	325575	10	503	909213	7	15623	2	1	0	5183	28	0	3	1567	0	11027	15090	1299	0	0	0	0	359	0	18	22610	381046	78711	61	0	0	388309	370438	12319	0
1012	-94	-2	15	38	14930	8324	325323	10	503	908961	7	15611	2	1	0	5179	28	0	3	1567	0	11027	14930	1299	0	0	0	0	359	0	18	22610	381046	78711	61	0	0	388209	370438	12319	0
1011	-94	-2	15	38	14770	8322	325071	10	502	908709	7	15599	2	1	0	5175	28	0	3	1564	0	11020	14770	1299	0	0	0	0	359	0	18	22610	381046	78711	61	0	0	388109	370438	12319	0
1010	-94	-2	15	38	14610	8322	324882	10	502	908457	7	15590	2	1	0	5171	28	0	3	1564	0	11020	14610	1299	0	0	0	0	359	0	18	22610	381046	78711	61	0	0	388009	370438	12319	0
1009	-94	-2	15	38	14290	8320	324378	10	501	908016	7	15566	2	1	0	5164	28	0	3	1561	0	11013	14290	1299	0	0	0	0	359	0	18	22610	381046	78711	61	0	0	387809	370438	12319	0
1008	-94	-2	15	38	14130	8320	324189	10	501	907764	7	15557	2	1	0	5160	28	0	3	1561	0	11013	14130	1299	0	0	0	0	359	0	18	22610	381046	78711	61	0	0	387709	370438	12319	0
1007	-94	-2	15	38	13970	8318	323937	10	500	907512	7	15545	2	1	0	5156	28	0	3	1558	0	11006	13970	1299	0	0	0	0	359	0	18	22610	381046	78711	61	0	0	387609	370438	12319	0
1006	-94	-2	15	38	13810	8318	323685	10	500	907323	7	15533	2	1	0	5153	28	0	3	1558	0	11006	13810	1299	0	0	0	0	359	0	18	22610	381046	78711	61	0	0	387509	370438	12319	0
1005	-94	-2	15	38	13650	8316	323433	10	499	907071	7	15521	2	1	0	5149	28	0	3	1555	0	10999	13650	1299	0	0	0	0	359	0	18	22610	381046	78711	61	0	0	387409	370438	12319	0
1004	-94	-2	15	38	13490	8316	323181	10	499	906819	7	15509	2	1	0	5145	28	0	3	1555	0	10999	13490	1299	0	0	0	0	359	0	18	22610	381046	78711	61	0	0	387309	370438	12319	0
1003	-94	-2	15	38	13330	8316	322992	10	499	906630	7	15500	2	1	0	5142	28	0	3	1555	0	10999	13330	1299	0	0	0	0	359	0	18	22610	381046	78711	61	0	0	387209	370438	12319	0
1002	-94	-2	15	38	13170	8314	322740	10	498	906378	7	15488	2	1	0	5138	28	0	3	1552	0	10992	13170	1299	0	0	0	0	359	0	18	22610	381046	78711	61	0	0	387109	370438	12319	0
1001	-94	-2	15	38	13010	8314	322488	10	498	906126	7	15476	2	1	0	5134	28	0	3	1552	0	10992	13010	1299	0	0	0	0	359	0	18	22610	381046	78711	61	0	0	387009	370438	12319	0
1000	-94	-2	15	38	12690	8312	322047	10	497	905622	7	15455	2	1	0	5126	28	0	3	1549	0	10985	12690	1299	0	0	0	0	359	0	18	22610	381046	78711	61	0	0	386809	370438	12319	0
999	-94	-2	15	38	12530	8312	321795	10	497	905433	7	15443	2	1	0	5123	28	0	3	1549	0	10985	12530	1299	0	0	0	0	359	0	18	22610	381046	78711	61	0	0	386709	370438	12319	0
998	-94	-2	15	38	12370	8310	321543	10	496	905181	7	15431	2	1	0	5119	28	0	3	1546	0	10978	12370	1299	0	0	0	0	359	0	18	22610	381046	78711	61	0	0	386609	370438	12319	0
997	-94	-2	15	38	12210	8310	321354	10	496	904929	7	15422	2	1	0	5115	28	0	3	1546	0	10978	12210	1299	0	0	0	0	359	0	18	22610	381046	78711	61	0	0	386509	370438	12319	0
996	-94	-2	15	38	12050	8308	321102	10	495	904677	7	15410	2	1	0	5111	28	0	3	1543	0	10971	12050	1299	0	0	0	0	359	0	18	22610	381046	78711	61	0	0	386409	370438	12319	0
995	-94	-2	15	38	11890	8308	320850	10	495	904488	7	15398	2	1	0	5108	28	0	3	1543	0	10971	11890	1299	0	0	0	0	359	0	18	22610	381046	78711	61	0	0	386309	370438	12319	0
994	-94	-2	15	38	11730	8306	320598	10	494	904236	7	15386	2	1	0	5104	28	0	3	1540	0	10964	11730	1299	0	0	0	0	359	0	18	22610	381046	78711	61	0	0	386209	370438	12319	0
993	-94	-2	15	38	11570	8306	320346	10	494	903984	7	15374	2	1	0	5100	28	0	3	1540	0	10964	11570	1299	0	0	0	0	359	0	18	22610	381046	78711	61	0	0	386109	370438	12319	0
992	-94	-2	15	38	11410	8306	320157	10	494	903795	7	15365	2	1	0	5097	28	0	3	1540	0	10964	11410	1299	0	0	0	0	359	0	18	22610	381046	78711	61	0	0	386009	370438	12319	0
991	-94	-2	15	38	11250	8304	319905	10	493	903543	7	15353	2	1	0	5093	28	0	3	1537	0	10957	11250	1299	0	0	0	0	359	0	18	22610	381046	78711	61	0	0	385909	370438	12319	0
990	-94	-2	15	38	10930	8302	319401	10	492	903039	7	15329	2	1	0	5085	28	0	3	1534	0	10950	10930	1299	0	0	0	0	359	0	18	22610	381046	78711	61	0	0	385709	370438	12319	0
989	-94	-2	15	38	10770	8302	319212	10	492	902787	7	15320	2	1	0	5081	28	0	3	1534	0	10950	10770	1299	0	0	0	0	359	0	18	22610	381046	78711	61	0	0	385609	370438	12319	0
988	-94	-2	15	38	10610	8302	318960	10	492	902598	7	15308	2	1	0	5078	28	0	3	1534	0	10950	10610	1299	0	0	0	0	359	0	18	22610	381046	78711	61	0	0	385509	370438	12319	0
987	-94	-2	15	38	10450	8300	318708	10	491	902346	7	15296	2	1	0	5074	28	0	3	1531	0	10943	10450	1299	0	0	0	0	359	0	18	22610	381046	78711	61	0	0	385409	370438	12319	0
986	-94	-2	15	38	10290	8300	318519	10	491	902094	7	15287	2	1	0	5070	28	0	3	1531	0	10943	10290	1299	0	0	0	0	359	0	18	22610	381046	78711	61	0	0	385309	370438	12319	0
985	-94	-2	15	38	10130	8298	318267	10	490	901842	7	15275	2	1	0	5066	28	0	3	1528	0	10936	10130	1299	0	0	0	0	359	0	18	22610	381046	78711	61	0	0	385209	370438	12319	0
984	-94	-2	15	38	9970	8298	318015	10	490	901653	7	15263	2	1	0	5063	28	0	3	1528	0	10936	9970	1299	0	0	0	0	359	0	18	22610	381046	78711	61	0	0	385109	370438	12319	0
983	-94	-2	15	38	9810	8296	317763	10	489	901401	7	15251	2	1	0	5059	28	0	3	1525	0	10929	9810	1299	0	0	0	0	359	0	18	22610	381046	78711	61	0	0	385009	370438	12319	0
982	-94	-2	15	38	9650	8296	317511	10	489	901149	7	15239	2	1	0	5055	28	0	3	1525	0	10929	9650	1299	0	0	0	0	359	0	18	22610	381046	78711	61	0	0	384909	370438	12319	0
981	-94	-2	15	38	9490	8296	317322	10	489	900960	7	15230	2	1	0	5052	28	0	3	1525	0	10929	9490	1299	0	0	0	0	359	0	18	22610	381046	78711	61	0	0	384809	370438	12319	0
980	-94	-2	15	38	9170	8294	316818	10	488	900456	7	15206	2	1	0	5044	28	0	3	1522	0	10922	9170	1299	0	0	0	0	359	0	18	22610	381046	78711	61	0	0	384609	370438	12319	0
979	-94	-2	15	38	9010	8292	316566	10	487	900204	7	15194	2	1	0	5040	28	0	3	1519	0	10915	9010	1299	0	0	0	0	359	0	18	22610	381046	78711	61	0	0	384509	370438	12319	0
978	-94	-2	15	38	8850	8292	316377	10	487	899952	7	15185	2	1	0	5036	28	0	3	1519	0	10915	8850	1299	0	0	0	0	359	0	18	22610	381046	78711	61	0	0	384409	370438	12319	0
977	-94	-2	15	38	8690	8292	316125	10	487	899763	7	15173	2	1	0	5033	28	0	3	1519	0	10915	8690	1299	0	0	0	0	359	0	18	22610	381046	78711	61	0	0	384309	370438	12319	0
976	-94	-2	15	38	8530	8290	315873	10	486	899511	7	15161	2	1	0	5029	28	0	3	1516	0	10908	8530	1299	0	0	0	0	359	0	18	22610	381046	78711	61	0	0	384209	370438	12319	0
975	-94	-2	15	38	8370	8290	315684	10	486	899259	7	15152	2	1	0	5025	28	0	3	1516	0	10908	8370	1299	0	0	0	0	359	0	18	22610	381046	78711	61	0	0	384109	370438	12319	0
974	-94	-2	15	38	8210	8288	315432	10	485	899007	7	15140	2	1	0	5021	28	0	3	1513	0	10901	8210	1299	0	0	0	0	359	0	18	22610	381046	78711	61	0	0	384009	370438	12319	0
973	-94	-2	15	38	8050	8288	315180	10	485	898818	7	15128	2	1	0	5018	28	0	3	1513	0	10901	8050	1299	0	0	0	0	359	0	18	22610	381046	78711	61	0	0	383909	370438	12319	0
972	-94	-2	15	38	7890	8286	314928	10	484	898566	7	15116	2	1	0	5014	28	0	3	1510	0	10894	7890	1299	0	0	0	0	359	0	18	22610	381046	78711	61	0	0	383809	370438	12319	0
971	-94	-2	15	38	7730	8286	314676	10	484	898314	7	15104	2	1	0	5010	28	0	3	1510	0	10894	7730	1299	0	0	0	0	359	0	18	22610	381046	78711	61	0	0	383709	370438	12319	0
970	-94	-2	15	38	7410	8284	314235	10	483	897873	7	15083	2	1	0	5003	28	0	3	1507	0	10887	7410	1299	0	0	0	0	359	0	18	22610	381046	78711	61	0	0	383509	370438	12319	0
969	-94	-2	15	38	7250	8284	313983	10	483	897621	7	15071	2	1	0	4999	28	0	3	1507	0	10887	7250	1299	0	0	0	0	359	0	18	22610	381046	78711	61	0	0	383409	370438	12319	0
968	-94	-2	15	38	7090	8282	313731	10	482	897369	7	15059	2	1	0	4995	28	0	3	1504	0	10880	7090	1299	0	0	0	0	359	0	18	22610	381046	78711	61	0	0	383309	370438	12319	0
967	-94	-2	15	38	6930	8282	313542	10	482	897117	7	15050	2	1	0	4991	28	0	3	1504	0	10880	6930	1299	0	0	0	0	359	0	18	22610	381046	78711	61	0	0	383209	370438	12319	0
966	-94	-2	15	38	6770	8282	313290	10	482	896928	7	15038	2	1	0	4988	28	0	3	1504	0	10880	6770	1299	0	0	0	0	359	0	18	22610	381046	78711	61	0	0	383109	370438	12319	0
965	-94	-2	15	38	6610	8280	313038	10	481	896676	7	15026	2	1	0	4984	28	0	3	1501	0	10873	6610	1299	0	0	0	0	359	0	18	22610	381046	78711	61	0	0	383009	370438	12319	0
964	-94	-2	15	38	6450	8280	312849	10	481	896424	7	15017	2	1	0	4980	28	0	3	1501	0	10873	6450	1299	0	0	0	0	359	0	18	22610	381046	78711	61	0	0	382909	370438	12319	0
963	-94	-2	15	38	6290	8278	312597	10	480	896172	7	15005	2	1	0	4976	28	0	3	1498	0	10866	6290	1299	0	0	0	0	359	0	18	22610	381046	78711	61	0	0	382809	370438	12319	0
962	-94	-2	15	38	6130	8278	312345	10	480	895983	7	14993	2	1	0	4973	28	0	3	1498	0	10866	6130	1299	0	0	0	0	359	0	18	22610	381046	78711	61	0	0	382709	370438	12319	0
961	-94	-2	15	38	5970	8276	312093	10	479	895731	7	14981	2	1	0	4969	28	0	3	1495	0	10859	5970	1299	0	0	0	0	359	0	18	22610	381046	78711	61	0	0	382609	370438	12319	0
960	-94	-2	15	38	5650	8276	311652	10	479	895290	7	14960	2	1	0	4962	28	0	3	1495	0	10859	5650	1299	0	0	0	0	359	0	18	22610	381046	78711	61	0	0	382409	370438	12319	0
959	-94	-2	15	38	5490	8274	311400	10	478	895038	7	14948	2	1	0	4958	28	0	3	1492	0	10852	5490	1299	0	0	0	0	359	0	18	22610	381046	78711	61	0	0	382309	370438	12319	0
958	-94	-2	15	38	5330	8274	311148	10	478	894786	7	14936	2	1	0	4954	28	0	3	1492	0	10852	5330	1299	0	0	0	0	359	0	18	22610	381046	78711	61	0	0	382209	370438	12319	0
957	-94	-2	15	38	5170	8272	310896	10	477	894534	7	14924	2	1	0	4950	28	0	3	1489	0	10845	5170	1299	0	0	0	0	359	0	18	22610	381046	78711	61	0	0	382109	370438	12319	0
956	-94	-2	15	38	5010	8272	310707	10	477	894282	7	14915	2	1	0	4946	28	0	3	1489	0	10845	5010	1299	0	0	0	0	359	0	18	22610	381046	78711	61	0	0	382009	370438	12319	0
955	-94	-2	15	38	4850	8272	310455	10	477	894093	7	14903	2	1	0	4943	28	0	3	1489	0	10845	4850	1299	0	0	0	0	359	0	18	22610	381046	78711	61	0	0	381909	370438	12319	0
954	-94	-2	15	38	4690	8270	310203	10	476	893841	7	14891	2	1	0	4939	28	0	3	1486	0	10838	4690	1299	0	0	0	0	359	0	18	22610	381046	78711	61	0	0	381809	370438	12319	0
953	-94	-2	15	38	4530	8270	310014	10	476	893589	7	14882	2	1	0	4935	28	0	3	1486	0	10838	4530	1299	0	0	0	0	359	0	18	22610	381046	78711	61	0	0	381709	370438	12319	0
952	-94	-2	15	38	4370	8268	309762	10	475	893337	7	14870	2	1	0	4931	28	0	3	1483	0	10831	4370	1299	0	0	0	0	359	0	18	22610	381046	78711	61	0	0	381609	370438	12319	0
951	-94	-2	15	38	4050	8266	309258	10	474	892896	7	14846	2	1	0	4924	28	0	3	1480	0	10824	4050	1299	0	0	0	0	359	0	18	22610	381046	78711	61	0	0	381409	370438	12319	0
950	-94	-2	15	38	3890	8266	309006	10	474	892644	7	14834	2	1	0	4920	28	0	3	1480	0	10824	3890	1299	0	0	0	0	359	0	18	22610	381046	78711	61	0	0	381309	370438	12319	0
949	-94	-2	15	38	3730	8266	308817	10	474	892455	7	14825	2	1	0	4917	28	0	3	1480	0	10824	3730	1299	0	0	0	0	359	0	18	22610	381046	78711	61	0	0	381209	370438	12319	0
948	-94	-2	15	38	3570	8264	308565	10	473	892203	7	14813	2	1	0	4913	28	0	3	1477	0	10817	3570	1299	2	480	0	120	359	0	18	22610	381046	78711	61	0	0	381109	370438	12319	0
947	-94	-2	15	38	3410	8264	308228	10	473	891866	7	14797	2	1	0	4908	28	0	3	1477	0	10817	3410	1297	0	0	0	0	357	0	18	22610	380086	78591	61	0	0	381009	370438	12319	0
946	-94	-2	15	38	3250	8262	307976	10	472	891614	7	14785	2	1	0	4904	28	0	3	1474	0	10810	3250	1297	0	0	0	0	357	0	18	22610	380086	78591	61	0	0	380909	370438	12319	0
945	-94	-2	15	38	3090	8262	307787	10	472	891362	7	14776	2	1	0	4900	28	0	3	1474	0	10810	3090	1297	0	0	0	0	357	0	18	22610	380086	78591	61	0	0	380809	370438	12319	0
944	-94	-2	15	38	2930	8262	307535	10	472	891173	7	14764	2	1	0	4897	28	0	3	1474	0	10810	2930	1297	0	0	0	0	357	0	18	22610	380086	78591	61	0	0	380709	370438	12319	0
943	-94	-2	15	38	2770	8260	307283	10	471	890921	7	14752	2	1	0	4893	28	0	3	1471	0	10803	2770	1297	0	0	0	0	357	0	18	22610	380086	78591	61	0	0	380609	370438	12319	0
942	-94	-2	15	38	2610	8260	307094	10	471	890669	7	14743	2	1	0	4889	28	0	3	1471	0	10803	2610	1297	0	0	0	0	357	0	18	22610	380086	78591	61	0	0	380509	370438	12319	0
941	-94	-2	15	38	2290	8258	306590	10	470	890228	7	14719	2	1	0	4882	28	0	3	1468	0	10796	2290	1297	0	0	0	0	357	0	18	22610	380086	78591	61	0	0	380309	370438	12319	0
940	-94	-2	15	38	2130	8256	306338	10	469	889976	7	14707	2	1	0	4878	28	0	3	1465	0	10789	2130	1297	0	0	0	0	357	0	18	22610	380086	78591	61	0	0	380209	370438	12319	0
939	-94	-2	15	40	1970	8256	306149	10	469	889724	7	14698	2	1	0	4874	28	0	3	1465	0	10789	1970	1297	1	430	0	60	357	0	18	22610	380086	78591	61	0	0	380109	370438	12319	0
938	-94	-2	15	38	1810	8256	305875	10	469	889513	7	14683	2	1	0	4870	28	0	3	1465	0	10789	1810	1296	0	0	0	0	356	0	18	22610	379656	78531	61	0	0	380009	370438	12319	0
937	-94	-2	15	38	1650	8254	305623	10	468	889261	7	14671	2	1	0	4866	28	0	3	1462	0	10782	1650	1296	0	0	0	0	356	0	18	22610	379656	78531	61	0	0	379909	370438	12319	0
936	-94	-2	15	38	1490	8254	305371	10	468	889009	7	14659	2	1	0	4862	28	0	3	1462	0	10782	1490	1296	0	0	0	0	356	0	18	22610	379656	78531	61	0	0	379809	370438	12319	0
935	-94	-2	15	38	1330	8252	305182	10	467	888757	7	14650	2	1	0	4858	28	0	3	1459	0	10775	1330	1296	1	610	0	60	356	0	18	22610	379656	78531	61	0	0	379709	370438	12319	0
934	-94	-2	15	38	1170	8252	304908	10	467	888483	7	14635	2	1	0	4853	28	0	3	1459	0	10775	1170	1295	0	0	0	0	355	0	18	22610	379046	78471	61	0	0	379609	370438	12319	0
933	-94	-2	15	38	1010	8252	304656	10	467	888294	7	14623	2	1	0	4850	28	0	3	1459	0	10775	1010	1295	0	0	0	0	355	0	18	22610	379046	78471	61	0	0	379509	370438	12319	0
932	-94	-2	15	38	850	8250	304404	10	466	888042	7	14611	2	1	0	4846	28	0	3	1456	0	10768	850	1295	0	0	0	0	355	0	18	22610	379046	78471	61	0	0	379409	370438	12319	0
931	-94	-2	15	38	530	8248	303963	10	465	887538	7	14590	2	1	0	4838	28	0	3	1453	0	10761	530	1295	0	0	0	0	355	0	18	22610	379046	78471	61	0	0	379209	370438	12319	0
930	-94	-2	15	38	370	8248	303711	10	465	887349	7	14578	2	1	0	4835	28	0	3	1453	0	10761	370	1295	2	485	0	120	355	0	18	22610	379046	78471	61	0	0	379109	370438	12319	0
929	-94	-2	15	38	210	8246	303362	10	464	887000	7	14562	2	1	0	4830	28	0	3	1450	0	10754	210	1293	0	0	0	0	353	0	18	22610	378076	78351	61	0	0	379009	370438	12319	0
928	-94	-2	15	38	50	8246	303110	10	464	886748	7	14550	2	1	0	4826	28	0	3	1450	0	10754	50	1293	0	0	0	0	353	0	18	22610	378076	78351	61	0	0	378909	370438	12319	0
927	-94	-2	15	38	16274	8246	302921	10	464	886559	7	14541	2	1	0	4823	28	0	3	1450	0	10754	16274	1293	0	0	0	0	353	0	18	22610	378076	78351	61	0	0	378809	370438	12319	0
926	-94	-2	15	38	16114	8244	302669	10	463	886307	7	14529	2	1	0	4819	28	0	3	1447	0	10747	16114	1293	0	0	0	0	353	0	18	22610	378076	78351	61	0	0	378709	370438	12319	0
925	-94	-2	15	38	15954	8244	302417	10	463	886055	7	14517	2	1	0	4815	28	0	3	1447	0	10747	15954	1293	0	0	0	0	353	0	18	22610	378076	78351	61	0	0	378609	370438	12319	0
924	-94	-2	15	38	15794	8242	302165	10	462	885803	7	14505	2	1	0	4811	28	0	3	1444	0	10740	15794	1293	0	0	0	0	353	0	18	22610	378076	78351	61	0	0	378509	370438	12319	0
923	-94	-2	15	38	15634	8242	301976	10	462	885551	7	14496	2	1	0	4807	28	0	3	1444	0	10740	15634	1293	0	0	0	0	353	0	18	22610	378076	78351	61	0	0	378409	370438	12319	0
922	-94	-2	15	38	15474	8242	301724	10	462	885362	7	14484	2	1	0	4804	28	0	3	1444	0	10740	15474	1293	0	0	0	0	353	0	18	22610	378076	78351	61	0	0	378309	370438	12319	0
921	-94	-2	15	38	15154	8240	301283	10	461	884921	7	14463	2	1	0	4797	28	0	3	1441	0	10733	15154	1293	3	146	0	180	353	0	18	22610	378076	78351	61	0	0	378109	370438	12319	0
920	-94	-2	15	38	14994	8238	300912	10	460	884550	7	14444	2	1	0	4791	28	0	3	1438	0	10726	14994	1290	0	0	0	0	350	0	18	22610	377638	78171	61	0	0	378009	370438	12319	0
919	-94	-2	15	38	14834	8238	300660	10	460	884298	7	14432	2	1	0	4787	28	0	3	1438	0	10726	14834	1290	0	0	0	0	350	0	18	22610	377638	78171	61	0	0	377909	370438	12319	0
918	-94	-2	15	38	14674	8238	300471	10	460	884109	7	14423	2	1	0	4784	28	0	3	1438	0	10726	14674	1290	0	0	0	0	350	0	18	22610	377638	78171	61	0	0	377809	370438	12319	0
917	-94	-2	15	38	14514	8236	300219	10	459	883857	7	14411	2	1	0	4780	28	0	3	1435	0	10719	14514	1290	1	142	0	60	350	0	18	22610	377638	78171	61	0	0	377709	370438	12319	0
916	-94	-2	15	38	14354	8236	299967	10	459	883605	7	14399	2	1	0	4776	28	0	3	1435	0	10719	14354	1289	0	0	0	0	349	0	18	22610	377496	78111	61	0	0	377609	370438	12319	0
915	-94	-2	15	38	14194	8234	299715	3	458	883353	7	14387	2	1	0	4772	28	0	3	1432	0	10712	14194	1289	1	410	0	60	349	0	18	22610	377496	78111	61	0	0	377509	370438	12319	0
914	-94	-2	15	38	14034	8234	299441	10	458	883079	7	14372	2	1	0	4767	28	0	3	1432	0	10712	14034	1288	0	0	0	0	348	0	18	22610	377086	78051	61	0	0	377409	370438	12319	0
913	-94	-2	15	38	13874	8232	299189	10	457	882827	7	14360	2	1	0	4763	28	0	3	1429	0	10705	13874	1288	0	0	0	0	348	0	18	22610	377086	78051	61	0	0	377309	370438	12319	0
912	-94	-2	15	38	13554	8232	298748	3	457	882386	7	14339	2	1	0	4756	28	0	3	1429	0	10705	13554	1288	1	438	0	60	348	0	18	22610	377086	78051	61	0	0	377109	370438	12319	0
911	-94	-2	15	38	13394	8230	298515	10	456	882153	7	14324	2	1	0	4751	28	0	3	1426	0	10698	13394	1287	0	0	0	0	347	0	18	22610	376648	77991	61	0	0	377009	370438	12319	0
910	-94	-2	15	38	13234	8230	298326	10	456	881901	7	14315	2	1	0	4747	28	0	3	1426	0	10698	13234	1287	0	0	0	0	347	0	18	22610	376648	77991	61	0	0	376909	370438	12319	0
909	-94	-2	15	38	13073	8228	298011	10	455	881649	7	14300	2	1	0	4743	28	0	3	1423	0	10691	13073	1287	0	0	0	0	347	0	18	22610	376648	77991	61	0	0	376808	370438	12319	0
908	-94	-2	15	38	12914	8228	297822	10	455	881460	7	14291	2	1	0	4740	28	0	3	1423	0	10691	12914	1287	1	1752	0	60	347	0	18	22610	376648	77991	61	0	0	376709	370438	12319	0
907	-94	-2	15	38	12754	8226	297507	10	454	881145	7	14276	2	1	0	4735	28	0	3	1420	0	10684	12754	1286	0	0	0	0	346	0	18	22610	374896	77931	61	0	0	376609	370438	12319	0
906	-94	-2	15	38	12594	8226	297255	10	454	880893	7	14264	2	1	0	4731	28	0	3	1420	0	10684	12594	1286	0	0	0	0	346	0	18	22610	374896	77931	61	0	0	376509	370438	12319	0
905	-94	-2	15	38	12434	8226	297066	10	454	880704	7	14255	2	1	0	4728	28	0	3	1420	0	10684	12434	1286	0	0	0	0	346	0	18	22610	374896	77931	61	0	0	376409	370438	12319	0
904	-94	-2	15	38	12274	8224	296814	10	453	880452	7	14243	2	1	0	4724	28	0	3	1417	0	10677	12274	1286	0	0	0	0	346	0	18	22610	374896	77931	61	0	0	376309	370438	12319	0
903	-94	-2	15	38	12114	8224	296562	10	453	880200	7	14231	2	1	0	4720	28	0	3	1417	0	10677	12114	1286	0	0	0	0	346	0	18	22610	374896	77931	61	0	0	376209	370438	12319	0
902	-94	-2	15	38	11794	8222	296121	10	452	879696	7	14210	2	1	0	4712	28	0	3	1414	0	10670	11794	1286	0	0	0	0	346	0	18	22610	374896	77931	61	0	0	376009	370438	12319	0
901	-94	-2	15	38	11634	8222	295869	10	452	879507	7	14198	2	1	0	4709	28	0	3	1414	0	10670	11634	1286	0	0	0	0	346	0	18	22610	374896	77931	61	0	0	375909	370438	12319	0
900	-94	-2	15	38	11474	8220	295617	10	451	879255	7	14186	2	1	0	4705	28	0	3	1411	0	10663	11474	1286	0	0	0	0	346	0	18	22610	374896	77931	61	0	0	375809	370438	12319	0
899	-94	-2	15	38	11314	8220	295428	10	451	879003	7	14177	2	1	0	4701	28	0	3	1411	0	10663	11314	1286	0	0	0	0	346	0	18	22610	374896	77931	61	0	0	375709	370438	12319	0
898	-94	-2	15	38	11154	8218	295176	10	450	878751	7	14165	2	1	0	4697	28	0	3	1408	0	10656	11154	1286	0	0	0	0	346	0	18	22610	374896	77931	61	0	0	375609	370438	12319	0
897	-94	-2	15	38	10994	8218	294924	10	450	878562	7	14153	2	1	0	4694	28	0	3	1408	0	10656	10994	1286	0	0	0	0	346	0	18	22610	374896	77931	61	0	0	375509	370438	12319	0
896	-94	-2	15	38	10834	8216	294672	10	449	878310	7	14141	2	1	0	4690	28	0	3	1405	0	10649	10834	1286	0	0	0	0	346	0	18	22610	374896	77931	61	0	0	375409	370438	12319	0
895	-94	-2	15	38	10674	8216	294420	10	449	878058	7	14129	2	1	0	4686	28	0	3	1405	0	10649	10674	1286	0	0	0	0	346	0	18	22610	374896	77931	61	0	0	375309	370438	12319	0
894	-94	-2	15	38	10514	8216	294231	10	449	877869	7	14120	2	1	0	4683	28	0	3	1405	0	10649	10514	1286	0	0	0	0	346	0	18	22610	374896	77931	61	0	0	375209	370438	12319	0
893	-94	-2	15	38	10354	8214	293979	10	448	877617	7	14108	2	1	0	4679	28	0	3	1402	0	10642	10354	1286	0	0	0	0	346	0	18	22610	374896	77931	61	0	0	375109	370438	12319	0
892	-94	-2	15	38	10034	8212	293475	3	447	877113	7	14084	2	1	0	4671	28	0	3	1399	0	10635	10034	1286	1	210	0	60	346	0	18	22610	374896	77931	61	0	0	374909	370438	12319	0
891	-94	-2	15	38	9874	8212	293264	10	447	876902	7	14072	2	1	0	4667	28	0	3	1399	0	10635	9874	1285	0	0	0	0	345	0	18	22610	374686	77871	61	0	0	374809	370438	12319	0
890	-94	-2	15	40	9714	8212	293012	3	447	876650	7	14060	2	1	0	4663	28	0	3	1399	0	10635	9714	1285	1	220	0	60	345	0	18	22610	374686	77871	61	0	0	374709	370438	12319	0
889	-94	-2	15	38	9554	8210	292779	10	446	876417	7	14045	2	1	0	4658	28	0	3	1396	0	10628	9554	1284	0	0	0	0	344	0	18	22610	374466	77811	61	0	0	374609	370438	12319	0
888	-94	-2	15	38	9394	8210	292527	10	446	876165	7	14033	2	1	0	4654	28	0	3	1396	0	10628	9394	1284	1	988	0	60	344	0	18	22610	374466	77811	61	0	0	374509	370438	12319	0
887	-94	-2	15	38	9234	8208	292316	10	445	875891	7	14021	2	1	0	4649	28	0	3	1393	0	10621	9234	1283	0	0	0	0	343	0	18	22610	373478	77751	61	0	0	374409	370438	12319	0
886	-94	-2	15	38	9074	8208	292064	10	445	875702	7	14009	2	1	0	4646	28	0	3	1393	0	10621	9074	1283	0	0	0	0	343	0	18	22610	373478	77751	61	0	0	374309	370438	12319	0
885	-94	-2	15	38	8914	8206	291812	10	444	875450	7	13997	2	1	0	4642	28	0	3	1390	0	10614	8914	1283	0	0	0	0	343	0	18	22610	373478	77751	61	0	0	374209	370438	12319	0
884	-94	-2	15	38	8754	8206	291560	10	444	875198	7	13985	2	1	0	4638	28	0	3	1390	0	10614	8754	1283	0	0	0	0	343	0	18	22610	373478	77751	61	0	0	374109	370438	12319	0
883	-94	-2	15	38	8594	8206	291371	10	444	875009	7	13976	2	1	0	4635	28	0	3	1390	0	10614	8594	1283	0	0	0	0	343	0	18	22610	373478	77751	61	0	0	374009	370438	12319	0
882	-94	-2	15	38	8274	8204	290867	10	443	874505	7	13952	2	1	0	4627	28	0	3	1387	0	10607	8274	1283	0	0	0	0	343	0	18	22610	373478	77751	61	0	0	373809	370438	12319	0
881	-94	-2	15	38	8114	8202	290615	10	442	874253	7	13940	2	1	0	4623	28	0	3	1384	0	10600	8114	1283	0	0	0	0	343	0	18	22610	373478	77751	61	0	0	373709	370438	12319	0
880	-94	-2	15	38	7954	8202	290426	10	442	874001	7	13931	2	1	0	4619	28	0	3	1384	0	10600	7954	1283	0	0	0	0	343	0	18	22610	373478	77751	61	0	0	373609	370438	12319	0
879	-94	-2	15	38	7794	8202	290174	10	442	873812	7	13919	2	1	0	4616	28	0	3	1384	0	10600	7794	1283	1	452	0	60	343	0	18	22610	373478	77751	61	0	0	373509	370438	12319	0
878	-94	-2	15	38	7634	8200	289859	10	441	873497	7	13904	2	1	0	4611	28	0	3	1381	0	10593	7634	1282	0	0	0	0	342	0	18	22610	373026	77691	61	0	0	373409	370438	12319	0
877	-94	-2	15	38	7474	8200	289670	10	441	873308	7	13895	2	1	0	4608	28	0	3	1381	0	10593	7474	1282	0	0	0	0	342	0	18	22610	373026	77691	61	0	0	373309	370438	12319	0
876	-94	-2	15	38	7314	8198	289418	10	440	873056	7	13883	2	1	0	4604	28	0	3	1378	0	10586	7314	1282	0	0	0	0	342	0	18	22610	373026	77691	61	0	0	373209	370438	12319	0
875	-94	-2	15	38	7154	8198	289229	10	440	872804	7	13874	2	1	0	4600	28	0	3	1378	0	10586	7154	1282	2	770	0	120	342	0	18	22610	373026	77691	61	0	0	373109	370438	12319	0
874	-94	-2	15	38	6994	8196	288864	10	439	872502	7	13858	2	1	0	4596	28	0	3	1375	0	10579	6994	1280	0	0	0	0	340	0	18	22610	371486	77571	61	0	0	373009	370438	12319	0
873	-94	-2	15	38	6834	8196	288612	10	439	872250	7	13846	2	1	0	4592	28	0	3	1375	0	10579	6834	1280	0	0	0	0	340	0	18	22610	371486	77571	61	0	0	372909	370438	12319	0
872	-94	-2	15	38	6514	8194	288171	10	438	871809	7	13825	2	1	0	4585	28	0	3	1372	0	10572	6514	1280	0	0	0	0	340	0	18	22610	371486	77571	61	0	0	372709	370438	12319	0
871	-94	-2	15	38	6354	8194	287919	10	438	871557	7	13813	2	1	0	4581	28	0	3	1372	0	10572	6354	1280	0	0	0	0	340	0	18	22610	371486	77571	61	0	0	372609	370438	12319	0
870	-94	-2	15	38	6194	8192	287667	10	437	871305	7	13801	2	1	0	4577	28	0	3	1369	0	10565	6194	1280	0	0	0	0	340	0	18	22610	371486	77571	61	0	0	372509	370438	12319	0
869	-94	-2	15	38	6034	8192	287478	10	437	871053	7	13792	2	1	0	4573	28	0	3	1369	0	10565	6034	1280	0	0	0	0	340	0	18	22610	371486	77571	61	0	0	372409	370438	12319	0
868	-94	-2	15	38	5874	8192	287226	10	437	870864	7	13780	2	1	0	4570	28	0	3	1369	0	10565	5874	1280	0	0	0	0	340	0	18	22610	371486	77571	61	0	0	372309	370438	12319	0
867	-94	-2	15	38	5714	8190	286974	10	436	870612	7	13768	2	1	0	4566	28	0	3	1366	0	10558	5714	1280	0	0	0	0	340	0	18	22610	371486	77571	61	0	0	372209	370438	12319	0
866	-94	-2	15	38	5554	8190	286785	10	436	870360	7	13759	2	1	0	4562	28	0	3	1366	0	10558	5554	1280	0	0	0	0	340	0	18	22610	371486	77571	61	0	0	372109	370438	12319	0
865	-94	-2	15	38	5394	8188	286533	10	435	870108	7	13747	2	1	0	4558	28	0	3	1363	0	10551	5394	1280	0	0	0	0	340	0	18	22610	371486	77571	61	0	0	372009	370438	12319	0
864	-94	-2	15	38	5234	8188	286281	10	435	869919	7	13735	2	1	0	4555	28	0	3	1363	0	10551	5234	1280	0	0	0	0	340	0	18	22610	371486	77571	61	0	0	371909	370438	12319	0
863	-94	-2	15	38	4914	8186	285840	10	434	869415	7	13714	2	1	0	4547	28	0	3	1360	0	10544	4914	1280	0	0	0	0	340	0	18	22610	371486	77571	61	0	0	371709	370438	12319	0
862	-94	-2	15	38	4754	8186	285588	10	434	869226	7	13702	2	1	0	4544	28	0	3	1360	0	10544	4754	1280	0	0	0	0	340	0	18	22610	371486	77571	61	0	0	371609	370438	12319	0
861	-94	-2	15	38	4594	8184	285399	10	433	868974	7	13693	2	1	0	4540	28	0	3	1357	0	10537	4594	1280	1	1010	0	60	340	0	18	22610	371486	77571	61	0	0	371509	370438	12319	0
860	-94	-2	15	38	4434	8184	285125	10	433	868763	7	13678	2	1	0	4536	28	0	3	1357	0	10537	4434	1279	0	0	0	0	339	0	18	22610	370476	77511	61	0	0	371409	370438	12319	0
859	-94	-2	15	38	4274	8182	284873	10	432	868511	7	13666	2	1	0	4532	28	0	3	1354	0	10530	4274	1279	0	0	0	0	339	0	18	22610	370476	77511	61	0	0	371309	370438	12319	0
858	-94	-2	15	38	4114	8182	284684	10	432	868259	7	13657	2	1	0	4528	28	0	3	1354	0	10530	4114	1279	0	0	0	0	339	0	18	22610	370476	77511	61	0	0	371209	370438	12319	0
857	-94	-2	15	38	3954	8182	284432	10	432	868070	7	13645	2	1	0	4525	28	0	3	1354	0	10530	3954	1279	0	0	0	0	339	0	18	22610	370476	77511	61	0	0	371109	370438	12319	0
856	-94	-2	15	38	3794	8180	284180	10	431	867818	7	13633	2	1	0	4521	28	0	3	1351	0	10523	3794	1279	0	0	0	0	339	0	18	22610	370476	77511	61	0	0	371009	370438	12319	0
855	-94	-2	15	38	3634	8180	283991	10	431	867566	7	13624	2	1	0	4517	28	0	3	1351	0	10523	3634	1279	0	0	0	0	339	0	18	22610	370476	77511	61	0	0	370909	370438	12319	0
854	-94	-2	15	38	3474	8178	283739	10	430	867314	7	13612	2	1	0	4513	28	0	3	1348	0	10516	3474	1279	0	0	0	0	339	0	18	22610	370476	77511	61	0	0	370809	370438	12319	0
853	-94	-2	15	38	3154	8176	283235	10	429	866810	373	13588	359	3	0	4505	28	23	6	1345	0	10509	3154	1279	0	0	0	0	339	0	18	22610	370476	77511	61	0	0	370609	370438	12319	0
852	-94	-2	15	38	2994	8176	282983	10	429	866621	373	13576	359	3	0	4502	28	23	6	1345	0	10509	2994	1279	2	710	0	122	339	355	18	22610	370476	77511	61	1	26868	370509	370438	12319	0
851	-94	-2	15	40	2834	7817	282772	10	428	866347	7	13564	2	1	0	4497	28	0	3	1339	0	10136	2834	1277	0	0	0	0	337	0	17	22255	369056	77389	60	0	0	370409	343570	12319	0
850	-94	-2	15	38	2674	7815	282498	10	427	866136	7	13549	2	1	0	4493	28	0	3	1336	0	10129	2674	1277	0	0	0	0	337	0	17	22255	369056	77389	60	0	0	370309	343570	12319	0
849	-94	-2	15	38	2514	7815	282246	10	427	865884	7	13537	2	1	0	4489	28	0	3	1336	0	10129	2514	1277	0	0	0	0	337	0	17	22255	369056	77389	60	0	0	370209	343570	12319	0
848	-94	-2	15	38	2354	7813	281994	10	426	865632	7	13525	2	1	0	4485	28	0	3	1333	0	10122	2354	1277	0	0	0	0	337	0	17	22255	369056	77389	60	0	0	370109	343570	12319	0
847	-94	-2	15	38	2194	7813	281805	10	426	865380	7	13516	2	1	0	4481	28	0	3	1333	0	10122	2194	1277	0	0	0	0	337	0	17	22255	369056	77389	60	0	0	370009	343570	12319	0
846	-94	-2	15	38	2034	7813	281553	10	426	865191	7	13504	2	1	0	4478	28	0	3	1333	0	10122	2034	1277	0	0	0	0	337	0	17	22255	369056	77389	60	0	0	369909	343570	12319	0
845	-94	-2	15	38	1874	7811	281301	10	425	864939	7	13492	2	1	0	4474	28	0	3	1330	0	10115	1874	1277	0	0	0	0	337	0	17	22255	369056	77389	60	0	0	369809	343570	12319	0
844	-94	-2	15	38	1714	7811	281112	10	425	864687	7	13483	2	1	0	4470	28	0	3	1330	0	10115	1714	1277	0	0	0	0	337	0	17	22255	369056	77389	60	0	0	369709	343570	12319	0
843	-94	-2	15	38	1394	7809	280608	10	424	864246	7	13459	2	1	0	4463	28	0	3	1327	0	10108	1394	1277	0	0	0	0	337	0	17	22255	369056	77389	60	0	0	369509	343570	12319	0
842	-94	-2	15	38	1234	7807	280356	10	423	863994	7	13447	2	1	0	4459	28	0	3	1324	0	10101	1234	1277	0	0	0	0	337	0	17	22255	369056	77389	60	0	0	369409	343570	12319	0
841	-94	-2	15	38	1074	7807	280167	10	423	863805	7	13438	2	1	0	4456	28	0	3	1324	0	10101	1074	1277	0	0	0	0	337	0	17	22255	369056	77389	60	0	0	369309	343570	12319	0
840	-94	-2	15	38	914	7807	279915	10	423	863553	7	13426	2	1	0	4452	28	0	3	1324	0	10101	914	1277	0	0	0	0	337	0	17	22255	369056	77389	60	0	0	369209	343570	12319	0
839	-94	-2	15	38	754	7805	279726	10	422	863301	7	13417	2	1	0	4448	28	0	3	1321	0	10094	754	1277	1	4050	0	60	337	0	17	22255	369056	77389	60	0	0	369109	343570	12319	0
838	-94	-2	15	39	594	7805	279452	10	422	863090	7	13402	2	1	0	4444	28	0	3	1321	0	10094	594	1276	0	0	0	0	336	0	17	22255	365006	77329	60	0	0	369009	343570	12319	0
837	-94	-2	15	39	434	7803	279200	10	421	862838	7	13390	2	1	0	4440	28	0	3	1318	0	10087	434	1276	0	0	0	0	336	0	17	22255	365006	77329	60	0	0	368909	343570	12319	0
836	-94	-2	15	39	274	7803	279011	10	421	862586	7	13381	2	1	0	4436	28	0	3	1318	0	10087	274	1276	0	0	0	0	336	0	17	22255	365006	77329	60	0	0	368809	343570	12319	0
835	-94	-2	15	39	114	7803	278759	10	421	862397	7	13369	2	1	0	4433	28	0	3	1318	0	10087	114	1276	0	0	0	0	336	0	17	22255	365006	77329	60	0	0	368709	343570	12319	0
834	-94	-2	15	39	16338	7801	278507	10	420	862145	7	13357	2	1	0	4429	28	0	3	1315	0	10080	16338	1276	0	0	0	0	336	0	17	22255	365006	77329	60	0	0	368609	343570	12319	0
833	-94	-2	15	39	16018	7799	278066	10	419	861641	7	13336	2	1	0	4421	28	0	3	1312	0	10073	16018	1276	0	0	0	0	336	0	17	22255	365006	77329	60	0	0	368409	343570	12319	0
832	-94	-2	15	38	15858	7799	277814	10	419	861452	7	13324	2	1	0	4418	28	0	3	1312	0	10073	15858	1276	0	0	0	0	336	0	17	22255	365006	77329	60	0	0	368309	343570	12319	0
831	-94	-2	15	38	15698	7797	277562	10	418	861200	7	13312	2	1	0	4414	28	0	3	1309	0	10066	15698	1276	0	0	0	0	336	0	17	22255	365006	77329	60	0	0	368209	343570	12319	0
830	-94	-2	15	38	15538	7797	277310	10	418	860948	7	13300	2	1	0	4410	28	0	3	1309	0	10066	15538	1276	0	0	0	0	336	0	17	22255	365006	77329	60	0	0	368109	343570	12319	0
829	-94	-2	15	38	15378	7797	277121	10	418	860759	7	13291	2	1	0	4407	28	0	3	1309	0	10066	15378	1276	0	0	0	0	336	0	17	22255	365006	77329	60	0	0	368009	343570	12319	0
828	-94	-2	15	38	15218	7795	276869	10	417	860507	7	13279	2	1	0	4403	28	0	3	1306	0	10059	15218	1276	0	0	0	0	336	0	17	22255	365006	77329	60	0	0	367909	343570	12319	0
827	-94	-2	15	38	15058	7795	276617	10	417	860255	7	13267	2	1	0	4399	28	0	3	1306	0	10059	15058	1276	0	0	0	0	336	0	17	22255	365006	77329	60	0	0	367809	343570	12319	0
826	-94	-2	15	38	14898	7793	276365	10	416	860003	7	13255	2	1	0	4395	28	0	3	1303	0	10052	14898	1276	0	0	0	0	336	0	17	22255	365006	77329	60	0	0	367709	343570	12319	0
825	-94	-2	15	39	14738	7793	276176	10	416	859751	7	13246	2	1	0	4391	28	0	3	1303	0	10052	14738	1276	0	0	0	0	336	0	17	22255	365006	77329	60	0	0	367609	343570	12319	0
824	-94	-2	15	39	14578	7793	275924	10	416	859562	7	13234	2	1	0	4388	28	0	3	1303	0	10052	14578	1276	0	0	0	0	336	0	17	22255	365006	77329	60	0	0	367509	343570	12319	0
823	-94	-2	15	39	14258	7791	275483	10	415	859058	7	13213	2	1	0	4380	28	0	3	1300	0	10045	14258	1276	0	0	0	0	336	0	17	22255	365006	77329	60	0	0	367309	343570	12319	0
822	-94	-2	15	39	14098	7789	275231	10	414	858806	7	13201	2	1	0	4376	28	0	3	1297	0	10038	14098	1276	0	0	0	0	336	0	17	22255	365006	77329	60	0	0	367209	343570	12319	0
821	-94	-2	15	39	13938	7789	274979	10	414	858617	7	13189	2	1	0	4373	28	0	3	1297	0	10038	13938	1276	0	0	0	0	336	0	17	22255	365006	77329	60	0	0	367109	343570	12319	0
820	-94	-2	15	39	13778	7787	274727	10	413	858365	7	13177	2	1	0	4369	28	0	3	1294	0	10031	13778	1276	0	0	0	0	336	0	17	22255	365006	77329	60	0	0	367009	343570	12319	0
819	-94	-2	15	39	13618	7787	274475	10	413	858113	7	13165	2	1	0	4365	28	0	3	1294	0	10031	13618	1276	0	0	0	0	336	0	17	22255	365006	77329	60	0	0	366909	343570	12319	0
818	-94	-2	15	39	13458	7787	274286	10	413	857924	7	13156	2	1	0	4362	28	0	3	1294	0	10031	13458	1276	0	0	0	0	336	0	17	22255	365006	77329	60	0	0	366809	343570	12319	0
817	-94	-2	15	39	13298	7785	274034	10	412	857672	7	13144	2	1	0	4358	28	0	3	1291	0	10024	13298	1276	0	0	0	0	336	0	17	22255	365006	77329	60	0	0	366709	343570	12319	0
816	-94	-2	15	39	13138	7785	273782	10	412	857420	7	13132	2	1	0	4354	28	0	3	1291	0	10024	13138	1276	0	0	0	0	336	0	17	22255	365006	77329	60	0	0	366609	343570	12319	0
815	-94	-2	15	38	12978	7783	273530	10	411	857168	7	13120	2	1	0	4350	28	0	3	1288	0	10017	12978	1276	0	0	0	0	336	0	17	22255	365006	77329	60	0	0	366509	343570	12319	0
814	-94	-2	15	38	12658	7783	273089	10	411	856727	7	13099	2	1	0	4343	28	0	3	1288	0	10017	12658	1276	0	0	0	0	336	0	17	22255	365006	77329	60	0	0	366309	343570	12319	0
813	-94	-2	15	38	12498	7781	272837	10	410	856475	7	13087	2	1	0	4339	28	0	3	1285	0	10010	12498	1276	0	0	0	0	336	0	17	22255	365006	77329	60	0	0	366209	343570	12319	0
812	-94	-2	15	38	12338	7781	272648	10	410	856223	7	13078	2	1	0	4335	28	0	3	1285	0	10010	12338	1276	0	0	0	0	336	0	17	22255	365006	77329	60	0	0	366109	343570	12319	0
811	-94	-2	15	38	12178	7779	272396	10	409	855971	7	13066	2	1	0	4331	28	0	3	1282	0	10003	12178	1276	0	0	0	0	336	0	17	22255	365006	77329	60	0	0	366009	343570	12319	0
810	-94	-2	15	38	12018	7779	272144	10	409	855782	7	13054	2	1	0	4328	28	0	3	1282	0	10003	12018	1276	0	0	0	0	336	0	17	22255	365006	77329	60	0	0	365909	343570	12319	0
809	-94	-2	15	38	11858	7777	271892	10	408	855530	7	13042	2	1	0	4324	28	0	3	1279	0	9996	11858	1276	0	0	0	0	336	0	17	22255	365006	77329	60	0	0	365809	343570	12319	0
808	-94	-2	15	38	11698	7777	271640	10	408	855278	7	13030	2	1	0	4320	28	0	3	1279	0	9996	11698	1276	0	0	0	0	336	0	17	22255	365006	77329	60	0	0	365709	343570	12319	0
807	-94	-2	15	38	11538	7777	271451	10	408	855089	7	13021	2	1	0	4317	28	0	3	1279	0	9996	11538	1276	0	0	0	0	336	0	17	22255	365006	77329	60	0	0	365609	343570	12319	0
806	-94	-2	15	38	11378	7775	271199	10	407	854837	7	13009	2	1	0	4313	28	0	3	1276	0	9989	11378	1276	0	0	0	0	336	0	17	22255	365006	77329	60	0	0	365509	343570	12319	0
805	-94	-2	15	38	11218	7775	270947	10	407	854585	7	12997	2	1	0	4309	28	0	3	1276	0	9989	11218	1276	0	0	0	0	336	0	17	22255	365006	77329	60	0	0	365409	343570	12319	0
804	-94	-2	15	38	10898	7773	270506	10	406	854144	7	12976	2	1	0	4302	28	0	3	1273	0	9982	10898	1276	0	0	0	0	336	0	17	22255	365006	77329	60	0	0	365209	343570	12319	0
803	-94	-2	15	38	10738	7773	270254	10	406	853892	7	12964	2	1	0	4298	28	0	3	1273	0	9982	10738	1276	2	1481	0	120	336	0	17	22255	365006	77329	60	0	0	365109	343570	12319	0
802	-94	-2	15	38	10578	7771	270065	12	405	853703	7	12955	2	1	0	4295	28	0	3	1270	0	9975	10578	1276	0	0	0	0	336	0	17	22255	365006	77329	60	0	0	365009	343570	12319	0
801	-94	-2	15	38	10418	7771	269779	10	405	853354	7	12942	2	1	0	4290	28	0	3	1270	0	9975	10418	1274	0	0	0	0	334	0	17	22255	362044	77209	60	0	0	364909	343570	12319	0
800	-94	-2	15	38	10258	7769	269527	10	404	853102	7	12930	2	1	0	4286	28	0	3	1267	0	9968	10258	1274	0	0	0	0	334	0	17	22255	362044	77209	60	0	0	364809	343570	12319	0
799	-94	-2	15	38	10098	7769	269275	10	404	852913	7	12918	2	1	0	4283	28	0	3	1267	0	9968	10098	1274	0	0	0	0	334	0	17	22255	362044	77209	60	0	0	364709	343570	12319	0
798	-94	-2	15	38	9938	7767	269023	10	403	852661	7	12906	2	1	0	4279	28	0	3	1264	0	9961	9938	1274	0	0	0	0	334	0	17	22255	362044	77209	60	0	0	364609	343570	12319	0
797	-94	-2	15	38	9778	7767	268771	10	403	852409	7	12894	2	1	0	4275	28	0	3	1264	0	9961	9778	1274	0	0	0	0	334	0	17	22255	362044	77209	60	0	0	364509	343570	12319	0
796	-94	-2	15	38	9618	7767	268582	10	403	852220	7	12885	2	1	0	4272	28	0	3	1264	0	9961	9618	1274	0	0	0	0	334	0	17	22255	362044	77209	60	0	0	364409	343570	12319	0
795	-94	-2	15	38	9458	7765	268330	10	402	851968	7	12873	2	1	0	4268	28	0	3	1261	0	9954	9458	1274	0	0	0	0	334	0	17	22255	362044	77209	60	0	0	364309	343570	12319	0
794	-94	-2	15	38	9138	7763	267826	10	401	851464	7	12849	2	1	0	4260	28	0	3	1258	0	9947	9138	1274	0	0	0	0	334	0	17	22255	362044	77209	60	0	0	364109	343570	12319	0
793	-94	-2	15	38	8978	7763	267637	10	401	851212	7	12840	2	1	0	4256	28	0	3	1258	0	9947	8978	1274	0	0	0	0	334	0	17	22255	362044	77209	60	0	0	364009	343570	12319	0
792	-94	-2	15	38	8818	7763	267385	10	401	851023	7	12828	2	1	0	4253	28	0	3	1258	0	9947	8818	1274	0	0	0	0	334	0	17	22255	362044	77209	60	0	0	363909	343570	12319	0
791	-94	-2	15	38	8658	7761	267133	10	400	850771	7	12816	2	1	0	4249	28	0	3	1255	0	9940	8658	1274	0	0	0	0	334	0	17	22255	362044	77209	60	0	0	363809	343570	12319	0
790	-94	-2	15	38	8498	7761	266944	10	400	850519	7	12807	2	1	0	4245	28	0	3	1255	0	9940	8498	1274	0	0	0	0	334	0	17	22255	362044	77209	60	0	0	363709	343570	12319	0
789	-94	-2	15	38	8338	7759	266692	10	399	850267	7	12795	2	1	0	4241	28	0	3	1252	0	9933	8338	1274	0	0	0	0	334	0	17	22255	362044	77209	60	0	0	363609	343570	12319	0
788	-94	-2	15	38	8178	7759	266440	10	399	850078	7	12783	2	1	0	4238	28	0	3	1252	0	9933	8178	1274	0	0	0	0	334	0	17	22255	362044	77209	60	0	0	363509	343570	12319	0
787	-94	-2	15	38	8018	7757	266188	10	398	849826	7	12771	2	1	0	4234	28	0	3	1249	0	9926	8018	1274	0	0	0	0	334	0	17	22255	362044	77209	60	0	0	363409	343570	12319	0
786	-94	-2	15	38	7858	7757	265936	10	398	849574	7	12759	2	1	0	4230	28	0	3	1249	0	9926	7858	1274	0	0	0	0	334	0	17	22255	362044	77209	60	0	0	363309	343570	12319	0
785	-94	-2	15	37	7698	7757	265747	10	398	849385	7	12750	2	1	0	4227	28	0	3	1249	0	9926	7698	1274	0	0	0	0	334	0	17	22255	362044	77209	60	0	0	363209	343570	12319	0
784	-94	-2	15	37	7378	7755	265243	10	397	848881	7	12726	2	1	0	4219	28	0	3	1246	0	9919	7378	1274	0	0	0	0	334	0	17	22255	362044	77209	60	0	0	363009	343570	12319	0
783	-94	-2	15	37	7218	7753	264991	10	396	848629	7	12714	2	1	0	4215	28	0	3	1243	0	9912	7218	1274	0	0	0	0	334	0	17	22255	362044	77209	60	0	0	362909	343570	12319	0
782	-94	-2	15	37	7058	7753	264802	10	396	848377	7	12705	2	1	0	4211	28	0	3	1243	0	9912	7058	1274	0	0	0	0	334	0	17	22255	362044	77209	60	0	0	362809	343570	12319	0
781	-94	-2	15	37	6898	7753	264550	10	396	848188	7	12693	2	1	0	4208	28	0	3	1243	0	9912	6898	1274	0	0	0	0	334	0	17	22255	362044	77209	60	0	0	362709	343570	12319	0
780	-94	-2	15	37	6738	7751	264298	10	395	847936	7	12681	2	1	0	4204	28	0	3	1240	0	9905	6738	1274	0	0	0	0	334	0	17	22255	362044	77209	60	0	0	362609	343570	12319	0
779	-94	-2	15	37	6578	7751	264109	10	395	847684	7	12672	2	1	0	4200	28	0	3	1240	0	9905	6578	1274	0	0	0	0	334	0	17	22255	362044	77209	60	0	0	362509	343570	12319	0
778	-94	-2	15	37	6418	7749	263857	10	394	847432	7	12660	2	1	0	4196	28	0	3	1237	0	9898	6418	1274	0	0	0	0	334	0	17	22255	362044	77209	60	0	0	362409	343570	12319	0
777	-94	-2	15	37	6258	7749	263605	10	394	847243	7	12648	2	1	0	4193	28	0	3	1237	0	9898	6258	1274	0	0	0	0	334	0	17	22255	362044	77209	60	0	0	362309	343570	12319	0
776	-94	-2	15	37	6098	7747	263353	10	393	846928	7	12636	2	1	0	4188	28	0	3	1234	0	9891	6098	1274	0	0	0	0	334	0	17	22255	362044	77209	60	0	0	362209	343570	12319	0
775	-94	-2	15	38	5778	7747	262890	10	393	846528	7	12612	2	1	0	4181	28	0	3	1234	0	9891	5778	1273	0	0	0	0	333	0	17	22255	362008	77149	60	0	0	362009	343570	12319	0
774	-94	-2	15	38	5618	7745	262575	10	392	846213	7	12597	2	1	0	4176	28	0	3	1231	0	9884	5618	1272	0	0	0	0	332	0	17	22255	361586	77089	60	0	0	361909	343570	12319	0
773	-94	-2	15	38	5458	7745	262386	10	392	845961	7	12588	2	1	0	4172	28	0	3	1231	0	9884	5458	1272	0	0	0	0	332	0	17	22255	361586	77089	60	0	0	361809	343570	12319	0
772	-94	-2	15	38	5298	7743	262134	10	391	845772	7	12576	2	1	0	4169	28	0	3	1228	0	9877	5298	1272	0	0	0	0	332	0	17	22255	361586	77089	60	0	0	361709	343570	12319	0
771	-94	-2	15	38	5138	7743	261945	10	391	845520	7	12567	2	1	0	4165	28	0	3	1228	0	9877	5138	1272	1	560	0	60	332	0	17	22255	361586	77089	60	0	0	361609	343570	12319	0
770	-94	-2	15	38	4978	7743	261671	10	391	845309	7	12552	2	1	0	4161	28	0	3	1228	0	9877	4978	1271	0	0	0	0	331	0	17	22255	361026	77029	60	0	0	361509	343570	12319	0
769	-94	-2	15	38	4818	7741	261419	10	390	845057	7	12540	2	1	0	4157	28	0	3	1225	0	9870	4818	1271	0	0	0	0	331	0	17	22255	361026	77029	60	0	0	361409	343570	12319	0
768	-94	-2	15	38	4658	7741	261230	10	390	844868	7	12531	2	1	0	4154	28	0	3	1225	0	9870	4658	1271	0	0	0	0	331	0	17	22255	361026	77029	60	0	0	361309	343570	12319	0
767	-94	-2	15	38	4498	7739	260978	10	389	844616	7	12519	2	1	0	4150	28	0	3	1222	0	9863	4498	1271	0	0	0	0	331	0	17	22255	361026	77029	60	0	0	361209	343570	12319	0
766	-94	-2	15	38	4338	7739	260789	10	389	844364	7	12510	2	1	0	4146	28	0	3	1222	0	9863	4338	1271	1	30	0	60	331	0	17	22255	361026	77029	60	0	0	361109	343570	12319	0
765	-94	-2	15	38	4018	7737	260178	10	388	843816	7	12479	2	1	0	4137	28	0	3	1219	0	9856	4018	1268	0	0	0	0	328	0	17	22255	359046	76849	60	0	0	360909	343570	12319	0
764	-94	-2	15	38	3858	7737	259989	10	388	843627	7	12470	2	1	0	4134	28	0	3	1219	0	9856	3858	1268	0	0	0	0	328	0	17	22255	359046	76849	60	0	0	360809	343570	12319	0
763	-94	-2	15	38	3698	7735	259737	10	387	843375	7	12458	2	1	0	4130	28	0	3	1216	0	9849	3698	1268	0	0	0	0	328	0	17	22255	359046	76849	60	0	0	360709	343570	12319	0
762	-94	-2	15	38	3538	7735	259485	10	387	843123	7	12446	2	1	0	4126	28	0	3	1216	0	9849	3538	1268	0	0	0	0	328	0	17	22255	359046	76849	60	0	0	360609	343570	12319	0
761	-94	-2	15	38	3378	7733	259233	10	386	842871	7	12434	2	1	0	4122	28	0	3	1213	0	9842	3378	1268	0	0	0	0	328	0	17	22255	359046	76849	60	0	0	360509	343570	12319	0
760	-94	-2	15	38	3218	7733	259044	10	386	842619	7	12425	2	1	0	4118	28	0	3	1213	0	9842	3218	1268	0	0	0	0	328	0	17	22255	359046	76849	60	0	0	360409	343570	12319	0
759	-94	-2	15	38	3058	7733	258792	10	386	842430	7	12413	2	1	0	4115	28	0	3	1213	0	9842	3058	1268	0	0	0	0	328	0	17	22255	359046	76849	60	0	0	360309	343570	12319	0
758	-94	-2	15	38	2898	7731	258540	10	385	842178	7	12401	2	1	0	4111	28	0	3	1210	0	9835	2898	1268	0	0	0	0	328	0	17	22255	359046	76849	60	0	0	360209	343570	12319	0
757	-94	-2	15	38	2738	7731	258351	10	385	841926	7	12392	2	1	0	4107	28	0	3	1210	0	9835	2738	1268	0	0	0	0	328	0	17	22255	359046	76849	60	0	0	360109	343570	12319	0
756	-94	-2	15	38	2578	7729	258099	10	384	841674	7	12380	2	1	0	4103	28	0	3	1207	0	9828	2578	1268	0	0	0	0	328	0	17	22255	359046	76849	60	0	0	360009	343570	12319	0
755	-94	-2	15	38	2258	7727	257595	10	383	841233	7	12356	2	1	0	4096	28	0	3	1204	0	9821	2258	1268	0	0	0	0	328	0	17	22255	359046	76849	60	0	0	359809	343570	12319	0
754	-94	-2	15	37	2098	7727	257343	10	383	840981	7	12344	2	1	0	4092	28	0	3	1204	0	9821	2098	1268	0	0	0	0	328	0	17	22255	359046	76849	60	0	0	359709	343570	12319	0
753	-94	-2	15	37	1938	7727	257154	10	383	840792	7	12335	2	1	0	4089	28	0	3	1204	0	9821	1938	1268	0	0	0	0	328	0	17	22255	359046	76849	60	0	0	359609	343570	12319	0
752	-94	-2	15	37	1778	7725	256902	10	382	840540	7	12323	2	1	0	4085	28	0	3	1201	0	9814	1778	1268	0	0	0	0	328	0	17	22255	359046	76849	60	0	0	359509	343570	12319	0
751	-94	-2	15	37	1618	7725	256650	10	382	840288	7	12311	2	1	0	4081	28	0	3	1201	0	9814	1618	1268	0	0	0	0	328	0	17	22255	359046	76849	60	0	0	359409	343570	12319	0
750	-94	-2	15	37	1458	7723	256398	10	381	840036	7	12299	2	1	0	4077	28	0	3	1198	0	9807	1458	1268	0	0	0	0	328	0	17	22255	359046	76849	60	0	0	359309	343570	12319	0
749	-94	-2	15	37	1298	7723	256209	10	381	839784	7	12290	2	1	0	4073	28	0	3	1198	0	9807	1298	1268	0	0	0	0	328	0	17	22255	359046	76849	60	0	0	359209	343570	12319	0
748	-94	-2	15	37	1138	7723	255957	10	381	839595	7	12278	2	1	0	4070	28	0	3	1198	0	9807	1138	1268	2	25	0	120	328	0	17	22255	359046	76849	60	0	0	359109	343570	12319	0
747	-94	-2	15	35	978	7721	255620	11	380	839258	7	12262	2	1	0	4065	28	0	3	1195	0	9800	978	1266	2	79	0	120	326	0	17	22255	358996	76729	60	0	0	359009	343570	12319	0
746	-94	-2	15	37	818	7721	255346	10	380	838921	7	12249	2	1	0	4060	28	0	3	1195	0	9800	818	1264	1	182	0	60	324	0	17	22255	358838	76609	60	0	0	358909	343570	12319	0
745	-94	-2	15	37	498	7719	254842	10	379	838417	7	12225	2	1	0	4052	28	0	3	1192	0	9793	498	1263	1	242	0	60	323	0	17	22255	358656	76549	60	0	0	358709	343570	12319	0
744	-94	-2	15	38	338	7717	254568	10	378	838143	7	12210	2	1	0	4047	28	0	3	1189	0	9786	338	1262	0	0	0	0	322	0	17	22255	358414	76489	60	0	0	358609	343570	12319	0
743	-94	-2	15	38	178	7717	254316	10	378	837954	7	12198	2	1	0	4044	28	0	3	1189	0	9786	178	1262	1	386	0	60	322	0	17	22255	358414	76489	60	0	0	358509	343570	12319	0
742	-94	-2	15	38	18	7717	254127	3	378	837743	7	12189	2	1	0	4040	28	0	3	1189	0	9786	18	1261	0	0	0	0	321	0	17	22255	358028	76429	60	0	0	358409	343570	12319	0
741	-94	-2	15	38	16242	7715	253853	10	377	837491	7	12174	2	1	0	4036	28	0	3	1186	0	9779	16242	1261	0	0	0	0	321	0	17	22255	358028	76429	60	0	0	358309	343570	12319	0
740	-94	-2	15	38	16082	7715	253601	10	377	837239	7	12162	2	1	0	4032	28	0	3	1186	0	9779	16082	1261	0	0	0	0	321	0	17	22255	358028	76429	60	0	0	358209	343570	12319	0
739	-94	-2	15	38	15922	7713	253412	10	376	836987	7	12153	2	1	0	4028	28	0	3	1183	0	9772	15922	1261	1	38	0	60	321	0	17	22255	358028	76429	60	0	0	358109	343570	12319	0
738	-94	-2	15	39	15762	7713	253097	3	376	836735	7	12138	2	1	0	4024	28	0	3	1183	0	9772	15762	1260	2	482	0	120	320	0	17	22255	357990	76369	60	0	0	358009	343570	12319	0
737	-94	-2	15	39	15602	7713	252823	10	376	836461	7	12123	2	1	0	4019	28	0	3	1183	0	9772	15602	1258	0	0	0	0	318	0	17	22255	357026	76249	60	0	0	357909	343570	12319	0
736	-94	-2	15	39	15442	7711	252571	10	375	836209	7	12111	2	1	0	4015	28	0	3	1180	0	9765	15442	1258	0	0	0	0	318	0	17	22255	357026	76249	60	0	0	357809	343570	12319	0
735	-94	-2	15	39	15122	7709	252130	10	374	835705	7	12090	2	1	0	4007	28	0	3	1177	0	9758	15122	1258	0	0	0	0	318	0	17	22255	357026	76249	60	0	0	357609	343570	12319	0
734	-94	-2	15	39	14962	7709	251878	10	374	835516	7	12078	2	1	0	4004	28	0	3	1177	0	9758	14962	1258	0	0	0	0	318	0	17	22255	357026	76249	60	0	0	357509	343570	12319	0
733	-94	-2	15	39	14802	7707	251626	10	373	835264	7	12066	2	1	0	4000	28	0	3	1174	0	9751	14802	1258	0	0	0	0	318	0	17	22255	357026	76249	60	0	0	357409	343570	12319	0
732	-94	-2	15	39	14642	7707	251437	10	373	835075	7	12057	2	1	0	3997	28	0	3	1174	0	9751	14642	1258	0	0	0	0	318	0	17	22255	357026	76249	60	0	0	357309	343570	12319	0
731	-94	-2	15	39	14482	7707	251185	10	373	834823	7	12045	2	1	0	3993	28	0	3	1174	0	9751	14482	1258	0	0	0	0	318	0	17	22255	357026	76249	60	0	0	357209	343570	12319	0
730	-94	-2	15	39	14322	7705	250996	10	372	834571	7	12036	2	1	0	3989	28	0	3	1171	0	9744	14322	1258	1	990	0	60	318	0	17	22255	357026	76249	60	0	0	357109	343570	12319	0
729	-94	-2	15	38	14162	7705	250722	10	372	834360	7	12021	2	1	0	3985	28	0	3	1171	0	9744	14162	1257	0	0	0	0	317	0	17	22255	356036	76189	60	0	0	357009	343570	12319	0
728	-94	-2	15	38	14002	7703	250470	10	371	834108	7	12009	2	1	0	3981	28	0	3	1168	0	9737	14002	1257	0	0	0	0	317	0	17	22255	356036	76189	60	0	0	356909	343570	12319	0
727	-94	-2	15	38	13842	7703	250281	10	371	833856	7	12000	2	1	0	3977	28	0	3	1168	0	9737	13842	1257	0	0	0	0	317	0	17	22255	356036	76189	60	0	0	356809	343570	12319	0
726	-94	-2	15	38	13522	7701	249777	10	370	833415	7	11976	2	1	0	3970	28	0	3	1165	0	9730	13522	1257	0	0	0	0	317	0	17	22255	356036	76189	60	0	0	356609	343570	12319	0
725	-94	-2	15	38	13362	7701	249588	10	370	833163	7	11967	2	1	0	3966	28	0	3	1165	0	9730	13362	1257	0	0	0	0	317	0	17	22255	356036	76189	60	0	0	356509	343570	12319	0
724	-94	-2	15	38	13202	7699	249336	10	369	832911	7	11955	2	1	0	3962	28	0	3	1162	0	9723	13202	1257	0	0	0	0	317	0	17	22255	356036	76189	60	0	0	356409	343570	12319	0
723	-94	-2	15	38	13042	7699	249084	10	369	832722	7	11943	2	1	0	3959	28	0	3	1162	0	9723	13042	1257	0	0	0	0	317	0	17	22255	356036	76189	60	0	0	356309	343570	12319	0
722	-94	-2	15	38	12882	7697	248832	10	368	832470	7	11931	2	1	0	3955	28	0	3	1159	0	9716	12882	1257	0	0	0	0	317	0	17	22255	356036	76189	60	0	0	356209	343570	12319	0
721	-94	-2	15	38	12722	7697	248580	10	368	832218	7	11919	2	1	0	3951	28	0	3	1159	0	9716	12722	1257	1	982	0	60	317	0	17	22255	356036	76189	60	0	0	356109	343570	12319	0
720	-94	-2	15	38	12562	7697	248369	10	368	832007	7	11907	2	1	0	3947	28	0	3	1159	0	9716	12562	1256	0	0	0	0	316	0	17	22255	355054	76129	60	0	0	356009	343570	12319	0
719	-94	-2	15	37	12402	7695	248117	10	367	831755	7	11895	2	1	0	3943	28	0	3	1156	0	9709	12402	1256	0	0	0	0	316	0	17	22255	355054	76129	60	0	0	355909	343570	12319	0
718	-94	-2	15	37	12242	7695	247865	10	367	831503	7	11883	2	1	0	3939	28	0	3	1156	0	9709	12242	1256	0	0	0	0	316	0	17	22255	355054	76129	60	0	0	355809	343570	12319	0
717	-94	-2	15	38	12082	7693	247613	10	366	831251	7	11871	2	1	0	3935	28	0	3	1153	0	9702	12082	1256	0	0	0	0	316	0	17	22255	355054	76129	60	0	0	355709	343570	12319	0
716	-94	-2	15	38	11762	7693	247172	10	366	830810	7	11850	2	1	0	3928	28	0	3	1153	0	9702	11762	1256	0	0	0	0	316	0	17	22255	355054	76129	60	0	0	355509	343570	12319	0
715	-94	-2	15	38	11602	7691	246920	10	365	830558	7	11838	2	1	0	3924	28	0	3	1150	0	9695	11602	1256	0	0	0	0	316	0	17	22255	355054	76129	60	0	0	355409	343570	12319	0
714	-94	-2	15	38	11442	7691	246731	10	365	830369	7	11829	2	1	0	3921	28	0	3	1150	0	9695	11442	1256	0	0	0	0	316	0	17	22255	355054	76129	60	0	0	355309	343570	12319	0
713	-94	-2	15	38	11282	7689	246479	10	364	830117	7	11817	2	1	0	3917	28	0	3	1147	0	9688	11282	1256	0	0	0	0	316	0	17	22255	355054	76129	60	0	0	355209	343570	12319	0
712	-94	-2	15	38	11122	7689	246290	10	364	829865	7	11808	2	1	0	3913	28	0	3	1147	0	9688	11122	1256	4	259	0	240	316	0	17	22255	355054	76129	60	0	0	355109	343570	12319	0
711	-94	-2	15	38	10962	7687	245845	10	363	829483	7	11792	2	1	0	3909	28	0	3	1144	0	9681	10962	1252	0	0	0	0	312	0	17	22255	354016	75889	60	0	0	355009	343570	12319	0
710	-94	-2	15	38	10802	7687	245593	10	363	829231	7	11780	2	1	0	3905	28	0	3	1144	0	9681	10802	1252	0	0	0	0	312	0	17	22255	354016	75889	60	0	0	354909	343570	12319	0
709	-94	-2	15	38	10642	7687	245404	10	363	829042	7	11771	2	1	0	3902	28	0	3	1144	0	9681	10642	1252	0	0	0	0	312	0	17	22255	354016	75889	60	0	0	354809	343570	12319	0
708	-94	-2	15	38	10482	7685	245152	10	362	828790	7	11759	2	1	0	3898	28	0	3	1141	0	9674	10482	1252	0	0	0	0	312	0	17	22255	354016	75889	60	0	0	354709	343570	12319	0
707	-94	-2	15	38	10322	7685	244900	10	362	828538	7	11747	2	1	0	3894	28	0	3	1141	0	9674	10322	1252	0	0	0	0	312	0	17	22255	354016	75889	60	0	0	354609	343570	12319	0
706	-94	-2	15	38	10002	7683	244459	10	361	828034	7	11726	2	1	0	3886	28	0	3	1138	0	9667	10002	1252	0	0	0	0	312	0	17	22255	354016	75889	60	0	0	354409	343570	12319	0
705	-94	-2	15	38	9842	7683	244207	10	361	827845	7	11714	2	1	0	3883	28	0	3	1138	0	9667	9842	1252	0	0	0	0	312	0	17	22255	354016	75889	60	0	0	354309	343570	12319	0
704	-94	-2	15	38	9682	7681	243955	10	360	827593	7	11702	2	1	0	3879	28	0	3	1135	0	9660	9682	1252	0	0	0	0	312	0	17	22255	354016	75889	60	0	0	354209	343570	12319	0
703	-94	-2	15	38	9522	7681	243766	10	360	827341	7	11693	2	1	0	3875	28	0	3	1135	0	9660	9522	1252	1	28	0	60	312	0	17	22255	354016	75889	60	0	0	354109	343570	12319	0
702	-94	-2	15	38	9362	7679	243514	3	359	827130	7	11681	2	1	0	3871	28	0	3	1132	0	9653	9362	1251	1	420	0	60	311	0	17	22255	353988	75829	60	0	0	354009	343570	12319	0
701	-94	-2	15	38	9202	7679	243177	10	359	826815	7	11663	2	1	0	3866	28	0	3	1132	0	9653	9202	1250	0	0	0	0	310	0	17	22255	353568	75769	60	0	0	353909	343570	12319	0
700	-94	-2	15	38	9042	7677	242925	10	358	826563	7	11651	2	1	0	3862	28	0	3	1129	0	9646	9042	1250	0	0	0	0	310	0	17	22255	353568	75769	60	0	0	353809	343570	12319	0
699	-94	-2	15	38	8882	7677	242736	10	358	826374	7	11642	2	1	0	3859	28	0	3	1129	0	9646	8882	1250	0	0	0	0	310	0	17	22255	353568	75769	60	0	0	353709	343570	12319	0
698	-94	-2	15	38	8722	7677	242484	10	358	826122	7	11630	2	1	0	3855	28	0	3	1129	0	9646	8722	1250	1	498	0	60	310	0	17	22255	353568	75769	60	0	0	353609	343570	12319	0
697	-94	-2	15	38	8562	7675	242232	10	357	825870	7	11618	2	1	0	3851	28	0	3	1126	0	9639	8562	1249	0	0	0	0	309	0	17	22255	353070	75709	60	0	0	353509	343570	12319	0
696	-94	-2	15	37	8242	7673	241728	10	356	825366	7	11594	2	1	0	3843	28	0	3	1123	0	9632	8242	1249	0	0	0	0	309	0	17	22255	353070	75709	60	0	0	353309	343570	12319	0
695	-94	-2	15	37	8082	7673	241539	10	356	825114	7	11585	2	1	0	3839	28	0	3	1123	0	9632	8082	1249	0	0	0	0	309	0	17	22255	353070	75709	60	0	0	353209	343570	12319	0
694	-94	-2	15	38	7922	7673	241287	10	356	824925	7	11573	2	1	0	3836	28	0	3	1123	0	9632	7922	1249	4	258	0	240	309	0	17	22255	353070	75709	60	0	0	353109	343570	12319	0
693	-94	-2	15	39	7762	7671	241013	3	355	824651	7	11560	2	1	0	3832	28	0	3	1120	0	9625	7762	1246	0	0	0	0	306	0	17	22255	353006	75529	60	0	0	353009	343570	12319	0
692	-94	-2	15	39	7602	7671	240802	10	355	824377	7	11548	2	1	0	3827	28	0	3	1120	0	9625	7602	1245	0	0	0	0	305	0	17	22255	352036	75469	60	0	0	352909	343570	12319	0
691	-94	-2	15	39	7442	7669	240550	10	354	824125	7	11536	2	1	0	3823	28	0	3	1117	0	9618	7442	1245	0	0	0	0	305	0	17	22255	352036	75469	60	0	0	352809	343570	12319	0
690	-94	-2	15	39	7282	7669	240298	10	354	823936	7	11524	2	1	0	3820	28	0	3	1117	0	9618	7282	1245	0	0	0	0	305	0	17	22255	352036	75469	60	0	0	352709	343570	12319	0
689	-94	-2	15	38	7122	7667	240046	10	353	823684	7	11512	2	1	0	3816	28	0	3	1114	0	9611	7122	1245	0	0	0	0	305	0	17	22255	352036	75469	60	0	0	352609	343570	12319	0
688	-94	-2	15	38	6962	7667	239794	10	353	823432	7	11500	2	1	0	3812	28	0	3	1114	0	9611	6962	1245	0	0	0	0	305	0	17	22255	352036	75469	60	0	0	352509	343570	12319	0
687	-94	-2	15	39	6802	7667	239605	10	353	823243	7	11491	2	1	0	3809	28	0	3	1114	0	9611	6802	1245	0	0	0	0	305	0	17	22255	352036	75469	60	0	0	352409	343570	12319	0
686	-94	-2	15	38	6482	7665	239101	10	352	822739	7	11467	2	1	0	3801	28	0	3	1111	0	9604	6482	1245	0	0	0	0	305	0	17	22255	352036	75469	60	0	0	352209	343570	12319	0
685	-94	-2	15	39	6322	7663	238849	10	351	822487	7	11455	2	1	0	3797	28	0	3	1108	0	9597	6322	1245	2	600	0	120	305	0	17	22255	352036	75469	60	0	0	352109	343570	12319	0
684	-94	-2	15	39	6162	7663	238575	10	351	822150	7	11442	2	1	0	3792	28	0	3	1108	0	9597	6162	1243	0	0	0	0	303	0	17	22255	350836	75349	60	0	0	352009	343570	12319	0
683	-94	-2	15	40	6002	7663	238323	10	351	821961	7	11430	2	1	0	3789	28	0	3	1108	0	9597	6002	1243	0	0	0	0	303	0	17	22255	350836	75349	60	0	0	351909	343570	12319	0
682	-94	-2	15	40	5842	7661	238071	10	350	821709	7	11418	2	1	0	3785	28	0	3	1105	0	9590	5842	1243	0	0	0	0	303	0	17	22255	350836	75349	60	0	0	351809	343570	12319	0
681	-94	-2	15	39	5682	7661	237882	10	350	821457	7	11409	2	1	0	3781	28	0	3	1105	0	9590	5682	1243	0	0	0	0	303	0	17	22255	350836	75349	60	0	0	351709	343570	12319	0
680	-94	-2	15	39	5522	7659	237630	10	349	821205	7	11397	2	1	0	3777	28	0	3	1102	0	9583	5522	1243	0	0	0	0	303	0	17	22255	350836	75349	60	0	0	351609	343570	12319	0
679	-94	-2	15	39	5362	7659	237378	10	349	821016	7	11385	2	1	0	3774	28	0	3	1102	0	9583	5362	1243	0	0	0	0	303	0	17	22255	350836	75349	60	0	0	351509	343570	12319	0
678	-94	-2	15	39	5202	7657	237126	10	348	820764	7	11373	2	1	0	3770	28	0	3	1099	0	9576	5202	1243	0	0	0	0	303	0	17	22255	350836	75349	60	0	0	351409	343570	12319	0
677	-94	-2	15	39	5042	7657	236874	10	348	820512	7	11361	2	1	0	3766	28	0	3	1099	0	9576	5042	1243	0	0	0	0	303	0	17	22255	350836	75349	60	0	0	351309	343570	12319	0
676	-94	-2	15	38	4722	7655	236433	10	347	820071	7	11340	2	1	0	3759	28	0	3	1096	0	9569	4722	1243	0	0	0	0	303	0	17	22255	350836	75349	60	0	0	351109	343570	12319	0
675	-94	-2	15	38	4562	7655	236181	10	347	819819	7	11328	2	1	0	3755	28	0	3	1096	0	9569	4562	1243	0	0	0	0	303	0	17	22255	350836	75349	60	0	0	351009	343570	12319	0
674	-94	-2	15	38	4402	7653	235929	10	346	819567	7	11316	2	1	0	3751	28	0	3	1093	0	9562	4402	1243	1	210	0	60	303	0	17	22255	350836	75349	60	0	0	350909	343570	12319	0
673	-94	-2	15	39	4242	7653	235718	10	346	819293	7	11304	2	1	0	3746	28	0	3	1093	0	9562	4242	1242	0	0	0	0	302	0	17	22255	350626	75289	60	0	0	350809	343570	12319	0
672	-94	-2	15	38	4082	7653	235466	10	346	819104	7	11292	2	1	0	3743	28	0	3	1093	0	9562	4082	1242	1	240	0	60	302	0	17	22255	350626	75289	60	0	0	350709	343570	12319	0
671	-94	-2	15	38	3922	7651	235192	10	345	818830	7	11277	2	1	0	3738	28	0	3	1090	0	9555	3922	1241	0	0	0	0	301	0	17	22255	350386	75229	60	0	0	350609	343570	12319	0
670	-94	-2	15	37	3762	7651	235003	10	345	818578	7	11268	2	1	0	3734	28	0	3	1090	0	9555	3762	1241	0	0	0	0	301	0	17	22255	350386	75229	60	0	0	350509	343570	12319	0
669	-94	-2	15	38	3602	7649	234751	10	344	818326	7	11256	2	1	0	3730	28	0	3	1087	0	9548	3602	1241	1	408	0	60	301	0	17	22255	350386	75229	60	0	0	350409	343570	12319	0
668	-94	-2	15	38	3442	7649	234477	10	344	818115	7	11241	2	1	0	3726	28	0	3	1087	0	9548	3442	1240	0	0	0	0	300	0	17	22255	349978	75169	60	0	0	350309	343570	12319	0
667	-94	-2	15	38	3282	7647	234225	10	343	817863	7	11229	2	1	0	3722	28	0	3	1084	0	9541	3282	1240	0	0	0	0	300	0	17	22255	349978	75169	60	0	0	350209	343570	12319	0
666	-94	-2	15	38	2962	7647	233784	10	343	817422	7	11208	2	1	0	3715	28	0	3	1084	0	9541	2962	1240	1	92	0	60	300	0	17	22255	349978	75169	60	0	0	350009	343570	12319	0
665	-94	-2	15	38	2802	7645	233573	10	342	817148	7	11196	2	1	0	3710	28	0	3	1081	0	9534	2802	1239	1	330	0	60	299	0	17	22255	349886	75109	60	0	0	349909	343570	12319	0
664	-94	-2	15	39	2642	7645	233299	10	342	816937	7	11181	2	1	0	3706	28	0	3	1081	0	9534	2642	1238	0	0	0	0	298	0	17	22255	349556	75049	60	0	0	349809	343570	12319	0
663	-94	-2	15	39	2482	7643	233047	10	341	816685	7	11169	2	1	0	3702	28	0	3	1078	0	9527	2482	1238	0	0	0	0	298	0	17	22255	349556	75049	60	0	0	349709	343570	12319	0
662	-94	-2	15	38	2322	7643	232858	10	341	816433	7	11160	2	1	0	3698	28	0	3	1078	0	9527	2322	1238	2	50	0	120	298	0	17	22255	349556	75049	60	0	0	349609	343570	12319	0
661	-94	-2	15	38	2162	7643	232509	10	341	816147	7	11144	2	1	0	3694	28	0	3	1078	0	9527	2162	1236	2	735	0	120	296	0	17	22255	349456	74929	60	0	0	349509	343570	12319	0
660	-94	-2	15	38	2002	7641	232160	10	340	815798	7	11128	2	1	0	3689	28	0	3	1075	0	9520	2002	1234	0	0	0	0	294	0	17	22255	347986	74809	60	0	0	349409	343570	12319	0
659	-94	-2	15	38	1842	7641	231971	10	340	815546	7	11119	2	1	0	3685	28	0	3	1075	0	9520	1842	1234	0	0	0	0	294	0	17	22255	347986	74809	60	0	0	349309	343570	12319	0
658	-94	-2	15	39	1682	7639	231719	10	339	815294	7	11107	2	1	0	3681	28	0	3	1072	0	9513	1682	1234	0	0	0	0	294	0	17	22255	347986	74809	60	0	0	349209	343570	12319	0
657	-94	-2	15	39	1522	7639	231467	10	339	815105	7	11095	2	1	0	3678	28	0	3	1072	0	9513	1522	1234	0	0	0	0	294	0	17	22255	347986	74809	60	0	0	349109	343570	12319	0
656	-94	-2	15	38	1202	7637	230963	10	338	814601	7	11071	2	1	0	3670	28	0	3	1069	0	9506	1202	1234	0	0	0	0	294	0	17	22255	347986	74809	60	0	0	348909	343570	12319	0
655	-94	-2	15	38	1042	7637	230774	10	338	814412	7	11062	2	1	0	3667	28	0	3	1069	0	9506	1042	1234	0	0	0	0	294	0	17	22255	347986	74809	60	0	0	348809	343570	12319	0
654	-94	-2	15	38	882	7635	230522	10	337	814160	7	11050	2	1	0	3663	28	0	3	1066	0	9499	882	1234	0	0	0	0	294	0	17	22255	347986	74809	60	0	0	348709	343570	12319	0
653	-94	-2	15	38	722	7635	230270	10	337	813908	7	11038	2	1	0	3659	28	0	3	1066	0	9499	722	1234	0	0	0	0	294	0	17	22255	347986	74809	60	0	0	348609	343570	12319	0
652	-94	-2	15	38	562	7633	230018	10	336	813656	7	11026	2	1	0	3655	28	0	3	1063	0	9492	562	1234	0	0	0	0	294	0	17	22255	347986	74809	60	0	0	348509	343570	12319	0
651	-94	-2	15	38	402	7633	229829	10	336	813404	7	11017	2	1	0	3651	28	0	3	1063	0	9492	402	1234	0	0	0	0	294	0	17	22255	347986	74809	60	0	0	348409	343570	12319	0
650	-94	-2	15	38	242	7633	229577	10	336	813215	7	11005	2	1	0	3648	28	0	3	1063	0	9492	242	1234	0	0	0	0	294	0	17	22255	347986	74809	60	0	0	348309	343570	12319	0
649	-94	-2	15	38	82	7631	229325	10	335	812963	7	10993	2	1	0	3644	28	0	3	1060	0	9485	82	1234	0	0	0	0	294	0	17	22255	347986	74809	60	0	0	348209	343570	12319	0
648	-94	-2	15	38	16306	7631	229136	10	335	812711	7	10984	2	1	0	3640	28	0	3	1060	0	9485	16306	1234	0	0	0	0	294	0	17	22255	347986	74809	60	0	0	348109	343570	12319	0
647	-94	-2	15	38	16146	7629	228884	10	334	812459	7	10972	2	1	0	3636	28	0	3	1057	0	9478	16146	1234	1	420	0	60	294	0	17	22255	347986	74809	60	0	0	348009	343570	12319	0
646	-94	-2	15	38	15826	7627	228358	10	333	811996	7	10945	2	1	0	3628	28	0	3	1054	0	9471	15826	1233	0	0	0	0	293	0	17	22255	347566	74749	60	0	0	347809	343570	12319	0
645	-94	-2	15	38	15666	7627	228169	10	333	811744	7	10936	2	1	0	3624	28	0	3	1054	0	9471	15666	1233	0	0	0	0	293	0	17	22255	347566	74749	60	0	0	347709	343570	12319	0
644	-94	-2	15	38	15506	7627	227917	10	333	811555	7	10924	2	1	0	3621	28	0	3	1054	0	9471	15506	1233	1	578	0	60	293	0	17	22255	347566	74749	60	0	0	347609	343570	12319	0
643	-94	-2	15	38	15346	7625	227684	10	332	811322	7	10909	2	1	0	3616	28	0	3	1051	0	9464	15346	1232	0	0	0	0	292	0	17	22255	346988	74689	60	0	0	347509	343570	12319	0
642	-94	-2	15	38	15186	7625	227432	10	332	811070	7	10897	2	1	0	3612	28	0	3	1051	0	9464	15186	1232	0	0	0	0	292	0	17	22255	346988	74689	60	0	0	347409	343570	12319	0
641	-94	-2	15	38	15026	7623	227180	10	331	810818	7	10885	2	1	0	3608	28	0	3	1048	0	9457	15026	1232	0	0	0	0	292	0	17	22255	346988	74689	60	0	0	347309	343570	12319	0
640	-94	-2	15	38	14866	7623	226991	10	331	810566	7	10876	2	1	0	3604	28	0	3	1048	0	9457	14866	1232	0	0	0	0	292	0	17	22255	346988	74689	60	0	0	347209	343570	12319	0
639	-94	-2	15	38	14706	7623	226739	10	331	810377	7	10864	2	1	0	3601	28	0	3	1048	0	9457	14706	1232	0	0	0	0	292	0	17	22255	346988	74689	60	0	0	347109	343570	12319	0
638	-94	-2	15	38	14546	7621	226550	10	330	810125	7	10855	2	1	0	3597	28	0	3	1045	0	9450	14546	1232	1	170	0	60	292	0	17	22255	346988	74689	60	0	0	347009	343570	12319	0
637	-94	-2	15	38	14226	7619	225983	10	329	809558	7	10828	2	1	0	3588	28	0	3	1042	0	9443	14226	1230	0	0	0	0	290	0	17	22255	346616	74569	60	0	0	346809	343570	12319	0
636	-94	-2	15	38	14066	7619	225731	10	329	809369	7	10816	2	1	0	3585	28	0	3	1042	0	9443	14066	1230	1	58	0	60	290	0	17	22255	346616	74569	60	0	0	346709	343570	12319	0
635	-94	-2	15	38	13905	7617	225520	10	328	809095	7	10804	2	1	0	3580	28	0	3	1039	0	9436	13905	1229	1	172	0	60	289	0	17	22255	346558	74509	60	0	0	346608	343570	12319	0
634	-94	-2	15	38	13746	7617	225205	10	328	808843	7	10789	2	1	0	3576	28	0	3	1039	0	9436	13746	1228	0	0	0	0	288	0	17	22255	346386	74449	60	0	0	346509	343570	12319	0
633	-94	-2	15	40	13586	7617	225016	10	328	808591	7	10780	2	1	0	3572	28	0	3	1039	0	9436	13586	1228	1	980	0	60	288	0	17	22255	346386	74449	60	0	0	346409	343570	12319	0
632	-94	-2	15	38	13426	7615	224742	10	327	808380	7	10765	2	1	0	3568	28	0	3	1036	0	9429	13426	1227	0	0	0	0	287	0	17	22255	345406	74389	60	0	0	346309	343570	12319	0
631	-94	-2	15	38	13266	7615	224490	10	327	808128	7	10753	2	1	0	3564	28	0	3	1036	0	9429	13266	1227	0	0	0	0	287	0	17	22255	345406	74389	60	0	0	346209	343570	12319	0
630	-94	-2	15	38	13106	7613	224238	10	326	807876	7	10741	2	1	0	3560	28	0	3	1033	0	9422	13106	1227	0	0	0	0	287	0	17	22255	345406	74389	60	0	0	346109	343570	12319	0
629	-94	-2	15	38	12946	7613	224049	10	326	807624	7	10732	2	1	0	3556	28	0	3	1033	0	9422	12946	1227	0	0	0	0	287	0	17	22255	345406	74389	60	0	0	346009	343570	12319	0
628	-94	-2	15	38	12786	7613	223797	10	326	807435	7	10720	2	1	0	3553	28	0	3	1033	0	9422	12786	1227	0	0	0	0	287	0	17	22255	345406	74389	60	0	0	345909	343570	12319	0
627	-94	-2	15	37	12466	7611	223356	10	325	806931	7	10699	2	1	0	3545	28	0	3	1030	0	9415	12466	1227	0	0	0	0	287	0	17	22255	345406	74389	60	0	0	345709	343570	12319	0
626	-94	-2	15	37	12306	7609	223104	10	324	806679	7	10687	2	1	0	3541	28	0	3	1027	0	9408	12306	1227	0	0	0	0	287	0	17	22255	345406	74389	60	0	0	345609	343570	12319	0
625	-94	-2	15	37	12146	7609	222852	10	324	806490	7	10675	2	1	0	3538	28	0	3	1027	0	9408	12146	1227	1	392	0	60	287	0	17	22255	345406	74389	60	0	0	345509	343570	12319	0
624	-94	-2	15	38	11986	7609	222663	3	324	806279	7	10666	2	1	0	3534	28	0	3	1027	0	9408	11986	1227	0	0	0	0	287	0	17	22255	345406	74389	60	0	0	345409	343570	12319	0
623	-94	-2	15	38	11826	7607	222367	10	323	806005	7	10648	2	1	0	3529	28	0	3	1024	0	9401	11826	1226	0	0	0	0	286	0	17	22255	345014	74329	60	0	0	345309	343570	12319	0
622	-94	-2	15	38	11666	7607	222178	10	323	805816	7	10639	2	1	0	3526	28	0	3	1024	0	9401	11666	1226	0	0	0	0	286	0	17	22255	345014	74329	60	0	0	345209	343570	12319	0
621	-94	-2	15	38	11506	7605	221926	10	322	805564	7	10627	2	1	0	3522	28	0	3	1021	0	9394	11506	1226	1	28	0	60	286	0	17	22255	345014	74329	60	0	0	345109	343570	12319	0
620	-94	-2	15	38	11346	7605	221737	10	322	805312	7	10618	2	1	0	3518	28	0	3	1021	0	9394	11346	1225	1	168	0	60	285	0	17	22255	344986	74269	60	0	0	345009	343570	12319	0
619	-94	-2	15	38	11186	7603	221463	10	321	805101	7	10603	2	1	0	3514	28	0	3	1018	0	9387	11186	1224	1	202	0	60	284	0	17	22255	344818	74209	60	0	0	344909	343570	12319	0
618	-94	-2	15	38	11026	7603	221252	10	321	804827	7	10591	2	1	0	3509	28	0	3	1018	0	9387	11026	1223	0	0	0	0	283	0	17	22255	344616	74149	60	0	0	344809	343570	12319	0
617	-94	-2	15	38	10706	7601	220811	3	320	804427	7	10570	2	1	0	3502	28	0	3	1015	0	9380	10706	1222	0	0	0	0	282	0	17	22255	344376	74089	60	0	0	344609	343570	12319	0
616	-94	-2	15	38	10546	7601	220537	10	320	804112	7	10555	2	1	0	3497	28	0	3	1015	0	9380	10546	1222	0	0	0	0	282	0	17	22255	344376	74089	60	0	0	344509	343570	12319	0
615	-94	-2	15	38	10386	7599	220285	10	319	803923	7	10543	2	1	0	3494	28	0	3	1012	0	9373	10386	1222	1	560	0	60	282	0	17	22255	344376	74089	60	0	0	344409	343570	12319	0
614	-94	-2	15	38	10226	7599	220011	10	319	803649	7	10528	2	1	0	3489	28	0	3	1012	0	9373	10226	1221	0	0	0	0	281	0	17	22255	343816	74029	60	0	0	344309	343570	12319	0
613	-94	-2	15	38	10066	7597	219759	10	318	803397	7	10516	2	1	0	3485	28	0	3	1009	0	9366	10066	1221	0	0	0	0	281	0	17	22255	343816	74029	60	0	0	344209	343570	12319	0
612	-94	-2	15	38	9906	7597	219507	10	318	803145	7	10504	2	1	0	3481	28	0	3	1009	0	9366	9906	1221	0	0	0	0	281	0	17	22255	343816	74029	60	0	0	344109	343570	12319	0
611	-94	-2	15	38	9746	7597	219318	10	318	802956	7	10495	2	1	0	3478	28	0	3	1009	0	9366	9746	1221	0	0	0	0	281	0	17	22255	343816	74029	60	0	0	344009	343570	12319	0
610	-94	-2	15	38	9586	7595	219066	10	317	802704	7	10483	2	1	0	3474	28	0	3	1006	0	9359	9586	1221	1	210	0	60	281	0	17	22255	343816	74029	60	0	0	343909	343570	12319	0
609	-94	-2	15	38	9426	7595	218877	3	317	802493	7	10474	2	1	0	3470	28	0	3	1006	0	9359	9426	1220	0	0	0	0	280	0	17	22255	343606	73969	60	0	0	343809	343570	12319	0
608	-94	-2	15	38	9265	7593	218540	10	316	802178	405	10456	383	3	0	3465	28	24	6	1003	0	9352	9265	1220	1	90	0	60	280	0	17	22255	343606	73969	60	0	0	343708	343570	12319	0
607	-94	-2	15	38	8945	7210	218118	10	315	801693	7	10432	2	1	0	3456	28	0	3	997	0	8947	8945	1218	0	0	0	0	278	0	16	21876	343376	73839	59	0	0	343508	343332	12319	0
606	-94	-2	15	38	8785	7208	217866	10	314	801504	437	10420	428	3	0	3453	28	25	6	994	0	8940	8785	1218	1	88	0	60	278	424	16	21876	343376	73839	59	1	13026	343408	343332	12319	0
605	-94	-2	15	38	8625	6780	217592	10	313	801230	7	10405	2	1	0	3448	28	0	3	988	0	8503	8625	1217	1	2310	0	72	277	0	15	21452	343288	73779	58	0	0	343308	330306	12319	0
604	-94	-2	15	38	8466	6778	217340	10	312	800915	7	10393	2	1	0	3443	28	0	3	985	0	8496	8466	1216	0	0	0	0	276	0	15	21452	340978	73707	58	0	0	343209	330306	12319	0
603	-94	-2	15	38	8306	6778	217088	10	312	800726	7	10381	2	1	0	3440	28	0	3	985	0	8496	8306	1216	0	0	0	0	276	0	15	21452	340978	73707	58	0	0	343109	330306	12319	0
602	-94	-2	15	38	8146	6776	216836	10	311	800474	7	10369	2	1	0	3436	28	0	3	982	0	8489	8146	1216	0	0	0	0	276	0	15	21452	340978	73707	58	0	0	343009	330306	12319	0
601	-94	-2	15	38	7986	6776	216584	10	311	800222	7	10357	2	1	0	3432	28	0	3	982	0	8489	7986	1216	0	0	0	0	276	0	15	21452	340978	73707	58	0	0	342909	330306	12319	0
600	-94	-2	15	38	7826	6776	216395	10	311	800033	7	10348	2	1	0	3429	28	0	3	982	0	8489	7826	1216	0	0	0	0	276	0	15	21452	340978	73707	58	0	0	342809	330306	12319	0
599	-94	-2	15	38	7666	6774	216143	10	310	799781	7	10336	2	1	0	3425	28	0	3	979	0	8482	7666	1216	0	0	0	0	276	0	15	21452	340978	73707	58	0	0	342709	330306	12319	0
598	-94	-2	15	38	7506	6774	215891	10	310	799529	7	10324	2	1	0	3421	28	0	3	979	0	8482	7506	1216	0	0	0	0	276	0	15	21452	340978	73707	58	0	0	342609	330306	12319	0
597	-94	-2	15	38	7186	6772	215450	10	309	799025	7	10303	2	1	0	3413	28	0	3	976	0	8475	7186	1216	0	0	0	0	276	0	15	21452	340978	73707	58	0	0	342409	330306	12319	0
596	-94	-2	15	38	7026	6772	215198	10	309	798836	7	10291	2	1	0	3410	28	0	3	976	0	8475	7026	1216	0	0	0	0	276	0	15	21452	340978	73707	58	0	0	342309	330306	12319	0
595	-94	-2	15	38	6865	6770	214946	10	308	798584	7	10279	2	1	0	3406	28	0	3	973	0	8468	6865	1216	0	0	0	0	276	0	15	21452	340978	73707	58	0	0	342208	330306	12319	0
594	-94	-2	15	38	6706	6770	214757	10	308	798332	7	10270	2	1	0	3402	28	0	3	973	0	8468	6706	1216	0	0	0	0	276	0	15	21452	340978	73707	58	0	0	342109	330306	12319	0
593	-94	-2	15	38	6546	6768	214505	10	307	798080	7	10258	2	1	0	3398	28	0	3	970	0	8461	6546	1216	0	0	0	0	276	0	15	21452	340978	73707	58	0	0	342009	330306	12319	0
592	-94	-2	15	38	6386	6768	214253	10	307	797891	7	10246	2	1	0	3395	28	0	3	970	0	8461	6386	1216	0	0	0	0	276	0	15	21452	340978	73707	58	0	0	341909	330306	12319	0
591	-94	-2	15	38	6226	6766	214001	10	306	797639	7	10234	2	1	0	3391	28	0	3	967	0	8454	6226	1216	0	0	0	0	276	0	15	21452	340978	73707	58	0	0	341809	330306	12319	0
590	-94	-2	15	38	6066	6766	213749	10	306	797387	7	10222	2	1	0	3387	28	0	3	967	0	8454	6066	1216	0	0	0	0	276	0	15	21452	340978	73707	58	0	0	341709	330306	12319	0
589	-94	-2	15	38	5905	6766	213560	10	306	797198	7	10213	2	1	0	3384	28	0	3	967	0	8454	5905	1216	0	0	0	0	276	0	15	21452	340978	73707	58	0	0	341608	330306	12319	0
588	-94	-2	15	38	5586	6764	213056	10	305	796694	7	10189	2	1	0	3376	28	0	3	964	0	8447	5586	1216	0	0	0	0	276	0	15	21452	340978	73707	58	0	0	341409	330306	12319	0
587	-94	-2	15	38	5426	6762	212867	10	304	796442	7	10180	2	1	0	3372	28	0	3	961	0	8440	5426	1216	0	0	0	0	276	0	15	21452	340978	73707	58	0	0	341309	330306	12319	0
586	-94	-2	15	38	5266	6762	212615	10	304	796253	7	10168	2	1	0	3369	28	0	3	961	0	8440	5266	1216	0	0	0	0	276	0	15	21452	340978	73707	58	0	0	341209	330306	12319	0
585	-94	-2	15	38	5105	6762	212363	10	304	796001	7	10156	2	1	0	3365	28	0	3	961	0	8440	5105	1216	0	0	0	0	276	0	15	21452	340978	73707	58	0	0	341108	330306	12319	0
584	-94	-2	15	38	4946	6760	212174	10	303	795812	7	10147	2	1	0	3362	28	0	3	958	0	8433	4946	1216	2	1002	0	120	276	0	15	21452	340978	73707	58	0	0	341009	330306	12319	0
583	-94	-2	15	38	4786	6760	211888	10	303	795463	7	10134	2	1	0	3357	28	0	3	958	0	8433	4786	1214	0	0	0	0	274	0	15	21452	338974	73587	58	0	0	340909	330306	12319	0
582	-94	-2	15	38	4626	6758	211636	10	302	795211	7	10122	2	1	0	3353	28	0	3	955	0	8426	4626	1214	0	0	0	0	274	0	15	21452	338974	73587	58	0	0	340809	330306	12319	0
581	-94	-2	15	38	4465	6758	211384	10	302	795022	7	10110	2	1	0	3350	28	0	3	955	0	8426	4465	1214	0	0	0	0	274	0	15	21452	338974	73587	58	0	0	340708	330306	12319	0
580	-94	-2	15	38	4306	6756	211132	10	301	794770	7	10098	2	1	0	3346	28	0	3	952	0	8419	4306	1214	0	0	0	0	274	0	15	21452	338974	73587	58	0	0	340609	330306	12319	0
579	-94	-2	15	38	4146	6756	210880	10	301	794518	7	10086	2	1	0	3342	28	0	3	952	0	8419	4146	1214	0	0	0	0	274	0	15	21452	338974	73587	58	0	0	340509	330306	12319	0
578	-94	-2	15	38	3825	6754	210439	10	300	794077	7	10065	2	1	0	3335	28	0	3	949	0	8412	3825	1214	0	0	0	0	274	0	15	21452	338974	73587	58	0	0	340308	330306	12319	0
577	-94	-2	15	38	3666	6754	210187	10	300	793825	7	10053	2	1	0	3331	28	0	3	949	0	8412	3666	1214	0	0	0	0	274	0	15	21452	338974	73587	58	0	0	340209	330306	12319	0
576	-94	-2	15	37	3506	6752	209935	10	299	793573	7	10041	2	1	0	3327	28	0	3	946	0	8405	3506	1214	0	0	0	0	274	0	15	21452	338974	73587	58	0	0	340109	330306	12319	0
575	-94	-2	15	37	3346	6752	209746	10	299	793321	7	10032	2	1	0	3323	28	0	3	946	0	8405	3346	1214	0	0	0	0	274	0	15	21452	338974	73587	58	0	0	340009	330306	12319	0
574	-94	-2	15	37	3185	6752	209494	10	299	793132	7	10020	2	1	0	3320	28	0	3	946	0	8405	3185	1214	0	0	0	0	274	0	15	21452	338974	73587	58	0	0	339908	330306	12319	0
573	-94	-2	15	37	3025	6750	209242	10	298	792880	7	10008	2	1	0	3316	28	0	3	943	0	8398	3025	1214	0	0	0	0	274	0	15	21452	338974	73587	58	0	0	339808	330306	12319	0
572	-94	-2	15	37	2865	6750	209053	10	298	792628	7	9999	2	1	0	3312	28	0	3	943	0	8398	2865	1214	0	0	0	0	274	0	15	21452	338974	73587	58	0	0	339708	330306	12319	0
571	-94	-2	15	37	2705	6748	208801	10	297	792376	7	9987	2	1	0	3308	28	0	3	940	0	8391	2705	1214	0	0	0	0	274	0	15	21452	338974	73587	58	0	0	339608	330306	12319	0
570	-94	-2	15	37	2545	6748	208549	10	297	792187	7	9975	2	1	0	3305	28	0	3	940	0	8391	2545	1214	0	0	0	0	274	0	15	21452	338974	73587	58	0	0	339508	330306	12319	0
569	-94	-2	15	37	2385	6746	208297	10	296	791935	7	9963	2	1	0	3301	28	0	3	937	0	8384	2385	1214	0	0	0	0	274	0	15	21452	338974	73587	58	0	0	339408	330306	12319	0
568	-94	-2	15	37	2065	6746	207856	10	296	791494	7	9942	2	1	0	3294	28	0	3	937	0	8384	2065	1214	0	0	0	0	274	0	15	21452	338974	73587	58	0	0	339208	330306	12319	0
567	-94	-2	15	37	1906	6744	207667	10	295	791242	7	9933	2	1	0	3290	28	0	3	934	0	8377	1906	1214	0	0	0	0	274	0	15	21452	338974	73587	58	0	0	339109	330306	12319	0
566	-94	-2	15	37	1746	6744	207415	10	295	791053	7	9921	2	1	0	3287	28	0	3	934	0	8377	1746	1214	2	494	0	120	274	0	15	21452	338974	73587	58	0	0	339009	330306	12319	0
565	-94	-2	15	37	1586	6742	207078	10	294	790716	7	9903	2	1	0	3281	28	0	3	931	0	8370	1586	1212	0	0	0	0	272	0	15	21452	337986	73467	58	0	0	338909	330306	12319	0
564	-94	-2	15	37	1425	6742	206889	10	294	790464	7	9894	2	1	0	3277	28	0	3	931	0	8370	1425	1212	0	0	0	0	272	0	15	21452	337986	73467	58	0	0	338808	330306	12319	0
563	-94	-2	15	37	1265	6742	206637	10	294	790275	7	9882	2	1	0	3274	28	0	3	931	0	8370	1265	1212	0	0	0	0	272	0	15	21452	337986	73467	58	0	0	338708	330306	12319	0
562	-94	-2	15	37	1105	6740	206385	10	293	790023	7	9870	2	1	0	3270	28	0	3	928	0	8363	1105	1212	0	0	0	0	272	0	15	21452	337986	73467	58	0	0	338608	330306	12319	0
561	-94	-2	15	37	945	6740	206196	10	293	789771	7	9861	2	1	0	3266	28	0	3	928	0	8363	945	1212	0	0	0	0	272	0	15	21452	337986	73467	58	0	0	338508	330306	12319	0
560	-94	-2	15	37	785	6738	205944	10	292	789582	7	9849	2	1	0	3263	28	0	3	925	0	8356	785	1212	0	0	0	0	272	0	15	21452	337986	73467	58	0	0	338408	330306	12319	0
559	-94	-2	15	37	625	6738	205692	10	292	789330	7	9837	2	1	0	3259	28	0	3	925	0	8356	625	1212	0	0	0	0	272	0	15	21452	337986	73467	58	0	0	338308	330306	12319	0
558	-94	-2	15	37	305	6736	205251	10	291	788889	7	9816	2	1	0	3252	28	0	3	922	0	8349	305	1212	0	0	0	0	272	0	15	21452	337986	73467	58	0	0	338108	330306	12319	0
557	-94	-2	15	33	145	6736	205062	10	291	788637	7	9807	2	1	0	3248	28	0	3	922	0	8349	145	1212	2	305	0	120	272	0	15	21452	337986	73467	58	0	0	338008	330306	12319	0
556	-94	-2	15	37	16369	6734	204697	10	290	788335	7	9791	2	1	0	3244	28	0	3	919	0	8342	16369	1210	0	0	0	0	270	0	15	21452	337376	73347	58	0	0	337908	330306	12319	0
555	-94	-2	15	37	16209	6734	204445	10	290	788083	7	9779	2	1	0	3240	28	0	3	919	0	8342	16209	1210	0	0	0	0	270	0	15	21452	337376	73347	58	0	0	337808	330306	12319	0
554	-94	-2	15	37	16049	6732	204256	10	289	787831	7	9770	2	1	0	3236	28	0	3	916	0	8335	16049	1210	0	0	0	0	270	0	15	21452	337376	73347	58	0	0	337708	330306	12319	0
553	-94	-2	15	37	15889	6732	204004	10	289	787642	7	9758	2	1	0	3233	28	0	3	916	0	8335	15889	1210	0	0	0	0	270	0	15	21452	337376	73347	58	0	0	337608	330306	12319	0
552	-94	-2	15	37	15729	6732	203752	10	289	787390	7	9746	2	1	0	3229	28	0	3	916	0	8335	15729	1210	0	0	0	0	270	0	15	21452	337376	73347	58	0	0	337508	330306	12319	0
551	-94	-2	15	37	15569	6730	203563	10	288	787201	7	9737	2	1	0	3226	28	0	3	913	0	8328	15569	1210	1	4010	0	60	270	0	15	21452	337376	73347	58	0	0	337408	330306	12319	0
550	-94	-2	15	37	15409	6730	203352	10	288	786927	7	9725	2	1	0	3221	28	0	3	913	0	8328	15409	1209	0	0	0	0	269	0	15	21452	333366	73287	58	0	0	337308	330306	12319	0
549	-94	-2	15	37	15089	6728	202848	10	287	786486	7	9701	2	1	0	3214	28	0	3	910	0	8321	15089	1209	0	0	0	0	269	0	15	21452	333366	73287	58	0	0	337108	330306	12319	0
548	-94	-2	15	37	14929	6726	202596	10	286	786234	7	9689	2	1	0	3210	28	0	3	907	0	8314	14929	1209	0	0	0	0	269	0	15	21452	333366	73287	58	0	0	337008	330306	12319	0
547	-94	-2	15	37	14769	6726	202344	10	286	785982	7	9677	2	1	0	3206	28	0	3	907	0	8314	14769	1209	0	0	0	0	269	0	15	21452	333366	73287	58	0	0	336908	330306	12319	0
546	-94	-2	15	37	14609	6726	202155	10	286	785793	7	9668	2	1	0	3203	28	0	3	907	0	8314	14609	1209	0	0	0	0	269	0	15	21452	333366	73287	58	0	0	336808	330306	12319	0
545	-94	-2	15	37	14449	6724	201903	10	285	785541	7	9656	2	1	0	3199	28	0	3	904	0	8307	14449	1209	0	0	0	0	269	0	15	21452	333366	73287	58	0	0	336708	330306	12319	0
544	-94	-2	15	37	14289	6724	201651	10	285	785289	7	9644	2	1	0	3195	28	0	3	904	0	8307	14289	1209	0	0	0	0	269	0	15	21452	333366	73287	58	0	0	336608	330306	12319	0
543	-94	-2	15	37	14129	6722	201399	10	284	785037	7	9632	2	1	0	3191	28	0	3	901	0	8300	14129	1209	0	0	0	0	269	0	15	21452	333366	73287	58	0	0	336508	330306	12319	0
542	-94	-2	15	37	13969	6722	201210	10	284	784785	7	9623	2	1	0	3187	28	0	3	901	0	8300	13969	1209	0	0	0	0	269	0	15	21452	333366	73287	58	0	0	336408	330306	12319	0
541	-94	-2	15	37	13809	6722	200958	10	284	784596	7	9611	2	1	0	3184	28	0	3	901	0	8300	13809	1209	0	0	0	0	269	0	15	21452	333366	73287	58	0	0	336308	330306	12319	0
540	-94	-2	15	37	13649	6720	200706	10	283	784344	7	9599	2	1	0	3180	28	0	3	898	0	8293	13649	1209	0	0	0	0	269	0	15	21452	333366	73287	58	0	0	336208	330306	12319	0
539	-94	-2	15	37	13329	6718	200265	10	282	783840	7	9578	2	1	0	3172	28	0	3	895	0	8286	13329	1209	0	0	0	0	269	0	15	21452	333366	73287	58	0	0	336008	330306	12319	0
538	-94	-2	15	37	13169	6718	200013	10	282	783651	7	9566	2	1	0	3169	28	0	3	895	0	8286	13169	1209	0	0	0	0	269	0	15	21452	333366	73287	58	0	0	335908	330306	12319	0
537	-94	-2	15	37	13009	6716	199761	10	281	783399	7	9554	2	1	0	3165	28	0	3	892	0	8279	13009	1209	0	0	0	0	269	0	15	21452	333366	73287	58	0	0	335808	330306	12319	0
536	-94	-2	15	37	12849	6716	199509	10	281	783147	7	9542	2	1	0	3161	28	0	3	892	0	8279	12849	1209	0	0	0	0	269	0	15	21452	333366	73287	58	0	0	335708	330306	12319	0
535	-94	-2	15	37	12689	6716	199320	10	281	782958	7	9533	2	1	0	3158	28	0	3	892	0	8279	12689	1209	0	0	0	0	269	0	15	21452	333366	73287	58	0	0	335608	330306	12319	0
534	-94	-2	15	37	12529	6714	199068	10	280	782706	7	9521	2	1	0	3154	28	0	3	889	0	8272	12529	1209	0	0	0	0	269	0	15	21452	333366	73287	58	0	0	335508	330306	12319	0
533	-94	-2	15	37	12369	6714	198816	10	280	782454	7	9509	2	1	0	3150	28	0	3	889	0	8272	12369	1209	0	0	0	0	269	0	15	21452	333366	73287	58	0	0	335408	330306	12319	0
532	-94	-2	15	37	12209	6712	198564	10	279	782202	7	9497	2	1	0	3146	28	0	3	886	0	8265	12209	1209	0	0	0	0	269	0	15	21452	333366	73287	58	0	0	335308	330306	12319	0
531	-94	-2	15	37	12049	6712	198375	10	279	781950	7	9488	2	1	0	3142	28	0	3	886	0	8265	12049	1209	0	0	0	0	269	0	15	21452	333366	73287	58	0	0	335208	330306	12319	0
530	-94	-2	15	37	11889	6712	198123	10	279	781761	7	9476	2	1	0	3139	28	0	3	886	0	8265	11889	1209	0	0	0	0	269	0	15	21452	333366	73287	58	0	0	335108	330306	12319	0
529	-94	-2	15	37	11569	6710	197682	10	278	781257	7	9455	2	1	0	3131	28	0	3	883	0	8258	11569	1209	0	0	0	0	269	0	15	21452	333366	73287	58	0	0	334908	330306	12319	0
528	-94	-2	15	37	11409	6708	197430	10	277	781005	7	9443	2	1	0	3127	28	0	3	880	0	8251	11409	1209	0	0	0	0	269	0	15	21452	333366	73287	58	0	0	334808	330306	12319	0
527	-94	-2	15	37	11249	6708	197178	10	277	780816	7	9431	2	1	0	3124	28	0	3	880	0	8251	11249	1209	0	0	0	0	269	0	15	21452	333366	73287	58	0	0	334708	330306	12319	0
526	-94	-2	15	37	11089	6706	196926	10	276	780564	7	9419	2	1	0	3120	28	0	3	877	0	8244	11089	1209	0	0	0	0	269	0	15	21452	333366	73287	58	0	0	334608	330306	12319	0
525	-94	-2	15	37	10929	6706	196674	10	276	780312	7	9407	2	1	0	3116	28	0	3	877	0	8244	10929	1209	0	0	0	0	269	0	15	21452	333366	73287	58	0	0	334508	330306	12319	0
524	-94	-2	15	37	10769	6706	196485	10	276	780123	7	9398	2	1	0	3113	28	0	3	877	0	8244	10769	1209	0	0	0	0	269	0	15	21452	333366	73287	58	0	0	334408	330306	12319	0
523	-94	-2	15	37	10609	6704	196233	10	275	779871	7	9386	2	1	0	3109	28	0	3	874	0	8237	10609	1209	0	0	0	0	269	0	15	21452	333366	73287	58	0	0	334308	330306	12319	0
522	-94	-2	15	37	10449	6704	195981	10	275	779619	7	9374	2	1	0	3105	28	0	3	874	0	8237	10449	1209	0	0	0	0	269	0	15	21452	333366	73287	58	0	0	334208	330306	12319	0
521	-94	-2	15	37	10289	6702	195729	10	274	779367	7	9362	2	1	0	3101	28	0	3	871	0	8230	10289	1209	0	0	0	0	269	0	15	21452	333366	73287	58	0	0	334108	330306	12319	0
520	-94	-2	15	37	10129	6702	195540	10	274	779115	7	9353	2	1	0	3097	28	0	3	871	0	8230	10129	1209	0	0	0	0	269	0	15	21452	333366	73287	58	0	0	334008	330306	12319	0
519	-94	-2	15	37	9809	6700	195036	10	273	778674	7	9329	2	1	0	3090	28	0	3	868	0	8223	9809	1209	0	0	0	0	269	0	15	21452	333366	73287	58	0	0	333808	330306	12319	0
518	-94	-2	15	37	9649	6700	194847	10	273	778422	7	9320	2	1	0	3086	28	0	3	868	0	8223	9649	1209	0	0	0	0	269	0	15	21452	333366	73287	58	0	0	333708	330306	12319	0
517	-94	-2	15	37	9489	6698	194595	10	272	778170	7	9308	2	1	0	3082	28	0	3	865	0	8216	9489	1209	0	0	0	0	269	0	15	21452	333366	73287	58	0	0	333608	330306	12319	0
516	-94	-2	15	37	9329	6698	194343	10	272	777981	7	9296	2	1	0	3079	28	0	3	865	0	8216	9329	1209	0	0	0	0	269	0	15	21452	333366	73287	58	0	0	333508	330306	12319	0
515	-94	-2	15	37	9169	6696	194091	10	271	777729	7	9284	2	1	0	3075	28	0	3	862	0	8209	9169	1209	1	342	0	60	269	0	15	21452	333366	73287	58	0	0	333408	330306	12319	0
514	-94	-2	15	37	9009	6696	193817	10	271	777455	7	9269	2	1	0	3070	28	0	3	862	0	8209	9009	1208	0	0	0	0	268	0	15	21452	333024	73227	58	0	0	333308	330306	12319	0
513	-94	-2	15	37	8849	6696	193628	10	271	777266	7	9260	2	1	0	3067	28	0	3	862	0	8209	8849	1208	0	0	0	0	268	0	15	21452	333024	73227	58	0	0	333208	330306	12319	0
512	-94	-2	15	37	8689	6694	193376	10	270	776951	7	9248	2	1	0	3062	28	0	3	859	0	8202	8689	1208	1	28	0	60	268	0	15	21452	333024	73227	58	0	0	333108	330306	12319	0
511	-94	-2	15	37	8529	6694	193124	3	270	776762	7	9236	2	1	0	3059	28	0	3	859	0	8202	8529	1207	2	544	0	120	267	0	15	21452	332996	73167	58	0	0	333008	330306	12319	0
510	-94	-2	15	37	8369	6692	192787	10	269	776425	7	9218	2	1	0	3053	28	0	3	856	0	8195	8369	1205	0	0	0	0	265	0	15	21452	331908	73047	58	0	0	332908	330306	12319	0
509	-94	-2	15	37	8049	6692	192346	10	269	775984	7	9197	2	1	0	3046	28	0	3	856	0	8195	8049	1205	0	0	0	0	265	0	15	21452	331908	73047	58	0	0	332708	330306	12319	0
508	-94	-2	15	37	7889	6690	192094	10	268	775732	7	9185	2	1	0	3042	28	0	3	853	0	8188	7889	1205	0	0	0	0	265	0	15	21452	331908	73047	58	0	0	332608	330306	12319	0
507	-94	-2	15	37	7729	6690	191905	10	268	775480	7	9176	2	1	0	3038	28	0	3	853	0	8188	7729	1205	0	0	0	0	265	0	15	21452	331908	73047	58	0	0	332508	330306	12319	0
506	-94	-2	15	37	7569	6688	191653	10	267	775228	7	9164	2	1	0	3034	28	0	3	850	0	8181	7569	1205	0	0	0	0	265	0	15	21452	331908	73047	58	0	0	332408	330306	12319	0
505	-94	-2	15	37	7409	6688	191401	10	267	775039	7	9152	2	1	0	3031	28	0	3	850	0	8181	7409	1205	0	0	0	0	265	0	15	21452	331908	73047	58	0	0	332308	330306	12319	0
504	-94	-2	15	37	7249	6686	191149	10	266	774787	7	9140	2	1	0	3027	28	0	3	847	0	8174	7249	1205	0	0	0	0	265	0	15	21452	331908	73047	58	0	0	332208	330306	12319	0
503	-94	-2	15	37	7089	6686	190897	10	266	774535	7	9128	2	1	0	3023	28	0	3	847	0	8174	7089	1205	0	0	0	0	265	0	15	21452	331908	73047	58	0	0	332108	330306	12319	0
502	-94	-2	15	37	6929	6686	190708	10	266	774346	7	9119	2	1	0	3020	28	0	3	847	0	8174	6929	1205	1	440	0	60	265	0	15	21452	331908	73047	58	0	0	332008	330306	12319	0
501	-94	-2	15	37	6769	6684	190456	10	265	774031	7	9107	2	1	0	3015	28	0	3	844	0	8167	6769	1204	0	0	0	0	264	0	15	21452	331468	72987	58	0	0	331908	330306	12319	0
500	-94	-2	15	37	6449	6682	189889	10	264	773527	7	9080	2	1	0	3007	28	0	3	841	0	8160	6449	1204	0	0	0	0	264	0	15	21452	331468	72987	58	0	0	331708	330306	12319	0
499	-94	-2	15	37	6289	6682	189700	10	264	773275	7	9071	2	1	0	3003	28	0	3	841	0	8160	6289	1204	0	0	0	0	264	0	15	21452	331468	72987	58	0	0	331608	330306	12319	0
498	-94	-2	15	37	6129	6682	189448	10	264	773086	7	9059	2	1	0	3000	28	0	3	841	0	8160	6129	1204	1	120	0	60	264	0	15	21452	331468	72987	58	0	0	331508	330306	12319	0
497	-94	-2	15	37	5969	6680	189174	10	263	772812	7	9044	2	1	0	2995	28	0	3	838	0	8153	5969	1203	1	1014	0	60	263	0	15	21452	331348	72927	58	0	0	331408	330306	12319	0
496	-94	-2	15	37	5809	6680	188922	10	263	772497	7	9032	2	1	0	2990	28	0	3	838	0	8153	5809	1202	0	0	0	0	262	0	15	21452	330334	72867	58	0	0	331308	330306	12319	0
495	-94	-2	15	37	5649	6678	188670	10	262	772245	7	9020	2	1	0	2986	28	0	3	835	0	8146	5649	1202	0	0	0	0	262	0	15	21452	330334	72867	58	0	0	331208	330306	12319	0
494	-94	-2	15	37	5489	6678	188418	10	262	772056	7	9008	2	1	0	2983	28	0	3	835	0	8146	5489	1202	0	0	0	0	262	0	15	21452	330334	72867	58	0	0	331108	330306	12319	0
493	-94	-2	15	37	5329	6676	188166	10	261	771804	7	8996	2	1	0	2979	28	0	3	832	0	8139	5329	1202	0	0	0	0	262	0	15	21452	330334	72867	58	0	0	331008	330306	12319	0
492	-94	-2	15	37	5169	6676	187914	10	261	771552	7	8984	2	1	0	2975	28	0	3	832	0	8139	5169	1202	0	0	0	0	262	0	15	21452	330334	72867	58	0	0	330908	330306	12319	0
491	-94	-2	15	37	5009	6676	187725	10	261	771363	7	8975	2	1	0	2972	28	0	3	832	0	8139	5009	1202	0	0	0	0	262	0	15	21452	330334	72867	58	0	0	330808	330306	12319	0
490	-94	-2	15	37	4689	6674	187284	10	260	770859	7	8954	2	1	0	2964	28	0	3	829	0	8132	4689	1202	0	0	0	0	262	0	15	21452	330334	72867	58	0	0	330608	330306	12319	0
489	-94	-2	15	37	4529	6672	187032	10	259	770670	373	8942	370	3	0	2961	28	23	6	826	0	8125	4529	1202	0	0	0	0	262	0	15	21452	330334	72867	58	0	0	330508	330306	12319	0
488	-94	-2	15	37	4369	6672	186780	10	259	770418	373	8930	370	3	0	2957	28	23	6	826	0	8125	4369	1202	1	78	0	60	262	366	15	21452	330334	72867	58	1	7276	330408	330306	12319	0
487	-94	-2	15	37	4209	6672	186569	10	259	770207	373	8918	370	3	0	2953	28	23	6	826	0	8125	4209	1201	1	170	0	67	261	0	15	21452	330256	72807	58	0	0	330308	330306	12319	0
486	-94	-2	15	37	4049	6300	186295	10	257	769933	7	8903	2	1	0	2948	28	0	3	817	0	7745	4049	1200	0	0	0	0	260	0	14	21086	330086	72740	57	0	0	330208	323030	12319	0
485	-94	-2	15	37	3889	6300	186106	10	257	769681	7	8894	2	1	0	2944	28	0	3	817	0	7745	3889	1200	2	540	0	120	260	0	14	21086	330086	72740	57	0	0	330108	323030	12319	0
484	-94	-2	15	37	3729	6298	185757	10	256	769332	7	8878	2	1	0	2939	28	0	3	814	0	7738	3729	1198	0	0	0	0	258	0	14	21086	329006	72620	57	0	0	330008	323030	12319	0
483	-94	-2	15	37	3569	6298	185505	10	256	769143	7	8866	2	1	0	2936	28	0	3	814	0	7738	3569	1198	0	0	0	0	258	0	14	21086	329006	72620	57	0	0	329908	323030	12319	0
482	-94	-2	15	37	3409	6296	185253	10	255	768891	7	8854	2	1	0	2932	28	0	3	811	0	7731	3409	1198	0	0	0	0	258	0	14	21086	329006	72620	57	0	0	329808	323030	12319	0
481	-94	-2	15	37	3249	6296	185001	10	255	768639	7	8842	2	1	0	2928	28	0	3	811	0	7731	3249	1198	0	0	0	0	258	0	14	21086	329006	72620	57	0	0	329708	323030	12319	0
480	-94	-2	15	37	2929	6294	184560	10	254	768198	7	8821	2	1	0	2921	28	0	3	808	0	7724	2929	1198	0	0	0	0	258	0	14	21086	329006	72620	57	0	0	329508	323030	12319	0
479	-94	-2	15	37	2769	6294	184308	10	254	767946	7	8809	2	1	0	2917	28	0	3	808	0	7724	2769	1198	0	0	0	0	258	0	14	21086	329006	72620	57	0	0	329408	323030	12319	0
478	-94	-2	15	37	2609	6292	184119	10	253	767694	7	8800	2	1	0	2913	28	0	3	805	0	7717	2609	1198	0	0	0	0	258	0	14	21086	329006	72620	57	0	0	329308	323030	12319	0
477	-94	-2	15	37	2449	6292	183867	10	253	767505	7	8788	2	1	0	2910	28	0	3	805	0	7717	2449	1198	0	0	0	0	258	0	14	21086	329006	72620	57	0	0	329208	323030	12319	0
476	-94	-2	15	37	2289	6292	183615	10	253	767253	7	8776	2	1	0	2906	28	0	3	805	0	7717	2289	1198	1	2008	0	60	258	0	14	21086	329006	72620	57	0	0	329108	323030	12319	0
475	-94	-2	15	37	2129	6290	183426	3	252	767064	7	8767	2	1	0	2903	28	0	3	802	0	7710	2129	1198	0	0	0	0	258	0	14	21086	329006	72620	57	0	0	329008	323030	12319	0
474	-94	-2	15	37	1969	6290	183215	10	252	766790	7	8755	2	1	0	2898	28	0	3	802	0	7710	1969	1197	0	0	0	0	257	0	14	21086	326998	72560	57	0	0	328908	323030	12319	0
473	-94	-2	15	37	1809	6288	182963	10	251	766538	7	8743	2	1	0	2894	28	0	3	799	0	7703	1809	1197	0	0	0	0	257	0	14	21086	326998	72560	57	0	0	328808	323030	12319	0
472	-94	-2	15	37	1649	6288	182711	10	251	766349	7	8731	2	1	0	2891	28	0	3	799	0	7703	1649	1197	0	0	0	0	257	0	14	21086	326998	72560	57	0	0	328708	323030	12319	0
471	-94	-2	15	37	1489	6286	182459	10	250	766097	7	8719	2	1	0	2887	28	0	3	796	0	7696	1489	1197	0	0	0	0	257	0	14	21086	326998	72560	57	0	0	328608	323030	12319	0
470	-94	-2	15	37	1169	6286	182018	10	250	765656	7	8698	2	1	0	2880	28	0	3	796	0	7696	1169	1197	0	0	0	0	257	0	14	21086	326998	72560	57	0	0	328408	323030	12319	0
469	-94	-2	15	37	1009	6284	181766	10	249	765404	7	8686	2	1	0	2876	28	0	3	793	0	7689	1009	1197	0	0	0	0	257	0	14	21086	326998	72560	57	0	0	328308	323030	12319	0
468	-94	-2	15	37	849	6284	181514	10	249	765152	7	8674	2	1	0	2872	28	0	3	793	0	7689	849	1197	0	0	0	0	257	0	14	21086	326998	72560	57	0	0	328208	323030	12319	0
467	-94	-2	15	37	689	6282	181262	10	248	764900	7	8662	2	1	0	2868	28	0	3	790	0	7682	689	1197	0	0	0	0	257	0	14	21086	326998	72560	57	0	0	328108	323030	12319	0
466	-94	-2	15	37	529	6282	181073	10	248	764648	7	8653	2	1	0	2864	28	0	3	790	0	7682	529	1197	0	0	0	0	257	0	14	21086	326998	72560	57	0	0	328008	323030	12319	0
465	-94	-2	15	37	369	6282	180821	10	248	764459	7	8641	2	1	0	2861	28	0	3	790	0	7682	369	1197	0	0	0	0	257	0	14	21086	326998	72560	57	0	0	327908	323030	12319	0
464	-94	-2	15	37	209	6280	180569	10	247	764207	7	8629	2	1	0	2857	28	0	3	787	0	7675	209	1197	0	0	0	0	257	0	14	21086	326998	72560	57	0	0	327808	323030	12319	0
463	-94	-2	15	37	49	6280	180380	10	247	763955	7	8620	2	1	0	2853	28	0	3	787	0	7675	49	1197	0	0	0	0	257	0	14	21086	326998	72560	57	0	0	327708	323030	12319	0
462	-94	-2	15	37	16273	6278	180128	10	246	763703	7	8608	2	1	0	2849	28	0	3	784	0	7668	16273	1197	0	0	0	0	257	0	14	21086	326998	72560	57	0	0	327608	323030	12319	0
461	-94	-2	15	37	16113	6278	179876	10	246	763514	7	8596	2	1	0	2846	28	0	3	784	0	7668	16113	1197	0	0	0	0	257	0	14	21086	326998	72560	57	0	0	327508	323030	12319	0
460	-94	-2	15	37	15793	6276	179435	10	245	763073	7	8575	2	1	0	2839	28	0	3	781	0	7661	15793	1197	0	0	0	0	257	0	14	21086	326998	72560	57	0	0	327308	323030	12319	0
459	-94	-2	15	37	15633	6276	179183	10	245	762821	7	8563	2	1	0	2835	28	0	3	781	0	7661	15633	1197	0	0	0	0	257	0	14	21086	326998	72560	57	0	0	327208	323030	12319	0
458	-94	-2	15	37	15473	6274	178994	10	244	762569	7	8554	2	1	0	2831	28	0	3	778	0	7654	15473	1197	0	0	0	0	257	0	14	21086	326998	72560	57	0	0	327108	323030	12319	0
457	-94	-2	15	37	15313	6274	178742	10	244	762380	7	8542	2	1	0	2828	28	0	3	778	0	7654	15313	1197	1	912	0	60	257	0	14	21086	326998	72560	57	0	0	327008	323030	12319	0
456	-94	-2	15	37	15153	6272	178427	10	243	762065	7	8527	2	1	0	2823	28	0	3	775	0	7647	15153	1196	0	0	0	0	256	0	14	21086	326086	72500	57	0	0	326908	323030	12319	0
455	-94	-2	15	37	14993	6272	178238	10	243	761813	7	8518	2	1	0	2819	28	0	3	775	0	7647	14993	1196	0	0	0	0	256	0	14	21086	326086	72500	57	0	0	326808	323030	12319	0
454	-94	-2	15	37	14833	6272	177986	10	243	761624	7	8506	2	1	0	2816	28	0	3	775	0	7647	14833	1196	0	0	0	0	256	0	14	21086	326086	72500	57	0	0	326708	323030	12319	0
453	-94	-2	15	37	14673	6270	177734	10	242	761372	7	8494	2	1	0	2812	28	0	3	772	0	7640	14673	1196	0	0	0	0	256	0	14	21086	326086	72500	57	0	0	326608	323030	12319	0
452	-94	-2	15	37	14513	6270	177545	10	242	761120	7	8485	2	1	0	2808	28	0	3	772	0	7640	14513	1196	0	0	0	0	256	0	14	21086	326086	72500	57	0	0	326508	323030	12319	0
451	-94	-2	15	37	14193	6268	177041	10	241	760679	7	8461	2	1	0	2801	28	0	3	769	0	7633	14193	1196	0	0	0	0	256	0	14	21086	326086	72500	57	0	0	326308	323030	12319	0
450	-94	-2	15	37	14033	6266	176789	10	240	760427	7	8449	2	1	0	2797	28	0	3	766	0	7626	14033	1196	0	0	0	0	256	0	14	21086	326086	72500	57	0	0	326208	323030	12319	0
449	-94	-2	15	37	13873	6266	176600	10	240	760175	7	8440	2	1	0	2793	28	0	3	766	0	7626	13873	1196	2	45	0	120	256	0	14	21086	326086	72500	57	0	0	326108	323030	12319	0
448	-94	-2	15	37	13713	6266	176285	3	240	759923	7	8425	2	1	0	2789	28	0	3	766	0	7626	13713	1194	1	730	0	60	254	0	14	21086	325996	72380	57	0	0	326008	323030	12319	0
447	-94	-2	15	37	13553	6264	176011	10	239	759649	7	8410	2	1	0	2784	28	0	3	763	0	7619	13553	1193	0	0	0	0	253	0	14	21086	325266	72320	57	0	0	325908	323030	12319	0
446	-94	-2	15	37	13393	6264	175759	10	239	759397	7	8398	2	1	0	2780	28	0	3	763	0	7619	13393	1193	0	0	0	0	253	0	14	21086	325266	72320	57	0	0	325808	323030	12319	0
445	-94	-2	15	37	13233	6262	175570	10	238	759145	7	8389	2	1	0	2776	28	0	3	760	0	7612	13233	1193	0	0	0	0	253	0	14	21086	325266	72320	57	0	0	325708	323030	12319	0
444	-94	-2	15	37	13073	6262	175318	10	238	758956	7	8377	2	1	0	2773	28	0	3	760	0	7612	13073	1193	0	0	0	0	253	0	14	21086	325266	72320	57	0	0	325608	323030	12319	0
443	-94	-2	15	37	12913	6262	175066	10	238	758704	7	8365	2	1	0	2769	28	0	3	760	0	7612	12913	1193	0	0	0	0	253	0	14	21086	325266	72320	57	0	0	325508	323030	12319	0
442	-94	-2	15	37	12753	6260	174877	10	237	758515	7	8356	2	1	0	2766	28	0	3	757	0	7605	12753	1193	0	0	0	0	253	0	14	21086	325266	72320	57	0	0	325408	323030	12319	0
441	-94	-2	15	37	12433	6258	174414	10	236	758052	7	8332	2	1	0	2758	28	0	3	754	0	7598	12433	1192	0	0	0	0	252	0	14	21086	324982	72260	57	0	0	325208	323030	12319	0
440	-94	-2	15	37	12273	6258	174162	10	236	757800	7	8320	2	1	0	2754	28	0	3	754	0	7598	12273	1192	0	0	0	0	252	0	14	21086	324982	72260	57	0	0	325108	323030	12319	0
439	-94	-2	15	37	12113	6256	173973	10	235	757548	7	8311	2	1	0	2750	28	0	3	751	0	7591	12113	1192	2	458	0	120	252	0	14	21086	324982	72260	57	0	0	325008	323030	12319	0
438	-94	-2	15	37	11952	6256	173699	10	235	757337	7	8296	2	1	0	2746	28	0	3	751	0	7591	11952	1190	0	0	0	0	250	0	14	21086	324066	72140	57	0	0	324907	323030	12319	0
437	-94	-2	15	37	11793	6256	173510	10	235	757148	7	8287	2	1	0	2743	28	0	3	751	0	7591	11793	1190	0	0	0	0	250	0	14	21086	324066	72140	57	0	0	324808	323030	12319	0
436	-94	-2	15	37	11633	6254	173258	10	234	756896	7	8275	2	1	0	2739	28	0	3	748	0	7584	11633	1190	0	0	0	0	250	0	14	21086	324066	72140	57	0	0	324708	323030	12319	0
435	-94	-2	15	37	11473	6254	173006	10	234	756644	7	8263	2	1	0	2735	28	0	3	748	0	7584	11473	1190	0	0	0	0	250	0	14	21086	324066	72140	57	0	0	324608	323030	12319	0
434	-94	-2	15	37	11313	6252	172817	10	233	756392	7	8254	2	1	0	2731	28	0	3	745	0	7577	11313	1190	0	0	0	0	250	0	14	21086	324066	72140	57	0	0	324508	323030	12319	0
433	-94	-2	15	37	11153	6252	172565	10	233	756203	7	8242	2	1	0	2728	28	0	3	745	0	7577	11153	1190	0	0	0	0	250	0	14	21086	324066	72140	57	0	0	324408	323030	12319	0
432	-94	-2	15	37	10993	6252	172313	10	233	755951	7	8230	2	1	0	2724	28	0	3	745	0	7577	10993	1190	0	0	0	0	250	0	14	21086	324066	72140	57	0	0	324308	323030	12319	0
431	-94	-2	15	37	10673	6250	171872	10	232	755510	7	8209	2	1	0	2717	28	0	3	742	0	7570	10673	1190	2	85	0	120	250	0	14	21086	324066	72140	57	0	0	324108	323030	12319	0
430	-94	-2	15	37	10513	6248	171570	10	231	755145	7	8196	2	1	0	2712	28	0	3	739	0	7563	10513	1188	0	0	0	0	248	0	14	21086	323896	72020	57	0	0	324008	323030	12319	0
429	-94	-2	15	40	10353	6248	171318	3	231	754956	7	8184	2	1	0	2709	28	0	3	739	0	7563	10353	1188	1	420	0	60	248	0	14	21086	323896	72020	57	0	0	323908	323030	12319	0
428	-94	-2	15	37	10193	6246	171044	10	230	754682	7	8169	2	1	0	2704	28	0	3	736	0	7556	10193	1187	0	0	0	0	247	0	14	21086	323476	71960	57	0	0	323808	323030	12319	0
427	-94	-2	15	37	10033	6246	170792	10	230	754430	7	8157	2	1	0	2700	28	0	3	736	0	7556	10033	1187	0	0	0	0	247	0	14	21086	323476	71960	57	0	0	323708	323030	12319	0
426	-94	-2	15	37	9873	6246	170603	10	230	754241	7	8148	2	1	0	2697	28	0	3	736	0	7556	9873	1187	0	0	0	0	247	0	14	21086	323476	71960	57	0	0	323608	323030	12319	0
425	-94	-2	15	37	9713	6244	170351	10	229	753989	7	8136	2	1	0	2693	28	0	3	733	0	7549	9713	1187	1	410	0	60	247	0	14	21086	323476	71960	57	0	0	323508	323030	12319	0
424	-94	-2	15	37	9553	6244	170077	10	229	753715	7	8121	2	1	0	2688	28	0	3	733	0	7549	9553	1186	0	0	0	0	246	0	14	21086	323066	71900	57	0	0	323408	323030	12319	0
423	-94	-2	15	37	9393	6242	169825	10	228	753463	7	8109	2	1	0	2684	28	0	3	730	0	7542	9393	1186	0	0	0	0	246	0	14	21086	323066	71900	57	0	0	323308	323030	12319	0
422	-94	-2	15	37	9233	6242	169636	10	228	753211	7	8100	2	1	0	2680	28	0	3	730	0	7542	9233	1186	0	0	0	0	246	0	14	21086	323066	71900	57	0	0	323208	323030	12319	0
421	-94	-2	15	37	8913	5562	169035	13	226	752673	7	8072	2	1	0	2672	28	0	3	718	0	6842	8913	1184	0	0	0	0	244	0	12	20416	323006	71780	55	0	0	323008	322040	12319	0
420	-94	-2	15	37	8753	5562	168733	10	226	752308	7	8059	2	1	0	2667	28	0	3	718	0	6842	8753	1182	0	0	0	0	242	0	12	20416	322084	71645	55	0	0	322908	322040	12319	0
419	-94	-2	15	37	8593	5560	168481	10	225	752056	7	8047	2	1	0	2663	28	0	3	715	0	6835	8593	1182	0	0	0	0	242	0	12	20416	322084	71645	55	0	0	322808	322040	12319	0
418	-94	-2	15	37	8433	5560	168229	10	225	751867	7	8035	2	1	0	2660	28	0	3	715	0	6835	8433	1182	0	0	0	0	242	0	12	20416	322084	71645	55	0	0	322708	322040	12319	0
417	-94	-2	15	37	8273	5558	167977	10	224	751615	7	8023	2	1	0	2656	28	0	3	712	0	6828	8273	1182	0	0	0	0	242	0	12	20416	322084	71645	55	0	0	322608	322040	12319	0
416	-94	-2	15	37	8113	5558	167725	10	224	751363	7	8011	2	1	0	2652	28	0	3	712	0	6828	8113	1182	0	0	0	0	242	0	12	20416	322084	71645	55	0	0	322508	322040	12319	0
415	-94	-2	15	37	7953	5558	167536	10	224	751174	7	8002	2	1	0	2649	28	0	3	712	0	6828	7953	1182	0	0	0	0	242	0	12	20416	322084	71645	55	0	0	322408	322040	12319	0
414	-94	-2	15	37	7793	5556	167284	10	223	750922	7	7990	2	1	0	2645	28	0	3	709	0	6821	7793	1182	0	0	0	0	242	0	12	20416	322084	71645	55	0	0	322308	322040	12319	0
413	-94	-2	15	37	7633	5556	167032	10	223	750670	7	7978	2	1	0	2641	28	0	3	709	0	6821	7633	1182	0	0	0	0	242	0	12	20416	322084	71645	55	0	0	322208	322040	12319	0
412	-94	-2	15	37	7313	5169	166588	10	221	750163	7	7951	2	1	0	2631	28	0	3	700	0	6409	7313	1180	0	0	0	0	240	0	11	20035	321002	71507	54	0	0	322008	280146	12319	0
411	-94	-2	15	37	7153	5169	166336	10	221	749974	7	7939	2	1	0	2628	28	0	3	700	0	6409	7153	1180	0	0	0	0	240	0	11	20035	321002	71507	54	0	0	321908	280146	12319	0
410	-94	-2	15	37	6993	5167	166084	10	220	749722	7	7927	2	1	0	2624	28	0	3	697	0	6402	6993	1180	0	0	0	0	240	0	11	20035	321002	71507	54	0	0	321808	280146	12319	0
409	-94	-2	15	37	6833	5167	165895	10	220	749470	7	7918	2	1	0	2620	28	0	3	697	0	6402	6833	1180	0	0	0	0	240	0	11	20035	321002	71507	54	0	0	321708	280146	12319	0
408	-94	-2	15	37	6673	5165	165643	10	219	749218	7	7906	2	1	0	2616	28	0	3	694	0	6395	6673	1180	0	0	0	0	240	0	11	20035	321002	71507	54	0	0	321608	280146	12319	0
407	-94	-2	15	37	6513	5165	165391	10	219	749029	7	7894	2	1	0	2613	28	0	3	694	0	6395	6513	1180	0	0	0	0	240	0	11	20035	321002	71507	54	0	0	321508	280146	12319	0
406	-94	-2	15	37	6353	5163	165139	10	218	748777	7	7882	2	1	0	2609	28	0	3	691	0	6388	6353	1180	0	0	0	0	240	0	11	20035	321002	71507	54	0	0	321408	280146	12319	0
405	-94	-2	15	37	6193	5163	164950	10	218	748525	7	7873	2	1	0	2605	28	0	3	691	0	6388	6193	1180	0	0	0	0	240	0	11	20035	321002	71507	54	0	0	321308	280146	12319	0
404	-94	-2	15	37	6033	5163	164698	10	218	748336	7	7861	2	1	0	2602	28	0	3	691	0	6388	6033	1180	0	0	0	0	240	0	11	20035	321002	71507	54	0	0	321208	280146	12319	0
403	-94	-2	15	37	5873	5161	164509	10	217	748084	7	7852	2	1	0	2598	28	0	3	688	0	6381	5873	1180	1	56	0	60	240	0	11	20035	321002	71507	54	0	0	321108	280146	12319	0
402	-94	-2	15	37	5553	5159	163983	10	216	747621	7	7825	2	1	0	2590	28	0	3	685	0	6374	5553	1178	0	0	0	0	238	0	11	20035	319886	71387	54	0	0	320908	280146	12319	0
401	-94	-2	15	37	5393	5159	163794	10	216	747369	7	7816	2	1	0	2586	28	0	3	685	0	6374	5393	1178	0	0	0	0	238	0	11	20035	319886	71387	54	0	0	320808	280146	12319	0
400	-94	-2	15	37	5233	5159	163542	10	216	747180	7	7804	2	1	0	2583	28	0	3	685	0	6374	5233	1178	0	0	0	0	238	0	11	20035	319886	71387	54	0	0	320708	280146	12319	0
399	-94	-2	15	37	5073	5157	163290	10	215	746928	7	7792	2	1	0	2579	28	0	3	682	0	6367	5073	1178	0	0	0	0	238	0	11	20035	319886	71387	54	0	0	320608	280146	12319	0
398	-94	-2	15	37	4913	5157	163101	10	215	746676	7	7783	2	1	0	2575	28	0	3	682	0	6367	4913	1178	0	0	0	0	238	0	11	20035	319886	71387	54	0	0	320508	280146	12319	0
397	-94	-2	15	37	4753	5155	162849	10	214	746424	7	7771	2	1	0	2571	28	0	3	679	0	6360	4753	1178	0	0	0	0	238	0	11	20035	319886	71387	54	0	0	320408	280146	12319	0
396	-94	-2	15	37	4593	5155	162597	10	214	746235	7	7759	2	1	0	2568	28	0	3	679	0	6360	4593	1178	0	0	0	0	238	0	11	20035	319886	71387	54	0	0	320308	280146	12319	0
395	-94	-2	15	37	4433	5153	162345	10	213	745983	7	7747	2	1	0	2564	28	0	3	676	0	6353	4433	1178	0	0	0	0	238	0	11	20035	319886	71387	54	0	0	320208	280146	12319	0
394	-94	-2	15	37	4273	5153	162156	10	213	745731	7	7738	2	1	0	2560	28	0	3	676	0	6353	4273	1178	0	0	0	0	238	0	11	20035	319886	71387	54	0	0	320108	280146	12319	0
393	-94	-2	15	37	4113	5153	161904	10	213	745542	7	7726	2	1	0	2557	28	0	3	676	0	6353	4113	1178	0	0	0	0	238	0	11	20035	319886	71387	54	0	0	320008	280146	12319	0
392	-94	-2	15	37	3793	5151	161441	10	212	745079	7	7702	2	1	0	2549	28	0	3	673	0	6346	3793	1177	0	0	0	0	237	0	11	20035	319696	71327	54	0	0	319808	280146	12319	0
391	-94	-2	15	37	3633	5149	161189	20	211	744827	7	7690	2	1	0	2545	28	0	3	670	0	6339	3633	1177	5	44	0	300	237	0	11	20035	319696	71327	54	0	0	319708	280146	12319	0
390	-94	-2	15	37	3473	5149	160675	10	211	744250	7	7675	2	1	0	2540	28	0	3	670	0	6339	3473	1172	0	0	0	0	232	0	11	20035	319476	71027	54	0	0	319608	280146	12319	0
389	-94	-2	15	37	3313	5149	160423	10	211	744061	7	7663	2	1	0	2537	28	0	3	670	0	6339	3313	1172	3	32	0	180	232	0	11	20035	319476	71027	54	0	0	319508	280146	12319	0
388	-94	-2	15	37	3153	5147	160064	10	210	743702	7	7644	2	1	0	2531	28	0	3	667	0	6332	3153	1169	2	212	0	120	229	0	11	20035	319378	70847	54	0	0	319408	280146	12319	0
387	-94	-2	15	37	2993	5147	159778	10	210	743353	7	7631	2	1	0	2526	28	0	3	667	0	6332	2993	1167	0	0	0	0	227	0	11	20035	318954	70727	54	0	0	319308	280146	12319	0
386	-94	-2	15	37	2833	5145	159526	10	209	743164	7	7619	2	1	0	2523	28	0	3	664	0	6325	2833	1167	0	0	0	0	227	0	11	20035	318954	70727	54	0	0	319208	280146	12319	0
385	-94	-2	15	37	2673	5145	159274	10	209	742912	7	7607	2	1	0	2519	28	0	3	664	0	6325	2673	1167	0	0	0	0	227	0	11	20035	318954	70727	54	0	0	319108	280146	12319	0
384	-94	-2	15	37	2513	5143	159085	10	208	742660	7	7598	2	1	0	2515	28	0	3	661	0	6318	2513	1167	2	494	0	120	227	0	11	20035	318954	70727	54	0	0	319008	280146	12319	0
383	-94	-2	15	38	2353	5143	158748	10	208	742386	7	7580	2	1	0	2510	28	0	3	661	0	6318	2353	1165	0	0	0	0	225	0	11	20035	317966	70607	54	0	0	318908	280146	12319	0
382	-94	-2	15	38	2033	5141	158307	10	207	741945	7	7559	2	1	0	2503	28	0	3	658	0	6311	2033	1165	0	0	0	0	225	0	11	20035	317966	70607	54	0	0	318708	280146	12319	0
381	-94	-2	15	38	1873	5141	158055	10	207	741693	7	7547	2	1	0	2499	28	0	3	658	0	6311	1873	1165	0	0	0	0	225	0	11	20035	317966	70607	54	0	0	318608	280146	12319	0
380	-94	-2	15	38	1713	5139	157803	10	206	741441	7	7535	2	1	0	2495	28	0	3	655	0	6304	1713	1165	0	0	0	0	225	0	11	20035	317966	70607	54	0	0	318508	280146	12319	0
379	-94	-2	15	38	1553	5139	157614	10	206	741189	7	7526	2	1	0	2491	28	0	3	655	0	6304	1553	1165	0	0	0	0	225	0	11	20035	317966	70607	54	0	0	318408	280146	12319	0
378	-94	-2	15	38	1393	5139	157362	10	206	741000	7	7514	2	1	0	2488	28	0	3	655	0	6304	1393	1165	0	0	0	0	225	0	11	20035	317966	70607	54	0	0	318308	280146	12319	0
377	-94	-2	15	38	1233	5137	157110	10	205	740748	7	7502	2	1	0	2484	28	0	3	652	0	6297	1233	1165	0	0	0	0	225	0	11	20035	317966	70607	54	0	0	318208	280146	12319	0
376	-94	-2	15	38	1073	5137	156921	10	205	740559	7	7493	2	1	0	2481	28	0	3	652	0	6297	1073	1165	0	0	0	0	225	0	11	20035	317966	70607	54	0	0	318108	280146	12319	0
375	-94	-2	15	38	913	5135	156669	10	204	740307	7	7481	2	1	0	2477	28	0	3	649	0	6290	913	1165	2	44	0	120	225	0	11	20035	317966	70607	54	0	0	318008	280146	12319	0
374	-94	-2	15	38	753	5135	156417	10	204	740055	7	7469	2	1	0	2473	28	0	3	649	0	6290	753	1163	1	110	0	60	223	0	11	20035	317878	70487	54	0	0	317908	280146	12319	0
373	-94	-2	15	38	593	5133	156102	10	203	739740	7	7454	2	1	0	2468	28	0	3	646	0	6283	593	1162	1	312	0	60	222	0	11	20035	317768	70427	54	0	0	317808	280146	12319	0
372	-94	-2	15	38	273	5133	155598	10	203	739236	7	7430	2	1	0	2460	28	0	3	646	0	6283	273	1161	0	0	0	0	221	0	11	20035	317456	70367	54	0	0	317608	280146	12319	0
371	-94	-2	15	38	113	5131	155409	10	202	738984	7	7421	2	1	0	2456	28	0	3	643	0	6276	113	1161	3	19	0	180	221	0	11	20035	317456	70367	54	0	0	317508	280146	12319	0
370	-94	-2	15	38	16337	5131	155072	3	202	738710	7	7405	2	1	0	2452	28	0	3	643	0	6276	16337	1159	1	162	0	60	219	0	11	20035	317402	70247	54	0	0	317408	280146	12319	0
369	-94	-2	15	38	16177	5129	154735	10	201	738373	7	7387	2	1	0	2446	28	0	3	640	0	6269	16177	1157	1	360	0	60	217	0	11	20035	317236	70127	54	0	0	317308	280146	12319	0
368	-94	-2	15	38	16017	5129	154524	10	201	738099	7	7375	2	1	0	2441	28	0	3	640	0	6269	16017	1156	0	0	0	0	216	0	11	20035	316876	70067	54	0	0	317208	280146	12319	0
367	-94	-2	15	38	15857	5129	154272	10	201	737910	7	7363	2	1	0	2438	28	0	3	640	0	6269	15857	1156	0	0	0	0	216	0	11	20035	316876	70067	54	0	0	317108	280146	12319	0
366	-94	-2	15	38	15697	5127	154020	10	200	737658	7	7351	2	1	0	2434	28	0	3	637	0	6262	15697	1156	0	0	0	0	216	0	11	20035	316876	70067	54	0	0	317008	280146	12319	0
365	-94	-2	15	38	15537	5127	153831	10	200	737469	7	7342	2	1	0	2431	28	0	3	637	0	6262	15537	1156	1	420	0	60	216	0	11	20035	316876	70067	54	0	0	316908	280146	12319	0
364	-94	-2	15	38	15377	5125	153557	10	199	737132	7	7327	2	1	0	2425	28	0	3	634	0	6255	15377	1155	0	0	0	0	215	0	11	20035	316456	70007	54	0	0	316808	280146	12319	0
363	-94	-2	15	38	15057	5123	153053	10	198	736691	7	7303	2	1	0	2418	28	0	3	631	0	6248	15057	1155	0	0	0	0	215	0	11	20035	316456	70007	54	0	0	316608	280146	12319	0
362	-94	-2	15	38	14897	5123	152864	10	198	736439	7	7294	2	1	0	2414	28	0	3	631	0	6248	14897	1155	1	3220	0	60	215	0	11	20035	316456	70007	54	0	0	316508	280146	12319	0
361	-94	-2	15	38	14737	5123	152590	10	198	736228	7	7279	2	1	0	2410	28	0	3	631	0	6248	14737	1154	0	0	0	0	214	0	11	20035	313236	69947	54	0	0	316408	280146	12319	0
360	-94	-2	15	38	14577	5121	152338	10	197	735976	7	7267	2	1	0	2406	28	0	3	628	0	6241	14577	1154	0	0	0	0	214	0	11	20035	313236	69947	54	0	0	316308	280146	12319	0
359	-94	-2	15	38	14417	5121	152086	10	197	735724	7	7255	2	1	0	2402	28	0	3	628	0	6241	14417	1154	0	0	0	0	214	0	11	20035	313236	69947	54	0	0	316208	280146	12319	0
358	-94	-2	15	38	14257	5119	151834	10	196	735472	7	7243	2	1	0	2398	28	0	3	625	0	6234	14257	1154	0	0	0	0	214	0	11	20035	313236	69947	54	0	0	316108	280146	12319	0
357	-94	-2	15	38	14097	5119	151645	10	196	735220	7	7234	2	1	0	2394	28	0	3	625	0	6234	14097	1154	0	0	0	0	214	0	11	20035	313236	69947	54	0	0	316008	280146	12319	0
356	-94	-2	15	38	13937	5119	151393	10	196	735031	7	7222	2	1	0	2391	28	0	3	625	0	6234	13937	1154	0	0	0	0	214	0	11	20035	313236	69947	54	0	0	315908	280146	12319	0
355	-94	-2	15	38	13777	5117	151141	10	195	734779	7	7210	2	1	0	2387	28	0	3	622	0	6227	13777	1154	0	0	0	0	214	0	11	20035	313236	69947	54	0	0	315808	280146	12319	0
354	-94	-2	15	38	13617	5117	150952	10	195	734527	7	7201	2	1	0	2383	28	0	3	622	0	6227	13617	1154	0	0	0	0	214	0	11	20035	313236	69947	54	0	0	315708	280146	12319	0
353	-94	-2	15	38	13297	5115	150448	10	194	734086	7	7177	2	1	0	2376	28	0	3	619	0	6220	13297	1154	0	0	0	0	214	0	11	20035	313236	69947	54	0	0	315508	280146	12319	0
352	-94	-2	15	38	13137	5113	150196	10	193	733834	7	7165	2	1	0	2372	28	0	3	616	0	6213	13137	1154	0	0	0	0	214	0	11	20035	313236	69947	54	0	0	315408	280146	12319	0
351	-94	-2	15	38	12977	5113	149944	10	193	733582	7	7153	2	1	0	2368	28	0	3	616	0	6213	12977	1154	0	0	0	0	214	0	11	20035	313236	69947	54	0	0	315308	280146	12319	0
350	-94	-2	15	38	12817	5113	149755	10	193	733393	7	7144	2	1	0	2365	28	0	3	616	0	6213	12817	1154	0	0	0	0	214	0	11	20035	313236	69947	54	0	0	315208	280146	12319	0
349	-94	-2	15	38	12657	5111	149503	10	192	733141	7	7132	2	1	0	2361	28	0	3	613	0	6206	12657	1154	0	0	0	0	214	0	11	20035	313236	69947	54	0	0	315108	280146	12319	0
348	-94	-2	15	38	12497	5111	149251	10	192	732889	7	7120	2	1	0	2357	28	0	3	613	0	6206	12497	1154	0	0	0	0	214	0	11	20035	313236	69947	54	0	0	315008	280146	12319	0
347	-94	-2	15	38	12337	5109	148999	10	191	732637	7	7108	2	1	0	2353	28	0	3	610	0	6199	12337	1154	0	0	0	0	214	0	11	20035	313236	69947	54	0	0	314908	280146	12319	0
346	-94	-2	15	38	12177	5109	148810	10	191	732385	7	7099	2	1	0	2349	28	0	3	610	0	6199	12177	1154	0	0	0	0	214	0	11	20035	313236	69947	54	0	0	314808	280146	12319	0
345	-94	-2	15	38	12017	5109	148558	10	191	732196	7	7087	2	1	0	2346	28	0	3	610	0	6199	12017	1154	0	0	0	0	214	0	11	20035	313236	69947	54	0	0	314708	280146	12319	0
344	-94	-2	15	38	11857	5107	148306	10	190	731944	7	7075	2	1	0	2342	28	0	3	607	0	6192	11857	1154	0	0	0	0	214	0	11	20035	313236	69947	54	0	0	314608	280146	12319	0
343	-94	-2	15	38	11537	5105	147865	10	189	731440	7	7054	2	1	0	2334	28	0	3	604	0	6185	11537	1154	0	0	0	0	214	0	11	20035	313236	69947	54	0	0	314408	280146	12319	0
342	-94	-2	15	38	11377	5105	147613	10	189	731251	7	7042	2	1	0	2331	28	0	3	604	0	6185	11377	1154	0	0	0	0	214	0	11	20035	313236	69947	54	0	0	314308	280146	12319	0
341	-94	-2	15	38	11217	5103	147361	10	188	730999	7	7030	2	1	0	2327	28	0	3	601	0	6178	11217	1154	0	0	0	0	214	0	11	20035	313236	69947	54	0	0	314208	280146	12319	0
340	-94	-2	15	38	11057	5103	147109	10	188	730747	7	7018	2	1	0	2323	28	0	3	601	0	6178	11057	1154	0	0	0	0	214	0	11	20035	313236	69947	54	0	0	314108	280146	12319	0
339	-94	-2	15	38	10897	5103	146920	10	188	730558	7	7009	2	1	0	2320	28	0	3	601	0	6178	10897	1154	0	0	0	0	214	0	11	20035	313236	69947	54	0	0	314008	280146	12319	0
338	-94	-2	15	38	10737	5101	146668	10	187	730306	7	6997	2	1	0	2316	28	0	3	598	0	6171	10737	1154	0	0	0	0	214	0	11	20035	313236	69947	54	0	0	313908	280146	12319	0
337	-94	-2	15	38	10577	5101	146416	10	187	730054	7	6985	2	1	0	2312	28	0	3	598	0	6171	10577	1154	0	0	0	0	214	0	11	20035	313236	69947	54	0	0	313808	280146	12319	0
336	-94	-2	15	38	10417	5099	146164	10	186	729802	7	6973	2	1	0	2308	28	0	3	595	0	6164	10417	1154	0	0	0	0	214	0	11	20035	313236	69947	54	0	0	313708	280146	12319	0
335	-94	-2	15	38	10257	5099	145975	10	186	729550	7	6964	2	1	0	2304	28	0	3	595	0	6164	10257	1154	0	0	0	0	214	0	11	20035	313236	69947	54	0	0	313608	280146	12319	0
334	-94	-2	15	38	10097	5099	145723	10	186	729361	7	6952	2	1	0	2301	28	0	3	595	0	6164	10097	1154	0	0	0	0	214	0	11	20035	313236	69947	54	0	0	313508	280146	12319	0
333	-94	-2	15	38	9777	5097	145282	10	185	728857	7	6931	2	1	0	2293	28	0	3	592	0	6157	9777	1154	1	290	0	60	214	0	11	20035	313236	69947	54	0	0	313308	280146	12319	0
332	-94	-2	15	38	9617	5095	145008	10	184	728583	7	6916	2	1	0	2288	28	0	3	589	0	6150	9617	1153	0	0	0	0	213	0	11	20035	312946	69887	54	0	0	313208	280146	12319	0
331	-94	-2	15	38	9457	5095	144756	10	184	728394	7	6904	2	1	0	2285	28	0	3	589	0	6150	9457	1153	0	0	0	0	213	0	11	20035	312946	69887	54	0	0	313108	280146	12319	0
330	-94	-2	15	38	9297	5093	144504	10	183	728142	7	6892	2	1	0	2281	28	0	3	586	0	6143	9297	1153	3	317	0	180	213	0	11	20035	312946	69887	54	0	0	313008	280146	12319	0
329	-94	-2	15	38	9137	5093	144059	10	183	727697	7	6876	2	1	0	2276	28	0	3	586	0	6143	9137	1150	0	0	0	0	210	0	11	20035	311994	69707	54	0	0	312908	280146	12319	0
328	-94	-2	15	38	8977	5093	143870	10	183	727508	7	6867	2	1	0	2273	28	0	3	586	0	6143	8977	1150	0	0	0	0	210	0	11	20035	311994	69707	54	0	0	312808	280146	12319	0
327	-94	-2	15	38	8817	5091	143618	10	182	727256	7	6855	2	1	0	2269	28	0	3	583	0	6136	8817	1150	0	0	0	0	210	0	11	20035	311994	69707	54	0	0	312708	280146	12319	0
326	-94	-2	15	38	8657	5091	143366	10	182	727004	7	6843	2	1	0	2265	28	0	3	583	0	6136	8657	1150	0	0	0	0	210	0	11	20035	311994	69707	54	0	0	312608	280146	12319	0
325	-94	-2	15	38	8497	5089	143114	10	181	726752	7	6831	2	1	0	2261	28	0	3	580	0	6129	8497	1150	0	0	0	0	210	0	11	20035	311994	69707	54	0	0	312508	280146	12319	0
324	-94	-2	15	38	8337	5089	142925	10	181	726500	7	6822	2	1	0	2257	28	0	3	580	0	6129	8337	1150	0	0	0	0	210	0	11	20035	311994	69707	54	0	0	312408	280146	12319	0
323	-94	-2	15	38	8017	5087	142421	10	180	726059	7	6798	2	1	0	2250	28	0	3	577	0	6122	8017	1150	0	0	0	0	210	0	11	20035	311994	69707	54	0	0	312208	280146	12319	0
322	-94	-2	15	38	7857	5087	142232	10	180	725870	7	6789	2	1	0	2247	28	0	3	577	0	6122	7857	1150	0	0	0	0	210	0	11	20035	311994	69707	54	0	0	312108	280146	12319	0
321	-94	-2	15	38	7697	5085	141980	3	179	725618	7	6777	2	1	0	2243	28	0	3	574	0	6115	7697	1150	1	776	0	60	210	0	11	20035	311994	69707	54	0	0	312008	280146	12319	0
320	-94	-2	15	38	7537	5085	141769	10	179	725407	7	6765	2	1	0	2239	28	0	3	574	0	6115	7537	1149	0	0	0	0	209	0	11	20035	311218	69647	54	0	0	311908	280146	12319	0
319	-94	-2	15	38	7377	5083	141517	10	178	725155	7	6753	2	1	0	2235	28	0	3	571	0	6108	7377	1149	0	0	0	0	209	0	11	20035	311218	69647	54	0	0	311808	280146	12319	0
318	-94	-2	15	38	7217	5083	141265	10	178	724903	7	6741	2	1	0	2231	28	0	3	571	0	6108	7217	1149	0	0	0	0	209	0	11	20035	311218	69647	54	0	0	311708	280146	12319	0
317	-94	-2	15	38	7057	5083	141076	10	178	724714	7	6732	2	1	0	2228	28	0	3	571	0	6108	7057	1149	0	0	0	0	209	0	11	20035	311218	69647	54	0	0	311608	280146	12319	0
316	-94	-2	15	38	6897	5081	140824	10	177	724462	7	6720	2	1	0	2224	28	0	3	568	0	6101	6897	1149	0	0	0	0	209	0	11	20035	311218	69647	54	0	0	311508	280146	12319	0
315	-94	-2	15	38	6737	5081	140635	10	177	724210	7	6711	2	1	0	2220	28	0	3	568	0	6101	6737	1149	0	0	0	0	209	0	11	20035	311218	69647	54	0	0	311408	280146	12319	0
314	-94	-2	15	38	6577	5079	140383	10	176	724021	7	6699	2	1	0	2217	28	0	3	565	0	6094	6577	1149	1	992	0	60	209	0	11	20035	311218	69647	54	0	0	311308	280146	12319	0
313	-94	-2	15	38	6257	5079	139920	10	176	723558	7	6675	2	1	0	2209	28	0	3	565	0	6094	6257	1148	0	0	0	0	208	0	11	20035	310226	69587	54	0	0	311108	280146	12319	0
312	-94	-2	15	38	6097	5077	139668	10	175	723306	7	6663	2	1	0	2205	28	0	3	562	0	6087	6097	1148	0	0	0	0	208	0	11	20035	310226	69587	54	0	0	311008	280146	12319	0
311	-94	-2	15	38	5937	5077	139479	10	175	723054	7	6654	2	1	0	2201	28	0	3	562	0	6087	5937	1148	0	0	0	0	208	0	11	20035	310226	69587	54	0	0	310908	280146	12319	0
310	-94	-2	15	38	5777	5075	139227	10	174	722802	7	6642	2	1	0	2197	28	0	3	559	0	6080	5777	1148	0	0	0	0	208	0	11	20035	310226	69587	54	0	0	310808	280146	12319	0
309	-94	-2	15	38	5617	5075	138975	10	174	722613	7	6630	2	1	0	2194	28	0	3	559	0	6080	5617	1148	0	0	0	0	208	0	11	20035	310226	69587	54	0	0	310708	280146	12319	0
308	-94	-2	15	38	5457	5073	138723	10	173	722361	7	6618	2	1	0	2190	28	0	3	556	0	6073	5457	1148	0	0	0	0	208	0	11	20035	310226	69587	54	0	0	310608	280146	12319	0
307	-94	-2	15	38	5297	5073	138534	10	173	722172	7	6609	2	1	0	2187	28	0	3	556	0	6073	5297	1148	0	0	0	0	208	0	11	20035	310226	69587	54	0	0	310508	280146	12319	0
306	-94	-2	15	38	5137	5073	138282	10	173	721920	7	6597	2	1	0	2183	28	0	3	556	0	6073	5137	1148	0	0	0	0	208	0	11	20035	310226	69587	54	0	0	310408	280146	12319	0
305	-94	-2	15	38	4977	5071	138093	10	172	721668	7	6588	2	1	0	2179	28	0	3	553	0	6066	4977	1148	1	1224	0	60	208	0	11	20035	310226	69587	54	0	0	310308	280146	12319	0
304	-94	-2	15	38	4817	5071	137819	10	172	721457	7	6573	2	1	0	2175	28	0	3	553	0	6066	4817	1147	0	0	0	0	207	0	11	20035	309002	69527	54	0	0	310208	280146	12319	0
303	-94	-2	15	38	4497	5069	137378	10	171	720953	7	6552	2	1	0	2167	28	0	3	550	0	6059	4497	1147	0	0	0	0	207	0	11	20035	309002	69527	54	0	0	310008	280146	12319	0
302	-94	-2	15	38	4337	5069	137126	10	171	720764	7	6540	2	1	0	2164	28	0	3	550	0	6059	4337	1147	0	0	0	0	207	0	11	20035	309002	69527	54	0	0	309908	280146	12319	0
301	-94	-2	15	38	4177	5067	136874	10	170	720512	7	6528	2	1	0	2160	28	0	3	547	0	6052	4177	1147	0	0	0	0	207	0	11	20035	309002	69527	54	0	0	309808	280146	12319	0
300	-94	-2	15	38	4017	5067	136685	10	170	720260	7	6519	2	1	0	2156	28	0	3	547	0	6052	4017	1147	0	0	0	0	207	0	11	20035	309002	69527	54	0	0	309708	280146	12319	0
299	-94	-2	15	38	3857	5065	136433	10	169	720008	7	6507	2	1	0	2152	28	0	3	544	0	6045	3857	1147	0	0	0	0	207	0	11	20035	309002	69527	54	0	0	309608	280146	12319	0
298	-94	-2	15	38	3697	5065	136181	10	169	719819	7	6495	2	1	0	2149	28	0	3	544	0	6045	3697	1147	0	0	0	0	207	0	11	20035	309002	69527	54	0	0	309508	280146	12319	0
297	-94	-2	15	38	3537	5063	135929	10	168	719567	7	6483	2	1	0	2145	28	0	3	541	0	6038	3537	1147	0	0	0	0	207	0	11	20035	309002	69527	54	0	0	309408	280146	12319	0
296	-94	-2	15	38	3377	5063	135740	10	168	719315	7	6474	2	1	0	2141	28	0	3	541	0	6038	3377	1147	0	0	0	0	207	0	11	20035	309002	69527	54	0	0	309308	280146	12319	0
295	-94	-2	15	38	3217	5063	135488	10	168	719126	7	6462	2	1	0	2138	28	0	3	541	0	6038	3217	1147	0	0	0	0	207	0	11	20035	309002	69527	54	0	0	309208	280146	12319	0
294	-94	-2	15	38	3057	5061	135299	10	167	718874	7	6453	2	1	0	2134	28	0	3	538	0	6031	3057	1147	1	4	0	60	207	0	11	20035	309002	69527	54	0	0	309108	280146	12319	0
293	-94	-2	15	38	2737	5059	134710	10	166	718348	7	6423	2	1	0	2125	28	0	3	535	0	6024	2737	1145	0	0	0	0	205	0	11	20035	307986	69407	54	0	0	308908	280146	12319	0
292	-94	-2	15	38	2577	5059	134521	10	166	718096	7	6414	2	1	0	2121	28	0	3	535	0	6024	2577	1145	0	0	0	0	205	0	11	20035	307986	69407	54	0	0	308808	280146	12319	0
291	-94	-2	15	38	2417	5059	134269	10	166	717907	7	6402	2	1	0	2118	28	0	3	535	0	6024	2417	1145	0	0	0	0	205	0	11	20035	307986	69407	54	0	0	308708	280146	12319	0
290	-94	-2	15	38	2257	5057	134017	10	165	717655	7	6390	2	1	0	2114	28	0	3	532	0	6017	2257	1145	0	0	0	0	205	0	11	20035	307986	69407	54	0	0	308608	280146	12319	0
289	-94	-2	15	38	2097	5057	133828	10	165	717403	7	6381	2	1	0	2110	28	0	3	532	0	6017	2097	1145	0	0	0	0	205	0	11	20035	307986	69407	54	0	0	308508	280146	12319	0
288	-94	-2	15	38	1937	5055	133576	10	164	717214	7	6369	2	1	0	2107	28	0	3	529	0	6010	1937	1145	0	0	0	0	205	0	11	20035	307986	69407	54	0	0	308408	280146	12319	0
287	-94	-2	15	38	1777	5055	133324	10	164	716962	7	6357	2	1	0	2103	28	0	3	529	0	6010	1777	1145	0	0	0	0	205	0	11	20035	307986	69407	54	0	0	308308	280146	12319	0
286	-94	-2	15	38	1617	5053	133135	10	163	716710	7	6348	2	1	0	2099	28	0	3	526	0	6003	1617	1145	0	0	0	0	205	0	11	20035	307986	69407	54	0	0	308208	280146	12319	0
285	-94	-2	15	38	1457	5053	132883	10	163	716521	7	6336	2	1	0	2096	28	0	3	526	0	6003	1457	1145	0	0	0	0	205	0	11	20035	307986	69407	54	0	0	308108	280146	12319	0
284	-94	-2	15	40	1297	5053	132694	10	163	716269	7	6327	2	1	0	2092	28	0	3	526	0	6003	1297	1145	1	2010	0	60	205	0	11	20035	307986	69407	54	0	0	308008	280146	12319	0
283	-94	-2	15	38	977	5051	132168	10	162	715806	7	6300	2	1	0	2084	28	0	3	523	0	5996	977	1144	0	0	0	0	204	0	11	20035	305976	69347	54	0	0	307808	280146	12319	0
282	-94	-2	15	38	817	5049	131916	10	161	715554	7	6288	2	1	0	2080	28	0	3	520	0	5989	817	1144	0	0	0	0	204	0	11	20035	305976	69347	54	0	0	307708	280146	12319	0
281	-94	-2	15	38	657	5049	131727	10	161	715302	7	6279	2	1	0	2076	28	0	3	520	0	5989	657	1144	0	0	0	0	204	0	11	20035	305976	69347	54	0	0	307608	280146	12319	0
280	-94	-2	15	38	497	5049	131475	10	161	715113	7	6267	2	1	0	2073	28	0	3	520	0	5989	497	1144	0	0	0	0	204	0	11	20035	305976	69347	54	0	0	307508	280146	12319	0
279	-94	-2	15	38	337	5047	131223	10	160	714861	7	6255	2	1	0	2069	28	0	3	517	0	5982	337	1144	0	0	0	0	204	0	11	20035	305976	69347	54	0	0	307408	280146	12319	0
278	-94	-2	15	38	177	5047	131034	10	160	714609	7	6246	2	1	0	2065	28	0	3	517	0	5982	177	1144	0	0	0	0	204	0	11	20035	305976	69347	54	0	0	307308	280146	12319	0
277	-94	-2	15	38	17	5045	130782	10	159	714357	7	6234	2	1	0	2061	28	0	3	514	0	5975	17	1144	0	0	0	0	204	0	11	20035	305976	69347	54	0	0	307208	280146	12319	0
276	-94	-2	15	38	16241	5045	130530	10	159	714168	7	6222	2	1	0	2058	28	0	3	514	0	5975	16241	1144	0	0	0	0	204	0	11	20035	305976	69347	54	0	0	307108	280146	12319	0
275	-94	-2	15	38	16081	5043	130278	10	158	713916	7	6210	2	1	0	2054	28	0	3	511	0	5968	16081	1144	0	0	0	0	204	0	11	20035	305976	69347	54	0	0	307008	280146	12319	0
274	-94	-2	15	38	15761	5043	129837	10	158	713475	7	6189	2	1	0	2047	28	0	3	511	0	5968	15761	1144	0	0	0	0	204	0	11	20035	305976	69347	54	0	0	306808	280146	12319	0
273	-94	-2	15	38	15601	5041	129585	10	157	713223	7	6177	2	1	0	2043	28	0	3	508	0	5961	15601	1144	0	0	0	0	204	0	11	20035	305976	69347	54	0	0	306708	280146	12319	0
272	-94	-2	15	38	15441	5041	129333	10	157	712971	7	6165	2	1	0	2039	28	0	3	508	0	5961	15441	1144	0	0	0	0	204	0	11	20035	305976	69347	54	0	0	306608	280146	12319	0
271	-94	-2	15	38	15281	5039	129081	10	156	712719	7	6153	2	1	0	2035	28	0	3	505	0	5954	15281	1144	0	0	0	0	204	0	11	20035	305976	69347	54	0	0	306508	280146	12319	0
270	-94	-2	15	38	15121	5039	128892	10	156	712467	7	6144	2	1	0	2031	28	0	3	505	0	5954	15121	1144	0	0	0	0	204	0	11	20035	305976	69347	54	0	0	306408	280146	12319	0
269	-94	-2	15	38	14961	5039	128640	10	156	712278	7	6132	2	1	0	2028	28	0	3	505	0	5954	14961	1144	0	0	0	0	204	0	11	20035	305976	69347	54	0	0	306308	280146	12319	0
268	-94	-2	15	38	14801	5037	128388	10	155	712026	7	6120	2	1	0	2024	28	0	3	502	0	5947	14801	1144	0	0	0	0	204	0	11	20035	305976	69347	54	0	0	306208	280146	12319	0
267	-94	-2	15	38	14641	5037	128199	10	155	711774	7	6111	2	1	0	2020	28	0	3	502	0	5947	14641	1144	0	0	0	0	204	0	11	20035	305976	69347	54	0	0	306108	280146	12319	0
266	-94	-2	15	38	14481	5035	127947	10	154	711585	7	6099	2	1	0	2017	28	0	3	499	0	5940	14481	1144	1	972	0	60	204	0	11	20035	305976	69347	54	0	0	306008	280146	12319	0
265	-94	-2	15	38	14321	5035	127673	10	154	711311	7	6084	2	1	0	2012	28	0	3	499	0	5940	14321	1143	0	0	0	0	203	0	11	20035	305004	69287	54	0	0	305908	280146	12319	0
264	-94	-2	15	38	14001	5033	127169	10	153	710807	7	6060	2	1	0	2004	28	0	3	496	0	5933	14001	1143	0	0	0	0	203	0	11	20035	305004	69287	54	0	0	305708	280146	12319	0
263	-94	-2	15	38	13841	5033	126980	10	153	710618	7	6051	2	1	0	2001	28	0	3	496	0	5933	13841	1143	0	0	0	0	203	0	11	20035	305004	69287	54	0	0	305608	280146	12319	0
262	-94	-2	15	38	13681	5031	126728	10	152	710366	7	6039	2	1	0	1997	28	0	3	493	0	5926	13681	1143	0	0	0	0	203	0	11	20035	305004	69287	54	0	0	305508	280146	12319	0
261	-94	-2	15	38	13521	5031	126476	10	152	710114	7	6027	2	1	0	1993	28	0	3	493	0	5926	13521	1143	0	0	0	0	203	0	11	20035	305004	69287	54	0	0	305408	280146	12319	0
260	-94	-2	15	38	13361	5029	126287	10	151	709862	7	6018	2	1	0	1989	28	0	3	490	0	5919	13361	1143	0	0	0	0	203	0	11	20035	305004	69287	54	0	0	305308	280146	12319	0
259	-94	-2	15	38	13201	5029	126035	10	151	709673	7	6006	2	1	0	1986	28	0	3	490	0	5919	13201	1143	0	0	0	0	203	0	11	20035	305004	69287	54	0	0	305208	280146	12319	0
258	-94	-2	15	38	13041	5029	125783	10	151	709421	7	5994	2	1	0	1982	28	0	3	490	0	5919	13041	1143	1	28	0	60	203	0	11	20035	305004	69287	54	0	0	305108	280146	12319	0
257	-94	-2	15	38	12881	5027	125594	10	150	709232	7	5985	2	1	0	1979	28	0	3	487	0	5912	12881	1143	5	398	0	300	203	0	11	20035	305004	69287	54	0	0	305008	280146	12319	0
256	-94	-2	15	38	12721	5027	125160	10	150	708735	7	5965	2	1	0	1972	28	0	3	487	0	5912	12721	1137	0	0	0	0	197	0	11	20035	302986	68927	54	0	0	304908	280146	12319	0
255	-94	-2	15	38	12561	5025	124908	10	149	708483	7	5953	2	1	0	1968	28	0	3	484	0	5905	12561	1137	0	0	0	0	197	0	11	20035	302986	68927	54	0	0	304808	280146	12319	0
254	-94	-2	15	38	12241	5023	124404	10	148	708042	7	5929	2	1	0	1961	28	0	3	481	0	5898	12241	1137	0	0	0	0	197	0	11	20035	302986	68927	54	0	0	304608	280146	12319	0
253	-94	-2	15	38	12081	5023	124152	10	148	707790	7	5917	2	1	0	1957	28	0	3	481	0	5898	12081	1137	0	0	0	0	197	0	11	20035	302986	68927	54	0	0	304508	280146	12319	0
252	-94	-2	15	38	11921	5023	123963	10	148	707601	7	5908	2	1	0	1954	28	0	3	481	0	5898	11921	1137	0	0	0	0	197	0	11	20035	302986	68927	54	0	0	304408	280146	12319	0
251	-94	-2	15	38	11761	5021	123711	10	147	707349	7	5896	2	1	0	1950	28	0	3	478	0	5891	11761	1137	0	0	0	0	197	0	11	20035	302986	68927	54	0	0	304308	280146	12319	0
250	-94	-2	15	38	11601	5021	123459	10	147	707097	7	5884	2	1	0	1946	28	0	3	478	0	5891	11601	1137	0	0	0	0	197	0	11	20035	302986	68927	54	0	0	304208	280146	12319	0
249	-94	-2	15	38	11441	5019	123207	10	146	706845	7	5872	2	1	0	1942	28	0	3	475	0	5884	11441	1137	0	0	0	0	197	0	11	20035	302986	68927	54	0	0	304108	280146	12319	0
248	-94	-2	15	38	11281	5019	123018	10	146	706593	7	5863	2	1	0	1938	28	0	3	475	0	5884	11281	1137	0	0	0	0	197	0	11	20035	302986	68927	54	0	0	304008	280146	12319	0
247	-94	-2	15	38	11121	5019	122766	10	146	706404	7	5851	2	1	0	1935	28	0	3	475	0	5884	11121	1137	0	0	0	0	197	0	11	20035	302986	68927	54	0	0	303908	280146	12319	0
246	-94	-2	15	38	10961	5017	122514	10	145	706152	7	5839	2	1	0	1931	28	0	3	472	0	5877	10961	1137	0	0	0	0	197	0	11	20035	302986	68927	54	0	0	303808	280146	12319	0
245	-94	-2	15	38	10801	5017	122325	10	145	705900	7	5830	2	1	0	1927	28	0	3	472	0	5877	10801	1137	0	0	0	0	197	0	11	20035	302986	68927	54	0	0	303708	280146	12319	0
244	-94	-2	15	38	10481	5015	121821	10	144	705459	7	5806	2	1	0	1920	28	0	3	469	0	5870	10481	1137	0	0	0	0	197	0	11	20035	302986	68927	54	0	0	303508	280146	12319	0
243	-94	-2	15	38	10321	5013	121569	10	143	705207	7	5794	2	1	0	1916	28	0	3	466	0	5863	10321	1137	0	0	0	0	197	0	11	20035	302986	68927	54	0	0	303408	280146	12319	0
242	-94	-2	15	38	10161	5013	121317	10	143	704955	7	5782	2	1	0	1912	28	0	3	466	0	5863	10161	1137	0	0	0	0	197	0	11	20035	302986	68927	54	0	0	303308	280146	12319	0
241	-94	-2	15	38	10001	5013	121128	10	143	704766	7	5773	2	1	0	1909	28	0	3	466	0	5863	10001	1137	0	0	0	0	197	0	11	20035	302986	68927	54	0	0	303208	280146	12319	0
240	-94	-2	15	38	9841	5011	120876	10	142	704514	7	5761	2	1	0	1905	28	0	3	463	0	5856	9841	1137	0	0	0	0	197	0	11	20035	302986	68927	54	0	0	303108	280146	12319	0
239	-94	-2	15	36	9681	5011	120687	10	142	704262	7	5752	2	1	0	1901	28	0	3	463	0	5856	9681	1137	2	500	0	120	197	0	11	20035	302986	68927	54	0	0	303008	280146	12319	0
238	-94	-2	15	38	9521	5009	120287	10	141	703925	7	5733	2	1	0	1896	28	0	3	460	0	5849	9521	1135	0	0	0	0	195	0	11	20035	301986	68807	54	0	0	302908	280146	12319	0
237	-94	-2	15	38	9361	5009	120098	10	141	703673	7	5724	2	1	0	1892	28	0	3	460	0	5849	9361	1135	0	0	0	0	195	0	11	20035	301986	68807	54	0	0	302808	280146	12319	0
236	-94	-2	15	38	9201	5009	119846	10	141	703484	7	5712	2	1	0	1889	28	0	3	460	0	5849	9201	1135	0	0	0	0	195	0	11	20035	301986	68807	54	0	0	302708	280146	12319	0
235	-94	-2	15	38	9041	5007	119594	10	140	703232	7	5700	2	1	0	1885	28	0	3	457	0	5842	9041	1135	0	0	0	0	195	0	11	20035	301986	68807	54	0	0	302608	280146	12319	0
234	-94	-2	15	38	8721	5005	119153	10	139	702791	7	5679	2	1	0	1878	28	0	3	454	0	5835	8721	1135	0	0	0	0	195	0	11	20035	301986	68807	54	0	0	302408	280146	12319	0
233	-94	-2	15	38	8561	5005	118901	10	139	702539	7	5667	2	1	0	1874	28	0	3	454	0	5835	8561	1135	0	0	0	0	195	0	11	20035	301986	68807	54	0	0	302308	280146	12319	0
232	-94	-2	15	38	8401	5003	118712	10	138	702287	7	5658	2	1	0	1870	28	0	3	451	0	5828	8401	1135	0	0	0	0	195	0	11	20035	301986	68807	54	0	0	302208	280146	12319	0
231	-94	-2	15	38	8241	5003	118460	10	138	702098	7	5646	2	1	0	1867	28	0	3	451	0	5828	8241	1135	0	0	0	0	195	0	11	20035	301986	68807	54	0	0	302108	280146	12319	0
230	-94	-2	15	34	8081	5003	118271	10	138	701846	7	5637	2	1	0	1863	28	0	3	451	0	5828	8081	1135	2	95	0	120	195	0	11	20035	301986	68807	54	0	0	302008	280146	12319	0
229	-94	-2	15	38	7921	5001	117906	10	137	701481	7	5621	2	1	0	1858	28	0	3	448	0	5821	7921	1133	0	0	0	0	193	0	11	20035	301796	68687	54	0	0	301908	280146	12319	0
228	-94	-2	15	40	7761	5001	117654	3	137	701292	7	5609	2	1	0	1855	28	0	3	448	0	5821	7761	1133	2	200	0	120	193	0	11	20035	301796	68687	54	0	0	301808	280146	12319	0
227	-94	-2	15	38	7601	4999	117358	10	136	700996	7	5591	2	1	0	1849	28	0	3	445	0	5814	7601	1131	0	0	0	0	191	0	11	20035	301396	68567	54	0	0	301708	280146	12319	0
226	-94	-2	15	38	7441	4999	117169	10	136	700744	7	5582	2	1	0	1845	28	0	3	445	0	5814	7441	1131	0	0	0	0	191	0	11	20035	301396	68567	54	0	0	301608	280146	12319	0
225	-94	-2	15	38	7121	4997	116665	3	135	700303	7	5558	2	1	0	1838	28	0	3	442	0	5807	7121	1131	4	117	0	240	191	0	11	20035	301396	68567	54	0	0	301408	280146	12319	0
224	-94	-2	15	38	6961	4997	116261	10	135	699836	7	5542	2	1	0	1832	28	0	3	442	0	5807	6961	1127	0	0	0	0	187	0	11	20035	300926	68327	54	0	0	301308	280146	12319	0
223	-94	-2	15	38	6801	4995	116009	10	134	699647	7	5530	2	1	0	1829	28	0	3	439	0	5800	6801	1127	0	0	0	0	187	0	11	20035	300926	68327	54	0	0	301208	280146	12319	0
222	-94	-2	15	38	6641	4995	115757	10	134	699395	7	5518	2	1	0	1825	28	0	3	439	0	5800	6641	1127	0	0	0	0	187	0	11	20035	300926	68327	54	0	0	301108	280146	12319	0
221	-94	-2	15	38	6481	4993	115568	10	133	699143	7	5509	2	1	0	1821	28	0	3	436	0	5793	6481	1127	1	28	0	60	187	0	11	20035	300926	68327	54	0	0	301008	280146	12319	0
220	-94	-2	15	38	6321	4993	115316	12	133	698954	7	5497	2	1	0	1818	28	0	3	436	0	5793	6321	1126	2	1002	0	120	186	0	11	20035	300898	68267	54	0	0	300908	280146	12319	0
219	-94	-2	15	38	6161	4993	115030	10	133	698668	7	5484	2	1	0	1814	28	0	3	436	0	5793	6161	1124	0	0	0	0	184	0	11	20035	298894	68147	54	0	0	300808	280146	12319	0
218	-94	-2	15	38	6001	4991	114778	10	132	698416	7	5472	2	1	0	1810	28	0	3	433	0	5786	6001	1124	0	0	0	0	184	0	11	20035	298894	68147	54	0	0	300708	280146	12319	0
217	-94	-2	15	38	5841	4991	114526	10	132	698164	7	5460	2	1	0	1806	28	0	3	433	0	5786	5841	1124	0	0	0	0	184	0	11	20035	298894	68147	54	0	0	300608	280146	12319	0
216	-94	-2	15	38	5681	4989	114274	10	131	697912	7	5448	2	1	0	1802	28	0	3	430	0	5779	5681	1124	0	0	0	0	184	0	11	20035	298894	68147	54	0	0	300508	280146	12319	0
215	-94	-2	15	38	5361	4989	113833	10	131	697471	7	5427	2	1	0	1795	28	0	3	430	0	5779	5361	1124	0	0	0	0	184	0	11	20035	298894	68147	54	0	0	300308	280146	12319	0
214	-94	-2	15	38	5201	4987	113581	10	130	697219	7	5415	2	1	0	1791	28	0	3	427	0	5772	5201	1124	0	0	0	0	184	0	11	20035	298894	68147	54	0	0	300208	280146	12319	0
213	-94	-2	15	38	5041	4987	113392	10	130	696967	7	5406	2	1	0	1787	28	0	3	427	0	5772	5041	1124	0	0	0	0	184	0	11	20035	298894	68147	54	0	0	300108	280146	12319	0
212	-94	-2	15	38	4881	4985	113140	10	129	696715	7	5394	2	1	0	1783	28	0	3	424	0	5765	4881	1124	0	0	0	0	184	0	11	20035	298894	68147	54	0	0	300008	280146	12319	0
211	-94	-2	15	38	4721	4985	112888	10	129	696526	7	5382	2	1	0	1780	28	0	3	424	0	5765	4721	1124	0	0	0	0	184	0	11	20035	298894	68147	54	0	0	299908	280146	12319	0
210	-94	-2	15	38	4561	4983	112636	10	128	696274	7	5370	2	1	0	1776	28	0	3	421	0	5758	4561	1124	0	0	0	0	184	0	11	20035	298894	68147	54	0	0	299808	280146	12319	0
209	-94	-2	15	38	4401	4983	112384	10	128	696022	7	5358	2	1	0	1772	28	0	3	421	0	5758	4401	1124	0	0	0	0	184	0	11	20035	298894	68147	54	0	0	299708	280146	12319	0
208	-94	-2	15	38	4241	4983	112195	10	128	695833	7	5349	2	1	0	1769	28	0	3	421	0	5758	4241	1124	0	0	0	0	184	0	11	20035	298894	68147	54	0	0	299608	280146	12319	0
207	-94	-2	15	38	4081	4981	111943	10	127	695581	7	5337	2	1	0	1765	28	0	3	418	0	5751	4081	1124	0	0	0	0	184	0	11	20035	298894	68147	54	0	0	299508	280146	12319	0
206	-94	-2	15	38	3921	4981	111691	10	127	695329	7	5325	2	1	0	1761	28	0	3	418	0	5751	3921	1124	0	0	0	0	184	0	11	20035	298894	68147	54	0	0	299408	280146	12319	0
205	-94	-2	15	38	3601	4979	111250	10	126	694888	7	5304	2	1	0	1754	28	0	3	415	0	5744	3601	1124	0	0	0	0	184	0	11	20035	298894	68147	54	0	0	299208	280146	12319	0
204	-94	-2	15	38	3441	4979	110998	10	126	694636	7	5292	2	1	0	1750	28	0	3	415	0	5744	3441	1124	0	0	0	0	184	0	11	20035	298894	68147	54	0	0	299108	280146	12319	0
203	-94	-2	15	38	3281	4977	110809	10	125	694447	7	5283	2	1	0	1747	28	0	3	412	0	5737	3281	1124	0	0	0	0	184	0	11	20035	298894	68147	54	0	0	299008	280146	12319	0
202	-94	-2	15	38	3121	4977	110557	12	125	694195	7	5271	2	1	0	1743	28	0	3	412	0	5737	3121	1124	3	329	0	180	184	0	11	20035	298894	68147	54	0	0	298908	280146	12319	0
201	-94	-2	15	38	2961	4975	110208	10	124	693783	7	5255	2	1	0	1737	28	0	3	409	0	5730	2961	1121	0	0	0	0	181	0	11	20035	297906	67967	54	0	0	298808	280146	12319	0
200	-94	-2	15	38	2801	4975	109956	10	124	693594	7	5243	2	1	0	1734	28	0	3	409	0	5730	2801	1121	0	0	0	0	181	0	11	20035	297906	67967	54	0	0	298708	280146	12319	0
199	-94	-2	15	38	2641	4973	109704	10	123	693342	7	5231	2	1	0	1730	28	0	3	406	0	5723	2641	1121	0	0	0	0	181	0	11	20035	297906	67967	54	0	0	298608	280146	12319	0
198	-94	-2	15	38	2481	4973	109452	10	123	693090	7	5219	2	1	0	1726	28	0	3	406	0	5723	2481	1121	0	0	0	0	181	0	11	20035	297906	67967	54	0	0	298508	280146	12319	0
197	-94	-2	15	38	2321	4973	109263	10	123	692901	7	5210	2	1	0	1723	28	0	3	406	0	5723	2321	1121	0	0	0	0	181	0	11	20035	297906	67967	54	0	0	298408	280146	12319	0
196	-94	-2	15	38	2161	4971	109011	10	122	692649	7	5198	2	1	0	1719	28	0	3	403	0	5716	2161	1121	0	0	0	0	181	0	11	20035	297906	67967	54	0	0	298308	280146	12319	0
195	-94	-2	15	38	1841	4969	108570	10	121	692208	7	5177	2	1	0	1712	28	0	3	400	0	5709	1841	1121	0	0	0	0	181	0	11	20035	297906	67967	54	0	0	298108	280146	12319	0
194	-94	-2	15	38	1681	4969	108318	10	121	691956	7	5165	2	1	0	1708	28	0	3	400	0	5709	1681	1121	3	896	0	180	181	0	11	20035	297906	67967	54	0	0	298008	280146	12319	0
193	-94	-2	15	29	1521	4969	108129	19	121	691767	7	5156	2	1	0	1705	28	0	3	400	0	5709	1521	1121	0	0	0	0	181	0	11	20035	297906	67967	54	0	0	297908	280146	12319	0
192	-94	-2	15	38	1361	4967	107684	10	120	691322	7	5140	2	1	0	1700	28	0	3	397	0	5702	1361	1118	0	0	0	0	178	0	11	20035	295218	67787	54	0	0	297808	280146	12319	0
191	-94	-2	15	38	1201	4967	107495	10	120	691070	7	5131	2	1	0	1696	28	0	3	397	0	5702	1201	1118	0	0	0	0	178	0	11	20035	295218	67787	54	0	0	297708	280146	12319	0
190	-94	-2	15	38	1041	4965	107243	10	119	690818	7	5119	2	1	0	1692	28	0	3	394	0	5695	1041	1118	0	0	0	0	178	0	11	20035	295218	67787	54	0	0	297608	280146	12319	0
189	-94	-2	15	38	881	4965	106991	10	119	690629	7	5107	2	1	0	1689	28	0	3	394	0	5695	881	1118	0	0	0	0	178	0	11	20035	295218	67787	54	0	0	297508	280146	12319	0
188	-94	-2	15	38	721	4963	106739	10	118	690377	7	5095	2	1	0	1685	28	0	3	391	0	5688	721	1118	0	0	0	0	178	0	11	20035	295218	67787	54	0	0	297408	280146	12319	0
187	-94	-2	15	38	561	4963	106487	10	118	690125	7	5083	2	1	0	1681	28	0	3	391	0	5688	561	1118	0	0	0	0	178	0	11	20035	295218	67787	54	0	0	297308	280146	12319	0
186	-94	-2	15	38	241	4961	106046	10	117	689684	7	5062	2	1	0	1674	28	0	3	388	0	5681	241	1118	0	0	0	0	178	0	11	20035	295218	67787	54	0	0	297108	280146	12319	0
185	-94	-2	15	38	81	4961	105794	10	117	689432	7	5050	2	1	0	1670	28	0	3	388	0	5681	81	1118	0	0	0	0	178	0	11	20035	295218	67787	54	0	0	297008	280146	12319	0
184	-94	-2	15	38	16305	4959	105542	10	116	689180	7	5038	2	1	0	1666	28	0	3	385	0	5674	16305	1118	0	0	0	0	178	0	11	20035	295218	67787	54	0	0	296908	280146	12319	0
183	-94	-2	15	38	16145	4959	105353	10	116	688928	7	5029	2	1	0	1662	28	0	3	385	0	5674	16145	1118	0	0	0	0	178	0	11	20035	295218	67787	54	0	0	296808	280146	12319	0
182	-94	-2	15	38	15985	4959	105101	10	116	688739	7	5017	2	1	0	1659	28	0	3	385	0	5674	15985	1118	0	0	0	0	178	0	11	20035	295218	67787	54	0	0	296708	280146	12319	0
181	-94	-2	15	38	15825	4957	104849	10	115	688487	7	5005	2	1	0	1655	28	0	3	382	0	5667	15825	1118	0	0	0	0	178	0	11	20035	295218	67787	54	0	0	296608	280146	12319	0
180	-94	-2	15	38	15665	4957	104660	10	115	688235	7	4996	2	1	0	1651	28	0	3	382	0	5667	15665	1118	0	0	0	0	178	0	11	20035	295218	67787	54	0	0	296508	280146	12319	0
179	-94	-2	15	38	15505	4955	104408	10	114	687983	7	4984	2	1	0	1647	28	0	3	379	0	5660	15505	1118	0	0	0	0	178	0	11	20035	295218	67787	54	0	0	296408	280146	12319	0
178	-94	-2	15	38	15345	4955	104156	10	114	687794	7	4972	2	1	0	1644	28	0	3	379	0	5660	15345	1118	0	0	0	0	178	0	11	20035	295218	67787	54	0	0	296308	280146	12319	0
177	-94	-2	15	38	15185	4953	103904	10	113	687542	7	4960	2	1	0	1640	28	0	3	376	0	5653	15185	1118	0	0	0	0	178	0	11	20035	295218	67787	54	0	0	296208	280146	12319	0
176	-94	-2	15	38	14865	4953	103463	10	113	687101	7	4939	2	1	0	1633	28	0	3	376	0	5653	14865	1118	0	0	0	0	178	0	11	20035	295218	67787	54	0	0	296008	280146	12319	0
175	-94	-2	15	38	14705	4951	103211	10	112	686849	7	4927	2	1	0	1629	28	0	3	373	0	5646	14705	1118	0	0	0	0	178	0	11	20035	295218	67787	54	0	0	295908	280146	12319	0
174	-94	-2	15	38	14545	4951	102959	10	112	686597	7	4915	2	1	0	1625	28	0	3	373	0	5646	14545	1118	0	0	0	0	178	0	11	20035	295218	67787	54	0	0	295808	280146	12319	0
173	-94	-2	15	38	14385	4949	102707	10	111	686345	7	4903	2	1	0	1621	28	0	3	370	0	5639	14385	1118	0	0	0	0	178	0	11	20035	295218	67787	54	0	0	295708	280146	12319	0
172	-94	-2	15	38	14225	4949	102518	10	111	686093	7	4894	2	1	0	1617	28	0	3	370	0	5639	14225	1118	0	0	0	0	178	0	11	20035	295218	67787	54	0	0	295608	280146	12319	0
171	-94	-2	15	38	14065	4949	102266	10	111	685904	7	4882	2	1	0	1614	28	0	3	370	0	5639	14065	1118	0	0	0	0	178	0	11	20035	295218	67787	54	0	0	295508	280146	12319	0
170	-94	-2	15	38	13905	4947	102077	10	110	685652	7	4873	2	1	0	1610	28	0	3	367	0	5632	13905	1118	0	0	0	0	178	0	11	20035	295218	67787	54	0	0	295408	280146	12319	0
169	-94	-2	15	38	13745	4947	101825	10	110	685463	7	4861	2	1	0	1607	28	0	3	367	0	5632	13745	1118	1	242	0	60	178	0	11	20035	295218	67787	54	0	0	295308	280146	12319	0
168	-94	-2	15	38	13585	4945	101573	10	109	685148	7	4849	2	1	0	1602	28	0	3	364	0	5625	13585	1117	0	0	0	0	177	0	11	20035	294976	67727	54	0	0	295208	280146	12319	0
167	-94	-2	15	38	13425	4945	101321	10	109	684959	7	4837	2	1	0	1599	28	0	3	364	0	5625	13425	1117	0	0	0	0	177	0	11	20035	294976	67727	54	0	0	295108	280146	12319	0
166	-94	-2	15	38	13105	4943	100795	10	108	684433	7	4810	2	1	0	1590	28	0	3	361	0	5618	13105	1116	0	0	0	0	176	0	11	20035	293778	67667	54	0	0	294908	280146	12319	0
165	-94	-2	15	38	12945	4943	100606	10	108	684244	7	4801	2	1	0	1587	28	0	3	361	0	5618	12945	1116	0	0	0	0	176	0	11	20035	293778	67667	54	0	0	294808	280146	12319	0
164	-94	-2	15	38	12785	4941	100354	10	107	683992	7	4789	2	1	0	1583	28	0	3	358	0	5611	12785	1116	0	0	0	0	176	0	11	20035	293778	67667	54	0	0	294708	280146	12319	0
163	-94	-2	15	38	12625	4941	100102	10	107	683740	7	4777	2	1	0	1579	28	0	3	358	0	5611	12625	1116	0	0	0	0	176	0	11	20035	293778	67667	54	0	0	294608	280146	12319	0
162	-94	-2	15	38	12465	4939	99850	10	106	683488	7	4765	2	1	0	1575	28	0	3	355	0	5604	12465	1116	0	0	0	0	176	0	11	20035	293778	67667	54	0	0	294508	280146	12319	0
161	-94	-2	15	38	12305	4939	99661	10	106	683236	7	4756	2	1	0	1571	28	0	3	355	0	5604	12305	1116	0	0	0	0	176	0	11	20035	293778	67667	54	0	0	294408	280146	12319	0
160	-94	-2	15	38	12145	4939	99409	10	106	683047	7	4744	2	1	0	1568	28	0	3	355	0	5604	12145	1116	0	0	0	0	176	0	11	20035	293778	67667	54	0	0	294308	280146	12319	0
159	-94	-2	15	38	11985	4937	99157	10	105	682795	7	4732	2	1	0	1564	28	0	3	352	0	5597	11985	1116	0	0	0	0	176	0	11	20035	293778	67667	54	0	0	294208	280146	12319	0
158	-94	-2	15	38	11825	4937	98968	10	105	682543	7	4723	2	1	0	1560	28	0	3	352	0	5597	11825	1116	0	0	0	0	176	0	11	20035	293778	67667	54	0	0	294108	280146	12319	0
157	-94	-2	15	38	11665	4935	98716	10	104	682354	7	4711	2	1	0	1557	28	0	3	349	0	5590	11665	1116	0	0	0	0	176	0	11	20035	293778	67667	54	0	0	294008	280146	12319	0
156	-94	-2	15	38	11345	4935	98275	10	104	681913	7	4690	2	1	0	1550	28	0	3	349	0	5590	11345	1116	2	202	0	120	176	0	11	20035	293778	67667	54	0	0	293808	280146	12319	0
155	-94	-2	15	38	11185	4933	98001	10	103	681576	7	4675	2	1	0	1544	28	0	3	346	0	5583	11185	1114	0	0	0	0	174	0	11	20035	293374	67547	54	0	0	293708	280146	12319	0
154	-94	-2	15	38	11025	4933	97749	10	103	681387	7	4663	2	1	0	1541	28	0	3	346	0	5583	11025	1114	0	0	0	0	174	0	11	20035	293374	67547	54	0	0	293608	280146	12319	0
153	-94	-2	15	38	10865	4931	97560	10	102	681135	7	4654	2	1	0	1537	28	0	3	343	0	5576	10865	1114	0	0	0	0	174	0	11	20035	293374	67547	54	0	0	293508	280146	12319	0
152	-94	-2	15	38	10705	4931	97308	10	102	680946	7	4642	2	1	0	1534	28	0	3	343	0	5576	10705	1114	4	113	0	240	174	0	11	20035	293374	67547	54	0	0	293408	280146	12319	0
151	-94	-2	15	38	10545	4929	96879	10	101	680454	7	4626	2	1	0	1528	28	0	3	340	0	5569	10545	1110	0	0	0	0	170	0	11	20035	292922	67307	54	0	0	293308	280146	12319	0
150	-94	-2	15	38	10385	4929	96627	10	101	680265	7	4614	2	1	0	1525	28	0	3	340	0	5569	10385	1110	0	0	0	0	170	0	11	20035	292922	67307	54	0	0	293208	280146	12319	0
149	-94	-2	15	38	10225	4929	96375	10	101	680013	7	4602	2	1	0	1521	28	0	3	340	0	5569	10225	1110	0	0	0	0	170	0	11	20035	292922	67307	54	0	0	293108	280146	12319	0
148	-94	-2	15	38	10065	4927	96186	10	100	679824	7	4593	2	1	0	1518	28	0	3	337	0	5562	10065	1110	3	315	0	180	170	0	11	20035	292922	67307	54	0	0	293008	280146	12319	0
147	-94	-2	15	38	9905	4927	95837	10	100	679412	7	4577	2	1	0	1512	28	0	3	337	0	5562	9905	1107	0	0	0	0	167	0	11	20035	291976	67127	54	0	0	292908	280146	12319	0
146	-94	-2	15	38	9585	4925	95333	10	99	678971	7	4553	2	1	0	1505	28	0	3	334	0	5555	9585	1107	0	0	0	0	167	0	11	20035	291976	67127	54	0	0	292708	280146	12319	0
145	-94	-2	15	38	9425	4923	95081	10	98	678719	7	4541	2	1	0	1501	28	0	3	331	0	5548	9425	1107	0	0	0	0	167	0	11	20035	291976	67127	54	0	0	292608	280146	12319	0
144	-94	-2	15	38	9265	4923	94829	10	98	678467	7	4529	2	1	0	1497	28	0	3	331	0	5548	9265	1107	0	0	0	0	167	0	11	20035	291976	67127	54	0	0	292508	280146	12319	0
143	-94	-2	15	38	9105	4923	94640	10	98	678278	7	4520	2	1	0	1494	28	0	3	331	0	5548	9105	1107	0	0	0	0	167	0	11	20035	291976	67127	54	0	0	292408	280146	12319	0
142	-94	-2	15	38	8945	4921	94388	10	97	678026	7	4508	2	1	0	1490	28	0	3	328	0	5541	8945	1107	0	0	0	0	167	0	11	20035	291976	67127	54	0	0	292308	280146	12319	0
141	-94	-2	15	38	8785	4921	94136	10	97	677774	7	4496	2	1	0	1486	28	0	3	328	0	5541	8785	1107	0	0	0	0	167	0	11	20035	291976	67127	54	0	0	292208	280146	12319	0
140	-94	-2	15	38	8625	4919	93884	10	96	677522	7	4484	2	1	0	1482	28	0	3	325	0	5534	8625	1107	0	0	0	0	167	0	11	20035	291976	67127	54	0	0	292108	280146	12319	0
139	-94	-2	15	38	8465	4919	93695	10	96	677333	7	4475	2	1	0	1479	28	0	3	325	0	5534	8465	1107	2	505	0	120	167	0	11	20035	291976	67127	54	0	0	292008	280146	12319	0
138	-94	-2	15	38	8305	4919	93358	10	96	676996	7	4459	2	1	0	1474	28	0	3	325	0	5534	8305	1105	0	0	0	0	165	0	11	20035	290966	67007	54	0	0	291908	280146	12319	0
137	-94	-2	15	38	7985	4917	92917	10	95	676492	7	4438	2	1	0	1466	28	0	3	322	0	5527	7985	1105	0	0	0	0	165	0	11	20035	290966	67007	54	0	0	291708	280146	12319	0
136	-94	-2	15	38	7825	4915	92665	10	94	676240	7	4426	2	1	0	1462	28	0	3	319	0	5520	7825	1105	0	0	0	0	165	0	11	20035	290966	67007	54	0	0	291608	280146	12319	0
135	-94	-2	15	38	7665	4915	92413	10	94	676051	7	4414	2	1	0	1459	28	0	3	319	0	5520	7665	1105	0	0	0	0	165	0	11	20035	290966	67007	54	0	0	291508	280146	12319	0
134	-94	-2	15	38	7505	4913	92161	10	93	675799	7	4402	2	1	0	1455	28	0	3	316	0	5513	7505	1105	0	0	0	0	165	0	11	20035	290966	67007	54	0	0	291408	280146	12319	0
133	-94	-2	15	38	7345	4913	91909	10	93	675547	7	4390	2	1	0	1451	28	0	3	316	0	5513	7345	1105	0	0	0	0	165	0	11	20035	290966	67007	54	0	0	291308	280146	12319	0
132	-94	-2	15	38	7185	4913	91720	10	93	675358	7	4381	2	1	0	1448	28	0	3	316	0	5513	7185	1105	0	0	0	0	165	0	11	20035	290966	67007	54	0	0	291208	280146	12319	0
131	-94	-2	15	38	7025	4911	91468	10	92	675106	7	4369	2	1	0	1444	28	0	3	313	0	5506	7025	1105	0	0	0	0	165	0	11	20035	290966	67007	54	0	0	291108	280146	12319	0
130	-94	-2	15	38	6865	4911	91216	10	92	674854	7	4357	2	1	0	1440	28	0	3	313	0	5506	6865	1105	1	1198	0	60	165	0	11	20035	290966	67007	54	0	0	291008	280146	12319	0
129	-94	-2	15	38	6705	4909	90942	10	91	674580	7	4342	2	1	0	1435	28	0	3	310	0	5499	6705	1104	0	0	0	0	164	0	11	20035	289768	66947	54	0	0	290908	280146	12319	0
128	-94	-2	15	38	6545	4909	90753	10	91	674328	7	4333	2	1	0	1431	28	0	3	310	0	5499	6545	1104	0	0	0	0	164	0	11	20035	289768	66947	54	0	0	290808	280146	12319	0
127	-94	-2	15	38	6225	4907	90249	10	90	673887	7	4309	2	1	0	1424	28	0	3	307	0	5492	6225	1104	0	0	0	0	164	0	11	20035	289768	66947	54	0	0	290608	280146	12319	0
126	-94	-2	15	38	6065	4907	90060	10	90	673635	7	4300	2	1	0	1420	28	0	3	307	0	5492	6065	1104	0	0	0	0	164	0	11	20035	289768	66947	54	0	0	290508	280146	12319	0
125	-94	-2	15	38	5905	4905	89808	10	89	673383	7	4288	2	1	0	1416	28	0	3	304	0	5485	5905	1104	0	0	0	0	164	0	11	20035	289768	66947	54	0	0	290408	280146	12319	0
124	-94	-2	15	38	5745	4905	89556	10	89	673194	7	4276	2	1	0	1413	28	0	3	304	0	5485	5745	1104	0	0	0	0	164	0	11	20035	289768	66947	54	0	0	290308	280146	12319	0
123	-94	-2	15	38	5585	4903	89304	10	88	672942	7	4264	2	1	0	1409	28	0	3	301	0	5478	5585	1104	0	0	0	0	164	0	11	20035	289768	66947	54	0	0	290208	280146	12319	0
122	-94	-2	15	38	5425	4903	89052	10	88	672690	7	4252	2	1	0	1405	28	0	3	301	0	5478	5425	1104	0	0	0	0	164	0	11	20035	289768	66947	54	0	0	290108	280146	12319	0
121	-94	-2	15	38	5265	4903	88863	10	88	672501	7	4243	2	1	0	1402	28	0	3	301	0	5478	5265	1104	0	0	0	0	164	0	11	20035	289768	66947	54	0	0	290008	280146	12319	0
120	-94	-2	15	38	5105	4901	88611	10	87	672186	7	4231	2	1	0	1397	28	0	3	298	0	5471	5105	1104	0	0	0	0	164	0	11	20035	289768	66947	54	0	0	289908	280146	12319	0
119	-94	-2	15	38	4945	4901	88359	10	87	671997	7	4219	2	1	0	1394	28	0	3	298	0	5471	4945	1104	2	211	0	120	164	0	11	20035	289768	66947	54	0	0	289808	280146	12319	0
118	-94	-2	15	38	4785	4899	88085	10	86	671660	7	4204	2	1	0	1388	28	0	3	295	0	5464	4785	1102	0	0	0	0	162	0	11	20035	289346	66827	54	0	0	289708	280146	12319	0
117	-94	-2	15	38	4465	4899	87644	10	86	671219	7	4183	2	1	0	1381	28	0	3	295	0	5464	4465	1102	0	0	0	0	162	0	11	20035	289346	66827	54	0	0	289508	280146	12319	0
116	-94	-2	15	38	4305	4897	87392	10	85	671030	7	4171	2	1	0	1378	28	0	3	292	0	5457	4305	1102	4	99	0	240	162	0	11	20035	289346	66827	54	0	0	289408	280146	12319	0
115	-94	-2	15	38	4145	4897	86986	10	85	670561	7	4158	2	1	0	1373	28	0	3	292	0	5457	4145	1098	0	0	0	0	158	0	11	20035	288948	66587	54	0	0	289308	280146	12319	0
114	-94	-2	15	38	3985	4895	86734	10	84	670309	7	4146	2	1	0	1369	28	0	3	289	0	5450	3985	1098	0	0	0	0	158	0	11	20035	288948	66587	54	0	0	289208	280146	12319	0
113	-94	-2	15	38	3825	4895	86482	10	84	670120	7	4134	2	1	0	1366	28	0	3	289	0	5450	3825	1098	0	0	0	0	158	0	11	20035	288948	66587	54	0	0	289108	280146	12319	0
112	-94	-2	15	38	3665	4893	86230	10	83	669868	7	4122	2	1	0	1362	28	0	3	286	0	5443	3665	1098	1	992	0	60	158	0	11	20035	288948	66587	54	0	0	289008	280146	12319	0
111	-94	-2	15	38	3505	4893	85915	10	83	669553	7	4107	2	1	0	1357	28	0	3	286	0	5443	3505	1097	0	0	0	0	157	0	11	20035	287956	66527	54	0	0	288908	280146	12319	0
110	-94	-2	15	38	3345	4893	85726	10	83	669364	7	4098	2	1	0	1354	28	0	3	286	0	5443	3345	1097	0	0	0	0	157	0	11	20035	287956	66527	54	0	0	288808	280146	12319	0
109	-94	-2	15	38	3185	4891	85474	10	82	669112	7	4086	2	1	0	1350	28	0	3	283	0	5436	3185	1097	0	0	0	0	157	0	11	20035	287956	66527	54	0	0	288708	280146	12319	0
108	-94	-2	15	38	3025	4891	85222	10	82	668860	7	4074	2	1	0	1346	28	0	3	283	0	5436	3025	1097	0	0	0	0	157	0	11	20035	287956	66527	54	0	0	288608	280146	12319	0
107	-94	-2	15	38	2705	4889	84781	10	81	668356	7	4053	2	1	0	1338	28	0	3	280	0	5429	2705	1097	0	0	0	0	157	0	11	20035	287956	66527	54	0	0	288408	280146	12319	0
106	-94	-2	15	38	2545	4889	84529	10	81	668167	7	4041	2	1	0	1335	28	0	3	280	0	5429	2545	1097	0	0	0	0	157	0	11	20035	287956	66527	54	0	0	288308	280146	12319	0
105	-94	-2	15	38	2385	4887	84277	10	80	667915	7	4029	2	1	0	1331	28	0	3	277	0	5422	2385	1097	0	0	0	0	157	0	11	20035	287956	66527	54	0	0	288208	280146	12319	0
104	-94	-2	15	38	2225	4887	84088	10	80	667663	7	4020	2	1	0	1327	28	0	3	277	0	5422	2225	1097	0	0	0	0	157	0	11	20035	287956	66527	54	0	0	288108	280146	12319	0
103	-94	-2	15	38	2065	4885	83836	10	79	667411	7	4008	2	1	0	1323	28	0	3	274	0	5415	2065	1097	3	60	0	180	157	0	11	20035	287956	66527	54	0	0	288008	280146	12319	0
102	-94	-2	15	38	1905	4885	83391	10	79	667029	7	3992	2	1	0	1319	28	0	3	274	0	5415	1905	1094	0	0	0	0	154	0	11	20035	287776	66347	54	0	0	287908	280146	12319	0
101	-94	-2	15	38	1745	4883	83139	10	78	666777	7	3980	2	1	0	1315	28	0	3	271	0	5408	1745	1094	1	80	0	60	154	0	11	20035	287776	66347	54	0	0	287808	280146	12319	0
100	-94	-2	15	38	1585	4883	82865	3	78	666503	7	3965	2	1	0	1310	28	0	3	271	0	5408	1585	1093	3	33	0	180	153	0	11	20035	287696	66287	54	0	0	287708	280146	12319	0
99	-94	-2	15	38	1425	4883	82569	19	78	666207	7	3947	2	1	0	1304	28	0	3	271	0	5408	1425	1090	3	65	0	180	150	0	11	20035	287596	66107	54	0	0	287608	280146	12319	0
98	-94	-2	15	38	1265	4881	82187	10	77	665762	7	3934	2	1	0	1299	28	0	3	268	0	5401	1265	1087	1	8	0	60	147	0	11	20035	287400	65927	54	0	0	287508	280146	12319	0
97	-94	-2	15	38	945	4879	81504	12	76	665045	7	3905	2	1	0	1290	28	0	3	265	0	5394	945	1079	1	450	0	60	139	0	11	20035	287216	65447	54	0	0	287308	280146	12319	0
96	-94	-2	15	38	785	4879	81196	10	76	664771	7	3889	2	1	0	1285	28	0	3	265	0	5394	785	1078	0	0	0	0	138	0	11	20035	286766	65387	54	0	0	287208	280146	12319	0
95	-94	-2	15	38	625	4879	80944	10	76	664582	7	3877	2	1	0	1282	28	0	3	265	0	5394	625	1078	0	0	0	0	138	0	11	20035	286766	65387	54	0	0	287108	280146	12319	0
94	-94	-2	15	38	465	4877	80692	10	75	664330	7	3865	2	1	0	1278	28	0	3	262	0	5387	465	1078	0	0	0	0	138	0	11	20035	286766	65387	54	0	0	287008	280146	12319	0
93	-94	-2	15	38	305	4877	80503	10	75	664141	7	3856	2	1	0	1275	28	0	3	262	0	5387	305	1078	0	0	0	0	138	0	11	20035	286766	65387	54	0	0	286908	280146	12319	0
92	-94	-2	15	38	145	4875	80251	10	74	663889	7	3844	2	1	0	1271	28	0	3	259	0	5380	145	1078	2	202	0	120	138	0	11	20035	286766	65387	54	0	0	286808	280146	12319	0
91	-94	-2	15	38	16369	4875	80040	3	74	663678	7	3832	2	1	0	1267	28	0	3	259	0	5380	16369	1077	0	0	0	0	137	0	11	20035	286706	65327	54	0	0	286708	280146	12319	0
90	-94	-2	15	38	16209	4873	79766	10	73	663404	7	3817	2	1	0	1262	28	0	3	256	0	5373	16209	1076	0	0	0	0	136	0	11	20035	286362	65267	54	0	0	286608	280146	12319	0
89	-94	-2	15	38	16049	4873	79514	10	73	663152	7	3805	2	1	0	1258	28	0	3	256	0	5373	16049	1076	0	0	0	0	136	0	11	20035	286362	65267	54	0	0	286508	280146	12319	0
88	-94	-2	15	38	15729	4871	78913	10	72	662551	7	3777	2	1	0	1249	28	0	3	253	0	5366	15729	1072	0	0	0	0	132	0	11	20035	285962	65027	54	0	0	286308	280146	12319	0
87	-94	-2	15	38	15569	4871	78724	10	72	662299	7	3768	2	1	0	1245	28	0	3	253	0	5366	15569	1072	0	0	0	0	132	0	11	20035	285962	65027	54	0	0	286208	280146	12319	0
86	-94	-2	15	38	15409	4869	78472	10	71	662110	7	3756	2	1	0	1242	28	0	3	250	0	5359	15409	1072	0	0	0	0	132	0	11	20035	285962	65027	54	0	0	286108	280146	12319	0
85	-94	-2	15	38	15249	4869	78220	10	71	661858	7	3744	2	1	0	1238	28	0	3	250	0	5359	15249	1072	2	508	0	120	132	0	11	20035	285962	65027	54	0	0	286008	280146	12319	0
84	-94	-2	15	38	15089	4869	77946	10	71	661584	7	3729	2	1	0	1233	28	0	3	250	0	5359	15089	1070	0	0	0	0	130	0	11	20035	284946	64907	54	0	0	285908	280146	12319	0
83	-94	-2	15	38	14929	4867	77694	10	70	661332	7	3717	2	1	0	1229	28	0	3	247	0	5352	14929	1070	0	0	0	0	130	0	11	20035	284946	64907	54	0	0	285808	280146	12319	0
82	-94	-2	15	38	14769	4867	77505	10	70	661080	7	3708	2	1	0	1225	28	0	3	247	0	5352	14769	1070	0	0	0	0	130	0	11	20035	284946	64907	54	0	0	285708	280146	12319	0
81	-94	-2	15	38	14609	4865	77253	10	69	660828	7	3696	2	1	0	1221	28	0	3	244	0	5345	14609	1070	0	0	0	0	130	0	11	20035	284946	64907	54	0	0	285608	280146	12319	0
80	-94	-2	15	38	14449	4865	77001	10	69	660639	7	3684	2	1	0	1218	28	0	3	244	0	5345	14449	1070	0	0	0	0	130	0	11	20035	284946	64907	54	0	0	285508	280146	12319	0
79	-94	-2	15	38	14289	4863	76749	10	68	660387	7	3672	2	1	0	1214	28	0	3	241	0	5338	14289	1070	0	0	0	0	130	0	11	20035	284946	64907	54	0	0	285408	280146	12319	0
78	-94	-2	15	38	13969	4863	76308	10	68	659946	7	3651	2	1	0	1207	28	0	3	241	0	5338	13969	1070	0	0	0	0	130	0	11	20035	284946	64907	54	0	0	285208	280146	12319	0
77	-94	-2	15	38	13809	4861	76119	10	67	659694	7	3642	2	1	0	1203	28	0	3	238	0	5331	13809	1070	0	0	0	0	130	0	11	20035	284946	64907	54	0	0	285108	280146	12319	0
76	-94	-2	15	38	13649	4861	75867	10	67	659505	7	3630	2	1	0	1200	28	0	3	238	0	5331	13649	1070	2	25	0	120	130	0	11	20035	284946	64907	54	0	0	285008	280146	12319	0
75	-94	-2	15	38	13489	4859	75502	19	66	659140	7	3614	2	1	0	1195	28	0	3	235	0	5324	13489	1068	3	569	0	180	128	0	11	20035	284896	64787	54	0	0	284908	280146	12319	0
74	-94	-2	15	38	13329	4859	75120	10	66	658695	7	3601	2	1	0	1190	28	0	3	235	0	5324	13329	1065	0	0	0	0	125	0	11	20035	283188	64607	54	0	0	284808	280146	12319	0
73	-94	-2	15	38	13169	4859	74868	10	66	658506	7	3589	2	1	0	1187	28	0	3	235	0	5324	13169	1065	0	0	0	0	125	0	11	20035	283188	64607	54	0	0	284708	280146	12319	0
72	-94	-2	15	38	13009	4857	74616	10	65	658254	7	3577	2	1	0	1183	28	0	3	232	0	5317	13009	1065	0	0	0	0	125	0	11	20035	283188	64607	54	0	0	284608	280146	12319	0
71	-94	-2	15	38	12849	4857	74427	10	65	658002	7	3568	2	1	0	1179	28	0	3	232	0	5317	12849	1065	0	0	0	0	125	0	11	20035	283188	64607	54	0	0	284508	280146	12319	0
70	-94	-2	15	38	12689	4855	74175	10	64	657750	7	3556	2	1	0	1175	28	0	3	229	0	5310	12689	1065	0	0	0	0	125	0	11	20035	283188	64607	54	0	0	284408	280146	12319	0
69	-94	-2	15	38	12529	4855	73923	10	64	657561	7	3544	2	1	0	1172	28	0	3	229	0	5310	12529	1065	0	0	0	0	125	0	11	20035	283188	64607	54	0	0	284308	280146	12319	0
68	-94	-2	15	38	12209	4853	73419	10	63	657057	7	3520	2	1	0	1164	28	0	3	226	0	5303	12209	1065	0	0	0	0	125	0	11	20035	283188	64607	54	0	0	284108	280146	12319	0
67	-94	-2	15	38	12049	4853	73230	10	63	656868	7	3511	2	1	0	1161	28	0	3	226	0	5303	12049	1065	0	0	0	0	125	0	11	20035	283188	64607	54	0	0	284008	280146	12319	0
66	-94	-2	15	38	11889	4851	72978	10	62	656616	7	3499	2	1	0	1157	28	0	3	223	0	5296	11889	1065	0	0	0	0	125	0	11	20035	283188	64607	54	0	0	283908	280146	12319	0
65	-94	-2	15	38	11729	4851	72726	10	62	656364	7	3487	2	1	0	1153	28	0	3	223	0	5296	11729	1065	0	0	0	0	125	0	11	20035	283188	64607	54	0	0	283808	280146	12319	0
64	-94	-2	15	38	11569	4849	72474	10	61	656112	7	3475	2	1	0	1149	28	0	3	220	0	5289	11569	1065	0	0	0	0	125	0	11	20035	283188	64607	54	0	0	283708	280146	12319	0
63	-94	-2	15	38	11409	4849	72285	10	61	655860	7	3466	2	1	0	1145	28	0	3	220	0	5289	11409	1065	0	0	0	0	125	0	11	20035	283188	64607	54	0	0	283608	280146	12319	0
62	-94	-2	15	38	11249	4849	72033	10	61	655671	7	3454	2	1	0	1142	28	0	3	220	0	5289	11249	1065	0	0	0	0	125	0	11	20035	283188	64607	54	0	0	283508	280146	12319	0
61	-94	-2	15	38	11089	4847	71781	10	60	655419	7	3442	2	1	0	1138	28	0	3	217	0	5282	11089	1065	0	0	0	0	125	0	11	20035	283188	64607	54	0	0	283408	280146	12319	0
60	-94	-2	15	38	10929	4847	71592	10	60	655167	7	3433	2	1	0	1134	28	0	3	217	0	5282	10929	1065	0	0	0	0	125	0	11	20035	283188	64607	54	0	0	283308	280146	12319	0
59	-94	-2	15	38	10769	4845	71277	10	59	654915	7	3418	2	1	0	1130	28	0	3	214	0	5275	10769	1065	1	2002	0	60	125	0	11	20035	283188	64607	54	0	0	283208	280146	12319	0
58	-94	-2	15	38	10449	4843	70773	10	58	654411	7	3394	2	1	0	1122	28	0	3	211	0	5268	10449	1064	0	0	0	0	124	0	11	20035	281186	64547	54	0	0	283008	280146	12319	0
57	-94	-2	15	38	10289	4843	70521	10	58	654159	7	3382	2	1	0	1118	28	0	3	211	0	5268	10289	1064	0	0	0	0	124	0	11	20035	281186	64547	54	0	0	282908	280146	12319	0
56	-94	-2	15	38	10129	4843	70332	10	58	653970	7	3373	2	1	0	1115	28	0	3	211	0	5268	10129	1064	0	0	0	0	124	0	11	20035	281186	64547	54	0	0	282808	280146	12319	0
55	-94	-2	15	38	9969	4841	70080	10	57	653718	7	3361	2	1	0	1111	28	0	3	208	0	5261	9969	1064	0	0	0	0	124	0	11	20035	281186	64547	54	0	0	282708	280146	12319	0
54	-94	-2	15	38	9809	4841	69828	10	57	653466	7	3349	2	1	0	1107	28	0	3	208	0	5261	9809	1064	0	0	0	0	124	0	11	20035	281186	64547	54	0	0	282608	280146	12319	0
53	-94	-2	15	38	9649	4839	69576	10	56	653214	7	3337	2	1	0	1103	28	0	3	205	0	5254	9649	1064	0	0	0	0	124	0	11	20035	281186	64547	54	0	0	282508	280146	12319	0
52	-94	-2	15	38	9489	4839	69387	10	56	652962	7	3328	2	1	0	1099	28	0	3	205	0	5254	9489	1064	0	0	0	0	124	0	11	20035	281186	64547	54	0	0	282408	280146	12319	0
51	-94	-2	15	38	9329	4839	69135	10	56	652773	7	3316	2	1	0	1096	28	0	3	205	0	5254	9329	1064	0	0	0	0	124	0	11	20035	281186	64547	54	0	0	282308	280146	12319	0
50	-94	-2	15	38	9169	4837	68883	10	55	652521	7	3304	2	1	0	1092	28	0	3	202	0	5247	9169	1064	0	0	0	0	124	0	11	20035	281186	64547	54	0	0	282208	280146	12319	0
49	-94	-2	15	38	8849	4835	68442	10	54	652017	7	3283	2	1	0	1084	28	0	3	199	0	5240	8849	1064	0	0	0	0	124	0	11	20035	281186	64547	54	0	0	282008	280146	12319	0
48	-94	-2	15	38	8689	4835	68190	10	54	651828	7	3271	2	1	0	1081	28	0	3	199	0	5240	8689	1064	0	0	0	0	124	0	11	20035	281186	64547	54	0	0	281908	280146	12319	0
47	-94	-2	15	38	8529	4833	67938	10	53	651576	7	3259	2	1	0	1077	28	0	3	196	0	5233	8529	1064	0	0	0	0	124	0	11	20035	281186	64547	54	0	0	281808	280146	12319	0
46	-94	-2	15	38	8369	4833	67686	10	53	651324	7	3247	2	1	0	1073	28	0	3	196	0	5233	8369	1064	0	0	0	0	124	0	11	20035	281186	64547	54	0	0	281708	280146	12319	0
45	-94	-2	15	38	8209	4833	67497	10	53	651135	7	3238	2	1	0	1070	28	0	3	196	0	5233	8209	1064	0	0	0	0	124	0	11	20035	281186	64547	54	0	0	281608	280146	12319	0
44	-94	-2	15	38	8049	4831	67245	10	52	650883	7	3226	2	1	0	1066	28	0	3	193	0	5226	8049	1064	0	0	0	0	124	0	11	20035	281186	64547	54	0	0	281508	280146	12319	0
43	-94	-2	15	38	7889	4831	67056	10	52	650631	7	3217	2	1	0	1062	28	0	3	193	0	5226	7889	1064	0	0	0	0	124	0	11	20035	281186	64547	54	0	0	281408	280146	12319	0
42	-94	-2	15	38	7729	4829	66804	10	51	650442	7	3205	2	1	0	1059	28	0	3	190	0	5219	7729	1064	0	0	0	0	124	0	11	20035	281186	64547	54	0	0	281308	280146	12319	0
41	-94	-2	15	38	7569	4829	66615	10	51	650190	7	3196	2	1	0	1055	28	0	3	190	0	5219	7569	1064	1	300	0	60	124	0	11	20035	281186	64547	54	0	0	281208	280146	12319	0
40	-94	-2	15	38	7409	4829	66341	10	51	649979	7	3181	2	1	0	1051	28	0	3	190	0	5219	7409	1063	0	0	0	0	123	0	11	20035	280886	64487	54	0	0	281108	280146	12319	0
39	-94	-2	15	38	7089	4827	65900	10	50	649475	7	3160	2	1	0	1043	28	0	3	187	0	5212	7089	1063	3	237	0	180	123	0	11	20035	280886	64487	54	0	0	280908	280146	12319	0
38	-94	-2	15	38	6929	4825	65455	10	49	649030	7	3144	2	1	0	1038	28	0	3	184	0	5205	6929	1060	0	0	0	0	120	0	11	20035	280174	64307	54	0	0	280808	280146	12319	0
37	-94	-2	15	38	6769	4825	65203	10	49	648841	7	3132	2	1	0	1035	28	0	3	184	0	5205	6769	1060	0	0	0	0	120	0	11	20035	280174	64307	54	0	0	280708	280146	12319	0
36	-94	-2	15	38	6609	4823	64951	10	48	648589	7	3120	2	1	0	1031	28	0	3	181	0	5198	6609	1060	0	0	0	0	120	0	11	20035	280174	64307	54	0	0	280608	280146	12319	0
35	-94	-2	15	38	6449	4823	64762	10	48	648337	7	3111	2	1	0	1027	28	0	3	181	0	5198	6449	1060	0	0	0	0	120	0	11	20035	280174	64307	54	0	0	280508	280146	12319	0
34	-94	-2	15	38	6289	4823	64510	10	48	648148	7	3099	2	1	0	1024	28	0	3	181	0	5198	6289	1060	0	0	0	0	120	0	11	20035	280174	64307	54	0	0	280408	280146	12319	0
33	-94	-2	15	38	6129	4821	64321	10	47	647896	373	3090	369	3	0	1020	28	23	6	178	0	5191	6129	1060	0	0	0	0	120	0	11	20035	280174	64307	54	0	0	280308	280146	12319	0
32	-94	-2	15	38	5969	4821	64069	10	47	647707	373	3078	369	3	0	1017	28	23	6	178	0	5191	5969	1060	2	123	0	127	120	365	11	20035	280174	64307	54	1	7265	280208	280146	12319	0
31	-94	-2	15	38	5809	4450	63795	3	45	647433	7	3063	2	1	0	1012	28	0	3	169	0	4811	5809	1059	0	0	0	0	119	0	10	19670	280104	64247	53	0	0	280108	272881	12319	0
30	-94	-2	15	38	5649	4450	63584	10	45	647159	7	3051	2	1	0	1007	28	0	3	169	0	4811	5649	1058	1	1054	0	60	118	0	10	19670	279928	64180	53	0	0	280008	272881	12319	0
29	-94	-2	15	38	5329	4448	63017	10	44	646655	7	3024	2	1	0	999	28	0	3	166	0	4804	5329	1057	0	0	0	0	117	0	10	19670	278874	64120	53	0	0	279808	272881	12319	0
28	-94	-2	15	38	5169	4448	62828	10	44	646403	7	3015	2	1	0	995	28	0	3	166	0	4804	5169	1057	0	0	0	0	117	0	10	19670	278874	64120	53	0	0	279708	272881	12319	0
27	-94	-2	15	38	5009	4446	62576	10	43	646151	7	3003	2	1	0	991	28	0	3	163	0	4797	5009	1057	0	0	0	0	117	0	10	19670	278874	64120	53	0	0	279608	272881	12319	0
26	-94	-2	15	38	4849	4446	62324	10	43	645962	7	2991	2	1	0	988	28	0	3	163	0	4797	4849	1057	0	0	0	0	117	0	10	19670	278874	64120	53	0	0	279508	272881	12319	0
25	-94	-2	15	38	4689	4444	62072	10	42	645710	7	2979	2	1	0	984	28	0	3	160	0	4790	4689	1057	0	0	0	0	117	0	10	19670	278874	64120	53	0	0	279408	272881	12319	0
24	-94	-2	15	38	4529	4444	61820	10	42	645458	7	2967	2	1	0	980	28	0	3	160	0	4790	4529	1057	0	0	0	0	117	0	10	19670	278874	64120	53	0	0	279308	272881	12319	0
23	-94	-2	15	38	4369	4444	61631	10	42	645269	7	2958	2	1	0	977	28	0	3	160	0	4790	4369	1057	0	0	0	0	117	0	10	19670	278874	64120	53	0	0	279208	272881	12319	0
22	-94	-2	15	38	4209	4442	61379	10	41	645017	7	2946	2	1	0	973	28	0	3	157	0	4783	4209	1057	0	0	0	0	117	0	10	19670	278874	64120	53	0	0	279108	272881	12319	0
21	-94	-2	15	38	4049	4442	61190	10	41	644765	7	2937	2	1	0	969	28	0	3	157	0	4783	4049	1057	0	0	0	0	117	0	10	19670	278874	64120	53	0	0	279008	272881	12319	0
20	-94	-2	15	38	3889	4440	60938	10	40	644576	7	2925	2	1	0	966	28	0	3	154	0	4776	3889	1057	3	332	0	180	117	0	10	19670	278874	64120	53	0	0	278908	272881	12319	0
19	-94	-2	15	38	3569	4440	60337	10	40	643975	7	2897	2	1	0	957	28	0	3	154	0	4776	3569	1054	0	0	0	0	114	0	10	19670	277876	63940	53	0	0	278708	272881	12319	0
18	-94	-2	15	38	3409	4438	60085	10	39	643723	7	2885	2	1	0	953	28	0	3	151	0	4769	3409	1054	0	0	0	0	114	0	10	19670	277876	63940	53	0	0	278608	272881	12319	0
17	-94	-2	15	38	3249	4438	59896	10	39	643471	7	2876	2	1	0	949	28	0	3	151	0	4769	3249	1054	0	0	0	0	114	0	10	19670	277876	63940	53	0	0	278508	272881	12319	0
16	-94	-2	15	38	3089	4436	59644	10	38	643219	7	2864	2	1	0	945	28	0	3	148	0	4762	3089	1054	0	0	0	0	114	0	10	19670	277876	63940	53	0	0	278408	272881	12319	0
15	-94	-2	15	38	2929	4436	59392	10	38	643030	7	2852	2	1	0	942	28	0	3	148	0	4762	2929	1054	0	0	0	0	114	0	10	19670	277876	63940	53	0	0	278308	272881	12319	0
14	-94	-2	15	38	2769	4434	59140	10	37	642778	7	2840	2	1	0	938	28	0	3	145	0	4755	2769	1054	0	0	0	0	114	0	10	19670	277876	63940	53	0	0	278208	272881	12319	0
13	-94	-2	15	38	2609	4434	58888	10	37	642526	7	2828	2	1	0	934	28	0	3	145	0	4755	2609	1054	0	0	0	0	114	0	10	19670	277876	63940	53	0	0	278108	272881	12319	0
12	-94	-2	15	38	2449	4434	58699	10	37	642337	7	2819	2	1	0	931	28	0	3	145	0	4755	2449	1054	0	0	0	0	114	0	10	19670	277876	63940	53	0	0	278008	272881	12319	0
11	-94	-2	15	38	2289	4432	58447	10	36	642085	7	2807	2	1	0	927	28	0	3	142	0	4748	2289	1054	3	326	0	180	114	0	10	19670	277876	63940	53	0	0	277908	272881	12319	0
10	-94	-2	15	38	2129	4432	58002	10	36	641640	7	2791	2	1	0	922	28	0	3	142	0	4748	2129	1051	0	0	0	0	111	0	10	19670	276896	63760	53	0	0	277808	272881	12319	0
9	-94	-2	15	38	1809	4430	57561	10	35	641136	7	2770	2	1	0	914	28	0	3	139	0	4741	1809	1051	0	0	0	0	111	0	10	19670	276896	63760	53	0	0	277608	272881	12319	0
8	-94	-2	15	38	1649	4430	57309	10	35	640947	7	2758	2	1	0	911	28	0	3	139	0	4741	1649	1051	0	0	0	0	111	0	10	19670	276896	63760	53	0	0	277508	272881	12319	0
7	-94	-2	15	38	1489	4428	57057	10	34	640695	7	2746	2	1	0	907	28	0	3	136	0	4734	1489	1051	0	0	0	0	111	0	10	19670	276896	63760	53	0	0	277408	272881	12319	0
6	-94	-2	15	38	1329	4428	56868	10	34	640443	7	2737	2	1	0	903	28	0	3	136	0	4734	1329	1051	0	0	0	0	111	0	10	19670	276896	63760	53	0	0	277308	272881	12319	0
5	-94	-2	15	38	1169	4426	56616	10	33	640254	7	2725	2	1	0	900	28	0	3	133	0	4727	1169	1051	0	0	0	0	111	0	10	19670	276896	63760	53	0	0	277208	272881	12319	0
4	-94	-2	15	38	1009	4426	56364	10	33	640002	7	2713	2	1	0	896	28	0	3	133	0	4727	1009	1051	0	0	0	0	111	0	10	19670	276896	63760	53	0	0	277108	272881	12319	0
3	-94	-2	15	38	849	4424	56175	10	32	639750	7	2704	2	1	0	892	28	0	3	130	0	4720	849	1051	0	0	0	0	111	0	10	19670	276896	63760	53	0	0	277008	272881	12319	0
2	-94	-2	15	38	689	4424	55923	12	32	639561	7	2692	2	1	0	889	28	0	3	130	0	4720	689	1051	2	489	0	120	111	0	10	19670	276896	63760	53	0	0	276908	272881	12319	0
1	-94	-2	15	38	529	4424	55637	10	32	639275	7	2679	2	1	0	885	28	0	3	130	0	4720	529	1049	0	0	0	0	109	0	10	19670	275918	63640	53	0	0	276808	272881	12319	0
