date_index	rsrp	rsrq	wbcqi	macStats_phr	dlCqiReport_sfnSn	macStats_totalBytesSdusDl	macStats_totalTbsUl	macStats_mcs1Ul	macStats_totalPduDl	macStats_totalBytesSdusUl	macStats_tbsDl	macStats_totalPrbUl	macStats_macSdusDl_sduLength	macStats_macSdusDl_lcid	macStats_prbUl	macStats_totalPduUl	macStats_mcs1Dl	macStats_mcs2Dl	macStats_prbDl	macStats_totalPrbDl	macStats_prbRetxDl	macStats_totalTbsDl	ulCqiReport_sfnSn	pdcpStats_pktRx	pdcpStats_pktRxW	pdcpStats_pktRxAiatW	pdcpStats_pktRxOo	pdcpStats_pktRxBytesW	pdcpStats_pktRxSn	pdcpStats_pktTxBytesW	pdcpStats_pktTxSn	pdcpStats_pktTxBytes	pdcpStats_pktRxAiat	pdcpStats_pktRxBytes	pdcpStats_pktTx	pdcpStats_pktTxW	pdcpStats_pktTxAiatW	pdcpStats_sfn	pdcpStats_pktTxAiat	rnti	quality
2718	-107	-8	8	26	11909	8647	538416	10	664	537426	7	25787	2	1	0	8552	13	0	3	2083	9	12134	11909	395	0	0	0	0	394	0	18	6963	232298	23909	19	0	0	232722	176673	6163	0
2717	-107	-8	8	26	11829	8647	538290	10	664	537300	7	25781	2	1	0	8550	13	0	3	2083	9	12134	11829	395	0	0	0	0	394	0	18	6963	232298	23909	19	0	0	232672	176673	6163	0
2716	-107	-8	8	26	11749	8645	538164	10	663	537174	7	25775	2	1	0	8548	13	0	3	2080	9	12127	11749	395	0	0	0	0	394	0	18	6963	232298	23909	19	0	0	232622	176673	6163	0
2715	-107	-8	7	26	11589	8645	537975	10	663	536922	7	25766	2	1	0	8544	11	0	3	2080	9	12127	11589	395	0	0	0	0	394	0	18	6963	232298	23909	19	0	0	232522	176673	6163	0
2714	-107	-8	8	26	11349	8643	537597	10	662	536607	7	25748	2	1	0	8539	13	0	3	2077	9	12120	11349	395	1	332	0	60	394	0	18	6963	232298	23909	19	0	0	232372	176673	6163	0
2713	-107	-8	8	26	11109	8643	537260	10	662	536270	7	25730	2	1	0	8533	13	0	3	2077	9	12120	11109	394	0	0	0	0	393	0	18	6963	231966	23849	19	0	0	232222	176673	6163	0
2712	-107	-8	8	26	10869	8641	536945	10	661	535892	7	25715	2	1	0	8527	13	0	3	2074	9	12113	10869	394	1	1010	0	60	393	0	18	6963	231966	23849	19	0	0	232072	176673	6163	0
2711	-107	-8	8	26	10709	8641	536693	3	661	535703	7	25703	2	1	0	8524	13	0	3	2074	9	12113	10709	394	0	0	0	0	393	0	18	6963	231966	23849	19	0	0	231972	176673	6163	0
2710	-107	-8	7	26	10629	8639	536545	10	660	535492	7	25694	2	1	0	8520	11	0	3	2071	9	12106	10629	393	0	0	0	0	392	0	18	6963	230956	23789	19	0	0	231922	176673	6163	0
2709	-107	-8	8	26	10389	8639	536167	10	660	535177	7	25676	2	1	0	8515	13	0	3	2071	9	12106	10389	393	0	0	0	0	392	0	18	6963	230956	23789	19	0	0	231772	176673	6163	0
2708	-107	-7	8	26	10229	8637	535915	10	659	534925	7	25664	2	1	0	8511	13	0	3	2068	9	12099	10229	393	0	0	0	0	392	0	18	6963	230956	23789	19	0	0	231672	176673	6163	0
2707	-107	-7	8	26	10149	8637	535852	10	659	534799	7	25661	2	1	0	8509	13	0	3	2068	9	12099	10149	393	0	0	0	0	392	0	18	6963	230956	23789	19	0	0	231622	176673	6163	0
2706	-107	-7	8	26	10069	8637	535726	10	659	534736	7	25655	2	1	0	8508	13	0	3	2068	9	12099	10069	393	0	0	0	0	392	0	18	6963	230956	23789	19	0	0	231572	176673	6163	0
2705	-107	-7	7	26	9989	8637	535600	10	659	534610	7	25649	2	1	0	8506	11	0	3	2068	9	12099	9989	393	0	0	0	0	392	0	18	6963	230956	23789	19	0	0	231522	176673	6163	0
2704	-107	-7	8	26	9909	8637	535474	10	659	534484	7	25643	2	1	0	8504	13	0	3	2068	9	12099	9909	393	0	0	0	0	392	0	18	6963	230956	23789	19	0	0	231472	176673	6163	0
2703	-107	-8	8	26	9829	8635	535348	10	658	534358	7	25637	2	1	0	8502	13	0	3	2065	9	12092	9829	393	0	0	0	0	392	0	18	6963	230956	23789	19	0	0	231422	176673	6163	0
2702	-107	-8	8	26	9749	8635	535222	10	658	534232	7	25631	2	1	0	8500	13	0	3	2065	9	12092	9749	393	0	0	0	0	392	0	18	6963	230956	23789	19	0	0	231372	176673	6163	0
2701	-107	-8	9	26	9669	8635	535096	10	658	534106	7	25625	2	1	0	8498	16	0	3	2065	9	12092	9669	393	0	0	0	0	392	0	18	6963	230956	23789	19	0	0	231322	176673	6163	0
2700	-107	-8	9	26	9589	8635	535033	10	658	533980	7	25622	2	1	0	8496	16	0	3	2065	9	12092	9589	393	0	0	0	0	392	0	18	6963	230956	23789	19	0	0	231272	176673	6163	0
2699	-107	-8	8	26	9509	8635	534907	10	658	533917	7	25616	2	1	0	8495	13	0	3	2065	9	12092	9509	393	0	0	0	0	392	0	18	6963	230956	23789	19	0	0	231222	176673	6163	0
2698	-107	-7	8	26	9349	8633	534655	10	657	533665	7	25604	2	1	0	8491	13	0	3	2062	9	12085	9349	393	0	0	0	0	392	0	18	6963	230956	23789	19	0	0	231122	176673	6163	0
2697	-107	-7	8	26	9269	8633	534529	10	657	533539	7	25598	2	1	0	8489	13	0	3	2062	9	12085	9269	393	1	1060	0	60	392	0	18	6963	230956	23789	19	0	0	231072	176673	6163	0
2696	-107	-7	8	26	9189	8633	534403	10	657	533413	7	25592	2	1	0	8487	13	0	3	2062	9	12085	9189	393	1	1060	0	60	392	0	18	6963	230956	23789	19	0	0	231022	176673	6163	0
2695	-107	-7	8	32	9109	8631	534340	10	656	533287	7	25589	2	1	0	8485	13	0	3	2059	9	12078	9109	393	0	0	0	0	392	0	18	6963	230956	23789	19	0	0	230972	176673	6163	0
2694	-107	-7	7	26	9029	8631	534129	10	656	533139	7	25577	2	1	0	8482	11	0	3	2059	9	12078	9029	392	0	0	0	0	391	0	18	6963	229896	23729	19	0	0	230922	176673	6163	0
2693	-107	-7	9	26	8949	8631	534066	10	656	533013	7	25574	2	1	0	8480	16	0	3	2059	9	12078	8949	392	0	0	0	0	391	0	18	6963	229896	23729	19	0	0	230872	176673	6163	0
2692	-107	-7	8	26	8869	8631	533940	10	656	532887	7	25568	2	1	0	8478	13	0	3	2059	9	12078	8869	392	0	0	0	0	391	0	18	6963	229896	23729	19	0	0	230822	176673	6163	0
2691	-107	-7	8	26	8789	8631	533814	10	656	532824	7	25562	2	1	0	8477	13	0	3	2059	9	12078	8789	392	0	0	0	0	391	0	18	6963	229896	23729	19	0	0	230772	176673	6163	0
2690	-107	-8	9	26	8709	8629	533688	10	655	532635	7	25556	2	1	0	8474	16	0	3	2056	9	12071	8709	392	0	0	0	0	391	0	18	6963	229896	23729	19	0	0	230722	176673	6163	0
2689	-107	-8	9	26	8629	8629	533562	10	655	532572	7	25550	2	1	0	8473	16	0	3	2056	9	12071	8629	392	0	0	0	0	391	0	18	6963	229896	23729	19	0	0	230672	176673	6163	0
2688	-107	-8	8	26	8469	8629	533310	10	655	532320	7	25538	2	1	0	8469	13	0	3	2056	9	12071	8469	392	0	0	0	0	391	0	18	6963	229896	23729	19	0	0	230572	176673	6163	0
2687	-107	-8	10	26	8389	8629	533247	10	655	532194	7	25535	2	1	0	8467	18	0	3	2056	9	12071	8389	392	0	0	0	0	391	0	18	6963	229896	23729	19	0	0	230522	176673	6163	0
2686	-107	-8	8	26	8309	8627	533058	10	654	532068	7	25526	2	1	0	8465	13	0	3	2053	9	12064	8309	392	0	0	0	0	391	0	18	6963	229896	23729	19	0	0	230472	176673	6163	0
2685	-107	-8	8	26	8229	8627	532995	10	654	531942	7	25523	2	1	0	8463	13	0	3	2053	9	12064	8229	392	0	0	0	0	391	0	18	6963	229896	23729	19	0	0	230422	176673	6163	0
2684	-107	-8	8	26	8149	8627	532869	10	654	531879	7	25517	2	1	0	8462	13	0	3	2053	9	12064	8149	392	0	0	0	0	391	0	18	6963	229896	23729	19	0	0	230372	176673	6163	0
2683	-107	-8	7	26	8069	8627	532743	10	654	531753	7	25511	2	1	0	8460	11	0	3	2053	9	12064	8069	392	0	0	0	0	391	0	18	6963	229896	23729	19	0	0	230322	176673	6163	0
2682	-107	-8	7	26	7989	8627	532617	10	654	531627	7	25505	2	1	0	8458	11	0	3	2053	9	12064	7989	392	0	0	0	0	391	0	18	6963	229896	23729	19	0	0	230272	176673	6163	0
2681	-107	-7	7	26	7909	8625	532491	10	653	531501	7	25499	2	1	0	8456	11	0	3	2050	9	12057	7909	392	0	0	0	0	391	0	18	6963	229896	23729	19	0	0	230222	176673	6163	0
2680	-107	-7	8	26	7829	8625	532428	10	653	531375	7	25496	2	1	0	8454	13	0	3	2050	9	12057	7829	392	0	0	0	0	391	0	18	6963	229896	23729	19	0	0	230172	176673	6163	0
2679	-107	-7	8	26	7749	8625	532302	10	653	531312	7	25490	2	1	0	8453	13	0	3	2050	9	12057	7749	392	0	0	0	0	391	0	18	6963	229896	23729	19	0	0	230122	176673	6163	0
2678	-107	-7	9	26	7589	8625	532050	10	653	531060	7	25478	2	1	0	8449	16	0	3	2050	9	12057	7589	392	0	0	0	0	391	0	18	6963	229896	23729	19	0	0	230022	176673	6163	0
2677	-107	-7	9	26	7509	8623	531924	10	652	530934	7	25472	2	1	0	8447	16	0	3	2047	9	12050	7509	392	1	1618	0	60	391	0	18	6963	229896	23729	19	0	0	229972	176673	6163	0
2676	-107	-7	8	26	7429	8623	531861	10	652	530808	7	25469	2	1	0	8445	13	0	3	2047	9	12050	7429	392	1	1618	0	60	391	0	18	6963	229896	23729	19	0	0	229922	176673	6163	0
2675	-107	-7	9	26	7349	8623	531713	10	652	530723	7	25460	2	1	0	8443	16	0	3	2047	9	12050	7349	391	0	0	0	0	390	0	18	6963	228278	23669	19	0	0	229872	176673	6163	0
2674	-107	-7	9	26	7269	8623	531587	10	652	530597	7	25454	2	1	0	8441	16	0	3	2047	9	12050	7269	391	0	0	0	0	390	0	18	6963	228278	23669	19	0	0	229822	176673	6163	0
2673	-107	-7	8	26	7189	8621	531524	10	651	530471	7	25451	2	1	0	8439	13	0	3	2044	9	12043	7189	391	0	0	0	0	390	0	18	6963	228278	23669	19	0	0	229772	176673	6163	0
2672	-107	-7	10	26	7109	8621	531335	10	651	530345	7	25442	2	1	0	8437	18	0	3	2044	9	12043	7109	391	0	0	0	0	390	0	18	6963	228278	23669	19	0	0	229722	176673	6163	0
2671	-107	-7	9	26	7029	8621	531272	10	651	530219	7	25439	2	1	0	8435	16	0	3	2044	9	12043	7029	391	0	0	0	0	390	0	18	6963	228278	23669	19	0	0	229672	176673	6163	0
2670	-107	-7	9	26	6949	8621	531146	10	651	530093	7	25433	2	1	0	8433	16	0	3	2044	9	12043	6949	391	0	0	0	0	390	0	18	6963	228278	23669	19	0	0	229622	176673	6163	0
2669	-107	-7	10	26	6869	8621	531020	10	651	530030	7	25427	2	1	0	8432	18	0	3	2044	9	12043	6869	391	0	0	0	0	390	0	18	6963	228278	23669	19	0	0	229572	176673	6163	0
2668	-107	-8	8	26	6709	8619	530768	10	650	529778	7	25415	2	1	0	8428	13	0	3	2041	9	12036	6709	391	0	0	0	0	390	0	18	6963	228278	23669	19	0	0	229472	176673	6163	0
2667	-107	-8	9	26	6629	8619	530642	10	650	529652	7	25409	2	1	0	8426	16	0	3	2041	9	12036	6629	391	0	0	0	0	390	0	18	6963	228278	23669	19	0	0	229422	176673	6163	0
2666	-107	-8	6	26	6549	8619	530516	10	650	529526	7	25403	2	1	0	8424	8	0	3	2041	9	12036	6549	391	0	0	0	0	390	0	18	6963	228278	23669	19	0	0	229372	176673	6163	0
2665	-107	-8	8	26	6469	8619	530453	10	650	529400	7	25400	2	1	0	8422	13	0	3	2041	9	12036	6469	391	0	0	0	0	390	0	18	6963	228278	23669	19	0	0	229322	176673	6163	0
2664	-107	-7	7	26	6389	8617	530264	10	649	529274	7	25391	2	1	0	8420	11	0	3	2038	9	12029	6389	391	0	0	0	0	390	0	18	6963	228278	23669	19	0	0	229272	176673	6163	0
2663	-107	-7	8	26	6309	8617	530201	10	649	529148	7	25388	2	1	0	8418	13	0	3	2038	9	12029	6309	391	0	0	0	0	390	0	18	6963	228278	23669	19	0	0	229222	176673	6163	0
2662	-107	-7	8	26	6228	8617	530075	10	649	529085	7	25382	2	1	0	8417	13	0	3	2038	9	12029	6228	391	0	0	0	0	390	0	18	6963	228278	23669	19	0	0	229171	176673	6163	0
2661	-107	-7	8	26	6149	8617	529949	10	649	528959	7	25376	2	1	0	8415	13	0	3	2038	9	12029	6149	391	0	0	0	0	390	0	18	6963	228278	23669	19	0	0	229122	176673	6163	0
2660	-107	-7	7	26	6069	8617	529823	10	649	528833	7	25370	2	1	0	8413	11	0	3	2038	9	12029	6069	391	0	0	0	0	390	0	18	6963	228278	23669	19	0	0	229072	176673	6163	0
2659	-107	-7	7	26	5989	8615	529697	10	648	528707	7	25364	2	1	0	8411	11	0	3	2035	9	12022	5989	391	0	0	0	0	390	0	18	6963	228278	23669	19	0	0	229022	176673	6163	0
2658	-107	-7	9	26	5829	8615	529445	10	648	528455	7	25352	2	1	0	8407	16	0	3	2035	9	12022	5829	391	0	0	0	0	390	0	18	6963	228278	23669	19	0	0	228922	176673	6163	0
2657	-107	-7	9	26	5749	8615	529382	10	648	528329	7	25349	2	1	0	8405	16	0	3	2035	9	12022	5749	391	0	0	0	0	390	0	18	6963	228278	23669	19	0	0	228872	176673	6163	0
2656	-107	-7	9	26	5669	8615	529256	10	648	528266	7	25343	2	1	0	8404	16	0	3	2035	9	12022	5669	391	0	0	0	0	390	0	18	6963	228278	23669	19	0	0	228822	176673	6163	0
2655	-107	-7	7	26	5589	8613	529130	10	647	528077	7	25337	2	1	0	8401	11	0	3	2032	9	12015	5589	391	0	0	0	0	390	0	18	6963	228278	23669	19	0	0	228772	176673	6163	0
2654	-107	-7	9	26	5509	8613	529004	10	647	528014	7	25331	2	1	0	8400	16	0	3	2032	9	12015	5509	391	0	0	0	0	390	0	18	6963	228278	23669	19	0	0	228722	176673	6163	0
2653	-107	-7	7	26	5429	8613	528878	10	647	527888	7	25325	2	1	0	8398	11	0	3	2032	9	12015	5429	391	0	0	0	0	390	0	18	6963	228278	23669	19	0	0	228672	176673	6163	0
2652	-107	-7	9	26	5349	8613	528752	10	647	527762	7	25319	2	1	0	8396	16	0	3	2032	9	12015	5349	391	0	0	0	0	390	0	18	6963	228278	23669	19	0	0	228622	176673	6163	0
2651	-107	-8	9	26	5269	8611	528689	10	646	527636	7	25316	2	1	0	8394	16	0	3	2029	9	12008	5269	391	0	0	0	0	390	0	18	6963	228278	23669	19	0	0	228572	176673	6163	0
2650	-107	-8	9	26	5189	8611	528500	10	646	527510	7	25307	2	1	0	8392	16	0	3	2029	9	12008	5189	391	0	0	0	0	390	0	18	6963	228278	23669	19	0	0	228522	176673	6163	0
2649	-107	-8	9	26	5109	8611	528437	10	646	527384	7	25304	2	1	0	8390	16	0	3	2029	9	12008	5109	391	0	0	0	0	390	0	18	6963	228278	23669	19	0	0	228472	176673	6163	0
2648	-107	-8	8	26	4949	8611	528185	10	646	527195	7	25292	2	1	0	8387	13	0	3	2029	9	12008	4949	391	3	130	0	180	390	0	18	6963	228278	23669	19	0	0	228372	176673	6163	0
2647	-107	-8	9	26	4869	8609	527996	10	645	527006	7	25283	2	1	0	8384	16	0	3	2026	9	12001	4869	391	3	130	0	180	390	0	18	6963	228278	23669	19	0	0	228322	176673	6163	0
2646	-107	-8	9	26	4789	8609	527933	10	645	526817	7	25280	2	1	0	8381	16	0	3	2026	9	12001	4789	390	0	0	0	0	389	0	18	6963	228246	23609	19	0	0	228272	176673	6163	0
2645	-107	-8	9	26	4709	8609	527647	10	645	526657	7	25267	2	1	0	8379	16	0	3	2026	9	12001	4709	388	0	0	0	0	387	0	18	6963	227888	23489	19	0	0	228222	176673	6163	0
2644	-107	-8	7	26	4629	8609	527521	10	645	526531	7	25261	2	1	0	8377	11	0	3	2026	9	12001	4629	388	0	0	0	0	387	0	18	6963	227888	23489	19	0	0	228172	176673	6163	0
2643	-107	-8	8	26	4549	8609	527458	10	645	526405	7	25258	2	1	0	8375	13	0	3	2026	9	12001	4549	388	0	0	0	0	387	0	18	6963	227888	23489	19	0	0	228122	176673	6163	0
2642	-107	-8	7	26	4469	8607	527269	10	644	526279	7	25249	2	1	0	8373	11	0	3	2023	9	11994	4469	388	0	0	0	0	387	0	18	6963	227888	23489	19	0	0	228072	176673	6163	0
2641	-107	-8	9	26	4389	8607	527206	10	644	526153	7	25246	2	1	0	8371	16	0	3	2023	9	11994	4389	388	0	0	0	0	387	0	18	6963	227888	23489	19	0	0	228022	176673	6163	0
2640	-107	-8	8	26	4309	8607	527080	10	644	526027	7	25240	2	1	0	8369	13	0	3	2023	9	11994	4309	388	1	1002	0	60	387	0	18	6963	227888	23489	19	0	0	227972	176673	6163	0
2639	-107	-8	8	26	4229	8607	526954	10	644	525964	7	25234	2	1	0	8368	13	0	3	2023	9	11994	4229	388	1	1002	0	60	387	0	18	6963	227888	23489	19	0	0	227922	176673	6163	0
2638	-107	-8	7	26	4069	8605	526639	10	643	525649	7	25219	2	1	0	8363	11	0	3	2020	9	11987	4069	387	0	0	0	0	386	0	18	6963	226886	23429	19	0	0	227822	176673	6163	0
2637	-107	-8	8	26	3989	8605	526513	10	643	525523	7	25213	2	1	0	8361	13	0	3	2020	9	11987	3989	387	0	0	0	0	386	0	18	6963	226886	23429	19	0	0	227772	176673	6163	0
2636	-107	-8	8	26	3909	8605	526387	10	643	525397	7	25207	2	1	0	8359	13	0	3	2020	9	11987	3909	387	0	0	0	0	386	0	18	6963	226886	23429	19	0	0	227722	176673	6163	0
2635	-107	-8	8	26	3829	8605	526324	10	643	525271	7	25204	2	1	0	8357	13	0	3	2020	9	11987	3829	387	0	0	0	0	386	0	18	6963	226886	23429	19	0	0	227672	176673	6163	0
2634	-107	-8	8	26	3749	8605	526198	10	643	525208	7	25198	2	1	0	8356	13	0	3	2020	9	11987	3749	387	0	0	0	0	386	0	18	6963	226886	23429	19	0	0	227622	176673	6163	0
2633	-107	-8	8	26	3669	8603	526072	10	642	525019	7	25192	2	1	0	8353	13	0	3	2017	9	11980	3669	387	0	0	0	0	386	0	18	6963	226886	23429	19	0	0	227572	176673	6163	0
2632	-107	-8	8	26	3589	8603	525946	10	642	524956	7	25186	2	1	0	8352	13	0	3	2017	9	11980	3589	387	0	0	0	0	386	0	18	6963	226886	23429	19	0	0	227522	176673	6163	0
2631	-107	-8	8	26	3509	8603	525820	10	642	524830	7	25180	2	1	0	8350	13	0	3	2017	9	11980	3509	387	0	0	0	0	386	0	18	6963	226886	23429	19	0	0	227472	176673	6163	0
2630	-107	-8	8	26	3429	8603	525694	10	642	524704	7	25174	2	1	0	8348	13	0	3	2017	9	11980	3429	387	0	0	0	0	386	0	18	6963	226886	23429	19	0	0	227422	176673	6163	0
2629	-107	-9	8	26	3349	8601	525631	10	641	524578	7	25171	2	1	0	8346	13	0	3	2014	9	11973	3349	387	0	0	0	0	386	0	18	6963	226886	23429	19	0	0	227372	176673	6163	0
2628	-107	-9	9	26	3189	8601	525379	10	641	524326	7	25159	2	1	0	8342	16	0	3	2014	9	11973	3189	387	0	0	0	0	386	0	18	6963	226886	23429	19	0	0	227272	176673	6163	0
2627	-107	-9	8	26	3109	8601	525253	10	641	524200	7	25153	2	1	0	8340	13	0	3	2014	9	11973	3109	387	0	0	0	0	386	0	18	6963	226886	23429	19	0	0	227222	176673	6163	0
2626	-107	-9	7	26	3029	8601	525127	10	641	524137	7	25147	2	1	0	8339	11	0	3	2014	9	11973	3029	387	0	0	0	0	386	0	18	6963	226886	23429	19	0	0	227172	176673	6163	0
2625	-107	-8	7	26	2949	8599	525001	10	640	524011	7	25141	2	1	0	8337	11	0	3	2011	9	11966	2949	387	0	0	0	0	386	0	18	6963	226886	23429	19	0	0	227122	176673	6163	0
2624	-107	-8	7	26	2869	8599	524875	10	640	523885	7	25135	2	1	0	8335	11	0	3	2011	9	11966	2869	387	0	0	0	0	386	0	18	6963	226886	23429	19	0	0	227072	176673	6163	0
2623	-107	-8	7	26	2789	8599	524749	10	640	523759	7	25129	2	1	0	8333	11	0	3	2011	9	11966	2789	387	0	0	0	0	386	0	18	6963	226886	23429	19	0	0	227022	176673	6163	0
2622	-107	-8	8	26	2708	8599	524686	10	640	523633	7	25126	2	1	0	8331	13	0	3	2011	9	11966	2708	387	1	600	0	60	386	0	18	6963	226886	23429	19	0	0	226971	176673	6163	0
2621	-107	-8	7	26	2629	8599	524560	10	640	523507	7	25120	2	1	0	8329	11	0	3	2011	9	11966	2629	387	1	600	0	60	386	0	18	6963	226886	23429	19	0	0	226922	176673	6163	0
2620	-107	-8	7	26	2549	8597	524453	10	639	523400	7	25111	2	1	0	8326	11	0	3	2008	9	11959	2549	386	0	0	0	0	385	0	18	6963	226286	23369	19	0	0	226872	176673	6163	0
2619	-107	-8	8	26	2469	8597	524327	10	639	523274	7	25105	2	1	0	8324	13	0	3	2008	9	11959	2469	386	0	0	0	0	385	0	18	6963	226286	23369	19	0	0	226822	176673	6163	0
2618	-107	-8	7	26	2309	8597	524075	10	639	523085	7	25093	2	1	0	8321	11	0	3	2008	9	11959	2309	386	0	0	0	0	385	0	18	6963	226286	23369	19	0	0	226722	176673	6163	0
2617	-107	-8	8	26	2229	8597	523949	10	639	522959	7	25087	2	1	0	8319	13	0	3	2008	9	11959	2229	386	0	0	0	0	385	0	18	6963	226286	23369	19	0	0	226672	176673	6163	0
2616	-107	-7	8	26	2149	8595	523823	10	638	522833	7	25081	2	1	0	8317	13	0	3	2005	9	11952	2149	386	0	0	0	0	385	0	18	6963	226286	23369	19	0	0	226622	176673	6163	0
2615	-107	-7	7	26	2069	8595	523697	10	638	522707	7	25075	2	1	0	8315	11	0	3	2005	9	11952	2069	386	0	0	0	0	385	0	18	6963	226286	23369	19	0	0	226572	176673	6163	0
2614	-107	-7	8	26	1989	8595	523571	10	638	522581	7	25069	2	1	0	8313	13	0	3	2005	9	11952	1989	386	0	0	0	0	385	0	18	6963	226286	23369	19	0	0	226522	176673	6163	0
2613	-107	-7	8	26	1909	8595	523508	10	638	522455	7	25066	2	1	0	8311	13	0	3	2005	9	11952	1909	386	0	0	0	0	385	0	18	6963	226286	23369	19	0	0	226472	176673	6163	0
2612	-107	-7	8	26	1829	8595	523382	10	638	522392	7	25060	2	1	0	8310	13	0	3	2005	9	11952	1829	386	0	0	0	0	385	0	18	6963	226286	23369	19	0	0	226422	176673	6163	0
2611	-107	-7	8	26	1749	8593	523256	10	637	522266	7	25054	2	1	0	8308	13	0	3	2002	9	11945	1749	386	1	1008	0	60	385	0	18	6963	226286	23369	19	0	0	226372	176673	6163	0
2610	-107	-7	9	26	1669	8593	523130	10	637	522140	7	25048	2	1	0	8306	16	0	3	2002	9	11945	1669	386	1	1008	0	60	385	0	18	6963	226286	23369	19	0	0	226322	176673	6163	0
2609	-107	-7	9	26	1589	8593	523045	10	637	521992	7	25042	2	1	0	8303	16	0	3	2002	9	11945	1589	385	0	0	0	0	384	0	18	6963	225278	23309	19	0	0	226272	176673	6163	0
2608	-107	-7	9	26	1429	8591	522793	10	636	521740	7	25030	2	1	0	8299	16	0	3	1999	9	11938	1429	385	0	0	0	0	384	0	18	6963	225278	23309	19	0	0	226172	176673	6163	0
2607	-107	-7	8	26	1349	8591	522604	10	636	521614	7	25021	2	1	0	8297	13	0	3	1999	9	11938	1349	385	0	0	0	0	384	0	18	6963	225278	23309	19	0	0	226122	176673	6163	0
2606	-107	-7	8	26	1269	8591	522541	10	636	521488	7	25018	2	1	0	8295	13	0	3	1999	9	11938	1269	385	0	0	0	0	384	0	18	6963	225278	23309	19	0	0	226072	176673	6163	0
2605	-107	-7	9	26	1189	8591	522415	10	636	521362	7	25012	2	1	0	8293	16	0	3	1999	9	11938	1189	385	0	0	0	0	384	0	18	6963	225278	23309	19	0	0	226022	176673	6163	0
2604	-107	-7	9	26	1109	8591	522289	10	636	521299	7	25006	2	1	0	8292	16	0	3	1999	9	11938	1109	385	0	0	0	0	384	0	18	6963	225278	23309	19	0	0	225972	176673	6163	0
2603	-107	-6	8	26	1029	8589	522163	10	635	521110	7	25000	2	1	0	8289	13	0	3	1996	9	11931	1029	385	0	0	0	0	384	0	18	6963	225278	23309	19	0	0	225922	176673	6163	0
2602	-107	-6	8	26	949	8589	522037	10	635	521047	7	24994	2	1	0	8288	13	0	3	1996	9	11931	949	385	0	0	0	0	384	0	18	6963	225278	23309	19	0	0	225872	176673	6163	0
2601	-107	-6	7	26	869	8589	521911	10	635	520921	7	24988	2	1	0	8286	11	0	3	1996	9	11931	869	385	0	0	0	0	384	0	18	6963	225278	23309	19	0	0	225822	176673	6163	0
2600	-107	-6	9	26	789	8589	521785	10	635	520795	7	24982	2	1	0	8284	16	0	3	1996	9	11931	789	385	0	0	0	0	384	0	18	6963	225278	23309	19	0	0	225772	176673	6163	0
2599	-107	-6	9	26	709	8589	521722	10	635	520669	7	24979	2	1	0	8282	16	0	3	1996	9	11931	709	385	0	0	0	0	384	0	18	6963	225278	23309	19	0	0	225722	176673	6163	0
2598	-107	-7	9	26	549	8587	521470	10	634	520480	7	24967	2	1	0	8279	16	0	3	1993	9	11924	549	385	0	0	0	0	384	0	18	6963	225278	23309	19	0	0	225622	176673	6163	0
2597	-107	-7	10	26	469	8587	521344	10	634	520354	7	24961	2	1	0	8277	18	0	3	1993	9	11924	469	385	0	0	0	0	384	0	18	6963	225278	23309	19	0	0	225572	176673	6163	0
2596	-107	-7	9	26	389	8587	521218	10	634	520228	7	24955	2	1	0	8275	16	0	3	1993	9	11924	389	385	0	0	0	0	384	0	18	6963	225278	23309	19	0	0	225522	176673	6163	0
2595	-107	-7	9	26	309	8587	521155	10	634	520102	7	24952	2	1	0	8273	16	0	3	1993	9	11924	309	385	0	0	0	0	384	0	18	6963	225278	23309	19	0	0	225472	176673	6163	0
2594	-107	-7	9	26	229	8585	521029	10	633	520039	7	24946	2	1	0	8272	16	0	3	1990	9	11917	229	385	0	0	0	0	384	0	18	6963	225278	23309	19	0	0	225422	176673	6163	0
2593	-107	-7	8	26	149	8585	520903	10	633	519913	7	24940	2	1	0	8270	13	0	3	1990	9	11917	149	385	1	3022	0	60	384	0	18	6963	225278	23309	19	0	0	225372	176673	6163	0
2592	-107	-7	8	26	69	8585	520777	10	633	519787	7	24934	2	1	0	8268	13	0	3	1990	9	11917	69	385	1	3022	0	60	384	0	18	6963	225278	23309	19	0	0	225322	176673	6163	0
2591	-107	-7	8	26	16373	8585	520714	10	633	519598	7	24931	2	1	0	8265	13	0	3	1990	9	11917	16373	384	0	0	0	0	383	0	18	6963	222256	23249	19	0	0	225272	176673	6163	0
2590	-107	-7	8	26	16293	8585	520525	10	633	519535	7	24922	2	1	0	8264	13	0	3	1990	9	11917	16293	384	0	0	0	0	383	0	18	6963	222256	23249	19	0	0	225222	176673	6163	0
2589	-107	-7	8	26	16213	8583	520399	10	632	519346	7	24916	2	1	0	8261	13	0	3	1987	9	11910	16213	384	0	0	0	0	383	0	18	6963	222256	23249	19	0	0	225172	176673	6163	0
2588	-107	-7	8	26	16053	8583	520147	10	632	519157	7	24904	2	1	0	8258	13	0	3	1987	9	11910	16053	384	0	0	0	0	383	0	18	6963	222256	23249	19	0	0	225072	176673	6163	0
2587	-107	-7	7	26	15973	8583	520021	10	632	519031	7	24898	2	1	0	8256	11	0	3	1987	9	11910	15973	384	0	0	0	0	383	0	18	6963	222256	23249	19	0	0	225022	176673	6163	0
2586	-107	-7	8	26	15893	8581	519958	10	631	518905	7	24895	2	1	0	8254	13	0	3	1984	9	11903	15893	384	0	0	0	0	383	0	18	6963	222256	23249	19	0	0	224972	176673	6163	0
2585	-107	-7	9	26	15813	8581	519769	10	631	518779	7	24886	2	1	0	8252	16	0	3	1984	9	11903	15813	384	0	0	0	0	383	0	18	6963	222256	23249	19	0	0	224922	176673	6163	0
2584	-107	-7	9	26	15733	8581	519706	10	631	518653	7	24883	2	1	0	8250	16	0	3	1984	9	11903	15733	384	0	0	0	0	383	0	18	6963	222256	23249	19	0	0	224872	176673	6163	0
2583	-107	-7	8	26	15653	8581	519580	10	631	518527	7	24877	2	1	0	8248	13	0	3	1984	9	11903	15653	384	0	0	0	0	383	0	18	6963	222256	23249	19	0	0	224822	176673	6163	0
2582	-107	-7	8	26	15573	8581	519454	10	631	518464	7	24871	2	1	0	8247	13	0	3	1984	9	11903	15573	384	0	0	0	0	383	0	18	6963	222256	23249	19	0	0	224772	176673	6163	0
2581	-107	-8	8	26	15493	8579	519328	10	630	518275	7	24865	2	1	0	8244	13	0	3	1981	9	11896	15493	384	0	0	0	0	383	0	18	6963	222256	23249	19	0	0	224722	176673	6163	0
2580	-107	-8	8	26	15413	8579	519202	10	630	518212	7	24859	2	1	0	8243	13	0	3	1981	9	11896	15413	384	0	0	0	0	383	0	18	6963	222256	23249	19	0	0	224672	176673	6163	0
2579	-107	-8	8	26	15253	8579	518950	10	630	517960	7	24847	2	1	0	8239	13	0	3	1981	9	11896	15253	384	0	0	0	0	383	0	18	6963	222256	23249	19	0	0	224572	176673	6163	0
2578	-107	-8	8	26	15173	8579	518887	10	630	517834	7	24844	2	1	0	8237	13	0	3	1981	9	11896	15173	384	0	0	0	0	383	0	18	6963	222256	23249	19	0	0	224522	176673	6163	0
2577	-107	-8	8	26	15093	8577	518698	10	629	517708	7	24835	2	1	0	8235	13	0	3	1978	9	11889	15093	384	0	0	0	0	383	0	18	6963	222256	23249	19	0	0	224472	176673	6163	0
2576	-107	-8	8	26	15013	8577	518635	10	629	517582	7	24832	2	1	0	8233	13	0	3	1978	9	11889	15013	384	0	0	0	0	383	0	18	6963	222256	23249	19	0	0	224422	176673	6163	0
2575	-107	-8	8	26	14933	8577	518509	10	629	517519	7	24826	2	1	0	8232	13	0	3	1978	9	11889	14933	384	0	0	0	0	383	0	18	6963	222256	23249	19	0	0	224372	176673	6163	0
2574	-107	-8	8	26	14853	8577	518383	10	629	517393	7	24820	2	1	0	8230	13	0	3	1978	9	11889	14853	384	0	0	0	0	383	0	18	6963	222256	23249	19	0	0	224322	176673	6163	0
2573	-107	-8	8	26	14773	8577	518257	10	629	517267	7	24814	2	1	0	8228	13	0	3	1978	9	11889	14773	384	0	0	0	0	383	0	18	6963	222256	23249	19	0	0	224272	176673	6163	0
2572	-107	-7	8	26	14693	8575	518131	10	628	517141	7	24808	2	1	0	8226	13	0	3	1975	9	11882	14693	384	0	0	0	0	383	0	18	6963	222256	23249	19	0	0	224222	176673	6163	0
2571	-107	-7	8	26	14613	8575	518005	10	628	517015	7	24802	2	1	0	8224	13	0	3	1975	9	11882	14613	384	0	0	0	0	383	0	18	6963	222256	23249	19	0	0	224172	176673	6163	0
2570	-107	-7	8	26	14533	8575	517879	10	628	516889	7	24796	2	1	0	8222	13	0	3	1975	9	11882	14533	384	0	0	0	0	383	0	18	6963	222256	23249	19	0	0	224122	176673	6163	0
2569	-107	-7	8	26	14373	8575	517690	10	628	516700	7	24787	2	1	0	8219	13	0	3	1975	9	11882	14373	384	0	0	0	0	383	0	18	6963	222256	23249	19	0	0	224022	176673	6163	0
2568	-107	-7	8	26	14293	8573	517564	10	627	516511	7	24781	2	1	0	8216	13	0	3	1972	9	11875	14293	384	0	0	0	0	383	0	18	6963	222256	23249	19	0	0	223972	176673	6163	0
2567	-107	-7	8	26	14213	8573	517438	10	627	516448	7	24775	2	1	0	8215	13	0	3	1972	9	11875	14213	384	0	0	0	0	383	0	18	6963	222256	23249	19	0	0	223922	176673	6163	0
2566	-107	-7	8	26	14133	8573	517312	10	627	516322	7	24769	2	1	0	8213	13	0	3	1972	9	11875	14133	384	0	0	0	0	383	0	18	6963	222256	23249	19	0	0	223872	176673	6163	0
2565	-107	-7	8	26	14053	8573	517186	10	627	516196	7	24763	2	1	0	8211	13	0	3	1972	9	11875	14053	384	0	0	0	0	383	0	18	6963	222256	23249	19	0	0	223822	176673	6163	0
2564	-107	-7	8	26	13973	8571	517123	10	626	516070	7	24760	2	1	0	8209	13	0	3	1969	9	11868	13973	384	0	0	0	0	383	0	18	6963	222256	23249	19	0	0	223772	176673	6163	0
2563	-107	-7	8	26	13893	8571	516934	10	626	515944	7	24751	2	1	0	8207	13	0	3	1969	9	11868	13893	384	0	0	0	0	383	0	18	6963	222256	23249	19	0	0	223722	176673	6163	0
2562	-107	-7	8	26	13813	8571	516871	10	626	515818	7	24748	2	1	0	8205	13	0	3	1969	9	11868	13813	384	0	0	0	0	383	0	18	6963	222256	23249	19	0	0	223672	176673	6163	0
2561	-107	-7	8	26	13733	8571	516745	10	626	515692	7	24742	2	1	0	8203	13	0	3	1969	9	11868	13733	384	0	0	0	0	383	0	18	6963	222256	23249	19	0	0	223622	176673	6163	0
2560	-107	-7	8	26	13653	8571	516619	10	626	515629	7	24736	2	1	0	8202	13	0	3	1969	9	11868	13653	384	0	0	0	0	383	0	18	6963	222256	23249	19	0	0	223572	176673	6163	0
2559	-107	-7	8	26	13493	8569	516367	10	625	515377	7	24724	2	1	0	8198	13	0	3	1966	9	11861	13493	384	0	0	0	0	383	0	18	6963	222256	23249	19	0	0	223472	176673	6163	0
2558	-107	-7	8	26	13413	8569	516241	10	625	515251	7	24718	2	1	0	8196	13	0	3	1966	9	11861	13413	384	0	0	0	0	383	0	18	6963	222256	23249	19	0	0	223422	176673	6163	0
2557	-107	-7	8	26	13333	8569	516115	10	625	515125	7	24712	2	1	0	8194	13	0	3	1966	9	11861	13333	384	0	0	0	0	383	0	18	6963	222256	23249	19	0	0	223372	176673	6163	0
2556	-107	-7	8	26	13253	8569	516052	10	625	514999	7	24709	2	1	0	8192	13	0	3	1966	9	11861	13253	384	0	0	0	0	383	0	18	6963	222256	23249	19	0	0	223322	176673	6163	0
2555	-107	-7	8	26	13173	8567	515863	10	624	514873	7	24700	2	1	0	8190	13	0	3	1963	9	11854	13173	384	0	0	0	0	383	0	18	6963	222256	23249	19	0	0	223272	176673	6163	0
2554	-107	-7	9	26	13093	8567	515800	10	624	514747	7	24697	2	1	0	8188	16	0	3	1963	9	11854	13093	384	0	0	0	0	383	0	18	6963	222256	23249	19	0	0	223222	176673	6163	0
2553	-107	-7	8	26	13013	8567	515674	10	624	514684	7	24691	2	1	0	8187	13	0	3	1963	9	11854	13013	384	0	0	0	0	383	0	18	6963	222256	23249	19	0	0	223172	176673	6163	0
2552	-107	-7	8	26	12933	8567	515548	10	624	514558	7	24685	2	1	0	8185	13	0	3	1963	9	11854	12933	384	0	0	0	0	383	0	18	6963	222256	23249	19	0	0	223122	176673	6163	0
2551	-107	-7	8	26	12853	8567	515422	10	624	514432	7	24679	2	1	0	8183	13	0	3	1963	9	11854	12853	384	0	0	0	0	383	0	18	6963	222256	23249	19	0	0	223072	176673	6163	0
2550	-107	-7	8	26	12773	8565	515296	10	623	514306	7	24673	2	1	0	8181	13	0	3	1960	9	11847	12773	384	0	0	0	0	383	0	18	6963	222256	23249	19	0	0	223022	176673	6163	0
2549	-107	-7	9	26	12613	8565	515044	10	623	514054	7	24661	2	1	0	8177	16	0	3	1960	9	11847	12613	384	0	0	0	0	383	0	18	6963	222256	23249	19	0	0	222922	176673	6163	0
2548	-107	-7	9	26	12533	8565	514981	10	623	513928	7	24658	2	1	0	8175	16	0	3	1960	9	11847	12533	384	0	0	0	0	383	0	18	6963	222256	23249	19	0	0	222872	176673	6163	0
2547	-107	-7	9	26	12453	8565	514855	10	623	513865	7	24652	2	1	0	8174	16	0	3	1960	9	11847	12453	384	0	0	0	0	383	0	18	6963	222256	23249	19	0	0	222822	176673	6163	0
2546	-107	-6	9	26	12373	8563	514729	10	622	513676	7	24646	2	1	0	8171	16	0	3	1957	9	11840	12373	384	0	0	0	0	383	0	18	6963	222256	23249	19	0	0	222772	176673	6163	0
2545	-107	-6	9	26	12293	8563	514603	10	622	513613	7	24640	2	1	0	8170	16	0	3	1957	9	11840	12293	384	0	0	0	0	383	0	18	6963	222256	23249	19	0	0	222722	176673	6163	0
2544	-107	-6	9	26	12213	8563	514477	10	622	513487	7	24634	2	1	0	8168	16	0	3	1957	9	11840	12213	384	0	0	0	0	383	0	18	6963	222256	23249	19	0	0	222672	176673	6163	0
2543	-107	-6	10	26	12133	8563	514351	10	622	513361	7	24628	2	1	0	8166	18	0	3	1957	9	11840	12133	384	0	0	0	0	383	0	18	6963	222256	23249	19	0	0	222622	176673	6163	0
2542	-107	-7	10	26	12053	8561	514288	10	621	513235	7	24625	2	1	0	8164	18	0	3	1954	9	11833	12053	384	0	0	0	0	383	0	18	6963	222256	23249	19	0	0	222572	176673	6163	0
2541	-107	-7	9	26	11973	8561	514099	10	621	513109	7	24616	2	1	0	8162	16	0	3	1954	9	11833	11973	384	0	0	0	0	383	0	18	6963	222256	23249	19	0	0	222522	176673	6163	0
2540	-107	-7	9	26	11893	8561	514036	10	621	512983	7	24613	2	1	0	8160	16	0	3	1954	9	11833	11893	384	0	0	0	0	383	0	18	6963	222256	23249	19	0	0	222472	176673	6163	0
2539	-107	-7	10	26	11733	8561	513784	10	621	512794	7	24601	2	1	0	8157	18	0	3	1954	9	11833	11733	384	1	390	0	60	383	0	18	6963	222256	23249	19	0	0	222372	176673	6163	0
2538	-107	-7	10	26	11653	8559	513658	10	620	512668	7	24595	2	1	0	8155	18	0	3	1951	9	11826	11653	384	1	390	0	60	383	0	18	6963	222256	23249	19	0	0	222322	176673	6163	0
2537	-107	-7	9	32	11573	8559	513532	3	620	512542	7	24589	2	1	0	8153	16	0	3	1951	9	11826	11573	384	0	0	0	0	383	0	18	6963	222256	23249	19	0	0	222272	176673	6163	0
2536	-107	-7	9	26	11493	8559	513384	10	620	512394	7	24580	2	1	0	8150	16	0	3	1951	9	11826	11493	383	0	0	0	0	382	0	18	6963	221866	23189	19	0	0	222222	176673	6163	0
2535	-107	-7	9	26	11413	8559	513321	10	620	512268	7	24577	2	1	0	8148	16	0	3	1951	9	11826	11413	383	0	0	0	0	382	0	18	6963	221866	23189	19	0	0	222172	176673	6163	0
2534	-107	-7	9	26	11333	8559	513195	10	620	512205	7	24571	2	1	0	8147	16	0	3	1951	9	11826	11333	383	0	0	0	0	382	0	18	6963	221866	23189	19	0	0	222122	176673	6163	0
2533	-107	-6	9	26	11253	8557	513069	10	619	512079	7	24565	2	1	0	8145	16	0	3	1948	9	11819	11253	383	0	0	0	0	382	0	18	6963	221866	23189	19	0	0	222072	176673	6163	0
2532	-107	-6	8	26	11173	8557	512943	10	619	511953	7	24559	2	1	0	8143	13	0	3	1948	9	11819	11173	383	0	0	0	0	382	0	18	6963	221866	23189	19	0	0	222022	176673	6163	0
2531	-107	-6	9	26	11093	8557	512880	10	619	511827	7	24556	2	1	0	8141	16	0	3	1948	9	11819	11093	383	1	1624	0	60	382	0	18	6963	221866	23189	19	0	0	221972	176673	6163	0
2530	-107	-6	9	26	11013	8557	512754	10	619	511701	7	24550	2	1	0	8139	16	0	3	1948	9	11819	11013	383	1	1624	0	60	382	0	18	6963	221866	23189	19	0	0	221922	176673	6163	0
2529	-107	-6	9	26	10853	8555	512480	10	618	511490	7	24535	2	1	0	8135	16	0	3	1945	9	11812	10853	382	0	0	0	0	381	0	18	6963	220242	23129	19	0	0	221822	176673	6163	0
2528	-107	-6	8	26	10773	8555	512354	10	618	511364	7	24529	2	1	0	8133	13	0	3	1945	9	11812	10773	382	0	0	0	0	381	0	18	6963	220242	23129	19	0	0	221772	176673	6163	0
2527	-107	-6	10	26	10693	8555	512228	10	618	511238	7	24523	2	1	0	8131	18	0	3	1945	9	11812	10693	382	0	0	0	0	381	0	18	6963	220242	23129	19	0	0	221722	176673	6163	0
2526	-107	-6	9	26	10613	8555	512165	10	618	511112	7	24520	2	1	0	8129	16	0	3	1945	9	11812	10613	382	0	0	0	0	381	0	18	6963	220242	23129	19	0	0	221672	176673	6163	0
2525	-107	-6	9	26	10533	8555	512039	10	618	511049	7	24514	2	1	0	8128	16	0	3	1945	9	11812	10533	382	0	0	0	0	381	0	18	6963	220242	23129	19	0	0	221622	176673	6163	0
2524	-107	-7	9	26	10453	8553	511913	10	617	510860	7	24508	2	1	0	8125	16	0	3	1942	9	11805	10453	382	0	0	0	0	381	0	18	6963	220242	23129	19	0	0	221572	176673	6163	0
2523	-107	-7	9	26	10373	8553	511787	10	617	510797	7	24502	2	1	0	8124	16	0	3	1942	9	11805	10373	382	0	0	0	0	381	0	18	6963	220242	23129	19	0	0	221522	176673	6163	0
2522	-107	-7	9	26	10293	8553	511661	10	617	510671	7	24496	2	1	0	8122	16	0	3	1942	9	11805	10293	382	0	0	0	0	381	0	18	6963	220242	23129	19	0	0	221472	176673	6163	0
2521	-107	-7	9	26	10213	8553	511535	10	617	510545	7	24490	2	1	0	8120	16	0	3	1942	9	11805	10213	382	0	0	0	0	381	0	18	6963	220242	23129	19	0	0	221422	176673	6163	0
2520	-107	-7	9	26	10132	8551	511472	10	616	510419	7	24487	2	1	0	8118	16	0	3	1939	9	11798	10132	382	0	0	0	0	381	0	18	6963	220242	23129	19	0	0	221371	176673	6163	0
2519	-107	-7	9	26	9973	8551	511220	10	616	510167	7	24475	2	1	0	8114	16	0	3	1939	9	11798	9973	382	0	0	0	0	381	0	18	6963	220242	23129	19	0	0	221272	176673	6163	0
2518	-107	-7	9	26	9893	8551	511094	10	616	510041	7	24469	2	1	0	8112	16	0	3	1939	9	11798	9893	382	0	0	0	0	381	0	18	6963	220242	23129	19	0	0	221222	176673	6163	0
2517	-107	-7	9	26	9813	8551	510968	10	616	509978	7	24463	2	1	0	8111	16	0	3	1939	9	11798	9813	382	0	0	0	0	381	0	18	6963	220242	23129	19	0	0	221172	176673	6163	0
2516	-107	-7	7	26	9733	8549	510842	10	615	509789	7	24457	2	1	0	8108	11	0	3	1936	9	11791	9733	382	0	0	0	0	381	0	18	6963	220242	23129	19	0	0	221122	176673	6163	0
2515	-107	-7	9	26	9653	8549	510716	10	615	509726	7	24451	2	1	0	8107	16	0	3	1936	9	11791	9653	382	0	0	0	0	381	0	18	6963	220242	23129	19	0	0	221072	176673	6163	0
2514	-107	-7	8	26	9573	8549	510590	10	615	509600	7	24445	2	1	0	8105	13	0	3	1936	9	11791	9573	382	0	0	0	0	381	0	18	6963	220242	23129	19	0	0	221022	176673	6163	0
2513	-107	-7	9	26	9493	8549	510464	10	615	509474	7	24439	2	1	0	8103	16	0	3	1936	9	11791	9493	382	0	0	0	0	381	0	18	6963	220242	23129	19	0	0	220972	176673	6163	0
2512	-107	-7	9	26	9413	8549	510401	10	615	509348	7	24436	2	1	0	8101	16	0	3	1936	9	11791	9413	382	0	0	0	0	381	0	18	6963	220242	23129	19	0	0	220922	176673	6163	0
2511	-107	-6	9	26	9333	8547	510212	10	614	509222	7	24427	2	1	0	8099	16	0	3	1933	9	11784	9333	382	0	0	0	0	381	0	18	6963	220242	23129	19	0	0	220872	176673	6163	0
2510	-107	-6	8	26	9253	8547	510149	10	614	509096	7	24424	2	1	0	8097	13	0	3	1933	9	11784	9253	382	0	0	0	0	381	0	18	6963	220242	23129	19	0	0	220822	176673	6163	0
2509	-107	-6	9	26	9093	8547	509897	10	614	508907	7	24412	2	1	0	8094	16	0	3	1933	9	11784	9093	382	0	0	0	0	381	0	18	6963	220242	23129	19	0	0	220722	176673	6163	0
2508	-107	-6	9	26	9013	8547	509771	10	614	508781	7	24406	2	1	0	8092	16	0	3	1933	9	11784	9013	382	0	0	0	0	381	0	18	6963	220242	23129	19	0	0	220672	176673	6163	0
2507	-107	-7	8	26	8933	8545	509645	10	613	508655	7	24400	2	1	0	8090	13	0	3	1930	9	11777	8933	382	0	0	0	0	381	0	18	6963	220242	23129	19	0	0	220622	176673	6163	0
2506	-107	-7	9	26	8853	8545	509582	10	613	508529	7	24397	2	1	0	8088	16	0	3	1930	9	11777	8853	382	0	0	0	0	381	0	18	6963	220242	23129	19	0	0	220572	176673	6163	0
2505	-107	-7	8	26	8773	8545	509456	10	613	508403	7	24391	2	1	0	8086	13	0	3	1930	9	11777	8773	382	0	0	0	0	381	0	18	6963	220242	23129	19	0	0	220522	176673	6163	0
2504	-107	-7	9	26	8693	8545	509330	10	613	508340	7	24385	2	1	0	8085	16	0	3	1930	9	11777	8693	382	0	0	0	0	381	0	18	6963	220242	23129	19	0	0	220472	176673	6163	0
2503	-107	-7	8	26	8613	8545	509204	10	613	508214	7	24379	2	1	0	8083	13	0	3	1930	9	11777	8613	382	0	0	0	0	381	0	18	6963	220242	23129	19	0	0	220422	176673	6163	0
2502	-107	-7	8	26	8533	8543	509078	10	612	508088	7	24373	2	1	0	8081	13	0	3	1927	9	11770	8533	382	2	1003	0	120	381	0	18	6963	220242	23129	19	0	0	220372	176673	6163	0
2501	-107	-7	9	26	8453	8543	509015	10	612	507962	7	24370	2	1	0	8079	16	0	3	1927	9	11770	8453	382	2	1003	0	120	381	0	18	6963	220242	23129	19	0	0	220322	176673	6163	0
2500	-107	-7	9	26	8373	8543	508889	10	612	507899	7	24364	2	1	0	8078	16	0	3	1927	9	11770	8373	382	0	0	0	0	381	0	18	6963	220242	23129	19	0	0	220272	176673	6163	0
2499	-107	-6	8	26	8213	8541	508678	10	611	507625	7	24352	2	1	0	8073	13	0	3	1924	9	11763	8213	380	0	0	0	0	379	0	18	6963	218236	23009	19	0	0	220172	176673	6163	0
2498	-107	-6	8	26	8133	8541	508489	10	611	507499	7	24343	2	1	0	8071	13	0	3	1924	9	11763	8133	380	0	0	0	0	379	0	18	6963	218236	23009	19	0	0	220122	176673	6163	0
2497	-107	-6	8	26	8053	8541	508426	10	611	507373	7	24340	2	1	0	8069	13	0	3	1924	9	11763	8053	380	0	0	0	0	379	0	18	6963	218236	23009	19	0	0	220072	176673	6163	0
2496	-107	-6	8	26	7973	8541	508300	10	611	507247	7	24334	2	1	0	8067	13	0	3	1924	9	11763	7973	380	0	0	0	0	379	0	18	6963	218236	23009	19	0	0	220022	176673	6163	0
2495	-107	-6	8	26	7893	8541	508174	10	611	507184	7	24328	2	1	0	8066	13	0	3	1924	9	11763	7893	380	0	0	0	0	379	0	18	6963	218236	23009	19	0	0	219972	176673	6163	0
2494	-107	-6	8	26	7813	8539	508048	10	610	506995	7	24322	2	1	0	8063	13	0	3	1921	9	11756	7813	380	0	0	0	0	379	0	18	6963	218236	23009	19	0	0	219922	176673	6163	0
2493	-107	-6	8	26	7733	8539	507922	10	610	506932	7	24316	2	1	0	8062	13	0	3	1921	9	11756	7733	380	0	0	0	0	379	0	18	6963	218236	23009	19	0	0	219872	176673	6163	0
2492	-107	-6	8	26	7653	8539	507796	10	610	506806	7	24310	2	1	0	8060	13	0	3	1921	9	11756	7653	380	0	0	0	0	379	0	18	6963	218236	23009	19	0	0	219822	176673	6163	0
2491	-107	-6	10	26	7573	8539	507670	10	610	506680	7	24304	2	1	0	8058	18	0	3	1921	9	11756	7573	380	0	0	0	0	379	0	18	6963	218236	23009	19	0	0	219772	176673	6163	0
2490	-107	-6	9	26	7413	8537	507418	10	609	506428	7	24292	2	1	0	8054	16	0	3	1918	9	11749	7413	380	0	0	0	0	379	0	18	6963	218236	23009	19	0	0	219672	176673	6163	0
2489	-107	-6	9	26	7333	8537	507355	10	609	506302	7	24289	2	1	0	8052	16	0	3	1918	9	11749	7333	380	0	0	0	0	379	0	18	6963	218236	23009	19	0	0	219622	176673	6163	0
2488	-107	-6	9	26	7253	8537	507229	10	609	506239	7	24283	2	1	0	8051	16	0	3	1918	9	11749	7253	380	0	0	0	0	379	0	18	6963	218236	23009	19	0	0	219572	176673	6163	0
2487	-107	-6	9	26	7173	8537	507103	10	609	506113	7	24277	2	1	0	8049	16	0	3	1918	9	11749	7173	380	0	0	0	0	379	0	18	6963	218236	23009	19	0	0	219522	176673	6163	0
2486	-107	-6	10	26	7093	8537	506977	10	609	505987	7	24271	2	1	0	8047	18	0	3	1918	9	11749	7093	380	0	0	0	0	379	0	18	6963	218236	23009	19	0	0	219472	176673	6163	0
2485	-107	-7	10	26	7013	8535	506851	10	608	505861	7	24265	2	1	0	8045	18	0	3	1915	9	11742	7013	380	0	0	0	0	379	0	18	6963	218236	23009	19	0	0	219422	176673	6163	0
2484	-107	-7	9	26	6933	8535	506725	10	608	505735	7	24259	2	1	0	8043	16	0	3	1915	9	11742	6933	380	0	0	0	0	379	0	18	6963	218236	23009	19	0	0	219372	176673	6163	0
2483	-107	-7	10	26	6853	8535	506599	10	608	505609	7	24253	2	1	0	8041	18	0	3	1915	9	11742	6853	380	0	0	0	0	379	0	18	6963	218236	23009	19	0	0	219322	176673	6163	0
2482	-107	-7	9	26	6773	8535	506536	10	608	505483	7	24250	2	1	0	8039	16	0	3	1915	9	11742	6773	380	0	0	0	0	379	0	18	6963	218236	23009	19	0	0	219272	176673	6163	0
2481	-107	-7	9	26	6693	8535	506410	10	608	505420	7	24244	2	1	0	8038	16	0	3	1915	9	11742	6693	380	0	0	0	0	379	0	18	6963	218236	23009	19	0	0	219222	176673	6163	0
2480	-107	-7	8	26	6533	8533	506158	10	607	505168	7	24232	2	1	0	8034	13	0	3	1912	9	11735	6533	380	0	0	0	0	379	0	18	6963	218236	23009	19	0	0	219122	176673	6163	0
2479	-107	-7	8	26	6453	8533	506032	10	607	505042	7	24226	2	1	0	8032	13	0	3	1912	9	11735	6453	380	0	0	0	0	379	0	18	6963	218236	23009	19	0	0	219072	176673	6163	0
2478	-107	-7	8	26	6373	8533	505906	10	607	504916	7	24220	2	1	0	8030	13	0	3	1912	9	11735	6373	380	0	0	0	0	379	0	18	6963	218236	23009	19	0	0	219022	176673	6163	0
2477	-107	-7	9	26	6293	8531	505843	10	606	504790	7	24217	2	1	0	8028	16	0	3	1909	9	11728	6293	380	0	0	0	0	379	0	18	6963	218236	23009	19	0	0	218972	176673	6163	0
2476	-107	-7	8	26	6213	8531	505654	10	606	504664	7	24208	2	1	0	8026	13	0	3	1909	9	11728	6213	380	0	0	0	0	379	0	18	6963	218236	23009	19	0	0	218922	176673	6163	0
2475	-107	-7	8	26	6133	8531	505591	10	606	504538	7	24205	2	1	0	8024	13	0	3	1909	9	11728	6133	380	0	0	0	0	379	0	18	6963	218236	23009	19	0	0	218872	176673	6163	0
2474	-107	-7	8	26	6053	8531	505465	10	606	504412	7	24199	2	1	0	8022	13	0	3	1909	9	11728	6053	380	0	0	0	0	379	0	18	6963	218236	23009	19	0	0	218822	176673	6163	0
2473	-107	-7	8	26	5973	8531	505339	10	606	504349	7	24193	2	1	0	8021	13	0	3	1909	9	11728	5973	380	0	0	0	0	379	0	18	6963	218236	23009	19	0	0	218772	176673	6163	0
2472	-107	-7	7	26	5893	8529	505213	10	605	504160	7	24187	2	1	0	8018	11	0	3	1906	9	11721	5893	380	0	0	0	0	379	0	18	6963	218236	23009	19	0	0	218722	176673	6163	0
2471	-107	-7	8	26	5813	8529	505087	10	605	504097	7	24181	2	1	0	8017	13	0	3	1906	9	11721	5813	380	0	0	0	0	379	0	18	6963	218236	23009	19	0	0	218672	176673	6163	0
2470	-107	-7	8	26	5653	8529	504835	10	605	503845	7	24169	2	1	0	8013	13	0	3	1906	9	11721	5653	380	0	0	0	0	379	0	18	6963	218236	23009	19	0	0	218572	176673	6163	0
2469	-107	-7	8	26	5573	8529	504772	10	605	503719	7	24166	2	1	0	8011	13	0	3	1906	9	11721	5573	380	0	0	0	0	379	0	18	6963	218236	23009	19	0	0	218522	176673	6163	0
2468	-107	-7	8	26	5493	8527	504583	10	604	503593	7	24157	2	1	0	8009	13	0	3	1903	9	11714	5493	380	0	0	0	0	379	0	18	6963	218236	23009	19	0	0	218472	176673	6163	0
2467	-107	-7	8	26	5413	8527	504520	10	604	503467	7	24154	2	1	0	8007	13	0	3	1903	9	11714	5413	380	0	0	0	0	379	0	18	6963	218236	23009	19	0	0	218422	176673	6163	0
2466	-107	-7	8	26	5333	8527	504394	10	604	503404	7	24148	2	1	0	8006	13	0	3	1903	9	11714	5333	380	1	2002	0	60	379	0	18	6963	218236	23009	19	0	0	218372	176673	6163	0
2465	-107	-7	8	26	5253	8527	504268	10	604	503278	7	24142	2	1	0	8004	13	0	3	1903	9	11714	5253	380	1	2002	0	60	379	0	18	6963	218236	23009	19	0	0	218322	176673	6163	0
2464	-107	-7	9	26	5173	8527	504142	10	604	503152	7	24136	2	1	0	8002	16	0	3	1903	9	11714	5173	380	0	0	0	0	379	0	18	6963	218236	23009	19	0	0	218272	176673	6163	0
2463	-107	-7	9	26	5093	8525	504057	10	603	503004	7	24130	2	1	0	7999	16	0	3	1900	9	11707	5093	379	0	0	0	0	378	0	18	6963	216234	22949	19	0	0	218222	176673	6163	0
2462	-107	-7	9	26	5013	8525	503868	10	603	502878	7	24121	2	1	0	7997	16	0	3	1900	9	11707	5013	379	0	0	0	0	378	0	18	6963	216234	22949	19	0	0	218172	176673	6163	0
2461	-107	-7	9	26	4933	8525	503742	10	603	502752	7	24115	2	1	0	7995	16	0	3	1900	9	11707	4933	379	0	0	0	0	378	0	18	6963	216234	22949	19	0	0	218122	176673	6163	0
2460	-107	-7	8	26	4773	8525	503553	10	603	502563	7	24106	2	1	0	7992	13	0	3	1900	9	11707	4773	379	0	0	0	0	378	0	18	6963	216234	22949	19	0	0	218022	176673	6163	0
2459	-107	-7	9	26	4693	8523	503427	10	602	502374	7	24100	2	1	0	7989	16	0	3	1897	9	11700	4693	379	0	0	0	0	378	0	18	6963	216234	22949	19	0	0	217972	176673	6163	0
2458	-107	-7	9	26	4613	8523	503301	10	602	502311	7	24094	2	1	0	7988	16	0	3	1897	9	11700	4613	379	0	0	0	0	378	0	18	6963	216234	22949	19	0	0	217922	176673	6163	0
2457	-107	-7	10	26	4533	8523	503175	10	602	502185	7	24088	2	1	0	7986	18	0	3	1897	9	11700	4533	379	0	0	0	0	378	0	18	6963	216234	22949	19	0	0	217872	176673	6163	0
2456	-107	-7	9	26	4453	8523	503049	10	602	502059	7	24082	2	1	0	7984	16	0	3	1897	9	11700	4453	379	0	0	0	0	378	0	18	6963	216234	22949	19	0	0	217822	176673	6163	0
2455	-107	-7	9	26	4373	8521	502986	10	601	501933	7	24079	2	1	0	7982	16	0	3	1894	9	11693	4373	379	0	0	0	0	378	0	18	6963	216234	22949	19	0	0	217772	176673	6163	0
2454	-107	-7	8	26	4293	8521	502797	10	601	501807	7	24070	2	1	0	7980	13	0	3	1894	9	11693	4293	379	0	0	0	0	378	0	18	6963	216234	22949	19	0	0	217722	176673	6163	0
2453	-107	-7	8	26	4213	8521	502734	10	601	501681	7	24067	2	1	0	7978	13	0	3	1894	9	11693	4213	379	0	0	0	0	378	0	18	6963	216234	22949	19	0	0	217672	176673	6163	0
2452	-107	-7	10	26	4133	8521	502608	10	601	501555	7	24061	2	1	0	7976	18	0	3	1894	9	11693	4133	379	0	0	0	0	378	0	18	6963	216234	22949	19	0	0	217622	176673	6163	0
2451	-107	-7	10	26	4053	8521	502482	10	601	501492	7	24055	2	1	0	7975	18	0	3	1894	9	11693	4053	379	0	0	0	0	378	0	18	6963	216234	22949	19	0	0	217572	176673	6163	0
2450	-107	-7	8	26	3893	8519	502230	10	600	501240	7	24043	2	1	0	7971	13	0	3	1891	9	11686	3893	379	0	0	0	0	378	0	18	6963	216234	22949	19	0	0	217472	176673	6163	0
2449	-107	-7	9	26	3813	8519	502104	10	600	501114	7	24037	2	1	0	7969	16	0	3	1891	9	11686	3813	379	0	0	0	0	378	0	18	6963	216234	22949	19	0	0	217422	176673	6163	0
2448	-107	-7	8	26	3733	8519	501978	10	600	500988	7	24031	2	1	0	7967	13	0	3	1891	9	11686	3733	379	0	0	0	0	378	0	18	6963	216234	22949	19	0	0	217372	176673	6163	0
2447	-107	-7	8	26	3653	8519	501915	10	600	500862	7	24028	2	1	0	7965	13	0	3	1891	9	11686	3653	379	0	0	0	0	378	0	18	6963	216234	22949	19	0	0	217322	176673	6163	0
2446	-107	-7	10	26	3573	8517	501726	10	599	500736	7	24019	2	1	0	7963	18	0	3	1888	9	11679	3573	379	0	0	0	0	378	0	18	6963	216234	22949	19	0	0	217272	176673	6163	0
2445	-107	-7	9	26	3493	8517	501663	10	599	500610	7	24016	2	1	0	7961	16	0	3	1888	9	11679	3493	379	0	0	0	0	378	0	18	6963	216234	22949	19	0	0	217222	176673	6163	0
2444	-107	-7	9	26	3413	8517	501537	10	599	500547	7	24010	2	1	0	7960	16	0	3	1888	9	11679	3413	379	0	0	0	0	378	0	18	6963	216234	22949	19	0	0	217172	176673	6163	0
2443	-107	-7	8	26	3333	8517	501411	10	599	500421	7	24004	2	1	0	7958	13	0	3	1888	9	11679	3333	379	0	0	0	0	378	0	18	6963	216234	22949	19	0	0	217122	176673	6163	0
2442	-107	-7	8	26	3253	8517	501285	10	599	500295	7	23998	2	1	0	7956	13	0	3	1888	9	11679	3253	379	0	0	0	0	378	0	18	6963	216234	22949	19	0	0	217072	176673	6163	0
2441	-107	-7	8	26	3173	8515	501159	10	598	500169	7	23992	2	1	0	7954	13	0	3	1885	9	11672	3173	379	0	0	0	0	378	0	18	6963	216234	22949	19	0	0	217022	176673	6163	0
2440	-107	-7	9	26	3013	8515	500907	10	598	499917	7	23980	2	1	0	7950	16	0	3	1885	9	11672	3013	379	0	0	0	0	378	0	18	6963	216234	22949	19	0	0	216922	176673	6163	0
2439	-107	-7	9	26	2933	8515	500844	10	598	499791	7	23977	2	1	0	7948	16	0	3	1885	9	11672	2933	379	0	0	0	0	378	0	18	6963	216234	22949	19	0	0	216872	176673	6163	0
2438	-107	-7	9	26	2853	8515	500718	10	598	499728	7	23971	2	1	0	7947	16	0	3	1885	9	11672	2853	379	0	0	0	0	378	0	18	6963	216234	22949	19	0	0	216822	176673	6163	0
2437	-107	-7	8	26	2773	8513	500592	10	597	499539	7	23965	2	1	0	7944	13	0	3	1882	9	11665	2773	379	0	0	0	0	378	0	18	6963	216234	22949	19	0	0	216772	176673	6163	0
2436	-107	-7	8	26	2693	8513	500466	10	597	499476	7	23959	2	1	0	7943	13	0	3	1882	9	11665	2693	379	0	0	0	0	378	0	18	6963	216234	22949	19	0	0	216722	176673	6163	0
2435	-107	-7	8	26	2613	8513	500340	10	597	499350	7	23953	2	1	0	7941	13	0	3	1882	9	11665	2613	379	0	0	0	0	378	0	18	6963	216234	22949	19	0	0	216672	176673	6163	0
2434	-107	-7	8	26	2533	8513	500214	10	597	499224	7	23947	2	1	0	7939	13	0	3	1882	9	11665	2533	379	0	0	0	0	378	0	18	6963	216234	22949	19	0	0	216622	176673	6163	0
2433	-107	-7	9	26	2453	8511	500151	10	596	499098	7	23944	2	1	0	7937	16	0	3	1879	9	11658	2453	379	0	0	0	0	378	0	18	6963	216234	22949	19	0	0	216572	176673	6163	0
2432	-107	-7	8	26	2373	8511	499962	10	596	498972	7	23935	2	1	0	7935	13	0	3	1879	9	11658	2373	379	0	0	0	0	378	0	18	6963	216234	22949	19	0	0	216522	176673	6163	0
2431	-107	-7	9	26	2293	8511	499899	10	596	498846	7	23932	2	1	0	7933	16	0	3	1879	9	11658	2293	379	0	0	0	0	378	0	18	6963	216234	22949	19	0	0	216472	176673	6163	0
2430	-107	-7	8	26	2132	8511	499647	10	596	498657	7	23920	2	1	0	7930	13	0	3	1879	9	11658	2132	379	3	113	0	180	378	0	18	6963	216234	22949	19	0	0	216371	176673	6163	0
2429	-107	-7	9	26	2052	8509	499521	10	595	498531	7	23914	2	1	0	7928	16	0	3	1876	9	11651	2052	379	3	113	0	180	378	0	18	6963	216234	22949	19	0	0	216321	176673	6163	0
2428	-107	-7	8	26	1973	8509	499395	10	595	498405	7	23908	2	1	0	7926	13	0	3	1876	9	11651	1973	379	0	0	0	0	378	0	18	6963	216234	22949	19	0	0	216272	176673	6163	0
2427	-107	-7	8	24	1893	8509	499269	11	595	498279	7	23902	2	1	0	7924	13	0	3	1876	9	11651	1893	378	0	0	0	0	377	0	18	6963	216206	22889	19	0	0	216222	176673	6163	0
2426	-107	-7	8	26	1813	8509	499058	10	595	498068	7	23892	2	1	0	7921	13	0	3	1876	9	11651	1813	376	0	0	0	0	375	0	18	6963	215894	22769	19	0	0	216172	176673	6163	0
2425	-107	-7	8	26	1733	8509	498995	10	595	497942	7	23889	2	1	0	7919	13	0	3	1876	9	11651	1733	376	0	0	0	0	375	0	18	6963	215894	22769	19	0	0	216122	176673	6163	0
2424	-107	-6	8	26	1653	8507	498806	10	594	497816	7	23880	2	1	0	7917	13	0	3	1873	9	11644	1653	376	0	0	0	0	375	0	18	6963	215894	22769	19	0	0	216072	176673	6163	0
2423	-107	-6	8	26	1573	8507	498680	10	594	497690	7	23874	2	1	0	7915	13	0	3	1873	9	11644	1573	376	0	0	0	0	375	0	18	6963	215894	22769	19	0	0	216022	176673	6163	0
2422	-107	-6	9	26	1493	8507	498554	10	594	497564	7	23868	2	1	0	7913	16	0	3	1873	9	11644	1493	376	1	668	0	60	375	0	18	6963	215894	22769	19	0	0	215972	176673	6163	0
2421	-107	-6	8	26	1413	8507	498491	10	594	497438	7	23865	2	1	0	7911	13	0	3	1873	9	11644	1413	376	1	668	0	60	375	0	18	6963	215894	22769	19	0	0	215922	176673	6163	0
2420	-107	-7	9	26	1253	8505	498154	10	593	497164	7	23847	2	1	0	7906	16	0	3	1870	9	11637	1253	375	0	0	0	0	374	0	18	6963	215226	22709	19	0	0	215822	176673	6163	0
2419	-107	-7	8	26	1173	8505	498028	10	593	497038	7	23841	2	1	0	7904	13	0	3	1870	9	11637	1173	375	0	0	0	0	374	0	18	6963	215226	22709	19	0	0	215772	176673	6163	0
2418	-107	-7	10	26	1093	8505	497902	10	593	496912	7	23835	2	1	0	7902	18	0	3	1870	9	11637	1093	375	0	0	0	0	374	0	18	6963	215226	22709	19	0	0	215722	176673	6163	0
2417	-107	-7	10	26	1013	8505	497839	10	593	496786	7	23832	2	1	0	7900	18	0	3	1870	9	11637	1013	375	0	0	0	0	374	0	18	6963	215226	22709	19	0	0	215672	176673	6163	0
2416	-107	-7	10	26	933	8505	497713	10	593	496723	7	23826	2	1	0	7899	18	0	3	1870	9	11637	933	375	0	0	0	0	374	0	18	6963	215226	22709	19	0	0	215622	176673	6163	0
2415	-107	-7	9	26	853	8503	497587	10	592	496597	7	23820	2	1	0	7897	16	0	3	1867	9	11630	853	375	0	0	0	0	374	0	18	6963	215226	22709	19	0	0	215572	176673	6163	0
2414	-107	-7	9	26	773	8503	497461	10	592	496471	7	23814	2	1	0	7895	16	0	3	1867	9	11630	773	375	0	0	0	0	374	0	18	6963	215226	22709	19	0	0	215522	176673	6163	0
2413	-107	-7	8	26	693	8503	497398	10	592	496345	7	23811	2	1	0	7893	13	0	3	1867	9	11630	693	375	0	0	0	0	374	0	18	6963	215226	22709	19	0	0	215472	176673	6163	0
2412	-107	-7	9	26	613	8503	497272	10	592	496219	7	23805	2	1	0	7891	16	0	3	1867	9	11630	613	375	0	0	0	0	374	0	18	6963	215226	22709	19	0	0	215422	176673	6163	0
2411	-107	-7	8	26	533	8503	497146	10	592	496156	7	23799	2	1	0	7890	13	0	3	1867	9	11630	533	375	1	1020	0	60	374	0	18	6963	215226	22709	19	0	0	215372	176673	6163	0
2410	-107	-7	9	26	373	8501	496894	10	591	495904	7	23787	2	1	0	7886	16	0	3	1864	9	11623	373	375	0	0	0	0	374	0	18	6963	215226	22709	19	0	0	215272	176673	6163	0
2409	-107	-7	9	26	293	8501	496831	3	591	495819	7	23784	2	1	0	7884	16	0	3	1864	9	11623	293	374	0	0	0	0	373	0	18	6963	214206	22649	19	0	0	215222	176673	6163	0
2408	-107	-7	9	26	213	8501	496683	10	591	495693	7	23775	2	1	0	7882	16	0	3	1864	9	11623	213	374	0	0	0	0	373	0	18	6963	214206	22649	19	0	0	215172	176673	6163	0
2407	-107	-7	8	26	133	8499	496557	10	590	495504	7	23769	2	1	0	7879	13	0	3	1861	9	11616	133	374	0	0	0	0	373	0	18	6963	214206	22649	19	0	0	215122	176673	6163	0
2406	-107	-7	7	26	53	8499	496431	10	590	495441	7	23763	2	1	0	7878	11	0	3	1861	9	11616	53	374	0	0	0	0	373	0	18	6963	214206	22649	19	0	0	215072	176673	6163	0
2405	-107	-7	8	26	16357	8499	496305	10	590	495315	7	23757	2	1	0	7876	13	0	3	1861	9	11616	16357	374	0	0	0	0	373	0	18	6963	214206	22649	19	0	0	215022	176673	6163	0
2404	-107	-7	9	26	16277	8499	496179	10	590	495189	7	23751	2	1	0	7874	16	0	3	1861	9	11616	16277	374	0	0	0	0	373	0	18	6963	214206	22649	19	0	0	214972	176673	6163	0
2403	-107	-7	9	26	16197	8499	496116	10	590	495063	7	23748	2	1	0	7872	16	0	3	1861	9	11616	16197	374	0	0	0	0	373	0	18	6963	214206	22649	19	0	0	214922	176673	6163	0
2402	-107	-7	9	26	16117	8497	495927	10	589	494937	7	23739	2	1	0	7870	16	0	3	1858	9	11609	16117	374	0	0	0	0	373	0	18	6963	214206	22649	19	0	0	214872	176673	6163	0
2401	-107	-7	9	26	15957	8497	495738	10	589	494748	7	23730	2	1	0	7867	16	0	3	1858	9	11609	15957	374	0	0	0	0	373	0	18	6963	214206	22649	19	0	0	214772	176673	6163	0
2400	-107	-7	9	26	15877	8497	495612	10	589	494622	7	23724	2	1	0	7865	16	0	3	1858	9	11609	15877	374	0	0	0	0	373	0	18	6963	214206	22649	19	0	0	214722	176673	6163	0
2399	-107	-7	10	26	15797	8497	495486	10	589	494496	7	23718	2	1	0	7863	18	0	3	1858	9	11609	15797	374	0	0	0	0	373	0	18	6963	214206	22649	19	0	0	214672	176673	6163	0
2398	-107	-7	9	26	15717	8495	495360	10	588	494370	7	23712	2	1	0	7861	16	0	3	1855	9	11602	15717	374	0	0	0	0	373	0	18	6963	214206	22649	19	0	0	214622	176673	6163	0
2397	-107	-7	10	26	15637	8495	495234	10	588	494244	7	23706	2	1	0	7859	18	0	3	1855	9	11602	15637	374	0	0	0	0	373	0	18	6963	214206	22649	19	0	0	214572	176673	6163	0
2396	-107	-7	9	26	15557	8495	495108	10	588	494118	7	23700	2	1	0	7857	16	0	3	1855	9	11602	15557	374	0	0	0	0	373	0	18	6963	214206	22649	19	0	0	214522	176673	6163	0
2395	-107	-7	9	26	15477	8495	495045	10	588	493992	7	23697	2	1	0	7855	16	0	3	1855	9	11602	15477	374	0	0	0	0	373	0	18	6963	214206	22649	19	0	0	214472	176673	6163	0
2394	-107	-7	9	26	15397	8495	494919	10	588	493929	7	23691	2	1	0	7854	16	0	3	1855	9	11602	15397	374	0	0	0	0	373	0	18	6963	214206	22649	19	0	0	214422	176673	6163	0
2393	-107	-7	9	26	15317	8493	494793	10	587	493740	7	23685	2	1	0	7851	16	0	3	1852	9	11595	15317	374	2	170	0	120	373	0	18	6963	214206	22649	19	0	0	214372	176673	6163	0
2392	-107	-7	9	26	15237	8493	494667	10	587	493677	7	23679	2	1	0	7850	16	0	3	1852	9	11595	15237	374	2	170	0	120	373	0	18	6963	214206	22649	19	0	0	214322	176673	6163	0
2391	-107	-7	9	26	15077	8493	494415	12	587	493425	7	23667	2	1	0	7846	16	0	3	1852	9	11595	15077	374	0	0	0	0	373	0	18	6963	214206	22649	19	0	0	214222	176673	6163	0
2390	-107	-7	9	26	14997	8491	494255	10	586	493202	7	23660	2	1	0	7843	16	0	3	1849	9	11588	14997	372	0	0	0	0	371	0	18	6963	213866	22529	19	0	0	214172	176673	6163	0
2389	-107	-7	9	26	14917	8491	494066	10	586	493076	7	23651	2	1	0	7841	16	0	3	1849	9	11588	14917	372	0	0	0	0	371	0	18	6963	213866	22529	19	0	0	214122	176673	6163	0
2388	-107	-7	9	26	14837	8491	494003	10	586	492950	7	23648	2	1	0	7839	16	0	3	1849	9	11588	14837	372	0	0	0	0	371	0	18	6963	213866	22529	19	0	0	214072	176673	6163	0
2387	-107	-7	8	26	14757	8491	493877	10	586	492824	7	23642	2	1	0	7837	13	0	3	1849	9	11588	14757	372	0	0	0	0	371	0	18	6963	213866	22529	19	0	0	214022	176673	6163	0
2386	-107	-7	9	26	14677	8491	493751	10	586	492761	7	23636	2	1	0	7836	16	0	3	1849	9	11588	14677	372	1	670	0	60	371	0	18	6963	213866	22529	19	0	0	213972	176673	6163	0
2385	-107	-7	9	26	14597	8489	493625	10	585	492572	7	23630	2	1	0	7833	16	0	3	1846	9	11581	14597	372	1	670	0	60	371	0	18	6963	213866	22529	19	0	0	213922	176673	6163	0
2384	-107	-7	9	26	14517	8489	493499	3	585	492509	7	23624	2	1	0	7832	16	0	3	1846	9	11581	14517	372	0	0	0	0	371	0	18	6963	213866	22529	19	0	0	213872	176673	6163	0
2383	-107	-7	8	26	14437	8489	493351	10	585	492361	7	23615	2	1	0	7829	13	0	3	1846	9	11581	14437	371	0	0	0	0	370	0	18	6963	213196	22469	19	0	0	213822	176673	6163	0
2382	-107	-7	7	26	14357	8489	493225	10	585	492235	7	23609	2	1	0	7827	11	0	3	1846	9	11581	14357	371	0	0	0	0	370	0	18	6963	213196	22469	19	0	0	213772	176673	6163	0
2381	-107	-7	8	26	14197	8487	492973	10	584	491983	7	23597	2	1	0	7823	13	0	3	1843	9	11574	14197	371	0	0	0	0	370	0	18	6963	213196	22469	19	0	0	213672	176673	6163	0
2380	-107	-7	8	26	14117	8487	492910	10	584	491857	7	23594	2	1	0	7821	13	0	3	1843	9	11574	14117	371	0	0	0	0	370	0	18	6963	213196	22469	19	0	0	213622	176673	6163	0
2379	-107	-7	8	26	14037	8487	492784	10	584	491794	7	23588	2	1	0	7820	13	0	3	1843	9	11574	14037	371	0	0	0	0	370	0	18	6963	213196	22469	19	0	0	213572	176673	6163	0
2378	-107	-7	8	26	13957	8487	492658	10	584	491668	7	23582	2	1	0	7818	13	0	3	1843	9	11574	13957	371	0	0	0	0	370	0	18	6963	213196	22469	19	0	0	213522	176673	6163	0
2377	-107	-7	9	26	13877	8487	492532	10	584	491542	7	23576	2	1	0	7816	16	0	3	1843	9	11574	13877	371	0	0	0	0	370	0	18	6963	213196	22469	19	0	0	213472	176673	6163	0
2376	-107	-7	9	26	13797	8485	492406	10	583	491416	7	23570	2	1	0	7814	16	0	3	1840	9	11567	13797	371	0	0	0	0	370	0	18	6963	213196	22469	19	0	0	213422	176673	6163	0
2375	-107	-7	9	26	13717	8485	492280	10	583	491290	7	23564	2	1	0	7812	16	0	3	1840	9	11567	13717	371	0	0	0	0	370	0	18	6963	213196	22469	19	0	0	213372	176673	6163	0
2374	-107	-7	9	26	13637	8485	492154	10	583	491164	7	23558	2	1	0	7810	16	0	3	1840	9	11567	13637	371	0	0	0	0	370	0	18	6963	213196	22469	19	0	0	213322	176673	6163	0
2373	-107	-7	10	26	13557	8485	492091	10	583	491038	7	23555	2	1	0	7808	18	0	3	1840	9	11567	13557	371	2	489	0	120	370	0	18	6963	213196	22469	19	0	0	213272	176673	6163	0
2372	-107	-7	10	26	13477	8485	491965	10	583	490975	7	23549	2	1	0	7807	18	0	3	1840	9	11567	13477	371	2	489	0	120	370	0	18	6963	213196	22469	19	0	0	213222	176673	6163	0
2371	-107	-7	8	26	13317	8483	491628	10	582	490638	7	23533	2	1	0	7802	13	0	3	1837	9	11560	13317	369	0	0	0	0	368	0	18	6963	212218	22349	19	0	0	213122	176673	6163	0
2370	-107	-7	8	26	13237	8483	491502	10	582	490512	7	23527	2	1	0	7800	13	0	3	1837	9	11560	13237	369	0	0	0	0	368	0	18	6963	212218	22349	19	0	0	213072	176673	6163	0
2369	-107	-7	8	26	13157	8483	491376	10	582	490386	7	23521	2	1	0	7798	13	0	3	1837	9	11560	13157	369	0	0	0	0	368	0	18	6963	212218	22349	19	0	0	213022	176673	6163	0
2368	-107	-7	9	26	13077	8481	491313	10	581	490260	7	23518	2	1	0	7796	16	0	3	1834	9	11553	13077	369	0	0	0	0	368	0	18	6963	212218	22349	19	0	0	212972	176673	6163	0
2367	-107	-7	9	26	12997	8481	491124	10	581	490134	7	23509	2	1	0	7794	16	0	3	1834	9	11553	12997	369	0	0	0	0	368	0	18	6963	212218	22349	19	0	0	212922	176673	6163	0
2366	-107	-7	9	26	12917	8481	491061	10	581	490008	7	23506	2	1	0	7792	16	0	3	1834	9	11553	12917	369	0	0	0	0	368	0	18	6963	212218	22349	19	0	0	212872	176673	6163	0
2365	-107	-7	10	26	12837	8481	490935	10	581	489882	7	23500	2	1	0	7790	18	0	3	1834	9	11553	12837	369	0	0	0	0	368	0	18	6963	212218	22349	19	0	0	212822	176673	6163	0
2364	-107	-7	9	26	12757	8481	490809	10	581	489819	7	23494	2	1	0	7789	16	0	3	1834	9	11553	12757	369	0	0	0	0	368	0	18	6963	212218	22349	19	0	0	212772	176673	6163	0
2363	-107	-7	9	26	12677	8479	490683	10	580	489630	7	23488	2	1	0	7786	16	0	3	1831	9	11546	12677	369	0	0	0	0	368	0	18	6963	212218	22349	19	0	0	212722	176673	6163	0
2362	-107	-7	10	26	12597	8479	490557	10	580	489567	7	23482	2	1	0	7785	18	0	3	1831	9	11546	12597	369	0	0	0	0	368	0	18	6963	212218	22349	19	0	0	212672	176673	6163	0
2361	-107	-7	10	26	12437	8479	490305	10	580	489315	7	23470	2	1	0	7781	18	0	3	1831	9	11546	12437	369	0	0	0	0	368	0	18	6963	212218	22349	19	0	0	212572	176673	6163	0
2360	-107	-7	10	26	12357	8479	490242	10	580	489189	7	23467	2	1	0	7779	18	0	3	1831	9	11546	12357	369	0	0	0	0	368	0	18	6963	212218	22349	19	0	0	212522	176673	6163	0
2359	-107	-8	10	26	12277	8477	490116	10	579	489126	7	23461	2	1	0	7778	18	0	3	1828	9	11539	12277	369	0	0	0	0	368	0	18	6963	212218	22349	19	0	0	212472	176673	6163	0
2358	-107	-8	9	26	12197	8477	489990	10	579	489000	7	23455	2	1	0	7776	16	0	3	1828	9	11539	12197	369	0	0	0	0	368	0	18	6963	212218	22349	19	0	0	212422	176673	6163	0
2357	-107	-8	8	26	12117	8477	489864	10	579	488874	7	23449	2	1	0	7774	13	0	3	1828	9	11539	12117	369	1	2090	0	60	368	0	18	6963	212218	22349	19	0	0	212372	176673	6163	0
2356	-107	-8	9	26	12037	8477	489738	10	579	488748	7	23443	2	1	0	7772	16	0	3	1828	9	11539	12037	369	1	2090	0	60	368	0	18	6963	212218	22349	19	0	0	212322	176673	6163	0
2355	-107	-8	8	26	11957	8477	489675	10	579	488622	7	23440	2	1	0	7770	13	0	3	1828	9	11539	11957	369	0	0	0	0	368	0	18	6963	212218	22349	19	0	0	212272	176673	6163	0
2354	-107	-8	8	26	11877	8475	489549	10	578	488559	7	23434	2	1	0	7769	13	0	3	1825	9	11532	11877	369	0	0	0	0	368	0	18	6963	212218	22349	19	0	0	212222	176673	6163	0
2353	-107	-8	9	26	11797	8475	489360	10	578	488370	7	23425	2	1	0	7766	16	0	3	1825	9	11532	11797	368	0	0	0	0	367	0	18	6963	210128	22289	19	0	0	212172	176673	6163	0
2352	-107	-8	8	26	11717	8475	489234	10	578	488244	7	23419	2	1	0	7764	13	0	3	1825	9	11532	11717	368	0	0	0	0	367	0	18	6963	210128	22289	19	0	0	212122	176673	6163	0
2351	-107	-8	8	26	11557	8475	489045	10	578	488055	7	23410	2	1	0	7761	13	0	3	1825	9	11532	11557	368	0	0	0	0	367	0	18	6963	210128	22289	19	0	0	212022	176673	6163	0
2350	-107	-7	9	26	11477	8473	488919	10	577	487866	7	23404	2	1	0	7758	16	0	3	1822	9	11525	11477	368	0	0	0	0	367	0	18	6963	210128	22289	19	0	0	211972	176673	6163	0
2349	-107	-7	8	26	11397	8473	488793	10	577	487803	7	23398	2	1	0	7757	13	0	3	1822	9	11525	11397	368	0	0	0	0	367	0	18	6963	210128	22289	19	0	0	211922	176673	6163	0
2348	-107	-7	7	26	11317	8473	488667	10	577	487677	7	23392	2	1	0	7755	11	0	3	1822	9	11525	11317	368	0	0	0	0	367	0	18	6963	210128	22289	19	0	0	211872	176673	6163	0
2347	-107	-7	9	26	11237	8473	488541	10	577	487551	7	23386	2	1	0	7753	16	0	3	1822	9	11525	11237	368	0	0	0	0	367	0	18	6963	210128	22289	19	0	0	211822	176673	6163	0
2346	-107	-7	10	26	11156	8471	488478	10	576	487425	7	23383	2	1	0	7751	18	0	3	1819	9	11518	11156	368	0	0	0	0	367	0	18	6963	210128	22289	19	0	0	211771	176673	6163	0
2345	-107	-7	9	26	11077	8471	488289	10	576	487299	7	23374	2	1	0	7749	16	0	3	1819	9	11518	11077	368	0	0	0	0	367	0	18	6963	210128	22289	19	0	0	211722	176673	6163	0
2344	-107	-7	9	26	10997	8471	488226	10	576	487173	7	23371	2	1	0	7747	16	0	3	1819	9	11518	10997	368	0	0	0	0	367	0	18	6963	210128	22289	19	0	0	211672	176673	6163	0
2343	-107	-7	10	26	10917	8471	488100	10	576	487047	7	23365	2	1	0	7745	18	0	3	1819	9	11518	10917	368	0	0	0	0	367	0	18	6963	210128	22289	19	0	0	211622	176673	6163	0
2342	-107	-7	10	26	10837	8471	487974	10	576	486984	7	23359	2	1	0	7744	18	0	3	1819	9	11518	10837	368	0	0	0	0	367	0	18	6963	210128	22289	19	0	0	211572	176673	6163	0
2341	-107	-7	10	26	10677	8469	487722	10	575	486732	7	23347	2	1	0	7740	18	0	3	1816	9	11511	10677	368	0	0	0	0	367	0	18	6963	210128	22289	19	0	0	211472	176673	6163	0
2340	-107	-7	10	26	10597	8469	487596	10	575	486606	7	23341	2	1	0	7738	18	0	3	1816	9	11511	10597	368	0	0	0	0	367	0	18	6963	210128	22289	19	0	0	211422	176673	6163	0
2339	-107	-7	10	26	10516	8469	487470	10	575	486480	7	23335	2	1	0	7736	18	0	3	1816	9	11511	10516	368	0	0	0	0	367	0	18	6963	210128	22289	19	0	0	211371	176673	6163	0
2338	-107	-7	9	26	10437	8469	487407	10	575	486354	7	23332	2	1	0	7734	16	0	3	1816	9	11511	10437	368	0	0	0	0	367	0	18	6963	210128	22289	19	0	0	211322	176673	6163	0
2337	-107	-7	10	26	10357	8467	487218	10	574	486228	7	23323	2	1	0	7732	18	0	3	1813	9	11504	10357	368	0	0	0	0	367	0	18	6963	210128	22289	19	0	0	211272	176673	6163	0
2336	-107	-7	9	26	10277	8467	487155	10	574	486102	7	23320	2	1	0	7730	16	0	3	1813	9	11504	10277	368	0	0	0	0	367	0	18	6963	210128	22289	19	0	0	211222	176673	6163	0
2335	-107	-7	9	26	10197	8467	487029	10	574	486039	7	23314	2	1	0	7729	16	0	3	1813	9	11504	10197	368	0	0	0	0	367	0	18	6963	210128	22289	19	0	0	211172	176673	6163	0
2334	-107	-7	8	26	10117	8467	486903	10	574	485913	7	23308	2	1	0	7727	13	0	3	1813	9	11504	10117	368	0	0	0	0	367	0	18	6963	210128	22289	19	0	0	211122	176673	6163	0
2333	-107	-7	9	26	10037	8467	486777	10	574	485787	7	23302	2	1	0	7725	16	0	3	1813	9	11504	10037	368	0	0	0	0	367	0	18	6963	210128	22289	19	0	0	211072	176673	6163	0
2332	-107	-7	9	26	9957	8465	486651	10	573	485661	7	23296	2	1	0	7723	16	0	3	1810	9	11497	9957	368	0	0	0	0	367	0	18	6963	210128	22289	19	0	0	211022	176673	6163	0
2331	-107	-7	8	26	9797	8465	486399	10	573	485409	7	23284	2	1	0	7719	13	0	3	1810	9	11497	9797	368	0	0	0	0	367	0	18	6963	210128	22289	19	0	0	210922	176673	6163	0
2330	-107	-7	9	26	9717	8465	486336	10	573	485283	7	23281	2	1	0	7717	16	0	3	1810	9	11497	9717	368	0	0	0	0	367	0	18	6963	210128	22289	19	0	0	210872	176673	6163	0
2329	-107	-7	9	26	9637	8465	486210	10	573	485220	7	23275	2	1	0	7716	16	0	3	1810	9	11497	9637	368	0	0	0	0	367	0	18	6963	210128	22289	19	0	0	210822	176673	6163	0
2328	-107	-7	9	26	9557	8463	486084	10	572	485031	7	23269	2	1	0	7713	16	0	3	1807	9	11490	9557	368	0	0	0	0	367	0	18	6963	210128	22289	19	0	0	210772	176673	6163	0
2327	-107	-7	9	26	9477	8463	485958	10	572	484968	7	23263	2	1	0	7712	16	0	3	1807	9	11490	9477	368	0	0	0	0	367	0	18	6963	210128	22289	19	0	0	210722	176673	6163	0
2326	-107	-7	9	26	9397	8463	485832	10	572	484842	7	23257	2	1	0	7710	16	0	3	1807	9	11490	9397	368	0	0	0	0	367	0	18	6963	210128	22289	19	0	0	210672	176673	6163	0
2325	-107	-7	10	26	9317	8463	485706	10	572	484716	7	23251	2	1	0	7708	18	0	3	1807	9	11490	9317	368	0	0	0	0	367	0	18	6963	210128	22289	19	0	0	210622	176673	6163	0
2324	-107	-7	9	26	9237	8461	485643	10	571	484590	7	23248	2	1	0	7706	16	0	3	1804	9	11483	9237	368	0	0	0	0	367	0	18	6963	210128	22289	19	0	0	210572	176673	6163	0
2323	-107	-7	10	26	9157	8461	485454	10	571	484464	7	23239	2	1	0	7704	18	0	3	1804	9	11483	9157	368	0	0	0	0	367	0	18	6963	210128	22289	19	0	0	210522	176673	6163	0
2322	-107	-7	10	26	9077	8461	485391	10	571	484338	7	23236	2	1	0	7702	18	0	3	1804	9	11483	9077	368	0	0	0	0	367	0	18	6963	210128	22289	19	0	0	210472	176673	6163	0
2321	-107	-7	10	26	8917	8461	485139	10	571	484149	7	23224	2	1	0	7699	18	0	3	1804	9	11483	8917	368	0	0	0	0	367	0	18	6963	210128	22289	19	0	0	210372	176673	6163	0
2320	-107	-7	8	26	8837	8459	485013	10	570	483960	7	23218	2	1	0	7696	13	0	3	1801	9	11476	8837	368	0	0	0	0	367	0	18	6963	210128	22289	19	0	0	210322	176673	6163	0
2319	-107	-7	9	26	8757	8459	484887	10	570	483897	7	23212	2	1	0	7695	16	0	3	1801	9	11476	8757	368	1	282	0	60	367	0	18	6963	210128	22289	19	0	0	210272	176673	6163	0
2318	-107	-7	10	26	8677	8459	484761	10	570	483771	7	23206	2	1	0	7693	18	0	3	1801	9	11476	8677	368	1	282	0	60	367	0	18	6963	210128	22289	19	0	0	210222	176673	6163	0
2317	-107	-7	8	26	8597	8459	484635	10	570	483645	7	23200	2	1	0	7691	13	0	3	1801	9	11476	8597	368	0	0	0	0	367	0	18	6963	210128	22289	19	0	0	210172	176673	6163	0
2316	-107	-7	9	26	8517	8459	484572	10	570	483456	7	23197	2	1	0	7688	16	0	3	1801	9	11476	8517	367	0	0	0	0	366	0	18	6963	209846	22229	19	0	0	210122	176673	6163	0
2315	-107	-7	9	26	8437	8457	484383	10	569	483330	7	23188	2	1	0	7686	16	0	3	1798	9	11469	8437	367	0	0	0	0	366	0	18	6963	209846	22229	19	0	0	210072	176673	6163	0
2314	-107	-7	9	26	8357	8457	484257	10	569	483204	7	23182	2	1	0	7684	16	0	3	1798	9	11469	8357	367	0	0	0	0	366	0	18	6963	209846	22229	19	0	0	210022	176673	6163	0
2313	-107	-7	9	26	8277	8457	484131	10	569	483141	7	23176	2	1	0	7683	16	0	3	1798	9	11469	8277	367	1	138	0	60	366	0	18	6963	209846	22229	19	0	0	209972	176673	6163	0
2312	-107	-7	9	32	8117	8457	483879	3	569	482889	7	23164	2	1	0	7679	16	0	3	1798	9	11469	8117	367	1	1484	0	60	366	0	18	6963	209846	22229	19	0	0	209872	176673	6163	0
2311	-107	-7	10	26	8037	8455	483772	10	568	482782	7	23155	2	1	0	7676	18	0	3	1795	9	11462	8037	366	1	1484	0	60	365	0	18	6963	209708	22169	19	0	0	209822	176673	6163	0
2310	-107	-7	10	26	7957	8455	483646	10	568	482656	7	23149	2	1	0	7674	18	0	3	1795	9	11462	7957	366	0	0	0	0	365	0	18	6963	209708	22169	19	0	0	209772	176673	6163	0
2309	-107	-7	10	26	7877	8455	483520	10	568	482530	7	23143	2	1	0	7672	18	0	3	1795	9	11462	7877	366	0	0	0	0	365	0	18	6963	209708	22169	19	0	0	209722	176673	6163	0
2308	-107	-7	10	26	7797	8455	483394	10	568	482341	7	23137	2	1	0	7669	18	0	3	1795	9	11462	7797	365	0	0	0	0	364	0	18	6963	208224	22109	19	0	0	209672	176673	6163	0
2307	-107	-7	10	26	7717	8455	483268	10	568	482278	7	23131	2	1	0	7668	18	0	3	1795	9	11462	7717	365	0	0	0	0	364	0	18	6963	208224	22109	19	0	0	209622	176673	6163	0
2306	-107	-8	9	26	7637	8453	483142	10	567	482089	7	23125	2	1	0	7665	16	0	3	1792	9	11455	7637	365	0	0	0	0	364	0	18	6963	208224	22109	19	0	0	209572	176673	6163	0
2305	-107	-8	9	26	7557	8453	483016	10	567	482026	7	23119	2	1	0	7664	16	0	3	1792	9	11455	7557	365	0	0	0	0	364	0	18	6963	208224	22109	19	0	0	209522	176673	6163	0
2304	-107	-8	10	26	7477	8453	482890	10	567	481900	7	23113	2	1	0	7662	18	0	3	1792	9	11455	7477	365	0	0	0	0	364	0	18	6963	208224	22109	19	0	0	209472	176673	6163	0
2303	-107	-8	10	26	7397	8453	482764	10	567	481774	7	23107	2	1	0	7660	18	0	3	1792	9	11455	7397	365	0	0	0	0	364	0	18	6963	208224	22109	19	0	0	209422	176673	6163	0
2302	-107	-7	9	26	7237	8451	482512	10	566	481522	7	23095	2	1	0	7656	16	0	3	1789	9	11448	7237	365	0	0	0	0	364	0	18	6963	208224	22109	19	0	0	209322	176673	6163	0
2301	-107	-7	10	26	7157	8451	482449	10	566	481396	7	23092	2	1	0	7654	18	0	3	1789	9	11448	7157	365	0	0	0	0	364	0	18	6963	208224	22109	19	0	0	209272	176673	6163	0
2300	-107	-7	10	26	7077	8451	482323	10	566	481270	7	23086	2	1	0	7652	18	0	3	1789	9	11448	7077	365	0	0	0	0	364	0	18	6963	208224	22109	19	0	0	209222	176673	6163	0
2299	-107	-7	8	26	6997	8451	482197	10	566	481207	7	23080	2	1	0	7651	13	0	3	1789	9	11448	6997	365	0	0	0	0	364	0	18	6963	208224	22109	19	0	0	209172	176673	6163	0
2298	-107	-7	8	26	6917	8449	482071	10	565	481018	7	23074	2	1	0	7648	13	0	3	1786	9	11441	6917	365	0	0	0	0	364	0	18	6963	208224	22109	19	0	0	209122	176673	6163	0
2297	-107	-7	9	26	6837	8449	481945	10	565	480955	7	23068	2	1	0	7647	16	0	3	1786	9	11441	6837	365	0	0	0	0	364	0	18	6963	208224	22109	19	0	0	209072	176673	6163	0
2296	-107	-7	9	26	6757	8449	481819	10	565	480829	7	23062	2	1	0	7645	16	0	3	1786	9	11441	6757	365	0	0	0	0	364	0	18	6963	208224	22109	19	0	0	209022	176673	6163	0
2295	-107	-7	10	26	6677	8449	481693	10	565	480703	7	23056	2	1	0	7643	18	0	3	1786	9	11441	6677	365	0	0	0	0	364	0	18	6963	208224	22109	19	0	0	208972	176673	6163	0
2294	-107	-7	10	26	6597	8449	481630	10	565	480577	7	23053	2	1	0	7641	18	0	3	1786	9	11441	6597	365	0	0	0	0	364	0	18	6963	208224	22109	19	0	0	208922	176673	6163	0
2293	-107	-7	9	26	6517	8447	481441	10	564	480451	7	23044	2	1	0	7639	16	0	3	1783	9	11434	6517	365	0	0	0	0	364	0	18	6963	208224	22109	19	0	0	208872	176673	6163	0
2292	-107	-7	10	26	6357	8447	481252	10	564	480262	7	23035	2	1	0	7636	18	0	3	1783	9	11434	6357	365	0	0	0	0	364	0	18	6963	208224	22109	19	0	0	208772	176673	6163	0
2291	-107	-7	9	26	6277	8447	481126	10	564	480136	7	23029	2	1	0	7634	16	0	3	1783	9	11434	6277	365	0	0	0	0	364	0	18	6963	208224	22109	19	0	0	208722	176673	6163	0
2290	-107	-7	9	26	6197	8447	481000	10	564	480010	7	23023	2	1	0	7632	16	0	3	1783	9	11434	6197	365	0	0	0	0	364	0	18	6963	208224	22109	19	0	0	208672	176673	6163	0
2289	-107	-7	8	26	6117	8445	480874	10	563	479884	7	23017	2	1	0	7630	13	0	3	1780	9	11427	6117	365	0	0	0	0	364	0	18	6963	208224	22109	19	0	0	208622	176673	6163	0
2288	-107	-7	9	26	6037	8445	480748	10	563	479758	7	23011	2	1	0	7628	16	0	3	1780	9	11427	6037	365	0	0	0	0	364	0	18	6963	208224	22109	19	0	0	208572	176673	6163	0
2287	-107	-7	9	26	5957	8445	480622	10	563	479632	7	23005	2	1	0	7626	16	0	3	1780	9	11427	5957	365	0	0	0	0	364	0	18	6963	208224	22109	19	0	0	208522	176673	6163	0
2286	-107	-7	9	26	5877	8445	480559	10	563	479506	7	23002	2	1	0	7624	16	0	3	1780	9	11427	5877	365	0	0	0	0	364	0	18	6963	208224	22109	19	0	0	208472	176673	6163	0
2285	-107	-7	10	26	5797	8445	480433	10	563	479443	7	22996	2	1	0	7623	18	0	3	1780	9	11427	5797	365	0	0	0	0	364	0	18	6963	208224	22109	19	0	0	208422	176673	6163	0
2284	-107	-8	8	26	5717	8443	480307	10	562	479317	7	22990	2	1	0	7621	13	0	3	1777	9	11420	5717	365	1	28	0	60	364	0	18	6963	208224	22109	19	0	0	208372	176673	6163	0
2283	-107	-8	8	26	5637	8443	480181	10	562	479191	7	22984	2	1	0	7619	13	0	3	1777	9	11420	5637	365	1	28	0	60	364	0	18	6963	208224	22109	19	0	0	208322	176673	6163	0
2282	-107	-8	9	26	5477	8443	479992	10	562	478939	7	22975	2	1	0	7615	16	0	3	1777	9	11420	5477	364	2	99	0	120	363	0	18	6963	208196	22049	19	0	0	208222	176673	6163	0
2281	-107	-8	9	26	5397	8443	479769	10	562	478779	7	22965	2	1	0	7613	16	0	3	1777	9	11420	5397	362	0	0	0	0	361	0	18	6963	207998	21929	19	0	0	208172	176673	6163	0
2280	-107	-8	8	26	5317	8441	479643	10	561	478653	7	22959	2	1	0	7611	13	0	3	1774	9	11413	5317	362	0	0	0	0	361	0	18	6963	207998	21929	19	0	0	208122	176673	6163	0
2279	-107	-8	8	26	5237	8441	479517	10	561	478527	7	22953	2	1	0	7609	13	0	3	1774	9	11413	5237	362	1	120	0	60	361	0	18	6963	207998	21929	19	0	0	208072	176673	6163	0
2278	-107	-8	9	26	5157	8441	479454	10	561	478401	7	22950	2	1	0	7607	16	0	3	1774	9	11413	5157	362	1	120	0	60	361	0	18	6963	207998	21929	19	0	0	208022	176673	6163	0
2277	-107	-8	7	26	5077	8441	479265	10	561	478275	7	22941	2	1	0	7605	11	0	3	1774	9	11413	5077	361	2	45	0	120	360	0	18	6963	207878	21869	19	0	0	207972	176673	6163	0
2276	-107	-8	7	26	4997	8439	479076	10	560	478086	7	22932	2	1	0	7602	11	0	3	1771	9	11406	4997	361	2	45	0	120	360	0	18	6963	207878	21869	19	0	0	207922	176673	6163	0
2275	-107	-8	7	26	4917	8439	479013	10	560	477897	7	22929	2	1	0	7599	11	0	3	1771	9	11406	4917	360	1	952	0	60	359	0	18	6963	207846	21809	19	0	0	207872	176673	6163	0
2274	-107	-8	7	26	4837	8439	478802	10	560	477812	7	22917	2	1	0	7597	11	0	3	1771	9	11406	4837	359	1	952	0	60	358	0	18	6963	207788	21749	19	0	0	207822	176673	6163	0
2273	-107	-8	8	26	4757	8439	478613	10	560	477623	7	22908	2	1	0	7594	13	0	3	1771	9	11406	4757	358	0	0	0	0	357	0	18	6963	206836	21689	19	0	0	207772	176673	6163	0
2272	-107	-8	9	26	4597	8437	478361	10	559	477371	7	22896	2	1	0	7590	16	0	3	1768	9	11399	4597	358	0	0	0	0	357	0	18	6963	206836	21689	19	0	0	207672	176673	6163	0
2271	-107	-8	8	26	4517	8437	478298	10	559	477245	7	22893	2	1	0	7588	13	0	3	1768	9	11399	4517	358	0	0	0	0	357	0	18	6963	206836	21689	19	0	0	207622	176673	6163	0
2270	-107	-8	8	26	4437	8437	478172	10	559	477182	7	22887	2	1	0	7587	13	0	3	1768	9	11399	4437	358	0	0	0	0	357	0	18	6963	206836	21689	19	0	0	207572	176673	6163	0
2269	-107	-8	7	26	4357	8437	478046	10	559	477056	7	22881	2	1	0	7585	11	0	3	1768	9	11399	4357	358	0	0	0	0	357	0	18	6963	206836	21689	19	0	0	207522	176673	6163	0
2268	-107	-8	7	26	4277	8437	477920	10	559	476930	7	22875	2	1	0	7583	11	0	3	1768	9	11399	4277	358	0	0	0	0	357	0	18	6963	206836	21689	19	0	0	207472	176673	6163	0
2267	-107	-9	6	26	4197	8435	477794	10	558	476804	7	22869	2	1	0	7581	8	0	3	1765	9	11392	4197	358	0	0	0	0	357	0	18	6963	206836	21689	19	0	0	207422	176673	6163	0
2266	-107	-9	8	26	4117	8435	477668	10	558	476678	7	22863	2	1	0	7579	13	0	3	1765	9	11392	4117	358	0	0	0	0	357	0	18	6963	206836	21689	19	0	0	207372	176673	6163	0
2265	-107	-9	7	26	4037	8435	477542	10	558	476552	7	22857	2	1	0	7577	11	0	3	1765	9	11392	4037	358	0	0	0	0	357	0	18	6963	206836	21689	19	0	0	207322	176673	6163	0
2264	-107	-9	7	26	3957	8435	477479	10	558	476426	7	22854	2	1	0	7575	11	0	3	1765	9	11392	3957	358	0	0	0	0	357	0	18	6963	206836	21689	19	0	0	207272	176673	6163	0
2263	-107	-9	7	26	3877	8435	477353	10	558	476363	7	22848	2	1	0	7574	11	0	3	1765	9	11392	3877	358	0	0	0	0	357	0	18	6963	206836	21689	19	0	0	207222	176673	6163	0
2262	-107	-8	7	26	3717	8433	477101	10	557	476111	7	22836	2	1	0	7570	11	0	3	1762	9	11385	3717	358	0	0	0	0	357	0	18	6963	206836	21689	19	0	0	207122	176673	6163	0
2261	-107	-8	7	26	3637	8433	476975	10	557	475985	7	22830	2	1	0	7568	11	0	3	1762	9	11385	3637	358	0	0	0	0	357	0	18	6963	206836	21689	19	0	0	207072	176673	6163	0
2260	-107	-8	7	26	3557	8433	476849	10	557	475859	7	22824	2	1	0	7566	11	0	3	1762	9	11385	3557	358	0	0	0	0	357	0	18	6963	206836	21689	19	0	0	207022	176673	6163	0
2259	-107	-7	7	26	3477	8431	476786	10	556	475670	7	22821	2	1	0	7563	11	0	3	1759	9	11378	3477	358	2	315	0	136	357	0	18	6963	206836	21689	19	0	0	206972	176673	6163	0
2258	-107	-7	7	26	3397	8431	476597	10	556	475607	7	22812	2	1	0	7562	11	0	3	1759	9	11378	3397	358	2	315	0	136	357	0	18	6963	206836	21689	19	0	0	206922	176673	6163	0
2257	-107	-7	8	26	3317	8431	476471	10	556	475481	7	22806	2	1	0	7560	13	0	3	1759	9	11378	3317	358	0	0	0	0	357	0	18	6963	206836	21689	19	0	0	206872	176673	6163	0
2256	-107	-7	7	26	3237	8431	476386	10	556	475333	7	22800	2	1	0	7557	11	0	3	1759	9	11378	3237	357	0	0	0	0	356	0	18	6963	206808	21629	19	0	0	206822	176673	6163	0
2255	-107	-7	8	26	3157	8431	476197	10	556	475207	7	22791	2	1	0	7555	13	0	3	1759	9	11378	3157	356	0	0	0	0	355	0	18	6963	206206	21553	19	0	0	206772	176673	6163	0
2254	-107	-7	9	26	3077	8429	476071	10	555	475018	7	22785	2	1	0	7552	16	0	3	1756	9	11371	3077	356	0	0	0	0	355	0	18	6963	206206	21553	19	0	0	206722	176673	6163	0
2253	-107	-7	9	26	2997	8429	475945	10	555	474955	7	22779	2	1	0	7551	16	0	3	1756	9	11371	2997	356	0	0	0	0	355	0	18	6963	206206	21553	19	0	0	206672	176673	6163	0
2252	-107	-7	9	26	2837	8429	475693	10	555	474703	7	22767	2	1	0	7547	16	0	3	1756	9	11371	2837	356	0	0	0	0	355	0	18	6963	206206	21553	19	0	0	206572	176673	6163	0
2251	-107	-7	8	26	2757	8429	475630	10	555	474577	7	22764	2	1	0	7545	13	0	3	1756	9	11371	2757	356	0	0	0	0	355	0	18	6963	206206	21553	19	0	0	206522	176673	6163	0
2250	-107	-7	9	26	2677	8427	475441	10	554	474451	7	22755	2	1	0	7543	16	0	3	1753	9	11364	2677	356	0	0	0	0	355	0	18	6963	206206	21553	19	0	0	206472	176673	6163	0
2249	-107	-7	9	26	2597	8427	475378	10	554	474325	7	22752	2	1	0	7541	16	0	3	1753	9	11364	2597	356	0	0	0	0	355	0	18	6963	206206	21553	19	0	0	206422	176673	6163	0
2248	-107	-7	10	26	2517	8427	475252	10	554	474262	7	22746	2	1	0	7540	18	0	3	1753	9	11364	2517	356	1	1000	0	60	355	0	18	6963	206206	21553	19	0	0	206372	176673	6163	0
2247	-107	-7	10	26	2437	8427	475126	10	554	474136	7	22740	2	1	0	7538	18	0	3	1753	9	11364	2437	356	1	1000	0	60	355	0	18	6963	206206	21553	19	0	0	206322	176673	6163	0
2246	-107	-7	10	26	2357	8427	475000	10	554	474010	7	22734	2	1	0	7536	18	0	3	1753	9	11364	2357	356	0	0	0	0	355	0	18	6963	206206	21553	19	0	0	206272	176673	6163	0
2245	-107	-7	10	32	2277	8425	474874	3	553	473884	7	22728	2	1	0	7534	18	0	3	1750	9	11357	2277	356	0	0	0	0	355	0	18	6963	206206	21553	19	0	0	206222	176673	6163	0
2244	-107	-7	10	26	2197	8425	474726	10	553	473736	7	22719	2	1	0	7531	18	0	3	1750	9	11357	2197	355	0	0	0	0	354	0	18	6963	205206	21493	19	0	0	206172	176673	6163	0
2243	-107	-7	9	26	2117	8425	474600	10	553	473610	7	22713	2	1	0	7529	16	0	3	1750	9	11357	2117	355	0	0	0	0	354	0	18	6963	205206	21493	19	0	0	206122	176673	6163	0
2242	-107	-7	9	26	1956	8425	474411	10	553	473421	7	22704	2	1	0	7526	16	0	3	1750	9	11357	1956	355	0	0	0	0	354	0	18	6963	205206	21493	19	0	0	206021	176673	6163	0
2241	-107	-7	10	26	1876	8423	474285	10	552	473232	7	22698	2	1	0	7523	18	0	3	1747	9	11350	1876	355	0	0	0	0	354	0	18	6963	205206	21493	19	0	0	205971	176673	6163	0
2240	-107	-7	10	26	1797	8423	474159	10	552	473169	7	22692	2	1	0	7522	18	0	3	1747	9	11350	1797	355	0	0	0	0	354	0	18	6963	205206	21493	19	0	0	205922	176673	6163	0
2239	-107	-7	10	26	1717	8423	474033	10	552	473043	7	22686	2	1	0	7520	18	0	3	1747	9	11350	1717	355	0	0	0	0	354	0	18	6963	205206	21493	19	0	0	205872	176673	6163	0
2238	-107	-7	9	26	1637	8423	473907	10	552	472917	7	22680	2	1	0	7518	16	0	3	1747	9	11350	1637	355	0	0	0	0	354	0	18	6963	205206	21493	19	0	0	205822	176673	6163	0
2237	-107	-7	9	26	1557	8421	473844	10	551	472791	7	22677	2	1	0	7516	16	0	3	1744	9	11343	1557	355	0	0	0	0	354	0	18	6963	205206	21493	19	0	0	205772	176673	6163	0
2236	-107	-7	10	26	1477	8421	473655	10	551	472665	7	22668	2	1	0	7514	18	0	3	1744	9	11343	1477	355	0	0	0	0	354	0	18	6963	205206	21493	19	0	0	205722	176673	6163	0
2235	-107	-7	9	26	1397	8421	473592	10	551	472539	7	22665	2	1	0	7512	16	0	3	1744	9	11343	1397	355	0	0	0	0	354	0	18	6963	205206	21493	19	0	0	205672	176673	6163	0
2234	-107	-7	10	26	1317	8421	473466	10	551	472413	7	22659	2	1	0	7510	18	0	3	1744	9	11343	1317	355	0	0	0	0	354	0	18	6963	205206	21493	19	0	0	205622	176673	6163	0
2233	-107	-7	10	26	1237	8421	473340	10	551	472350	7	22653	2	1	0	7509	18	0	3	1744	9	11343	1237	355	0	0	0	0	354	0	18	6963	205206	21493	19	0	0	205572	176673	6163	0
2232	-107	-7	10	26	1077	8419	473088	10	550	472098	7	22641	2	1	0	7505	18	0	3	1741	9	11336	1077	355	0	0	0	0	354	0	18	6963	205206	21493	19	0	0	205472	176673	6163	0
2231	-107	-7	10	26	997	8419	472962	10	550	471972	7	22635	2	1	0	7503	18	0	3	1741	9	11336	997	355	0	0	0	0	354	0	18	6963	205206	21493	19	0	0	205422	176673	6163	0
2230	-107	-7	9	26	917	8419	472899	10	550	471846	7	22632	2	1	0	7501	16	0	3	1741	9	11336	917	355	1	1340	0	60	354	0	18	6963	205206	21493	19	0	0	205372	176673	6163	0
2229	-107	-7	9	26	837	8419	472773	10	550	471783	7	22626	2	1	0	7500	16	0	3	1741	9	11336	837	355	1	1340	0	60	354	0	18	6963	205206	21493	19	0	0	205322	176673	6163	0
2228	-107	-7	9	26	757	8417	472647	10	549	471657	7	22620	2	1	0	7498	16	0	3	1738	9	11329	757	355	0	0	0	0	354	0	18	6963	205206	21493	19	0	0	205272	176673	6163	0
2227	-107	-7	9	27	677	8417	472521	3	549	471531	7	22614	2	1	0	7496	16	0	3	1738	9	11329	677	355	0	0	0	0	354	0	18	6963	205206	21493	19	0	0	205222	176673	6163	0
2226	-107	-7	9	27	597	8417	472436	10	549	471446	7	22608	2	1	0	7494	16	0	3	1738	9	11329	597	354	0	0	0	0	353	0	18	6963	203866	21433	19	0	0	205172	176673	6163	0
2225	-107	-7	10	27	517	8417	472310	10	549	471320	7	22602	2	1	0	7492	18	0	3	1738	9	11329	517	354	0	0	0	0	353	0	18	6963	203866	21433	19	0	0	205122	176673	6163	0
2224	-107	-7	9	27	437	8417	472184	10	549	471194	7	22596	2	1	0	7490	16	0	3	1738	9	11329	437	354	0	0	0	0	353	0	18	6963	203866	21433	19	0	0	205072	176673	6163	0
2223	-107	-7	9	27	277	8415	471932	10	548	470942	7	22584	2	1	0	7486	16	0	3	1735	9	11322	277	354	0	0	0	0	353	0	18	6963	203866	21433	19	0	0	204972	176673	6163	0
2222	-107	-7	9	27	197	8415	471806	10	548	470816	7	22578	2	1	0	7484	16	0	3	1735	9	11322	197	354	0	0	0	0	353	0	18	6963	203866	21433	19	0	0	204922	176673	6163	0
2221	-107	-7	8	27	117	8415	471743	10	548	470690	7	22575	2	1	0	7482	13	0	3	1735	9	11322	117	354	0	0	0	0	353	0	18	6963	203866	21433	19	0	0	204872	176673	6163	0
2220	-107	-7	8	27	37	8415	471617	10	548	470627	7	22569	2	1	0	7481	13	0	3	1735	9	11322	37	354	0	0	0	0	353	0	18	6963	203866	21433	19	0	0	204822	176673	6163	0
2219	-107	-7	9	27	16341	8413	471491	10	547	470438	7	22563	2	1	0	7478	16	0	3	1732	9	11315	16341	354	0	0	0	0	353	0	18	6963	203866	21433	19	0	0	204772	176673	6163	0
2218	-107	-7	9	27	16261	8413	471365	10	547	470375	7	22557	2	1	0	7477	16	0	3	1732	9	11315	16261	354	0	0	0	0	353	0	18	6963	203866	21433	19	0	0	204722	176673	6163	0
2217	-107	-7	9	27	16181	8413	471239	10	547	470249	7	22551	2	1	0	7475	16	0	3	1732	9	11315	16181	354	0	0	0	0	353	0	18	6963	203866	21433	19	0	0	204672	176673	6163	0
2216	-107	-7	8	27	16101	8413	471113	10	547	470123	7	22545	2	1	0	7473	13	0	3	1732	9	11315	16101	354	0	0	0	0	353	0	18	6963	203866	21433	19	0	0	204622	176673	6163	0
2215	-107	-8	9	27	16021	8411	471050	10	546	469997	7	22542	2	1	0	7471	16	0	3	1729	9	11308	16021	354	0	0	0	0	353	0	18	6963	203866	21433	19	0	0	204572	176673	6163	0
2214	-107	-8	10	27	15941	8411	470861	10	546	469871	7	22533	2	1	0	7469	18	0	3	1729	9	11308	15941	354	0	0	0	0	353	0	18	6963	203866	21433	19	0	0	204522	176673	6163	0
2213	-107	-8	9	26	15781	8411	470672	10	546	469619	7	22524	2	1	0	7465	16	0	3	1729	9	11308	15781	354	0	0	0	0	353	0	18	6963	203866	21433	19	0	0	204422	176673	6163	0
2212	-107	-8	9	26	15701	8411	470546	10	546	469556	7	22518	2	1	0	7464	16	0	3	1729	9	11308	15701	354	0	0	0	0	353	0	18	6963	203866	21433	19	0	0	204372	176673	6163	0
2211	-107	-8	9	26	15621	8409	470420	10	545	469367	7	22512	2	1	0	7461	16	0	3	1726	9	11301	15621	354	0	0	0	0	353	0	18	6963	203866	21433	19	0	0	204322	176673	6163	0
2210	-107	-8	9	26	15541	8409	470294	10	545	469304	7	22506	2	1	0	7460	16	0	3	1726	9	11301	15541	354	0	0	0	0	353	0	18	6963	203866	21433	19	0	0	204272	176673	6163	0
2209	-107	-8	9	26	15461	8409	470168	10	545	469178	7	22500	2	1	0	7458	16	0	3	1726	9	11301	15461	354	0	0	0	0	353	0	18	6963	203866	21433	19	0	0	204222	176673	6163	0
2208	-107	-8	8	26	15381	8409	470042	10	545	469052	7	22494	2	1	0	7456	13	0	3	1726	9	11301	15381	354	0	0	0	0	353	0	18	6963	203866	21433	19	0	0	204172	176673	6163	0
2207	-107	-8	8	27	15301	8409	469979	10	545	468926	7	22491	2	1	0	7454	13	0	3	1726	9	11301	15301	354	0	0	0	0	353	0	18	6963	203866	21433	19	0	0	204122	176673	6163	0
2206	-107	-7	6	27	15221	8407	469790	10	544	468800	7	22482	2	1	0	7452	8	0	3	1723	9	11294	15221	354	0	0	0	0	353	0	18	6963	203866	21433	19	0	0	204072	176673	6163	0
2205	-107	-7	7	27	15141	8407	469664	10	544	468674	7	22476	2	1	0	7450	11	0	3	1723	9	11294	15141	354	0	0	0	0	353	0	18	6963	203866	21433	19	0	0	204022	176673	6163	0
2204	-107	-7	9	27	15061	8407	469538	10	544	468548	7	22470	2	1	0	7448	16	0	3	1723	9	11294	15061	354	1	1488	0	60	353	0	18	6963	203866	21433	19	0	0	203972	176673	6163	0
2203	-107	-7	8	33	14901	8407	469349	10	544	468359	7	22461	2	1	0	7445	13	0	3	1723	9	11294	14901	354	0	0	0	0	353	0	18	6963	203866	21433	19	0	0	203872	176673	6163	0
2202	-107	-7	9	27	14821	8405	469138	10	543	468148	7	22449	2	1	0	7441	16	0	3	1720	9	11287	14821	353	0	0	0	0	352	0	18	6963	202378	21373	19	0	0	203822	176673	6163	0
2201	-107	-7	9	27	14741	8405	469012	10	543	468022	7	22443	2	1	0	7439	16	0	3	1720	9	11287	14741	353	0	0	0	0	352	0	18	6963	202378	21373	19	0	0	203772	176673	6163	0
2200	-107	-7	9	27	14661	8405	468886	10	543	467896	7	22437	2	1	0	7437	16	0	3	1720	9	11287	14661	353	0	0	0	0	352	0	18	6963	202378	21373	19	0	0	203722	176673	6163	0
2199	-107	-7	9	26	14581	8405	468823	10	543	467770	7	22434	2	1	0	7435	16	0	3	1720	9	11287	14581	353	0	0	0	0	352	0	18	6963	202378	21373	19	0	0	203672	176673	6163	0
2198	-107	-7	9	26	14501	8405	468697	10	543	467707	7	22428	2	1	0	7434	16	0	3	1720	9	11287	14501	353	0	0	0	0	352	0	18	6963	202378	21373	19	0	0	203622	176673	6163	0
2197	-107	-7	9	26	14421	8403	468571	10	542	467518	7	22422	2	1	0	7431	16	0	3	1717	9	11280	14421	353	0	0	0	0	352	0	18	6963	202378	21373	19	0	0	203572	176673	6163	0
2196	-107	-7	9	26	14341	8403	468445	10	542	467455	7	22416	2	1	0	7430	16	0	3	1717	9	11280	14341	353	0	0	0	0	352	0	18	6963	202378	21373	19	0	0	203522	176673	6163	0
2195	-107	-7	10	26	14261	8403	468319	10	542	467329	7	22410	2	1	0	7428	18	0	3	1717	9	11280	14261	353	0	0	0	0	352	0	18	6963	202378	21373	19	0	0	203472	176673	6163	0
2194	-107	-7	8	26	14181	8403	468193	10	542	467203	7	22404	2	1	0	7426	13	0	3	1717	9	11280	14181	353	0	0	0	0	352	0	18	6963	202378	21373	19	0	0	203422	176673	6163	0
2193	-107	-8	10	26	14021	8401	467941	10	541	466951	7	22392	2	1	0	7422	18	0	3	1714	9	11273	14021	353	0	0	0	0	352	0	18	6963	202378	21373	19	0	0	203322	176673	6163	0
2192	-107	-8	9	26	13941	8401	467878	10	541	466825	7	22389	2	1	0	7420	16	0	3	1714	9	11273	13941	353	0	0	0	0	352	0	18	6963	202378	21373	19	0	0	203272	176673	6163	0
2191	-107	-8	9	26	13861	8401	467752	10	541	466699	7	22383	2	1	0	7418	16	0	3	1714	9	11273	13861	353	0	0	0	0	352	0	18	6963	202378	21373	19	0	0	203222	176673	6163	0
2190	-107	-8	9	26	13781	8401	467626	10	541	466636	7	22377	2	1	0	7417	16	0	3	1714	9	11273	13781	353	0	0	0	0	352	0	18	6963	202378	21373	19	0	0	203172	176673	6163	0
2189	-107	-7	7	26	13700	8399	467500	10	540	466447	7	22371	2	1	0	7414	11	0	3	1711	9	11266	13700	353	0	0	0	0	352	0	18	6963	202378	21373	19	0	0	203121	176673	6163	0
2188	-107	-7	8	26	13621	8399	467374	10	540	466384	7	22365	2	1	0	7413	13	0	3	1711	9	11266	13621	353	0	0	0	0	352	0	18	6963	202378	21373	19	0	0	203072	176673	6163	0
2187	-107	-7	8	26	13541	8399	467248	10	540	466258	7	22359	2	1	0	7411	13	0	3	1711	9	11266	13541	353	0	0	0	0	352	0	18	6963	202378	21373	19	0	0	203022	176673	6163	0
2186	-107	-7	8	26	13461	8399	467122	10	540	466132	7	22353	2	1	0	7409	13	0	3	1711	9	11266	13461	353	0	0	0	0	352	0	18	6963	202378	21373	19	0	0	202972	176673	6163	0
2185	-107	-7	8	26	13381	8399	467059	10	540	466006	7	22350	2	1	0	7407	13	0	3	1711	9	11266	13381	353	0	0	0	0	352	0	18	6963	202378	21373	19	0	0	202922	176673	6163	0
2184	-107	-7	8	26	13301	8397	466870	10	539	465880	7	22341	2	1	0	7405	13	0	3	1708	9	11259	13301	353	0	0	0	0	352	0	18	6963	202378	21373	19	0	0	202872	176673	6163	0
2183	-107	-7	8	26	13141	8397	466681	10	539	465691	7	22332	2	1	0	7402	13	0	3	1708	9	11259	13141	353	0	0	0	0	352	0	18	6963	202378	21373	19	0	0	202772	176673	6163	0
2182	-107	-7	8	26	13061	8397	466555	10	539	465565	7	22326	2	1	0	7400	13	0	3	1708	9	11259	13061	353	0	0	0	0	352	0	18	6963	202378	21373	19	0	0	202722	176673	6163	0
2181	-107	-7	9	26	12981	8397	466429	10	539	465439	7	22320	2	1	0	7398	16	0	3	1708	9	11259	12981	353	0	0	0	0	352	0	18	6963	202378	21373	19	0	0	202672	176673	6163	0
2180	-107	-7	9	26	12901	8395	466303	10	538	465313	7	22314	2	1	0	7396	16	0	3	1705	9	11252	12901	353	0	0	0	0	352	0	18	6963	202378	21373	19	0	0	202622	176673	6163	0
2179	-107	-7	9	26	12821	8395	466240	10	538	465187	7	22311	2	1	0	7394	16	0	3	1705	9	11252	12821	353	0	0	0	0	352	0	18	6963	202378	21373	19	0	0	202572	176673	6163	0
2178	-107	-7	8	26	12741	8395	466114	10	538	465124	7	22305	2	1	0	7393	13	0	3	1705	9	11252	12741	353	0	0	0	0	352	0	18	6963	202378	21373	19	0	0	202522	176673	6163	0
2177	-107	-7	8	27	12661	8395	465988	10	538	464998	7	22299	2	1	0	7391	13	0	3	1705	9	11252	12661	353	1	510	0	60	352	0	18	6963	202378	21373	19	0	0	202472	176673	6163	0
2176	-107	-7	8	26	12581	8395	465862	10	538	464872	7	22293	2	1	0	7389	13	0	3	1705	9	11252	12581	353	1	510	0	60	352	0	18	6963	202378	21373	19	0	0	202422	176673	6163	0
2175	-107	-8	9	26	12501	8393	465799	10	537	464683	7	22290	2	1	0	7386	16	0	3	1702	9	11245	12501	352	0	0	0	0	351	0	18	6963	201868	21313	19	0	0	202372	176673	6163	0
2174	-107	-8	9	26	12421	8393	465610	10	537	464620	7	22281	2	1	0	7385	16	0	3	1702	9	11245	12421	352	0	0	0	0	351	0	18	6963	201868	21313	19	0	0	202322	176673	6163	0
2173	-107	-8	8	26	12260	8393	465358	10	537	464368	7	22269	2	1	0	7381	13	0	3	1702	9	11245	12260	352	0	0	0	0	351	0	18	6963	201868	21313	19	0	0	202221	176673	6163	0
2172	-107	-8	8	26	12181	8391	465295	10	536	464242	7	22266	2	1	0	7379	13	0	3	1699	9	11238	12181	352	0	0	0	0	351	0	18	6963	201868	21313	19	0	0	202172	176673	6163	0
2171	-107	-8	8	26	12101	8391	465106	10	536	464116	7	22257	2	1	0	7377	13	0	3	1699	9	11238	12101	352	0	0	0	0	351	0	18	6963	201868	21313	19	0	0	202122	176673	6163	0
2170	-107	-8	8	26	12021	8391	465043	10	536	463990	7	22254	2	1	0	7375	13	0	3	1699	9	11238	12021	352	0	0	0	0	351	0	18	6963	201868	21313	19	0	0	202072	176673	6163	0
2169	-107	-8	8	25	11941	8391	464917	10	536	463864	7	22248	2	1	0	7373	13	0	3	1699	9	11238	11941	352	0	0	0	0	351	0	18	6963	201868	21313	19	0	0	202022	176673	6163	0
2168	-107	-8	8	26	11861	8391	464791	10	536	463801	7	22242	2	1	0	7372	13	0	3	1699	9	11238	11861	352	1	1000	0	60	351	0	18	6963	201868	21313	19	0	0	201972	176673	6163	0
2167	-107	-8	7	26	11781	8389	464665	10	535	463612	7	22236	2	1	0	7369	11	0	3	1696	9	11231	11781	352	1	1000	0	60	351	0	18	6963	201868	21313	19	0	0	201922	176673	6163	0
2166	-107	-8	7	26	11701	8389	464539	10	535	463549	7	22230	2	1	0	7368	11	0	3	1696	9	11231	11701	352	0	0	0	0	351	0	18	6963	201868	21313	19	0	0	201872	176673	6163	0
2165	-107	-8	7	26	11621	8389	464350	10	535	463360	7	22221	2	1	0	7365	11	0	3	1696	9	11231	11621	351	0	0	0	0	350	0	18	6963	200868	21253	19	0	0	201822	176673	6163	0
2164	-107	-8	7	26	11541	8389	464224	10	535	463234	7	22215	2	1	0	7363	11	0	3	1696	9	11231	11541	351	0	0	0	0	350	0	18	6963	200868	21253	19	0	0	201772	176673	6163	0
2163	-107	-8	8	26	11381	8387	463972	10	534	462982	7	22203	2	1	0	7359	13	0	3	1693	9	11224	11381	351	0	0	0	0	350	0	18	6963	200868	21253	19	0	0	201672	176673	6163	0
2162	-107	-8	8	26	11301	8387	463909	10	534	462856	7	22200	2	1	0	7357	13	0	3	1693	9	11224	11301	351	0	0	0	0	350	0	18	6963	200868	21253	19	0	0	201622	176673	6163	0
2161	-107	-8	9	26	11221	8387	463783	10	534	462793	7	22194	2	1	0	7356	16	0	3	1693	9	11224	11221	351	0	0	0	0	350	0	18	6963	200868	21253	19	0	0	201572	176673	6163	0
2160	-107	-8	8	26	11141	8387	463657	10	534	462667	7	22188	2	1	0	7354	13	0	3	1693	9	11224	11141	351	0	0	0	0	350	0	18	6963	200868	21253	19	0	0	201522	176673	6163	0
2159	-107	-8	8	26	11061	8387	463531	10	534	462541	7	22182	2	1	0	7352	13	0	3	1693	9	11224	11061	351	0	0	0	0	350	0	18	6963	200868	21253	19	0	0	201472	176673	6163	0
2158	-107	-8	9	26	10981	8385	463405	10	533	462415	7	22176	2	1	0	7350	16	0	3	1690	9	11217	10981	351	0	0	0	0	350	0	18	6963	200868	21253	19	0	0	201422	176673	6163	0
2157	-107	-8	9	26	10901	8385	463279	10	533	462289	7	22170	2	1	0	7348	16	0	3	1690	9	11217	10901	351	0	0	0	0	350	0	18	6963	200868	21253	19	0	0	201372	176673	6163	0
2156	-107	-8	8	26	10821	8385	463153	10	533	462163	7	22164	2	1	0	7346	13	0	3	1690	9	11217	10821	351	0	0	0	0	350	0	18	6963	200868	21253	19	0	0	201322	176673	6163	0
2155	-107	-8	8	26	10741	8385	463090	10	533	462037	7	22161	2	1	0	7344	13	0	3	1690	9	11217	10741	351	0	0	0	0	350	0	18	6963	200868	21253	19	0	0	201272	176673	6163	0
2154	-107	-8	8	26	10661	8385	462964	10	533	461974	7	22155	2	1	0	7343	13	0	3	1690	9	11217	10661	351	0	0	0	0	350	0	18	6963	200868	21253	19	0	0	201222	176673	6163	0
2153	-107	-7	8	26	10501	8383	462712	10	532	461722	7	22143	2	1	0	7339	13	0	3	1687	9	11210	10501	351	0	0	0	0	350	0	18	6963	200868	21253	19	0	0	201122	176673	6163	0
2152	-107	-7	7	26	10421	8383	462586	10	532	461596	7	22137	2	1	0	7337	11	0	3	1687	9	11210	10421	351	0	0	0	0	350	0	18	6963	200868	21253	19	0	0	201072	176673	6163	0
2151	-107	-7	8	26	10341	8383	462460	10	532	461470	7	22131	2	1	0	7335	13	0	3	1687	9	11210	10341	351	0	0	0	0	350	0	18	6963	200868	21253	19	0	0	201022	176673	6163	0
2150	-107	-7	8	26	10261	8381	462397	10	531	461344	7	22128	2	1	0	7333	13	0	3	1684	9	11203	10261	351	1	692	0	60	350	0	18	6963	200868	21253	19	0	0	200972	176673	6163	0
2149	-107	-7	9	26	10181	8381	462271	10	531	461218	7	22122	2	1	0	7331	16	0	3	1684	9	11203	10181	351	1	692	0	60	350	0	18	6963	200868	21253	19	0	0	200922	176673	6163	0
2148	-107	-7	8	26	10101	8381	462145	10	531	461155	7	22116	2	1	0	7330	13	0	3	1684	9	11203	10101	351	0	0	0	0	350	0	18	6963	200868	21253	19	0	0	200872	176673	6163	0
2147	-107	-7	8	26	10021	8381	462019	10	531	460966	7	22110	2	1	0	7327	13	0	3	1684	9	11203	10021	350	0	0	0	0	349	0	18	6963	200176	21193	19	0	0	200822	176673	6163	0
2146	-107	-7	8	26	9941	8381	461893	10	531	460903	7	22104	2	1	0	7326	13	0	3	1684	9	11203	9941	350	0	0	0	0	349	0	18	6963	200176	21193	19	0	0	200772	176673	6163	0
2145	-107	-8	9	26	9861	8379	461767	10	530	460714	7	22098	2	1	0	7323	16	0	3	1681	9	11196	9861	350	0	0	0	0	349	0	18	6963	200176	21193	19	0	0	200722	176673	6163	0
2144	-107	-8	10	26	9781	8379	461641	10	530	460651	7	22092	2	1	0	7322	18	0	3	1681	9	11196	9781	350	0	0	0	0	349	0	18	6963	200176	21193	19	0	0	200672	176673	6163	0
2143	-107	-8	10	26	9621	8379	461389	10	530	460399	7	22080	2	1	0	7318	18	0	3	1681	9	11196	9621	350	0	0	0	0	349	0	18	6963	200176	21193	19	0	0	200572	176673	6163	0
2142	-107	-8	8	26	9541	8379	461326	10	530	460273	7	22077	2	1	0	7316	13	0	3	1681	9	11196	9541	350	0	0	0	0	349	0	18	6963	200176	21193	19	0	0	200522	176673	6163	0
2141	-107	-8	9	26	9461	8377	461137	10	529	460147	7	22068	2	1	0	7314	16	0	3	1678	9	11189	9461	350	0	0	0	0	349	0	18	6963	200176	21193	19	0	0	200472	176673	6163	0
2140	-107	-8	10	26	9381	8377	461074	10	529	460021	7	22065	2	1	0	7312	18	0	3	1678	9	11189	9381	350	0	0	0	0	349	0	18	6963	200176	21193	19	0	0	200422	176673	6163	0
2139	-107	-8	10	26	9301	8377	460948	10	529	459958	7	22059	2	1	0	7311	18	0	3	1678	9	11189	9301	350	0	0	0	0	349	0	18	6963	200176	21193	19	0	0	200372	176673	6163	0
2138	-107	-8	9	26	9221	8377	460822	10	529	459832	7	22053	2	1	0	7309	16	0	3	1678	9	11189	9221	350	0	0	0	0	349	0	18	6963	200176	21193	19	0	0	200322	176673	6163	0
2137	-107	-8	9	26	9141	8377	460696	10	529	459706	7	22047	2	1	0	7307	16	0	3	1678	9	11189	9141	350	2	400	0	120	349	0	18	6963	200176	21193	19	0	0	200272	176673	6163	0
2136	-107	-8	8	26	9061	8375	460570	10	528	459580	7	22041	2	1	0	7305	13	0	3	1675	9	11182	9061	350	2	400	0	120	349	0	18	6963	200176	21193	19	0	0	200222	176673	6163	0
2135	-107	-8	8	26	8981	8375	460507	11	528	459432	7	22038	2	1	0	7303	13	0	3	1675	9	11182	8981	348	0	0	0	0	347	0	18	6963	199376	21073	19	0	0	200172	176673	6163	0
2134	-107	-8	8	26	8901	8375	460233	10	528	459243	7	22025	2	1	0	7300	13	0	3	1675	9	11182	8901	348	0	0	0	0	347	0	18	6963	199376	21073	19	0	0	200122	176673	6163	0
2133	-107	-8	8	26	8741	8375	460044	10	528	459054	7	22016	2	1	0	7297	13	0	3	1675	9	11182	8741	348	0	0	0	0	347	0	18	6963	199376	21073	19	0	0	200022	176673	6163	0
2132	-107	-8	8	26	8661	8373	459918	10	527	458865	7	22010	2	1	0	7294	13	0	3	1672	9	11175	8661	348	0	0	0	0	347	0	18	6963	199376	21073	19	0	0	199972	176673	6163	0
2131	-107	-8	8	26	8581	8373	459792	10	527	458802	7	22004	2	1	0	7293	13	0	3	1672	9	11175	8581	348	0	0	0	0	347	0	18	6963	199376	21073	19	0	0	199922	176673	6163	0
2130	-107	-8	8	26	8501	8373	459666	10	527	458676	7	21998	2	1	0	7291	13	0	3	1672	9	11175	8501	348	0	0	0	0	347	0	18	6963	199376	21073	19	0	0	199872	176673	6163	0
2129	-107	-8	8	26	8421	8373	459540	10	527	458550	7	21992	2	1	0	7289	13	0	3	1672	9	11175	8421	348	0	0	0	0	347	0	18	6963	199376	21073	19	0	0	199822	176673	6163	0
2128	-107	-8	8	26	8341	8371	459477	10	526	458424	7	21989	2	1	0	7287	13	0	3	1669	9	11168	8341	348	0	0	0	0	347	0	18	6963	199376	21073	19	0	0	199772	176673	6163	0
2127	-107	-8	9	26	8261	8371	459288	10	526	458298	7	21980	2	1	0	7285	16	0	3	1669	9	11168	8261	348	0	0	0	0	347	0	18	6963	199376	21073	19	0	0	199722	176673	6163	0
2126	-107	-8	8	26	8181	8371	459225	10	526	458172	7	21977	2	1	0	7283	13	0	3	1669	9	11168	8181	348	0	0	0	0	347	0	18	6963	199376	21073	19	0	0	199672	176673	6163	0
2125	-107	-8	8	26	8101	8371	459099	10	526	458046	7	21971	2	1	0	7281	13	0	3	1669	9	11168	8101	348	0	0	0	0	347	0	18	6963	199376	21073	19	0	0	199622	176673	6163	0
2124	-107	-8	8	26	8021	8371	458973	10	526	457983	7	21965	2	1	0	7280	13	0	3	1669	9	11168	8021	348	0	0	0	0	347	0	18	6963	199376	21073	19	0	0	199572	176673	6163	0
2123	-107	-8	9	26	7861	8369	458721	10	525	457731	7	21953	2	1	0	7276	16	0	3	1666	9	11161	7861	348	2	505	0	120	347	0	18	6963	199376	21073	19	0	0	199472	176673	6163	0
2122	-107	-8	8	26	7781	8369	458595	10	525	457605	7	21947	2	1	0	7274	13	0	3	1666	9	11161	7781	348	2	505	0	120	347	0	18	6963	199376	21073	19	0	0	199422	176673	6163	0
2121	-107	-8	8	26	7701	8369	458532	11	525	457457	7	21944	2	1	0	7272	13	0	3	1666	9	11161	7701	346	0	0	0	0	345	0	18	6963	198366	20953	19	0	0	199372	176673	6163	0
2120	-107	-8	10	26	7621	8369	458321	10	525	457268	7	21934	2	1	0	7269	18	0	3	1666	9	11161	7621	346	0	0	0	0	345	0	18	6963	198366	20953	19	0	0	199322	176673	6163	0
2119	-107	-8	10	26	7541	8367	458132	10	524	457142	7	21925	2	1	0	7267	18	0	3	1663	9	11154	7541	346	0	0	0	0	345	0	18	6963	198366	20953	19	0	0	199272	176673	6163	0
2118	-107	-8	8	26	7461	8367	458069	10	524	457016	7	21922	2	1	0	7265	13	0	3	1663	9	11154	7461	346	0	0	0	0	345	0	18	6963	198366	20953	19	0	0	199222	176673	6163	0
2117	-107	-8	8	26	7381	8367	457943	10	524	456953	7	21916	2	1	0	7264	13	0	3	1663	9	11154	7381	346	0	0	0	0	345	0	18	6963	198366	20953	19	0	0	199172	176673	6163	0
2116	-107	-8	7	26	7301	8367	457817	10	524	456827	7	21910	2	1	0	7262	11	0	3	1663	9	11154	7301	346	0	0	0	0	345	0	18	6963	198366	20953	19	0	0	199122	176673	6163	0
2115	-107	-8	8	26	7221	8367	457691	10	524	456701	7	21904	2	1	0	7260	13	0	3	1663	9	11154	7221	346	0	0	0	0	345	0	18	6963	198366	20953	19	0	0	199072	176673	6163	0
2114	-107	-8	7	26	7141	8365	457565	10	523	456575	7	21898	2	1	0	7258	11	0	3	1660	9	11147	7141	346	0	0	0	0	345	0	18	6963	198366	20953	19	0	0	199022	176673	6163	0
2113	-107	-8	8	26	6981	8365	457313	10	523	456323	7	21886	2	1	0	7254	13	0	3	1660	9	11147	6981	346	0	0	0	0	345	0	18	6963	198366	20953	19	0	0	198922	176673	6163	0
2112	-107	-8	8	26	6901	8365	457250	10	523	456197	7	21883	2	1	0	7252	13	0	3	1660	9	11147	6901	346	0	0	0	0	345	0	18	6963	198366	20953	19	0	0	198872	176673	6163	0
2111	-107	-8	8	26	6821	8365	457124	10	523	456134	7	21877	2	1	0	7251	13	0	3	1660	9	11147	6821	346	0	0	0	0	345	0	18	6963	198366	20953	19	0	0	198822	176673	6163	0
2110	-107	-8	8	26	6741	8363	456998	10	522	455945	7	21871	2	1	0	7248	13	0	3	1657	9	11140	6741	346	0	0	0	0	345	0	18	6963	198366	20953	19	0	0	198772	176673	6163	0
2109	-107	-8	8	26	6661	8363	456872	10	522	455882	7	21865	2	1	0	7247	13	0	3	1657	9	11140	6661	346	0	0	0	0	345	0	18	6963	198366	20953	19	0	0	198722	176673	6163	0
2108	-107	-8	8	26	6581	8363	456746	10	522	455756	7	21859	2	1	0	7245	13	0	3	1657	9	11140	6581	346	0	0	0	0	345	0	18	6963	198366	20953	19	0	0	198672	176673	6163	0
2107	-107	-8	8	26	6501	8363	456620	10	522	455630	7	21853	2	1	0	7243	13	0	3	1657	9	11140	6501	346	0	0	0	0	345	0	18	6963	198366	20953	19	0	0	198622	176673	6163	0
2106	-107	-8	8	26	6421	8361	456557	10	521	455504	7	21850	2	1	0	7241	13	0	3	1654	9	11133	6421	346	0	0	0	0	345	0	18	6963	198366	20953	19	0	0	198572	176673	6163	0
2105	-107	-8	8	26	6341	8361	456368	10	521	455378	7	21841	2	1	0	7239	13	0	3	1654	9	11133	6341	346	0	0	0	0	345	0	18	6963	198366	20953	19	0	0	198522	176673	6163	0
2104	-107	-8	9	26	6261	8361	456305	10	521	455252	7	21838	2	1	0	7237	16	0	3	1654	9	11133	6261	346	1	1998	0	60	345	0	18	6963	198366	20953	19	0	0	198472	176673	6163	0
2103	-107	-8	8	27	6101	8361	456053	3	521	455063	7	21826	2	1	0	7234	13	0	3	1654	9	11133	6101	346	0	0	0	0	345	0	18	6963	198366	20953	19	0	0	198372	176673	6163	0
2102	-107	-7	8	27	6021	8359	455905	10	520	454852	7	21817	2	1	0	7230	13	0	3	1651	9	11126	6021	345	0	0	0	0	344	0	18	6963	196368	20893	19	0	0	198322	176673	6163	0
2101	-107	-7	8	27	5941	8359	455779	10	520	454789	7	21811	2	1	0	7229	13	0	3	1651	9	11126	5941	345	0	0	0	0	344	0	18	6963	196368	20893	19	0	0	198272	176673	6163	0
2100	-107	-7	9	27	5861	8359	455653	10	520	454663	7	21805	2	1	0	7227	16	0	3	1651	9	11126	5861	345	0	0	0	0	344	0	18	6963	196368	20893	19	0	0	198222	176673	6163	0
2099	-107	-7	9	27	5781	8359	455527	10	520	454537	7	21799	2	1	0	7225	16	0	3	1651	9	11126	5781	345	0	0	0	0	344	0	18	6963	196368	20893	19	0	0	198172	176673	6163	0
2098	-107	-7	9	27	5701	8359	455464	10	520	454411	7	21796	2	1	0	7223	16	0	3	1651	9	11126	5701	345	0	0	0	0	344	0	18	6963	196368	20893	19	0	0	198122	176673	6163	0
2097	-107	-7	8	27	5621	8357	455275	10	519	454285	7	21787	2	1	0	7221	13	0	3	1648	9	11119	5621	345	0	0	0	0	344	0	18	6963	196368	20893	19	0	0	198072	176673	6163	0
2096	-107	-7	8	27	5541	8357	455212	10	519	454159	7	21784	2	1	0	7219	13	0	3	1648	9	11119	5541	345	0	0	0	0	344	0	18	6963	196368	20893	19	0	0	198022	176673	6163	0
2095	-107	-7	9	27	5461	8357	455086	10	519	454096	7	21778	2	1	0	7218	16	0	3	1648	9	11119	5461	345	0	0	0	0	344	0	18	6963	196368	20893	19	0	0	197972	176673	6163	0
2094	-107	-7	8	27	5381	8357	454960	10	519	453970	7	21772	2	1	0	7216	13	0	3	1648	9	11119	5381	345	0	0	0	0	344	0	18	6963	196368	20893	19	0	0	197922	176673	6163	0
2093	-107	-7	9	27	5221	8355	454708	10	518	453718	7	21760	2	1	0	7212	16	0	3	1645	9	11112	5221	345	0	0	0	0	344	0	18	6963	196368	20893	19	0	0	197822	176673	6163	0
2092	-107	-7	9	27	5141	8355	454582	10	518	453592	7	21754	2	1	0	7210	16	0	3	1645	9	11112	5141	345	0	0	0	0	344	0	18	6963	196368	20893	19	0	0	197772	176673	6163	0
2091	-107	-7	9	27	5061	8355	454456	10	518	453466	7	21748	2	1	0	7208	16	0	3	1645	9	11112	5061	345	0	0	0	0	344	0	18	6963	196368	20893	19	0	0	197722	176673	6163	0
2090	-107	-7	9	27	4981	8355	454393	10	518	453340	7	21745	2	1	0	7206	16	0	3	1645	9	11112	4981	345	0	0	0	0	344	0	18	6963	196368	20893	19	0	0	197672	176673	6163	0
2089	-107	-7	9	27	4901	8355	454267	10	518	453277	7	21739	2	1	0	7205	16	0	3	1645	9	11112	4901	345	0	0	0	0	344	0	18	6963	196368	20893	19	0	0	197622	176673	6163	0
2088	-107	-8	9	27	4821	8353	454141	10	517	453088	7	21733	2	1	0	7202	16	0	3	1642	9	11105	4821	345	0	0	0	0	344	0	18	6963	196368	20893	19	0	0	197572	176673	6163	0
2087	-107	-8	9	27	4741	8353	454015	10	517	453025	7	21727	2	1	0	7201	16	0	3	1642	9	11105	4741	345	0	0	0	0	344	0	18	6963	196368	20893	19	0	0	197522	176673	6163	0
2086	-107	-8	9	27	4661	8353	453889	10	517	452899	7	21721	2	1	0	7199	16	0	3	1642	9	11105	4661	345	0	0	0	0	344	0	18	6963	196368	20893	19	0	0	197472	176673	6163	0
2085	-107	-8	9	27	4581	8353	453763	10	517	452773	7	21715	2	1	0	7197	16	0	3	1642	9	11105	4581	345	0	0	0	0	344	0	18	6963	196368	20893	19	0	0	197422	176673	6163	0
2084	-107	-8	9	27	4501	8351	453700	10	516	452647	7	21712	2	1	0	7195	16	0	3	1639	9	11098	4501	345	0	0	0	0	344	0	18	6963	196368	20893	19	0	0	197372	176673	6163	0
2083	-107	-8	10	26	4341	8351	453448	10	516	452395	7	21700	2	1	0	7191	18	0	3	1639	9	11098	4341	345	0	0	0	0	344	0	18	6963	196368	20893	19	0	0	197272	176673	6163	0
2082	-107	-8	9	26	4261	8351	453322	10	516	452269	7	21694	2	1	0	7189	16	0	3	1639	9	11098	4261	345	0	0	0	0	344	0	18	6963	196368	20893	19	0	0	197222	176673	6163	0
2081	-107	-8	9	26	4181	8351	453196	10	516	452206	7	21688	2	1	0	7188	16	0	3	1639	9	11098	4181	345	0	0	0	0	344	0	18	6963	196368	20893	19	0	0	197172	176673	6163	0
2080	-107	-8	9	26	4101	8349	453070	10	515	452017	7	21682	2	1	0	7185	16	0	3	1636	9	11091	4101	345	0	0	0	0	344	0	18	6963	196368	20893	19	0	0	197122	176673	6163	0
2079	-107	-8	8	26	4021	8349	452944	10	515	451954	7	21676	2	1	0	7184	13	0	3	1636	9	11091	4021	345	0	0	0	0	344	0	18	6963	196368	20893	19	0	0	197072	176673	6163	0
2078	-107	-8	7	26	3941	8349	452818	10	515	451828	7	21670	2	1	0	7182	11	0	3	1636	9	11091	3941	345	0	0	0	0	344	0	18	6963	196368	20893	19	0	0	197022	176673	6163	0
2077	-107	-8	7	26	3861	8349	452692	10	515	451702	7	21664	2	1	0	7180	11	0	3	1636	9	11091	3861	345	0	0	0	0	344	0	18	6963	196368	20893	19	0	0	196972	176673	6163	0
2076	-107	-8	8	26	3781	8349	452629	10	515	451576	7	21661	2	1	0	7178	13	0	3	1636	9	11091	3781	345	0	0	0	0	344	0	18	6963	196368	20893	19	0	0	196922	176673	6163	0
2075	-107	-8	8	26	3700	8347	452440	10	514	451450	7	21652	2	1	0	7176	13	0	3	1633	9	11084	3700	345	0	0	0	0	344	0	18	6963	196368	20893	19	0	0	196871	176673	6163	0
2074	-107	-8	7	26	3621	8347	452377	10	514	451324	7	21649	2	1	0	7174	11	0	3	1633	9	11084	3621	345	0	0	0	0	344	0	18	6963	196368	20893	19	0	0	196822	176673	6163	0
2073	-107	-8	7	26	3461	8347	452125	10	514	451135	7	21637	2	1	0	7171	11	0	3	1633	9	11084	3461	345	0	0	0	0	344	0	18	6963	196368	20893	19	0	0	196722	176673	6163	0
2072	-107	-8	8	26	3381	8347	451999	10	514	451009	7	21631	2	1	0	7169	13	0	3	1633	9	11084	3381	345	0	0	0	0	344	0	18	6963	196368	20893	19	0	0	196672	176673	6163	0
2071	-107	-8	8	26	3301	8345	451873	10	513	450883	7	21625	2	1	0	7167	13	0	3	1630	9	11077	3301	345	0	0	0	0	344	0	18	6963	196368	20893	19	0	0	196622	176673	6163	0
2070	-107	-8	8	26	3221	8345	451747	10	513	450757	7	21619	2	1	0	7165	13	0	3	1630	9	11077	3221	345	0	0	0	0	344	0	18	6963	196368	20893	19	0	0	196572	176673	6163	0
2069	-107	-8	6	26	3141	8345	451621	10	513	450631	7	21613	2	1	0	7163	8	0	3	1630	9	11077	3141	345	0	0	0	0	344	0	18	6963	196368	20893	19	0	0	196522	176673	6163	0
2068	-107	-8	6	26	3061	8345	451558	10	513	450505	7	21610	2	1	0	7161	8	0	3	1630	9	11077	3061	345	1	202	0	60	344	0	18	6963	196368	20893	19	0	0	196472	176673	6163	0
2067	-107	-8	6	26	2981	8345	451432	10	513	450442	7	21604	2	1	0	7160	8	0	3	1630	9	11077	2981	345	1	202	0	60	344	0	18	6963	196368	20893	19	0	0	196422	176673	6163	0
2066	-107	-9	8	26	2901	8343	451306	10	512	450316	7	21598	2	1	0	7158	13	0	3	1627	9	11070	2901	345	0	0	0	0	344	0	18	6963	196368	20893	19	0	0	196372	176673	6163	0
2065	-107	-9	8	26	2821	8343	451117	10	512	450127	7	21589	2	1	0	7155	13	0	3	1627	9	11070	2821	344	0	0	0	0	343	0	18	6963	196166	20833	19	0	0	196322	176673	6163	0
2064	-107	-9	8	26	2741	8343	451054	10	512	450001	7	21586	2	1	0	7153	13	0	3	1627	9	11070	2741	344	2	390	0	120	343	0	18	6963	196166	20833	19	0	0	196272	176673	6163	0
2063	-107	-9	7	26	2581	8343	450802	12	512	449812	7	21574	2	1	0	7150	11	0	3	1627	9	11070	2581	344	0	0	0	0	343	0	18	6963	196166	20833	19	0	0	196172	176673	6163	0
2062	-107	-8	7	26	2501	8341	450579	10	511	449589	7	21564	2	1	0	7147	11	0	3	1624	9	11063	2501	342	0	0	0	0	341	0	18	6963	195386	20713	19	0	0	196122	176673	6163	0
2061	-107	-8	7	26	2421	8341	450516	10	511	449463	7	21561	2	1	0	7145	11	0	3	1624	9	11063	2421	342	0	0	0	0	341	0	18	6963	195386	20713	19	0	0	196072	176673	6163	0
2060	-107	-8	6	26	2341	8341	450390	10	511	449337	7	21555	2	1	0	7143	8	0	3	1624	9	11063	2341	342	0	0	0	0	341	0	18	6963	195386	20713	19	0	0	196022	176673	6163	0
2059	-107	-8	6	26	2261	8341	450264	10	511	449274	7	21549	2	1	0	7142	8	0	3	1624	9	11063	2261	342	0	0	0	0	341	0	18	6963	195386	20713	19	0	0	195972	176673	6163	0
2058	-107	-9	7	26	2181	8339	450138	10	510	449085	7	21543	2	1	0	7139	11	0	3	1621	9	11056	2181	342	0	0	0	0	341	0	18	6963	195386	20713	19	0	0	195922	176673	6163	0
2057	-107	-9	8	26	2101	8339	450012	10	510	449022	7	21537	2	1	0	7138	13	0	3	1621	9	11056	2101	342	0	0	0	0	341	0	18	6963	195386	20713	19	0	0	195872	176673	6163	0
2056	-107	-9	7	26	2021	8339	449886	10	510	448896	7	21531	2	1	0	7136	11	0	3	1621	9	11056	2021	342	0	0	0	0	341	0	18	6963	195386	20713	19	0	0	195822	176673	6163	0
2055	-107	-9	8	26	1941	8339	449760	10	510	448770	7	21525	2	1	0	7134	13	0	3	1621	9	11056	1941	342	0	0	0	0	341	0	18	6963	195386	20713	19	0	0	195772	176673	6163	0
2054	-107	-9	7	26	1861	8339	449697	10	510	448644	7	21522	2	1	0	7132	11	0	3	1621	9	11056	1861	342	0	0	0	0	341	0	18	6963	195386	20713	19	0	0	195722	176673	6163	0
2053	-107	-9	8	26	1701	8337	449445	10	509	448392	7	21510	2	1	0	7128	13	0	3	1618	9	11049	1701	342	0	0	0	0	341	0	18	6963	195386	20713	19	0	0	195622	176673	6163	0
2052	-107	-9	8	26	1621	8337	449319	10	509	448329	7	21504	2	1	0	7127	13	0	3	1618	9	11049	1621	342	0	0	0	0	341	0	18	6963	195386	20713	19	0	0	195572	176673	6163	0
2051	-107	-9	7	26	1541	8337	449193	10	509	448203	7	21498	2	1	0	7125	11	0	3	1618	9	11049	1541	342	0	0	0	0	341	0	18	6963	195386	20713	19	0	0	195522	176673	6163	0
2050	-107	-9	6	26	1461	8337	449067	10	509	448077	7	21492	2	1	0	7123	8	0	3	1618	9	11049	1461	342	3	410	0	180	341	0	18	6963	195386	20713	19	0	0	195472	176673	6163	0
2049	-107	-9	7	26	1381	8335	448941	10	508	447951	7	21486	2	1	0	7121	11	0	3	1615	9	11042	1381	342	3	410	0	180	341	0	18	6963	195386	20713	19	0	0	195422	176673	6163	0
2048	-107	-9	7	26	1301	8335	448685	10	508	447632	7	21479	2	1	0	7118	11	0	3	1615	9	11042	1301	339	0	0	0	0	338	0	18	6963	194156	20533	19	0	0	195372	176673	6163	0
2047	-107	-9	7	26	1221	8335	448496	10	508	447506	7	21470	2	1	0	7116	11	0	3	1615	9	11042	1221	339	0	0	0	0	338	0	18	6963	194156	20533	19	0	0	195322	176673	6163	0
2046	-107	-9	8	26	1141	8335	448433	10	508	447380	7	21467	2	1	0	7114	13	0	3	1615	9	11042	1141	339	0	0	0	0	338	0	18	6963	194156	20533	19	0	0	195272	176673	6163	0
2045	-107	-9	6	26	1061	8335	448307	10	508	447317	7	21461	2	1	0	7113	8	0	3	1615	9	11042	1061	339	0	0	0	0	338	0	18	6963	194156	20533	19	0	0	195222	176673	6163	0
2044	-107	-8	7	26	981	8333	448181	10	507	447128	7	21455	2	1	0	7110	11	0	3	1612	9	11035	981	339	0	0	0	0	338	0	18	6963	194156	20533	19	0	0	195172	176673	6163	0
2043	-107	-8	7	26	821	8333	447929	10	507	446939	7	21443	2	1	0	7107	11	0	3	1612	9	11035	821	339	0	0	0	0	338	0	18	6963	194156	20533	19	0	0	195072	176673	6163	0
2042	-107	-8	8	26	741	8333	447803	10	507	446813	7	21437	2	1	0	7105	13	0	3	1612	9	11035	741	339	0	0	0	0	338	0	18	6963	194156	20533	19	0	0	195022	176673	6163	0
2041	-107	-8	7	26	661	8331	447740	10	506	446687	7	21434	2	1	0	7103	11	0	3	1609	9	11028	661	339	0	0	0	0	338	0	18	6963	194156	20533	19	0	0	194972	176673	6163	0
2040	-107	-8	8	26	580	8331	447551	10	506	446561	7	21425	2	1	0	7101	13	0	3	1609	9	11028	580	339	0	0	0	0	338	0	18	6963	194156	20533	19	0	0	194921	176673	6163	0
2039	-107	-8	8	26	501	8331	447488	10	506	446435	7	21422	2	1	0	7099	13	0	3	1609	9	11028	501	339	0	0	0	0	338	0	18	6963	194156	20533	19	0	0	194872	176673	6163	0
2038	-107	-8	8	26	421	8331	447362	10	506	446309	7	21416	2	1	0	7097	13	0	3	1609	9	11028	421	339	0	0	0	0	338	0	18	6963	194156	20533	19	0	0	194822	176673	6163	0
2037	-107	-8	8	26	341	8331	447236	10	506	446246	7	21410	2	1	0	7096	13	0	3	1609	9	11028	341	339	0	0	0	0	338	0	18	6963	194156	20533	19	0	0	194772	176673	6163	0
2036	-107	-8	8	26	261	8329	447110	10	505	446057	7	21404	2	1	0	7093	13	0	3	1606	9	11021	261	339	0	0	0	0	338	0	18	6963	194156	20533	19	0	0	194722	176673	6163	0
2035	-107	-8	8	26	181	8329	446984	10	505	445994	7	21398	2	1	0	7092	13	0	3	1606	9	11021	181	339	0	0	0	0	338	0	18	6963	194156	20533	19	0	0	194672	176673	6163	0
2034	-107	-8	7	26	21	8329	446732	10	505	445742	7	21386	2	1	0	7088	11	0	3	1606	9	11021	21	339	0	0	0	0	338	0	18	6963	194156	20533	19	0	0	194572	176673	6163	0
2033	-107	-8	8	26	16325	8329	446669	10	505	445616	7	21383	2	1	0	7086	13	0	3	1606	9	11021	16325	339	0	0	0	0	338	0	18	6963	194156	20533	19	0	0	194522	176673	6163	0
2032	-107	-8	7	26	16245	8327	446480	10	504	445490	7	21374	2	1	0	7084	11	0	3	1603	9	11014	16245	339	0	0	0	0	338	0	18	6963	194156	20533	19	0	0	194472	176673	6163	0
2031	-107	-8	9	26	16165	8327	446417	10	504	445364	7	21371	2	1	0	7082	16	0	3	1603	9	11014	16165	339	0	0	0	0	338	0	18	6963	194156	20533	19	0	0	194422	176673	6163	0
2030	-107	-8	7	26	16085	8327	446291	10	504	445301	7	21365	2	1	0	7081	11	0	3	1603	9	11014	16085	339	0	0	0	0	338	0	18	6963	194156	20533	19	0	0	194372	176673	6163	0
2029	-107	-8	7	26	16005	8327	446165	10	504	445175	7	21359	2	1	0	7079	11	0	3	1603	9	11014	16005	339	0	0	0	0	338	0	18	6963	194156	20533	19	0	0	194322	176673	6163	0
2028	-107	-8	9	26	15925	8327	446039	10	504	445049	7	21353	2	1	0	7077	16	0	3	1603	9	11014	15925	339	2	39	0	120	338	0	18	6963	194156	20533	19	0	0	194272	176673	6163	0
2027	-107	-7	9	26	15845	8325	445913	10	503	444923	7	21347	2	1	0	7075	16	0	3	1600	9	11007	15845	339	2	39	0	120	338	0	18	6963	194156	20533	19	0	0	194222	176673	6163	0
2026	-107	-7	7	24	15765	8325	445787	11	503	444797	7	21341	2	1	0	7073	11	0	3	1600	9	11007	15765	339	1	420	0	60	338	0	18	6963	194156	20533	19	0	0	194172	176673	6163	0
2025	-107	-7	8	26	15685	8325	445576	10	503	444586	7	21331	2	1	0	7070	13	0	3	1600	9	11007	15685	337	1	420	0	60	336	0	18	6963	194078	20413	19	0	0	194122	176673	6163	0
2024	-107	-7	8	26	15525	8325	445324	10	503	444334	7	21319	2	1	0	7066	13	0	3	1600	9	11007	15525	336	0	0	0	0	335	0	18	6963	193658	20353	19	0	0	194022	176673	6163	0
2023	-107	-8	9	26	15445	8323	445198	10	502	444208	7	21313	2	1	0	7064	16	0	3	1597	9	11000	15445	336	0	0	0	0	335	0	18	6963	193658	20353	19	0	0	193972	176673	6163	0
2022	-107	-8	8	26	15365	8323	445072	10	502	444082	7	21307	2	1	0	7062	13	0	3	1597	9	11000	15365	336	0	0	0	0	335	0	18	6963	193658	20353	19	0	0	193922	176673	6163	0
2021	-107	-8	9	26	15285	8323	444946	10	502	443956	7	21301	2	1	0	7060	16	0	3	1597	9	11000	15285	336	0	0	0	0	335	0	18	6963	193658	20353	19	0	0	193872	176673	6163	0
2020	-107	-8	8	26	15205	8323	444883	10	502	443830	7	21298	2	1	0	7058	13	0	3	1597	9	11000	15205	336	0	0	0	0	335	0	18	6963	193658	20353	19	0	0	193822	176673	6163	0
2019	-107	-8	8	26	15125	8323	444757	10	502	443767	7	21292	2	1	0	7057	13	0	3	1597	9	11000	15125	336	1	292	0	60	335	0	18	6963	193658	20353	19	0	0	193772	176673	6163	0
2018	-107	-8	9	26	15045	8321	444631	10	501	443641	7	21286	2	1	0	7055	16	0	3	1594	9	10993	15045	336	1	292	0	60	335	0	18	6963	193658	20353	19	0	0	193722	176673	6163	0
2017	-107	-8	7	26	14965	8321	444505	3	501	443515	7	21280	2	1	0	7053	11	0	3	1594	9	10993	14965	336	0	0	0	0	335	0	18	6963	193658	20353	19	0	0	193672	176673	6163	0
2016	-107	-8	8	26	14885	8321	444420	10	501	443367	7	21274	2	1	0	7050	13	0	3	1594	9	10993	14885	335	0	0	0	0	334	0	18	6963	193366	20293	19	0	0	193622	176673	6163	0
2015	-107	-8	7	26	14805	8321	444294	10	501	443304	7	21268	2	1	0	7049	11	0	3	1594	9	10993	14805	335	0	0	0	0	334	0	18	6963	193366	20293	19	0	0	193572	176673	6163	0
2014	-107	-8	7	26	14645	8319	444042	10	500	442989	7	21256	2	1	0	7044	11	0	3	1591	9	10986	14645	335	2	108	0	120	334	0	18	6963	193366	20293	19	0	0	193472	176673	6163	0
2013	-107	-8	7	26	14565	8319	443916	10	500	442863	7	21250	2	1	0	7042	11	0	3	1591	9	10986	14565	335	2	108	0	120	334	0	18	6963	193366	20293	19	0	0	193422	176673	6163	0
2012	-107	-8	9	24	14485	8319	443790	11	500	442800	7	21244	2	1	0	7041	16	0	3	1591	9	10986	14485	335	0	0	0	0	334	0	18	6963	193366	20293	19	0	0	193372	176673	6163	0
2011	-107	-8	8	26	14405	8319	443579	10	500	442589	7	21234	2	1	0	7038	13	0	3	1591	9	10986	14405	333	0	0	0	0	332	0	18	6963	193150	20173	19	0	0	193322	176673	6163	0
2010	-107	-8	8	26	14325	8317	443453	10	499	442463	7	21228	2	1	0	7036	13	0	3	1588	9	10979	14325	333	2	392	0	120	332	0	18	6963	193150	20173	19	0	0	193272	176673	6163	0
2009	-107	-8	9	26	14245	8317	443327	10	499	442337	7	21222	2	1	0	7034	16	0	3	1588	9	10979	14245	333	2	392	0	120	332	0	18	6963	193150	20173	19	0	0	193222	176673	6163	0
2008	-107	-8	8	26	14165	8317	443264	10	499	442211	7	21219	2	1	0	7032	13	0	3	1588	9	10979	14165	333	0	0	0	0	332	0	18	6963	193150	20173	19	0	0	193172	176673	6163	0
2007	-107	-8	6	26	14085	8317	443053	10	499	442063	7	21207	2	1	0	7029	8	0	3	1588	9	10979	14085	331	0	0	0	0	330	0	18	6963	192366	20053	19	0	0	193122	176673	6163	0
2006	-107	-8	7	26	14005	8317	442927	10	499	441937	7	21201	2	1	0	7027	11	0	3	1588	9	10979	14005	331	0	0	0	0	330	0	18	6963	192366	20053	19	0	0	193072	176673	6163	0
2005	-107	-8	7	26	13925	8315	442801	10	498	441811	7	21195	2	1	0	7025	11	0	3	1585	9	10972	13925	331	0	0	0	0	330	0	18	6963	192366	20053	19	0	0	193022	176673	6163	0
2004	-107	-8	8	26	13765	8315	442549	10	498	441559	7	21183	2	1	0	7021	13	0	3	1585	9	10972	13765	331	0	0	0	0	330	0	18	6963	192366	20053	19	0	0	192922	176673	6163	0
2003	-107	-8	7	26	13685	8315	442486	10	498	441433	7	21180	2	1	0	7019	11	0	3	1585	9	10972	13685	331	0	0	0	0	330	0	18	6963	192366	20053	19	0	0	192872	176673	6163	0
2002	-107	-8	7	26	13605	8315	442360	10	498	441370	7	21174	2	1	0	7018	11	0	3	1585	9	10972	13605	331	0	0	0	0	330	0	18	6963	192366	20053	19	0	0	192822	176673	6163	0
2001	-107	-8	8	26	13525	8313	442234	10	497	441181	7	21168	2	1	0	7015	13	0	3	1582	9	10965	13525	331	0	0	0	0	330	0	18	6963	192366	20053	19	0	0	192772	176673	6163	0
2000	-107	-8	8	26	13445	8313	442108	10	497	441118	7	21162	2	1	0	7014	13	0	3	1582	9	10965	13445	331	0	0	0	0	330	0	18	6963	192366	20053	19	0	0	192722	176673	6163	0
1999	-107	-8	10	26	13365	8313	441982	10	497	440992	7	21156	2	1	0	7012	18	0	3	1582	9	10965	13365	331	0	0	0	0	330	0	18	6963	192366	20053	19	0	0	192672	176673	6163	0
1998	-107	-8	8	26	13285	8313	441856	10	497	440866	7	21150	2	1	0	7010	13	0	3	1582	9	10965	13285	331	0	0	0	0	330	0	18	6963	192366	20053	19	0	0	192622	176673	6163	0
1997	-107	-9	8	26	13205	8311	441793	10	496	440740	7	21147	2	1	0	7008	13	0	3	1579	9	10958	13205	331	0	0	0	0	330	0	18	6963	192366	20053	19	0	0	192572	176673	6163	0
1996	-107	-9	8	26	13125	8311	441604	10	496	440614	7	21138	2	1	0	7006	13	0	3	1579	9	10958	13125	331	0	0	0	0	330	0	18	6963	192366	20053	19	0	0	192522	176673	6163	0
1995	-107	-9	7	26	13045	8311	441541	10	496	440488	7	21135	2	1	0	7004	11	0	3	1579	9	10958	13045	331	2	205	0	120	330	0	18	6963	192366	20053	19	0	0	192472	176673	6163	0
1994	-107	-9	8	26	12885	8311	441289	12	496	440299	7	21123	2	1	0	7001	13	0	3	1579	9	10958	12885	331	0	0	0	0	330	0	18	6963	192366	20053	19	0	0	192372	176673	6163	0
1993	-106	-9	8	26	12805	8309	441066	10	495	440013	7	21113	2	1	0	6997	13	0	3	1576	9	10951	12805	329	0	0	0	0	328	0	18	6963	191956	19933	19	0	0	192322	176673	6163	0
1992	-106	-9	8	26	12725	8309	440940	10	495	439950	7	21107	2	1	0	6996	13	0	3	1576	9	10951	12725	329	0	0	0	0	328	0	18	6963	191956	19933	19	0	0	192272	176673	6163	0
1991	-106	-9	7	26	12645	8309	440814	10	495	439824	7	21101	2	1	0	6994	11	0	3	1576	9	10951	12645	329	0	0	0	0	328	0	18	6963	191956	19933	19	0	0	192222	176673	6163	0
1990	-106	-9	6	26	12565	8309	440688	10	495	439698	7	21095	2	1	0	6992	8	0	3	1576	9	10951	12565	329	0	0	0	0	328	0	18	6963	191956	19933	19	0	0	192172	176673	6163	0
1989	-106	-9	6	26	12485	8309	440625	10	495	439572	7	21092	2	1	0	6990	8	0	3	1576	9	10951	12485	329	0	0	0	0	328	0	18	6963	191956	19933	19	0	0	192122	176673	6163	0
1988	-107	-8	6	26	12405	8307	440436	10	494	439446	7	21083	2	1	0	6988	8	0	3	1573	9	10944	12405	329	1	190	0	60	328	0	18	6963	191956	19933	19	0	0	192072	176673	6163	0
1987	-107	-8	8	26	12325	8307	440310	10	494	439320	7	21077	2	1	0	6986	13	0	3	1573	9	10944	12325	329	1	190	0	60	328	0	18	6963	191956	19933	19	0	0	192022	176673	6163	0
1986	-107	-8	7	32	12245	8307	440184	3	494	439194	7	21071	2	1	0	6984	11	0	3	1573	9	10944	12245	329	0	0	0	0	328	0	18	6963	191956	19933	19	0	0	191972	176673	6163	0
1985	-107	-8	8	26	12165	8307	440036	10	494	439046	7	21062	2	1	0	6981	13	0	3	1573	9	10944	12165	328	0	0	0	0	327	0	18	6963	191766	19873	19	0	0	191922	176673	6163	0
1984	-106	-8	7	26	12005	8305	439847	10	493	438794	7	21053	2	1	0	6977	11	0	3	1570	9	10937	12005	328	1	3572	0	60	327	0	18	6963	191766	19873	19	0	0	191822	176673	6163	0
1983	-106	-8	7	26	11925	8305	439721	3	493	438731	7	21047	2	1	0	6976	11	0	3	1570	9	10937	11925	328	0	0	0	0	327	0	18	6963	191766	19873	19	0	0	191772	176673	6163	0
1982	-106	-8	7	26	11845	8305	439573	10	493	438583	7	21038	2	1	0	6973	11	0	3	1570	9	10937	11845	327	0	0	0	0	326	0	18	6963	188194	19813	19	0	0	191722	176673	6163	0
1981	-106	-8	9	26	11765	8305	439510	10	493	438457	7	21035	2	1	0	6971	16	0	3	1570	9	10937	11765	327	0	0	0	0	326	0	18	6963	188194	19813	19	0	0	191672	176673	6163	0
1980	-106	-8	9	26	11685	8305	439384	10	493	438394	7	21029	2	1	0	6970	16	0	3	1570	9	10937	11685	327	0	0	0	0	326	0	18	6963	188194	19813	19	0	0	191622	176673	6163	0
1979	-107	-8	7	26	11605	8303	439258	10	492	438205	7	21023	2	1	0	6967	11	0	3	1567	9	10930	11605	327	0	0	0	0	326	0	18	6963	188194	19813	19	0	0	191572	176673	6163	0
1978	-107	-8	7	26	11525	8303	439132	10	492	438142	7	21017	2	1	0	6966	11	0	3	1567	9	10930	11525	327	0	0	0	0	326	0	18	6963	188194	19813	19	0	0	191522	176673	6163	0
1977	-107	-8	8	26	11445	8303	439006	10	492	438016	7	21011	2	1	0	6964	13	0	3	1567	9	10930	11445	327	0	0	0	0	326	0	18	6963	188194	19813	19	0	0	191472	176673	6163	0
1976	-107	-8	8	26	11365	8303	438880	10	492	437890	7	21005	2	1	0	6962	13	0	3	1567	9	10930	11365	327	0	0	0	0	326	0	18	6963	188194	19813	19	0	0	191422	176673	6163	0
1975	-107	-8	7	26	11285	8301	438817	10	491	437764	7	21002	2	1	0	6960	11	0	3	1564	9	10923	11285	327	0	0	0	0	326	0	18	6963	188194	19813	19	0	0	191372	176673	6163	0
1974	-107	-8	8	26	11125	8301	438565	10	491	437512	7	20990	2	1	0	6956	13	0	3	1564	9	10923	11125	327	0	0	0	0	326	0	18	6963	188194	19813	19	0	0	191272	176673	6163	0
1973	-107	-8	9	26	11045	8301	438439	10	491	437386	7	20984	2	1	0	6954	16	0	3	1564	9	10923	11045	327	0	0	0	0	326	0	18	6963	188194	19813	19	0	0	191222	176673	6163	0
1972	-107	-8	7	26	10965	8301	438313	10	491	437323	7	20978	2	1	0	6953	11	0	3	1564	9	10923	10965	327	0	0	0	0	326	0	18	6963	188194	19813	19	0	0	191172	176673	6163	0
1971	-107	-8	8	26	10885	8299	438187	10	490	437134	7	20972	2	1	0	6950	13	0	3	1561	9	10916	10885	327	0	0	0	0	326	0	18	6963	188194	19813	19	0	0	191122	176673	6163	0
1970	-107	-8	9	26	10805	8299	438061	10	490	437071	7	20966	2	1	0	6949	16	0	3	1561	9	10916	10805	327	0	0	0	0	326	0	18	6963	188194	19813	19	0	0	191072	176673	6163	0
1969	-107	-8	7	26	10725	8299	437935	10	490	436945	7	20960	2	1	0	6947	11	0	3	1561	9	10916	10725	327	0	0	0	0	326	0	18	6963	188194	19813	19	0	0	191022	176673	6163	0
1968	-107	-8	8	26	10645	8299	437809	10	490	436819	7	20954	2	1	0	6945	13	0	3	1561	9	10916	10645	327	0	0	0	0	326	0	18	6963	188194	19813	19	0	0	190972	176673	6163	0
1967	-107	-8	8	26	10565	8299	437746	10	490	436693	7	20951	2	1	0	6943	13	0	3	1561	9	10916	10565	327	0	0	0	0	326	0	18	6963	188194	19813	19	0	0	190922	176673	6163	0
1966	-107	-9	8	26	10485	8297	437557	10	489	436567	7	20942	2	1	0	6941	13	0	3	1558	9	10909	10485	327	0	0	0	0	326	0	18	6963	188194	19813	19	0	0	190872	176673	6163	0
1965	-107	-9	8	26	10405	8297	437494	10	489	436441	7	20939	2	1	0	6939	13	0	3	1558	9	10909	10405	327	0	0	0	0	326	0	18	6963	188194	19813	19	0	0	190822	176673	6163	0
1964	-107	-9	8	26	10245	8297	437242	10	489	436252	7	20927	2	1	0	6936	13	0	3	1558	9	10909	10245	327	0	0	0	0	326	0	18	6963	188194	19813	19	0	0	190722	176673	6163	0
1963	-107	-9	7	26	10165	8297	437116	10	489	436126	7	20921	2	1	0	6934	11	0	3	1558	9	10909	10165	327	0	0	0	0	326	0	18	6963	188194	19813	19	0	0	190672	176673	6163	0
1962	-107	-8	9	26	10085	8295	436990	10	488	436000	7	20915	2	1	0	6932	16	0	3	1555	9	10902	10085	327	0	0	0	0	326	0	18	6963	188194	19813	19	0	0	190622	176673	6163	0
1961	-107	-8	9	26	10005	8295	436864	10	488	435874	7	20909	2	1	0	6930	16	0	3	1555	9	10902	10005	327	0	0	0	0	326	0	18	6963	188194	19813	19	0	0	190572	176673	6163	0
1960	-107	-8	7	26	9925	8295	436738	10	488	435748	7	20903	2	1	0	6928	11	0	3	1555	9	10902	9925	327	0	0	0	0	326	0	18	6963	188194	19813	19	0	0	190522	176673	6163	0
1959	-107	-8	7	26	9845	8295	436675	10	488	435622	7	20900	2	1	0	6926	11	0	3	1555	9	10902	9845	327	0	0	0	0	326	0	18	6963	188194	19813	19	0	0	190472	176673	6163	0
1958	-107	-8	8	26	9765	8295	436549	10	488	435559	7	20894	2	1	0	6925	13	0	3	1555	9	10902	9765	327	0	0	0	0	326	0	18	6963	188194	19813	19	0	0	190422	176673	6163	0
1957	-107	-9	6	26	9685	8293	436423	10	487	435370	7	20888	2	1	0	6922	8	0	3	1552	9	10895	9685	327	0	0	0	0	326	0	18	6963	188194	19813	19	0	0	190372	176673	6163	0
1956	-107	-9	7	26	9605	8293	436297	10	487	435307	7	20882	2	1	0	6921	11	0	3	1552	9	10895	9605	327	0	0	0	0	326	0	18	6963	188194	19813	19	0	0	190322	176673	6163	0
1955	-107	-9	7	26	9525	8293	436171	10	487	435181	7	20876	2	1	0	6919	11	0	3	1552	9	10895	9525	327	0	0	0	0	326	0	18	6963	188194	19813	19	0	0	190272	176673	6163	0
1954	-107	-8	7	26	9365	8291	435982	10	486	434929	7	20867	2	1	0	6915	11	0	3	1549	9	10888	9365	327	0	0	0	0	326	0	18	6963	188194	19813	19	0	0	190172	176673	6163	0
1953	-107	-8	6	26	9285	8291	435793	10	486	434803	7	20858	2	1	0	6913	8	0	3	1549	9	10888	9285	327	0	0	0	0	326	0	18	6963	188194	19813	19	0	0	190122	176673	6163	0
1952	-107	-8	8	26	9205	8291	435730	10	486	434677	7	20855	2	1	0	6911	13	0	3	1549	9	10888	9205	327	0	0	0	0	326	0	18	6963	188194	19813	19	0	0	190072	176673	6163	0
1951	-107	-8	7	26	9125	8291	435604	10	486	434551	7	20849	2	1	0	6909	11	0	3	1549	9	10888	9125	327	0	0	0	0	326	0	18	6963	188194	19813	19	0	0	190022	176673	6163	0
1950	-107	-8	7	26	9045	8291	435478	10	486	434488	7	20843	2	1	0	6908	11	0	3	1549	9	10888	9045	327	0	0	0	0	326	0	18	6963	188194	19813	19	0	0	189972	176673	6163	0
1949	-107	-9	9	26	8965	8289	435352	10	485	434299	7	20837	2	1	0	6905	16	0	3	1546	9	10881	8965	327	0	0	0	0	326	0	18	6963	188194	19813	19	0	0	189922	176673	6163	0
1948	-107	-9	9	26	8885	8289	435226	10	485	434236	7	20831	2	1	0	6904	16	0	3	1546	9	10881	8885	327	0	0	0	0	326	0	18	6963	188194	19813	19	0	0	189872	176673	6163	0
1947	-107	-9	7	26	8805	8289	435100	10	485	434110	7	20825	2	1	0	6902	11	0	3	1546	9	10881	8805	327	0	0	0	0	326	0	18	6963	188194	19813	19	0	0	189822	176673	6163	0
1946	-107	-9	7	26	8725	8289	434974	10	485	433984	7	20819	2	1	0	6900	11	0	3	1546	9	10881	8725	327	0	0	0	0	326	0	18	6963	188194	19813	19	0	0	189772	176673	6163	0
1945	-107	-8	8	26	8565	8287	434722	10	484	433732	7	20807	2	1	0	6896	13	0	3	1543	9	10874	8565	327	0	0	0	0	326	0	18	6963	188194	19813	19	0	0	189672	176673	6163	0
1944	-107	-8	7	26	8485	8287	434659	10	484	433606	7	20804	2	1	0	6894	11	0	3	1543	9	10874	8485	327	0	0	0	0	326	0	18	6963	188194	19813	19	0	0	189622	176673	6163	0
1943	-107	-8	7	26	8405	8287	434533	10	484	433543	7	20798	2	1	0	6893	11	0	3	1543	9	10874	8405	327	0	0	0	0	326	0	18	6963	188194	19813	19	0	0	189572	176673	6163	0
1942	-107	-8	6	26	8325	8287	434407	10	484	433417	7	20792	2	1	0	6891	8	0	3	1543	9	10874	8325	327	0	0	0	0	326	0	18	6963	188194	19813	19	0	0	189522	176673	6163	0
1941	-107	-8	8	26	8245	8287	434281	10	484	433291	7	20786	2	1	0	6889	13	0	3	1543	9	10874	8245	327	0	0	0	0	326	0	18	6963	188194	19813	19	0	0	189472	176673	6163	0
1940	-107	-9	9	26	8165	8285	434155	10	483	433165	7	20780	2	1	0	6887	16	0	3	1540	9	10867	8165	327	0	0	0	0	326	0	18	6963	188194	19813	19	0	0	189422	176673	6163	0
1939	-107	-9	7	26	8085	8285	434029	10	483	433039	7	20774	2	1	0	6885	11	0	3	1540	9	10867	8085	327	0	0	0	0	326	0	18	6963	188194	19813	19	0	0	189372	176673	6163	0
1938	-107	-9	7	26	8005	8285	433903	10	483	432913	7	20768	2	1	0	6883	11	0	3	1540	9	10867	8005	327	0	0	0	0	326	0	18	6963	188194	19813	19	0	0	189322	176673	6163	0
1937	-107	-9	7	26	7925	8285	433840	10	483	432787	7	20765	2	1	0	6881	11	0	3	1540	9	10867	7925	327	0	0	0	0	326	0	18	6963	188194	19813	19	0	0	189272	176673	6163	0
1936	-107	-9	7	26	7845	8285	433714	10	483	432724	7	20759	2	1	0	6880	11	0	3	1540	9	10867	7845	327	0	0	0	0	326	0	18	6963	188194	19813	19	0	0	189222	176673	6163	0
1935	-107	-8	7	26	7685	8283	433462	10	482	432472	7	20747	2	1	0	6876	11	0	3	1537	9	10860	7685	327	0	0	0	0	326	0	18	6963	188194	19813	19	0	0	189122	176673	6163	0
1934	-107	-8	6	26	7605	8283	433336	10	482	432346	7	20741	2	1	0	6874	8	0	3	1537	9	10860	7605	327	0	0	0	0	326	0	18	6963	188194	19813	19	0	0	189072	176673	6163	0
1933	-107	-8	7	26	7525	8283	433210	10	482	432220	7	20735	2	1	0	6872	11	0	3	1537	9	10860	7525	327	0	0	0	0	326	0	18	6963	188194	19813	19	0	0	189022	176673	6163	0
1932	-107	-8	7	26	7445	8281	433147	10	481	432094	7	20732	2	1	0	6870	11	0	3	1534	9	10853	7445	327	0	0	0	0	326	0	18	6963	188194	19813	19	0	0	188972	176673	6163	0
1931	-107	-8	7	26	7365	8281	432958	10	481	431968	7	20723	2	1	0	6868	11	0	3	1534	9	10853	7365	327	0	0	0	0	326	0	18	6963	188194	19813	19	0	0	188922	176673	6163	0
1930	-107	-8	9	26	7285	8281	432895	10	481	431842	7	20720	2	1	0	6866	16	0	3	1534	9	10853	7285	327	0	0	0	0	326	0	18	6963	188194	19813	19	0	0	188872	176673	6163	0
1929	-107	-8	9	26	7205	8281	432769	10	481	431716	7	20714	2	1	0	6864	16	0	3	1534	9	10853	7205	327	0	0	0	0	326	0	18	6963	188194	19813	19	0	0	188822	176673	6163	0
1928	-107	-8	7	26	7125	8281	432643	10	481	431653	7	20708	2	1	0	6863	11	0	3	1534	9	10853	7125	327	0	0	0	0	326	0	18	6963	188194	19813	19	0	0	188772	176673	6163	0
1927	-107	-8	7	26	7045	8279	432517	10	480	431464	7	20702	2	1	0	6860	11	0	3	1531	9	10846	7045	327	0	0	0	0	326	0	18	6963	188194	19813	19	0	0	188722	176673	6163	0
1926	-107	-8	7	26	6965	8279	432391	10	480	431401	7	20696	2	1	0	6859	11	0	3	1531	9	10846	6965	327	0	0	0	0	326	0	18	6963	188194	19813	19	0	0	188672	176673	6163	0
1925	-107	-8	7	26	6805	8279	432139	10	480	431149	7	20684	2	1	0	6855	11	0	3	1531	9	10846	6805	327	0	0	0	0	326	0	18	6963	188194	19813	19	0	0	188572	176673	6163	0
1924	-107	-8	8	26	6725	8279	432076	10	480	431023	7	20681	2	1	0	6853	13	0	3	1531	9	10846	6725	327	0	0	0	0	326	0	18	6963	188194	19813	19	0	0	188522	176673	6163	0
1923	-107	-8	8	26	6645	8277	431950	10	479	430897	7	20675	2	1	0	6851	13	0	3	1528	9	10839	6645	327	0	0	0	0	326	0	18	6963	188194	19813	19	0	0	188472	176673	6163	0
1922	-107	-8	8	26	6565	8277	431824	10	479	430834	7	20669	2	1	0	6850	13	0	3	1528	9	10839	6565	327	0	0	0	0	326	0	18	6963	188194	19813	19	0	0	188422	176673	6163	0
1921	-107	-8	8	26	6485	8277	431698	10	479	430708	7	20663	2	1	0	6848	13	0	3	1528	9	10839	6485	327	0	0	0	0	326	0	18	6963	188194	19813	19	0	0	188372	176673	6163	0
1920	-107	-8	9	26	6405	8277	431572	10	479	430582	7	20657	2	1	0	6846	16	0	3	1528	9	10839	6405	327	0	0	0	0	326	0	18	6963	188194	19813	19	0	0	188322	176673	6163	0
1919	-107	-8	9	26	6325	8277	431509	10	479	430456	7	20654	2	1	0	6844	16	0	3	1528	9	10839	6325	327	2	1059	0	120	326	0	18	6963	188194	19813	19	0	0	188272	176673	6163	0
1918	-107	-7	8	26	6245	8275	431383	10	478	430330	7	20648	2	1	0	6842	13	0	3	1525	9	10832	6245	327	2	1059	0	120	326	0	18	6963	188194	19813	19	0	0	188222	176673	6163	0
1917	-107	-7	8	26	6165	8275	431172	10	478	430182	7	20636	2	1	0	6839	13	0	3	1525	9	10832	6165	325	0	0	0	0	324	0	18	6963	186076	19693	19	0	0	188172	176673	6163	0
1916	-107	-7	9	26	6085	8275	431046	10	478	430056	7	20630	2	1	0	6837	16	0	3	1525	9	10832	6085	325	0	0	0	0	324	0	18	6963	186076	19693	19	0	0	188122	176673	6163	0
1915	-107	-7	8	26	5925	8275	430857	10	478	429867	7	20621	2	1	0	6834	13	0	3	1525	9	10832	5925	325	0	0	0	0	324	0	18	6963	186076	19693	19	0	0	188022	176673	6163	0
1914	-107	-8	9	26	5845	8273	430731	10	477	429678	7	20615	2	1	0	6831	16	0	3	1522	9	10825	5845	325	0	0	0	0	324	0	18	6963	186076	19693	19	0	0	187972	176673	6163	0
1913	-107	-8	9	26	5765	8273	430605	10	477	429615	7	20609	2	1	0	6830	16	0	3	1522	9	10825	5765	325	0	0	0	0	324	0	18	6963	186076	19693	19	0	0	187922	176673	6163	0
1912	-107	-8	9	26	5685	8273	430479	10	477	429489	7	20603	2	1	0	6828	16	0	3	1522	9	10825	5685	325	0	0	0	0	324	0	18	6963	186076	19693	19	0	0	187872	176673	6163	0
1911	-107	-8	9	26	5605	8273	430353	10	477	429363	7	20597	2	1	0	6826	16	0	3	1522	9	10825	5605	325	0	0	0	0	324	0	18	6963	186076	19693	19	0	0	187822	176673	6163	0
1910	-107	-7	9	26	5525	8271	430290	10	476	429237	7	20594	2	1	0	6824	16	0	3	1519	9	10818	5525	325	0	0	0	0	324	0	18	6963	186076	19693	19	0	0	187772	176673	6163	0
1909	-107	-7	8	26	5445	8271	430101	10	476	429111	7	20585	2	1	0	6822	13	0	3	1519	9	10818	5445	325	0	0	0	0	324	0	18	6963	186076	19693	19	0	0	187722	176673	6163	0
1908	-107	-7	9	26	5365	8271	430038	10	476	428985	7	20582	2	1	0	6820	16	0	3	1519	9	10818	5365	325	0	0	0	0	324	0	18	6963	186076	19693	19	0	0	187672	176673	6163	0
1907	-107	-7	9	26	5285	8271	429912	10	476	428859	7	20576	2	1	0	6818	16	0	3	1519	9	10818	5285	325	0	0	0	0	324	0	18	6963	186076	19693	19	0	0	187622	176673	6163	0
1906	-107	-7	9	26	5205	8271	429786	10	476	428796	7	20570	2	1	0	6817	16	0	3	1519	9	10818	5205	325	0	0	0	0	324	0	18	6963	186076	19693	19	0	0	187572	176673	6163	0
1905	-107	-8	8	26	5045	8269	429534	10	475	428544	7	20558	2	1	0	6813	13	0	3	1516	9	10811	5045	325	0	0	0	0	324	0	18	6963	186076	19693	19	0	0	187472	176673	6163	0
1904	-107	-8	9	26	4965	8269	429408	10	475	428418	7	20552	2	1	0	6811	16	0	3	1516	9	10811	4965	325	0	0	0	0	324	0	18	6963	186076	19693	19	0	0	187422	176673	6163	0
1903	-107	-8	9	26	4885	8269	429282	10	475	428292	7	20546	2	1	0	6809	16	0	3	1516	9	10811	4885	325	0	0	0	0	324	0	18	6963	186076	19693	19	0	0	187372	176673	6163	0
1902	-107	-8	9	26	4805	8269	429219	10	475	428166	7	20543	2	1	0	6807	16	0	3	1516	9	10811	4805	325	0	0	0	0	324	0	18	6963	186076	19693	19	0	0	187322	176673	6163	0
1901	-107	-8	8	26	4725	8267	429030	10	474	428040	7	20534	2	1	0	6805	13	0	3	1513	9	10804	4725	325	0	0	0	0	324	0	18	6963	186076	19693	19	0	0	187272	176673	6163	0
1900	-107	-8	9	26	4645	8267	428967	10	474	427914	7	20531	2	1	0	6803	16	0	3	1513	9	10804	4645	325	0	0	0	0	324	0	18	6963	186076	19693	19	0	0	187222	176673	6163	0
1899	-107	-8	8	26	4565	8267	428841	10	474	427851	7	20525	2	1	0	6802	13	0	3	1513	9	10804	4565	325	0	0	0	0	324	0	18	6963	186076	19693	19	0	0	187172	176673	6163	0
1898	-107	-8	8	26	4485	8267	428715	10	474	427725	7	20519	2	1	0	6800	13	0	3	1513	9	10804	4485	325	0	0	0	0	324	0	18	6963	186076	19693	19	0	0	187122	176673	6163	0
1897	-107	-8	8	26	4405	8267	428589	10	474	427599	7	20513	2	1	0	6798	13	0	3	1513	9	10804	4405	325	0	0	0	0	324	0	18	6963	186076	19693	19	0	0	187072	176673	6163	0
1896	-107	-7	8	26	4325	8265	428463	10	473	427473	7	20507	2	1	0	6796	13	0	3	1510	9	10797	4325	325	0	0	0	0	324	0	18	6963	186076	19693	19	0	0	187022	176673	6163	0
1895	-107	-7	9	26	4165	8265	428211	10	473	427221	7	20495	2	1	0	6792	16	0	3	1510	9	10797	4165	325	0	0	0	0	324	0	18	6963	186076	19693	19	0	0	186922	176673	6163	0
1894	-107	-7	9	26	4085	8265	428148	10	473	427095	7	20492	2	1	0	6790	16	0	3	1510	9	10797	4085	325	0	0	0	0	324	0	18	6963	186076	19693	19	0	0	186872	176673	6163	0
1893	-107	-7	9	26	4005	8265	428022	10	473	427032	7	20486	2	1	0	6789	16	0	3	1510	9	10797	4005	325	0	0	0	0	324	0	18	6963	186076	19693	19	0	0	186822	176673	6163	0
1892	-107	-7	9	26	3925	8263	427896	10	472	426843	7	20480	2	1	0	6786	16	0	3	1507	9	10790	3925	325	0	0	0	0	324	0	18	6963	186076	19693	19	0	0	186772	176673	6163	0
1891	-107	-7	9	26	3845	8263	427770	10	472	426780	7	20474	2	1	0	6785	16	0	3	1507	9	10790	3845	325	0	0	0	0	324	0	18	6963	186076	19693	19	0	0	186722	176673	6163	0
1890	-107	-7	9	26	3765	8263	427644	10	472	426654	7	20468	2	1	0	6783	16	0	3	1507	9	10790	3765	325	0	0	0	0	324	0	18	6963	186076	19693	19	0	0	186672	176673	6163	0
1889	-107	-7	8	26	3685	8263	427518	10	472	426528	7	20462	2	1	0	6781	13	0	3	1507	9	10790	3685	325	0	0	0	0	324	0	18	6963	186076	19693	19	0	0	186622	176673	6163	0
1888	-107	-7	8	26	3605	8261	427455	10	471	426402	7	20459	2	1	0	6779	13	0	3	1504	9	10783	3605	325	0	0	0	0	324	0	18	6963	186076	19693	19	0	0	186572	176673	6163	0
1887	-107	-7	8	26	3525	8261	427266	10	471	426276	7	20450	2	1	0	6777	13	0	3	1504	9	10783	3525	325	0	0	0	0	324	0	18	6963	186076	19693	19	0	0	186522	176673	6163	0
1886	-107	-7	9	26	3445	8261	427203	10	471	426150	7	20447	2	1	0	6775	16	0	3	1504	9	10783	3445	325	0	0	0	0	324	0	18	6963	186076	19693	19	0	0	186472	176673	6163	0
1885	-107	-7	10	26	3285	8261	426951	10	471	425961	7	20435	2	1	0	6772	18	0	3	1504	9	10783	3285	325	0	0	0	0	324	0	18	6963	186076	19693	19	0	0	186372	176673	6163	0
1884	-107	-7	8	26	3205	8259	426825	10	470	425772	7	20429	2	1	0	6769	13	0	3	1501	9	10776	3205	325	0	0	0	0	324	0	18	6963	186076	19693	19	0	0	186322	176673	6163	0
1883	-107	-7	10	26	3125	8259	426699	10	470	425709	7	20423	2	1	0	6768	18	0	3	1501	9	10776	3125	325	0	0	0	0	324	0	18	6963	186076	19693	19	0	0	186272	176673	6163	0
1882	-107	-7	9	26	3045	8259	426573	10	470	425583	7	20417	2	1	0	6766	16	0	3	1501	9	10776	3045	325	0	0	0	0	324	0	18	6963	186076	19693	19	0	0	186222	176673	6163	0
1881	-107	-7	9	26	2965	8259	426447	10	470	425457	7	20411	2	1	0	6764	16	0	3	1501	9	10776	2965	325	1	280	0	60	324	0	18	6963	186076	19693	19	0	0	186172	176673	6163	0
1880	-107	-7	10	26	2885	8259	426384	10	470	425331	7	20408	2	1	0	6762	18	0	3	1501	9	10776	2885	325	1	280	0	60	324	0	18	6963	186076	19693	19	0	0	186122	176673	6163	0
1879	-107	-7	10	26	2805	8257	426258	3	469	425246	7	20402	2	1	0	6760	18	0	3	1498	9	10769	2805	324	0	0	0	0	323	0	18	6963	185796	19633	19	0	0	186072	176673	6163	0
1878	-107	-7	8	26	2725	8257	426110	10	469	425057	7	20393	2	1	0	6757	13	0	3	1498	9	10769	2725	324	0	0	0	0	323	0	18	6963	185796	19633	19	0	0	186022	176673	6163	0
1877	-107	-7	8	26	2645	8257	425984	10	469	424994	7	20387	2	1	0	6756	13	0	3	1498	9	10769	2645	324	0	0	0	0	323	0	18	6963	185796	19633	19	0	0	185972	176673	6163	0
1876	-107	-7	9	26	2565	8257	425858	10	469	424868	7	20381	2	1	0	6754	16	0	3	1498	9	10769	2565	324	0	0	0	0	323	0	18	6963	185796	19633	19	0	0	185922	176673	6163	0
1875	-107	-7	9	26	2405	8255	425606	10	468	424553	7	20369	2	1	0	6749	16	0	3	1495	9	10762	2405	324	1	170	0	60	323	0	18	6963	185796	19633	19	0	0	185822	176673	6163	0
1874	-107	-7	9	26	2325	8255	425458	10	468	424468	7	20360	2	1	0	6747	16	0	3	1495	9	10762	2325	323	1	1700	0	60	322	0	18	6963	185626	19573	19	0	0	185772	176673	6163	0
1873	-107	-7	10	26	2245	8255	425332	10	468	424342	7	20354	2	1	0	6745	18	0	3	1495	9	10762	2245	323	1	1700	0	60	322	0	18	6963	185626	19573	19	0	0	185722	176673	6163	0
1872	-107	-7	9	26	2165	8255	425206	10	468	424216	7	20348	2	1	0	6743	16	0	3	1495	9	10762	2165	323	0	0	0	0	322	0	18	6963	185626	19573	19	0	0	185672	176673	6163	0
1871	-107	-7	10	26	2085	8255	425143	3	468	424131	7	20345	2	1	0	6741	18	0	3	1495	9	10762	2085	322	0	0	0	0	321	0	18	6963	183926	19513	19	0	0	185622	176673	6163	0
1870	-107	-7	9	26	2005	8253	424995	10	467	423942	7	20336	2	1	0	6738	16	0	3	1492	9	10755	2005	322	0	0	0	0	321	0	18	6963	183926	19513	19	0	0	185572	176673	6163	0
1869	-107	-7	10	26	1925	8253	424869	10	467	423879	7	20330	2	1	0	6737	18	0	3	1492	9	10755	1925	322	0	0	0	0	321	0	18	6963	183926	19513	19	0	0	185522	176673	6163	0
1868	-107	-7	9	26	1845	8253	424743	10	467	423753	7	20324	2	1	0	6735	16	0	3	1492	9	10755	1845	322	0	0	0	0	321	0	18	6963	183926	19513	19	0	0	185472	176673	6163	0
1867	-107	-7	9	26	1765	8253	424617	10	467	423627	7	20318	2	1	0	6733	16	0	3	1492	9	10755	1765	322	0	0	0	0	321	0	18	6963	183926	19513	19	0	0	185422	176673	6163	0
1866	-107	-7	9	26	1685	8251	424554	10	466	423501	7	20315	2	1	0	6731	16	0	3	1489	9	10748	1685	322	0	0	0	0	321	0	18	6963	183926	19513	19	0	0	185372	176673	6163	0
1865	-107	-7	10	26	1525	8251	424302	10	466	423249	7	20303	2	1	0	6727	18	0	3	1489	9	10748	1525	322	0	0	0	0	321	0	18	6963	183926	19513	19	0	0	185272	176673	6163	0
1864	-107	-7	8	26	1445	8251	424176	10	466	423123	7	20297	2	1	0	6725	13	0	3	1489	9	10748	1445	322	0	0	0	0	321	0	18	6963	183926	19513	19	0	0	185222	176673	6163	0
1863	-107	-7	8	26	1365	8251	424050	10	466	423060	7	20291	2	1	0	6724	13	0	3	1489	9	10748	1365	322	0	0	0	0	321	0	18	6963	183926	19513	19	0	0	185172	176673	6163	0
1862	-107	-7	8	26	1285	8249	423924	10	465	422871	7	20285	2	1	0	6721	13	0	3	1486	9	10741	1285	322	0	0	0	0	321	0	18	6963	183926	19513	19	0	0	185122	176673	6163	0
1861	-107	-7	8	26	1205	8249	423798	10	465	422808	7	20279	2	1	0	6720	13	0	3	1486	9	10741	1205	322	0	0	0	0	321	0	18	6963	183926	19513	19	0	0	185072	176673	6163	0
1860	-107	-7	8	26	1125	8249	423672	10	465	422682	7	20273	2	1	0	6718	13	0	3	1486	9	10741	1125	322	0	0	0	0	321	0	18	6963	183926	19513	19	0	0	185022	176673	6163	0
1859	-107	-7	9	26	1045	8249	423546	10	465	422556	7	20267	2	1	0	6716	16	0	3	1486	9	10741	1045	322	0	0	0	0	321	0	18	6963	183926	19513	19	0	0	184972	176673	6163	0
1858	-107	-7	9	26	965	8249	423483	10	465	422430	7	20264	2	1	0	6714	16	0	3	1486	9	10741	965	322	0	0	0	0	321	0	18	6963	183926	19513	19	0	0	184922	176673	6163	0
1857	-107	-7	10	26	885	8247	423294	10	464	422304	7	20255	2	1	0	6712	18	0	3	1483	9	10734	885	322	0	0	0	0	321	0	18	6963	183926	19513	19	0	0	184872	176673	6163	0
1856	-107	-7	10	26	725	8247	423105	10	464	422115	7	20246	2	1	0	6709	18	0	3	1483	9	10734	725	322	0	0	0	0	321	0	18	6963	183926	19513	19	0	0	184772	176673	6163	0
1855	-107	-7	9	26	645	8247	422979	10	464	421989	7	20240	2	1	0	6707	16	0	3	1483	9	10734	645	322	0	0	0	0	321	0	18	6963	183926	19513	19	0	0	184722	176673	6163	0
1854	-107	-7	9	26	565	8247	422853	10	464	421863	7	20234	2	1	0	6705	16	0	3	1483	9	10734	565	322	0	0	0	0	321	0	18	6963	183926	19513	19	0	0	184672	176673	6163	0
1853	-107	-7	8	26	485	8245	422727	10	463	421737	7	20228	2	1	0	6703	13	0	3	1480	9	10727	485	322	0	0	0	0	321	0	18	6963	183926	19513	19	0	0	184622	176673	6163	0
1852	-107	-7	10	26	405	8245	422601	10	463	421611	7	20222	2	1	0	6701	18	0	3	1480	9	10727	405	322	0	0	0	0	321	0	18	6963	183926	19513	19	0	0	184572	176673	6163	0
1851	-107	-7	9	26	325	8245	422475	10	463	421485	7	20216	2	1	0	6699	16	0	3	1480	9	10727	325	322	0	0	0	0	321	0	18	6963	183926	19513	19	0	0	184522	176673	6163	0
1850	-107	-7	9	26	245	8245	422412	10	463	421359	7	20213	2	1	0	6697	16	0	3	1480	9	10727	245	322	0	0	0	0	321	0	18	6963	183926	19513	19	0	0	184472	176673	6163	0
1849	-107	-7	9	26	165	8245	422286	10	463	421296	7	20207	2	1	0	6696	16	0	3	1480	9	10727	165	322	0	0	0	0	321	0	18	6963	183926	19513	19	0	0	184422	176673	6163	0
1848	-107	-8	9	26	85	8243	422160	10	462	421107	7	20201	2	1	0	6693	16	0	3	1477	9	10720	85	322	0	0	0	0	321	0	18	6963	183926	19513	19	0	0	184372	176673	6163	0
1847	-107	-8	9	26	5	8243	422034	10	462	421044	7	20195	2	1	0	6692	16	0	3	1477	9	10720	5	322	0	0	0	0	321	0	18	6963	183926	19513	19	0	0	184322	176673	6163	0
1846	-107	-8	9	26	16229	8243	421782	10	462	420792	7	20183	2	1	0	6688	16	0	3	1477	9	10720	16229	322	0	0	0	0	321	0	18	6963	183926	19513	19	0	0	184222	176673	6163	0
1845	-107	-7	9	26	16149	8241	421719	10	461	420666	7	20180	2	1	0	6686	16	0	3	1474	9	10713	16149	322	0	0	0	0	321	0	18	6963	183926	19513	19	0	0	184172	176673	6163	0
1844	-107	-7	8	26	16069	8241	421530	10	461	420540	7	20171	2	1	0	6684	13	0	3	1474	9	10713	16069	322	0	0	0	0	321	0	18	6963	183926	19513	19	0	0	184122	176673	6163	0
1843	-107	-7	9	26	15989	8241	421467	10	461	420414	7	20168	2	1	0	6682	16	0	3	1474	9	10713	15989	322	1	192	0	60	321	0	18	6963	183926	19513	19	0	0	184072	176673	6163	0
1842	-107	-7	8	26	15909	8241	421341	10	461	420351	7	20162	2	1	0	6681	13	0	3	1474	9	10713	15909	322	1	192	0	60	321	0	18	6963	183926	19513	19	0	0	184022	176673	6163	0
1841	-107	-7	10	26	15829	8241	421215	10	461	420225	7	20156	2	1	0	6679	18	0	3	1474	9	10713	15829	322	0	0	0	0	321	0	18	6963	183926	19513	19	0	0	183972	176673	6163	0
1840	-107	-7	9	26	15749	8239	421130	3	460	420118	7	20150	2	1	0	6676	16	0	3	1471	9	10706	15749	321	0	0	0	0	320	0	18	6963	183734	19453	19	0	0	183922	176673	6163	0
1839	-107	-7	8	26	15669	8239	420982	10	460	419929	7	20141	2	1	0	6673	13	0	3	1471	9	10706	15669	321	1	1680	0	60	320	0	18	6963	183734	19453	19	0	0	183872	176673	6163	0
1838	-107	-7	9	26	15589	8239	420856	10	460	419866	7	20135	2	1	0	6672	16	0	3	1471	9	10706	15589	321	1	1680	0	60	320	0	18	6963	183734	19453	19	0	0	183822	176673	6163	0
1837	-107	-7	8	26	15509	8239	420730	10	460	419740	7	20129	2	1	0	6670	13	0	3	1471	9	10706	15509	321	0	0	0	0	320	0	18	6963	183734	19453	19	0	0	183772	176673	6163	0
1836	-107	-7	8	26	15349	8237	420456	10	459	419466	7	20114	2	1	0	6665	13	0	3	1468	9	10699	15349	320	0	0	0	0	319	0	18	6963	182054	19393	19	0	0	183672	176673	6163	0
1835	-107	-7	8	26	15269	8237	420393	10	459	419340	7	20111	2	1	0	6663	13	0	3	1468	9	10699	15269	320	0	0	0	0	319	0	18	6963	182054	19393	19	0	0	183622	176673	6163	0
1834	-107	-7	8	26	15189	8237	420267	10	459	419277	7	20105	2	1	0	6662	13	0	3	1468	9	10699	15189	320	0	0	0	0	319	0	18	6963	182054	19393	19	0	0	183572	176673	6163	0
1833	-107	-7	9	26	15109	8237	420141	10	459	419151	7	20099	2	1	0	6660	16	0	3	1468	9	10699	15109	320	0	0	0	0	319	0	18	6963	182054	19393	19	0	0	183522	176673	6163	0
1832	-107	-7	10	26	15029	8237	420015	10	459	419025	7	20093	2	1	0	6658	18	0	3	1468	9	10699	15029	320	0	0	0	0	319	0	18	6963	182054	19393	19	0	0	183472	176673	6163	0
1831	-107	-7	10	26	14949	8235	419889	10	458	418899	7	20087	2	1	0	6656	18	0	3	1465	9	10692	14949	320	0	0	0	0	319	0	18	6963	182054	19393	19	0	0	183422	176673	6163	0
1830	-107	-7	10	26	14869	8235	419763	10	458	418773	7	20081	2	1	0	6654	18	0	3	1465	9	10692	14869	320	0	0	0	0	319	0	18	6963	182054	19393	19	0	0	183372	176673	6163	0
1829	-107	-7	10	26	14789	8235	419637	10	458	418647	7	20075	2	1	0	6652	18	0	3	1465	9	10692	14789	320	0	0	0	0	319	0	18	6963	182054	19393	19	0	0	183322	176673	6163	0
1828	-107	-7	10	26	14709	8235	419574	10	458	418521	7	20072	2	1	0	6650	18	0	3	1465	9	10692	14709	320	0	0	0	0	319	0	18	6963	182054	19393	19	0	0	183272	176673	6163	0
1827	-107	-7	10	26	14629	8235	419448	10	458	418458	7	20066	2	1	0	6649	18	0	3	1465	9	10692	14629	320	0	0	0	0	319	0	18	6963	182054	19393	19	0	0	183222	176673	6163	0
1826	-107	-7	9	26	14469	8233	419196	10	457	418206	7	20054	2	1	0	6645	16	0	3	1462	9	10685	14469	320	0	0	0	0	319	0	18	6963	182054	19393	19	0	0	183122	176673	6163	0
1825	-107	-7	8	26	14389	8233	419070	10	457	418080	7	20048	2	1	0	6643	13	0	3	1462	9	10685	14389	320	0	0	0	0	319	0	18	6963	182054	19393	19	0	0	183072	176673	6163	0
1824	-107	-7	9	26	14309	8233	418944	10	457	417954	7	20042	2	1	0	6641	16	0	3	1462	9	10685	14309	320	0	0	0	0	319	0	18	6963	182054	19393	19	0	0	183022	176673	6163	0
1823	-107	-7	9	26	14229	8231	418881	10	456	417828	7	20039	2	1	0	6639	16	0	3	1459	9	10678	14229	320	0	0	0	0	319	0	18	6963	182054	19393	19	0	0	182972	176673	6163	0
1822	-107	-7	8	26	14149	8231	418692	10	456	417702	7	20030	2	1	0	6637	13	0	3	1459	9	10678	14149	320	0	0	0	0	319	0	18	6963	182054	19393	19	0	0	182922	176673	6163	0
1821	-107	-7	9	26	14069	8231	418629	10	456	417576	7	20027	2	1	0	6635	16	0	3	1459	9	10678	14069	320	0	0	0	0	319	0	18	6963	182054	19393	19	0	0	182872	176673	6163	0
1820	-107	-7	8	26	13989	8231	418503	10	456	417450	7	20021	2	1	0	6633	13	0	3	1459	9	10678	13989	320	0	0	0	0	319	0	18	6963	182054	19393	19	0	0	182822	176673	6163	0
1819	-107	-7	8	26	13909	8231	418377	10	456	417387	7	20015	2	1	0	6632	13	0	3	1459	9	10678	13909	320	0	0	0	0	319	0	18	6963	182054	19393	19	0	0	182772	176673	6163	0
1818	-107	-8	7	26	13829	8229	418251	10	455	417198	7	20009	2	1	0	6629	11	0	3	1456	9	10671	13829	320	0	0	0	0	319	0	18	6963	182054	19393	19	0	0	182722	176673	6163	0
1817	-107	-8	9	26	13749	8229	418125	10	455	417135	7	20003	2	1	0	6628	16	0	3	1456	9	10671	13749	320	0	0	0	0	319	0	18	6963	182054	19393	19	0	0	182672	176673	6163	0
1816	-107	-8	9	26	13589	8229	417873	10	455	416883	7	19991	2	1	0	6624	16	0	3	1456	9	10671	13589	320	0	0	0	0	319	0	18	6963	182054	19393	19	0	0	182572	176673	6163	0
1815	-107	-8	8	26	13509	8229	417810	10	455	416757	7	19988	2	1	0	6622	13	0	3	1456	9	10671	13509	320	0	0	0	0	319	0	18	6963	182054	19393	19	0	0	182522	176673	6163	0
1814	-107	-8	9	26	13429	8227	417684	10	454	416631	7	19982	2	1	0	6620	16	0	3	1453	9	10664	13429	320	0	0	0	0	319	0	18	6963	182054	19393	19	0	0	182472	176673	6163	0
1813	-107	-8	9	26	13349	8227	417558	10	454	416568	7	19976	2	1	0	6619	16	0	3	1453	9	10664	13349	320	0	0	0	0	319	0	18	6963	182054	19393	19	0	0	182422	176673	6163	0
1812	-107	-8	8	26	13269	8227	417432	10	454	416442	7	19970	2	1	0	6617	13	0	3	1453	9	10664	13269	320	0	0	0	0	319	0	18	6963	182054	19393	19	0	0	182372	176673	6163	0
1811	-107	-8	8	26	13189	8227	417306	10	454	416316	7	19964	2	1	0	6615	13	0	3	1453	9	10664	13189	320	0	0	0	0	319	0	18	6963	182054	19393	19	0	0	182322	176673	6163	0
1810	-107	-8	8	26	13109	8227	417243	10	454	416190	7	19961	2	1	0	6613	13	0	3	1453	9	10664	13109	320	0	0	0	0	319	0	18	6963	182054	19393	19	0	0	182272	176673	6163	0
1809	-107	-8	8	26	13029	8225	417117	10	453	416064	7	19955	2	1	0	6611	13	0	3	1450	9	10657	13029	320	0	0	0	0	319	0	18	6963	182054	19393	19	0	0	182222	176673	6163	0
1808	-107	-8	7	26	12949	8225	416991	10	453	416001	7	19949	2	1	0	6610	11	0	3	1450	9	10657	12949	320	1	258	0	60	319	0	18	6963	182054	19393	19	0	0	182172	176673	6163	0
1807	-107	-8	8	26	12869	8225	416865	10	453	415875	7	19943	2	1	0	6608	13	0	3	1450	9	10657	12869	320	1	258	0	60	319	0	18	6963	182054	19393	19	0	0	182122	176673	6163	0
1806	-107	-8	7	26	12709	8225	416654	10	453	415664	7	19931	2	1	0	6604	11	0	3	1450	9	10657	12709	319	0	0	0	0	318	0	18	6963	181796	19333	19	0	0	182022	176673	6163	0
1805	-107	-7	8	26	12629	8223	416528	10	452	415538	7	19925	2	1	0	6602	13	0	3	1447	9	10650	12629	319	0	0	0	0	318	0	18	6963	181796	19333	19	0	0	181972	176673	6163	0
1804	-107	-7	8	26	12549	8223	416402	10	452	415412	7	19919	2	1	0	6600	13	0	3	1447	9	10650	12549	319	0	0	0	0	318	0	18	6963	181796	19333	19	0	0	181922	176673	6163	0
1803	-107	-7	8	26	12469	8223	416276	10	452	415286	7	19913	2	1	0	6598	13	0	3	1447	9	10650	12469	319	1	168	0	60	318	0	18	6963	181796	19333	19	0	0	181872	176673	6163	0
1802	-107	-7	8	26	12389	8223	416213	10	452	415160	7	19910	2	1	0	6596	13	0	3	1447	9	10650	12389	319	1	168	0	60	318	0	18	6963	181796	19333	19	0	0	181822	176673	6163	0
1801	-107	-7	9	26	12309	8223	416065	10	452	415075	7	19901	2	1	0	6594	16	0	3	1447	9	10650	12309	318	1	1466	0	60	317	0	18	6963	181628	19273	19	0	0	181772	176673	6163	0
1800	-107	-7	10	26	12229	8221	415939	10	451	414949	7	19895	2	1	0	6592	18	0	3	1444	9	10643	12229	318	1	1466	0	60	317	0	18	6963	181628	19273	19	0	0	181722	176673	6163	0
1799	-107	-7	9	26	12149	8221	415813	10	451	414823	7	19889	2	1	0	6590	16	0	3	1444	9	10643	12149	318	0	0	0	0	317	0	18	6963	181628	19273	19	0	0	181672	176673	6163	0
1798	-107	-7	9	26	12069	8221	415750	10	451	414634	7	19886	2	1	0	6587	16	0	3	1444	9	10643	12069	317	0	0	0	0	316	0	18	6963	180162	19213	19	0	0	181622	176673	6163	0
1797	-107	-7	8	26	11989	8221	415561	10	451	414571	7	19877	2	1	0	6586	13	0	3	1444	9	10643	11989	317	0	0	0	0	316	0	18	6963	180162	19213	19	0	0	181572	176673	6163	0
1796	-107	-8	9	26	11829	8219	415309	10	450	414319	7	19865	2	1	0	6582	16	0	3	1441	9	10636	11829	317	0	0	0	0	316	0	18	6963	180162	19213	19	0	0	181472	176673	6163	0
1795	-107	-8	8	26	11749	8219	415183	10	450	414193	7	19859	2	1	0	6580	13	0	3	1441	9	10636	11749	317	0	0	0	0	316	0	18	6963	180162	19213	19	0	0	181422	176673	6163	0
1794	-107	-8	8	26	11669	8219	415057	10	450	414067	7	19853	2	1	0	6578	13	0	3	1441	9	10636	11669	317	0	0	0	0	316	0	18	6963	180162	19213	19	0	0	181372	176673	6163	0
1793	-107	-8	9	26	11589	8219	414994	10	450	413941	7	19850	2	1	0	6576	16	0	3	1441	9	10636	11589	317	0	0	0	0	316	0	18	6963	180162	19213	19	0	0	181322	176673	6163	0
1792	-107	-8	10	26	11509	8217	414805	10	449	413815	7	19841	2	1	0	6574	18	0	3	1438	9	10629	11509	317	0	0	0	0	316	0	18	6963	180162	19213	19	0	0	181272	176673	6163	0
1791	-107	-8	8	26	11429	8217	414742	10	449	413689	7	19838	2	1	0	6572	13	0	3	1438	9	10629	11429	317	0	0	0	0	316	0	18	6963	180162	19213	19	0	0	181222	176673	6163	0
1790	-107	-8	8	26	11349	8217	414616	10	449	413626	7	19832	2	1	0	6571	13	0	3	1438	9	10629	11349	317	0	0	0	0	316	0	18	6963	180162	19213	19	0	0	181172	176673	6163	0
1789	-107	-8	8	26	11269	8217	414490	10	449	413500	7	19826	2	1	0	6569	13	0	3	1438	9	10629	11269	317	0	0	0	0	316	0	18	6963	180162	19213	19	0	0	181122	176673	6163	0
1788	-107	-8	7	26	11189	8217	414364	10	449	413374	7	19820	2	1	0	6567	11	0	3	1438	9	10629	11189	317	0	0	0	0	316	0	18	6963	180162	19213	19	0	0	181072	176673	6163	0
1787	-107	-7	8	26	11109	8215	414238	10	448	413248	7	19814	2	1	0	6565	13	0	3	1435	9	10622	11109	317	0	0	0	0	316	0	18	6963	180162	19213	19	0	0	181022	176673	6163	0
1786	-107	-7	8	26	10949	8215	413986	10	448	412996	7	19802	2	1	0	6561	13	0	3	1435	9	10622	10949	317	0	0	0	0	316	0	18	6963	180162	19213	19	0	0	180922	176673	6163	0
1785	-107	-7	8	26	10869	8215	413923	10	448	412870	7	19799	2	1	0	6559	13	0	3	1435	9	10622	10869	317	0	0	0	0	316	0	18	6963	180162	19213	19	0	0	180872	176673	6163	0
1784	-107	-7	8	26	10789	8215	413797	10	448	412807	7	19793	2	1	0	6558	13	0	3	1435	9	10622	10789	317	0	0	0	0	316	0	18	6963	180162	19213	19	0	0	180822	176673	6163	0
1783	-107	-7	8	26	10709	8213	413671	10	447	412618	7	19787	2	1	0	6555	13	0	3	1432	9	10615	10709	317	0	0	0	0	316	0	18	6963	180162	19213	19	0	0	180772	176673	6163	0
1782	-107	-7	8	26	10629	8213	413545	10	447	412555	7	19781	2	1	0	6554	13	0	3	1432	9	10615	10629	317	0	0	0	0	316	0	18	6963	180162	19213	19	0	0	180722	176673	6163	0
1781	-107	-7	8	26	10549	8213	413419	10	447	412429	7	19775	2	1	0	6552	13	0	3	1432	9	10615	10549	317	0	0	0	0	316	0	18	6963	180162	19213	19	0	0	180672	176673	6163	0
1780	-107	-7	8	26	10469	8213	413293	10	447	412303	7	19769	2	1	0	6550	13	0	3	1432	9	10615	10469	317	0	0	0	0	316	0	18	6963	180162	19213	19	0	0	180622	176673	6163	0
1779	-107	-8	8	26	10389	8211	413230	10	446	412177	7	19766	2	1	0	6548	13	0	3	1429	9	10608	10389	317	0	0	0	0	316	0	18	6963	180162	19213	19	0	0	180572	176673	6163	0
1778	-107	-8	9	26	10309	8211	413104	10	446	412051	7	19760	2	1	0	6546	16	0	3	1429	9	10608	10309	317	0	0	0	0	316	0	18	6963	180162	19213	19	0	0	180522	176673	6163	0
1777	-107	-8	9	26	10229	8211	412978	10	446	411988	7	19754	2	1	0	6545	16	0	3	1429	9	10608	10229	317	0	0	0	0	316	0	18	6963	180162	19213	19	0	0	180472	176673	6163	0
1776	-107	-8	9	26	10069	8211	412726	10	446	411736	7	19742	2	1	0	6541	16	0	3	1429	9	10608	10069	317	0	0	0	0	316	0	18	6963	180162	19213	19	0	0	180372	176673	6163	0
1775	-107	-8	8	26	9989	8209	412600	10	445	411610	7	19736	2	1	0	6539	13	0	3	1426	9	10601	9989	317	0	0	0	0	316	0	18	6963	180162	19213	19	0	0	180322	176673	6163	0
1774	-107	-8	8	26	9909	8209	412537	10	445	411484	7	19733	2	1	0	6537	13	0	3	1426	9	10601	9909	317	2	53	0	120	316	0	18	6963	180162	19213	19	0	0	180272	176673	6163	0
1773	-107	-8	8	26	9829	8209	412411	10	445	411421	7	19727	2	1	0	6536	13	0	3	1426	9	10601	9829	317	2	53	0	120	316	0	18	6963	180162	19213	19	0	0	180222	176673	6163	0
1772	-107	-8	8	26	9749	8209	412285	3	445	411295	7	19721	2	1	0	6534	13	0	3	1426	9	10601	9749	317	1	138	0	60	316	0	18	6963	180162	19213	19	0	0	180172	176673	6163	0
1771	-107	-8	9	26	9669	8209	412137	10	445	411084	7	19712	2	1	0	6530	16	0	3	1426	9	10601	9669	315	1	138	0	60	314	0	18	6963	180056	19093	19	0	0	180122	176673	6163	0
1770	-107	-8	8	32	9589	8207	411948	3	444	410958	7	19703	2	1	0	6528	13	0	3	1423	9	10594	9589	315	1	200	0	60	314	0	18	6963	180056	19093	19	0	0	180072	176673	6163	0
1769	-107	-8	8	26	9509	8207	411800	10	444	410810	7	19694	2	1	0	6525	13	0	3	1423	9	10594	9509	314	1	200	0	60	313	0	18	6963	179918	19033	19	0	0	180022	176673	6163	0
1768	-107	-8	8	26	9429	8207	411737	10	444	410684	7	19691	2	1	0	6523	13	0	3	1423	9	10594	9429	314	0	0	0	0	313	0	18	6963	179918	19033	19	0	0	179972	176673	6163	0
1767	-107	-8	8	26	9269	8207	411422	10	444	410432	7	19676	2	1	0	6519	13	0	3	1423	9	10594	9269	313	1	92	0	60	312	0	18	6963	179718	18973	19	0	0	179872	176673	6163	0
1766	-107	-8	8	26	9189	8205	411296	10	443	410306	7	19670	2	1	0	6517	13	0	3	1420	9	10587	9189	313	1	92	0	60	312	0	18	6963	179718	18973	19	0	0	179822	176673	6163	0
1765	-107	-8	8	26	9109	8205	411233	10	443	410180	7	19667	2	1	0	6515	13	0	3	1420	9	10587	9109	313	1	580	0	60	312	0	18	6963	179718	18973	19	0	0	179772	176673	6163	0
1764	-107	-8	8	26	9029	8205	411107	3	443	410117	7	19661	2	1	0	6514	13	0	3	1420	9	10587	9029	313	1	580	0	60	312	0	18	6963	179718	18973	19	0	0	179722	176673	6163	0
1763	-107	-8	8	26	8949	8205	410959	10	443	409969	7	19652	2	1	0	6511	13	0	3	1420	9	10587	8949	312	0	0	0	0	311	0	18	6963	179626	18913	19	0	0	179672	176673	6163	0
1762	-107	-8	8	26	8869	8205	410896	3	443	409884	7	19649	2	1	0	6509	13	0	3	1420	9	10587	8869	311	0	0	0	0	310	0	18	6963	179046	18853	19	0	0	179622	176673	6163	0
1761	-107	-8	9	26	8789	8203	410748	10	442	409695	7	19640	2	1	0	6506	16	0	3	1417	9	10580	8789	311	0	0	0	0	310	0	18	6963	179046	18853	19	0	0	179572	176673	6163	0
1760	-107	-8	8	26	8709	8203	410622	10	442	409632	7	19634	2	1	0	6505	13	0	3	1417	9	10580	8709	311	0	0	0	0	310	0	18	6963	179046	18853	19	0	0	179522	176673	6163	0
1759	-107	-8	8	26	8629	8203	410496	10	442	409506	7	19628	2	1	0	6503	13	0	3	1417	9	10580	8629	311	0	0	0	0	310	0	18	6963	179046	18853	19	0	0	179472	176673	6163	0
1758	-107	-8	8	26	8549	8203	410370	10	442	409380	7	19622	2	1	0	6501	13	0	3	1417	9	10580	8549	311	0	0	0	0	310	0	18	6963	179046	18853	19	0	0	179422	176673	6163	0
1757	-107	-8	9	26	8389	8201	410181	10	441	409128	7	19613	2	1	0	6497	16	0	3	1414	9	10573	8389	311	0	0	0	0	310	0	18	6963	179046	18853	19	0	0	179322	176673	6163	0
1756	-107	-8	9	26	8309	8201	410055	10	441	409065	7	19607	2	1	0	6496	16	0	3	1414	9	10573	8309	311	0	0	0	0	310	0	18	6963	179046	18853	19	0	0	179272	176673	6163	0
1755	-107	-8	8	26	8229	8201	409929	10	441	408939	7	19601	2	1	0	6494	13	0	3	1414	9	10573	8229	311	0	0	0	0	310	0	18	6963	179046	18853	19	0	0	179222	176673	6163	0
1754	-107	-8	8	26	8149	8201	409803	10	441	408813	7	19595	2	1	0	6492	13	0	3	1414	9	10573	8149	311	1	430	0	60	310	0	18	6963	179046	18853	19	0	0	179172	176673	6163	0
1753	-107	-9	8	26	8069	8199	409677	10	440	408687	7	19589	2	1	0	6490	13	0	3	1411	9	10566	8069	311	1	430	0	60	310	0	18	6963	179046	18853	19	0	0	179122	176673	6163	0
1752	-107	-9	8	26	7989	8199	409614	10	440	408561	7	19586	2	1	0	6488	13	0	3	1411	9	10566	7989	311	0	0	0	0	310	0	18	6963	179046	18853	19	0	0	179072	176673	6163	0
1751	-107	-9	8	26	7909	8199	409466	10	440	408476	7	19577	2	1	0	6486	13	0	3	1411	9	10566	7909	310	0	0	0	0	309	0	18	6963	178616	18793	19	0	0	179022	176673	6163	0
1750	-107	-9	8	26	7829	8199	409340	10	440	408350	7	19571	2	1	0	6484	13	0	3	1411	9	10566	7829	310	0	0	0	0	309	0	18	6963	178616	18793	19	0	0	178972	176673	6163	0
1749	-107	-9	8	26	7749	8199	409277	10	440	408224	7	19568	2	1	0	6482	13	0	3	1411	9	10566	7749	310	0	0	0	0	309	0	18	6963	178616	18793	19	0	0	178922	176673	6163	0
1748	-107	-9	8	26	7669	8197	409088	10	439	408098	7	19559	2	1	0	6480	13	0	3	1408	9	10559	7669	310	0	0	0	0	309	0	18	6963	178616	18793	19	0	0	178872	176673	6163	0
1747	-107	-9	7	26	7509	8197	408899	10	439	407909	7	19550	2	1	0	6477	11	0	3	1408	9	10559	7509	310	1	710	0	60	309	0	18	6963	178616	18793	19	0	0	178772	176673	6163	0
1746	-107	-9	7	26	7429	8197	408773	10	439	407783	7	19544	2	1	0	6475	11	0	3	1408	9	10559	7429	310	1	710	0	60	309	0	18	6963	178616	18793	19	0	0	178722	176673	6163	0
1745	-107	-9	6	26	7349	8197	408647	10	439	407657	7	19538	2	1	0	6473	8	0	3	1408	9	10559	7349	310	0	0	0	0	309	0	18	6963	178616	18793	19	0	0	178672	176673	6163	0
1744	-107	-8	7	26	7269	8195	408521	3	438	407531	7	19532	2	1	0	6471	11	0	3	1405	9	10552	7269	310	0	0	0	0	309	0	18	6963	178616	18793	19	0	0	178622	176673	6163	0
1743	-107	-8	8	26	7189	8195	408373	10	438	407383	7	19523	2	1	0	6468	13	0	3	1405	9	10552	7189	309	0	0	0	0	308	0	18	6963	177906	18733	19	0	0	178572	176673	6163	0
1742	-107	-8	8	26	7109	8195	408247	10	438	407257	7	19517	2	1	0	6466	13	0	3	1405	9	10552	7109	309	0	0	0	0	308	0	18	6963	177906	18733	19	0	0	178522	176673	6163	0
1741	-107	-8	9	26	7029	8195	408184	10	438	407131	7	19514	2	1	0	6464	16	0	3	1405	9	10552	7029	309	0	0	0	0	308	0	18	6963	177906	18733	19	0	0	178472	176673	6163	0
1740	-107	-8	8	26	6949	8195	408058	10	438	407068	7	19508	2	1	0	6463	13	0	3	1405	9	10552	6949	309	0	0	0	0	308	0	18	6963	177906	18733	19	0	0	178422	176673	6163	0
1739	-107	-8	8	26	6868	8193	407932	10	437	406879	7	19502	2	1	0	6460	13	0	3	1402	9	10545	6868	309	0	0	0	0	308	0	18	6963	177906	18733	19	0	0	178371	176673	6163	0
1738	-107	-8	8	26	6789	8193	407806	10	437	406816	7	19496	2	1	0	6459	13	0	3	1402	9	10545	6789	309	0	0	0	0	308	0	18	6963	177906	18733	19	0	0	178322	176673	6163	0
1737	-107	-8	8	26	6629	8193	407554	10	437	406564	7	19484	2	1	0	6455	13	0	3	1402	9	10545	6629	309	0	0	0	0	308	0	18	6963	177906	18733	19	0	0	178222	176673	6163	0
1736	-107	-8	9	26	6549	8191	407491	10	436	406438	7	19481	2	1	0	6453	16	0	3	1399	9	10538	6549	309	0	0	0	0	308	0	18	6963	177906	18733	19	0	0	178172	176673	6163	0
1735	-107	-8	7	26	6469	8191	407302	10	436	406312	7	19472	2	1	0	6451	11	0	3	1399	9	10538	6469	309	0	0	0	0	308	0	18	6963	177906	18733	19	0	0	178122	176673	6163	0
1734	-107	-8	7	26	6389	8191	407239	10	436	406186	7	19469	2	1	0	6449	11	0	3	1399	9	10538	6389	309	1	130	0	60	308	0	18	6963	177906	18733	19	0	0	178072	176673	6163	0
1733	-107	-8	8	26	6309	8191	407113	10	436	406060	7	19463	2	1	0	6447	13	0	3	1399	9	10538	6309	309	1	130	0	60	308	0	18	6963	177906	18733	19	0	0	178022	176673	6163	0
1732	-107	-8	8	26	6229	8191	406987	10	436	405997	7	19457	2	1	0	6446	13	0	3	1399	9	10538	6229	309	0	0	0	0	308	0	18	6963	177906	18733	19	0	0	177972	176673	6163	0
1731	-107	-7	8	26	6149	8189	406798	3	435	405808	7	19448	2	1	0	6443	13	0	3	1396	9	10531	6149	309	0	0	0	0	308	0	18	6963	177906	18733	19	0	0	177922	176673	6163	0
1730	-107	-7	8	26	6069	8189	406650	10	435	405660	7	19439	2	1	0	6440	13	0	3	1396	9	10531	6069	308	2	434	0	120	307	0	18	6963	177776	18673	19	0	0	177872	176673	6163	0
1729	-107	-7	9	26	5989	8189	406524	10	435	405534	7	19433	2	1	0	6438	16	0	3	1396	9	10531	5989	308	2	434	0	120	307	0	18	6963	177776	18673	19	0	0	177822	176673	6163	0
1728	-107	-7	9	26	5909	8189	406461	3	435	405449	7	19430	2	1	0	6436	16	0	3	1396	9	10531	5909	307	0	0	0	0	306	0	18	6963	177726	18613	19	0	0	177772	176673	6163	0
1727	-107	-7	8	26	5749	8187	406102	10	434	405112	7	19409	2	1	0	6430	13	0	3	1393	9	10524	5749	306	0	0	0	0	305	0	18	6963	176908	18553	19	0	0	177672	176673	6163	0
1726	-107	-7	9	26	5669	8187	406039	10	434	404986	7	19406	2	1	0	6428	16	0	3	1393	9	10524	5669	306	0	0	0	0	305	0	18	6963	176908	18553	19	0	0	177622	176673	6163	0
1725	-107	-7	9	26	5589	8187	405913	10	434	404923	7	19400	2	1	0	6427	16	0	3	1393	9	10524	5589	306	0	0	0	0	305	0	18	6963	176908	18553	19	0	0	177572	176673	6163	0
1724	-107	-7	8	26	5509	8187	405787	10	434	404797	7	19394	2	1	0	6425	13	0	3	1393	9	10524	5509	306	0	0	0	0	305	0	18	6963	176908	18553	19	0	0	177522	176673	6163	0
1723	-107	-7	9	26	5428	8187	405661	10	434	404671	7	19388	2	1	0	6423	16	0	3	1393	9	10524	5428	306	0	0	0	0	305	0	18	6963	176908	18553	19	0	0	177471	176673	6163	0
1722	-107	-8	10	26	5349	8185	405535	10	433	404545	7	19382	2	1	0	6421	18	0	3	1390	9	10517	5349	306	0	0	0	0	305	0	18	6963	176908	18553	19	0	0	177422	176673	6163	0
1721	-107	-8	9	26	5269	8185	405409	10	433	404419	7	19376	2	1	0	6419	16	0	3	1390	9	10517	5269	306	0	0	0	0	305	0	18	6963	176908	18553	19	0	0	177372	176673	6163	0
1720	-107	-8	9	26	5189	8185	405283	10	433	404293	7	19370	2	1	0	6417	16	0	3	1390	9	10517	5189	306	0	0	0	0	305	0	18	6963	176908	18553	19	0	0	177322	176673	6163	0
1719	-107	-8	9	26	5109	8185	405220	10	433	404167	7	19367	2	1	0	6415	16	0	3	1390	9	10517	5109	306	0	0	0	0	305	0	18	6963	176908	18553	19	0	0	177272	176673	6163	0
1718	-107	-8	9	26	5029	8185	405094	10	433	404104	7	19361	2	1	0	6414	16	0	3	1390	9	10517	5029	306	0	0	0	0	305	0	18	6963	176908	18553	19	0	0	177222	176673	6163	0
1717	-107	-7	8	26	4869	8183	404842	10	432	403852	7	19349	2	1	0	6410	13	0	3	1387	9	10510	4869	306	0	0	0	0	305	0	18	6963	176908	18553	19	0	0	177122	176673	6163	0
1716	-107	-7	8	26	4789	8183	404716	10	432	403726	7	19343	2	1	0	6408	13	0	3	1387	9	10510	4789	306	1	200	0	60	305	0	18	6963	176908	18553	19	0	0	177072	176673	6163	0
1715	-107	-7	8	26	4709	8183	404590	10	432	403600	7	19337	2	1	0	6406	13	0	3	1387	9	10510	4709	306	1	200	0	60	305	0	18	6963	176908	18553	19	0	0	177022	176673	6163	0
1714	-107	-7	8	26	4629	8181	404527	10	431	403474	7	19334	2	1	0	6404	13	0	3	1384	9	10503	4629	306	0	0	0	0	305	0	18	6963	176908	18553	19	0	0	176972	176673	6163	0
1713	-107	-7	9	26	4549	8181	404338	10	431	403348	7	19325	2	1	0	6402	16	0	3	1384	9	10503	4549	306	0	0	0	0	305	0	18	6963	176908	18553	19	0	0	176922	176673	6163	0
1712	-107	-7	9	26	4469	8181	404212	10	431	403159	7	19319	2	1	0	6399	16	0	3	1384	9	10503	4469	305	1	90	0	60	304	0	18	6963	176708	18493	19	0	0	176872	176673	6163	0
1711	-107	-7	9	26	4389	8181	404086	10	431	403033	7	19313	2	1	0	6397	16	0	3	1384	9	10503	4389	305	1	90	0	60	304	0	18	6963	176708	18493	19	0	0	176822	176673	6163	0
1710	-107	-7	10	26	4309	8181	403960	10	431	402970	7	19307	2	1	0	6396	18	0	3	1384	9	10503	4309	305	1	462	0	70	304	379	18	6963	176708	18493	19	1	9976	176772	176673	6163	0
1709	-107	-7	8	26	4229	8179	403771	10	430	402781	389	19298	383	3	0	6393	13	14	12	1381	9	10496	4229	305	1	462	0	70	304	379	18	6963	176708	18493	19	1	9976	176722	176673	6163	0
1708	-107	-7	9	26	4149	7796	403645	10	429	402592	7	19292	2	1	0	6390	16	0	3	1369	9	10107	4149	304	0	0	0	0	303	0	17	6584	176618	18433	18	0	0	176672	166697	6163	0
1707	-107	-7	9	27	3989	7796	403371	10	429	402381	7	19277	2	1	0	6386	16	0	3	1369	9	10107	3989	303	0	0	0	0	302	0	17	6584	176156	18363	18	0	0	176572	166697	6163	0
1706	-107	-7	9	27	3909	7796	403308	10	429	402255	7	19274	2	1	0	6384	16	0	3	1369	9	10107	3909	303	0	0	0	0	302	0	17	6584	176156	18363	18	0	0	176522	166697	6163	0
1705	-107	-8	9	27	3829	7794	403119	10	428	402129	7	19265	2	1	0	6382	16	0	3	1366	9	10100	3829	303	0	0	0	0	302	0	17	6584	176156	18363	18	0	0	176472	166697	6163	0
1704	-107	-8	9	27	3749	7794	403056	10	428	402003	7	19262	2	1	0	6380	16	0	3	1366	9	10100	3749	303	0	0	0	0	302	0	17	6584	176156	18363	18	0	0	176422	166697	6163	0
1703	-107	-8	8	27	3669	7794	402930	10	428	401940	7	19256	2	1	0	6379	13	0	3	1366	9	10100	3669	303	0	0	0	0	302	0	17	6584	176156	18363	18	0	0	176372	166697	6163	0
1702	-107	-8	8	27	3589	7794	402804	10	428	401814	7	19250	2	1	0	6377	13	0	3	1366	9	10100	3589	303	0	0	0	0	302	0	17	6584	176156	18363	18	0	0	176322	166697	6163	0
1701	-107	-8	8	27	3509	7794	402678	10	428	401688	7	19244	2	1	0	6375	13	0	3	1366	9	10100	3509	303	2	1005	0	120	302	0	17	6584	176156	18363	18	0	0	176272	166697	6163	0
1700	-107	-7	9	27	3429	7792	402552	10	427	401562	7	19238	2	1	0	6373	16	0	3	1363	9	10093	3429	303	2	1005	0	120	302	0	17	6584	176156	18363	18	0	0	176222	166697	6163	0
1699	-107	-7	8	25	3349	7792	402426	11	427	401436	7	19232	2	1	0	6371	13	0	3	1363	9	10093	3349	303	0	0	0	0	302	0	17	6584	176156	18363	18	0	0	176172	166697	6163	0
1698	-107	-7	8	27	3269	7792	402215	10	427	401225	7	19222	2	1	0	6368	13	0	3	1363	9	10093	3269	301	0	0	0	0	300	0	17	6584	174146	18243	18	0	0	176122	166697	6163	0
1697	-107	-7	9	27	3109	7792	402026	10	427	401036	7	19213	2	1	0	6365	16	0	3	1363	9	10093	3109	301	0	0	0	0	300	0	17	6584	174146	18243	18	0	0	176022	166697	6163	0
1696	-107	-7	9	27	3029	7790	401900	10	426	400847	7	19207	2	1	0	6362	16	0	3	1360	9	10086	3029	301	0	0	0	0	300	0	17	6584	174146	18243	18	0	0	175972	166697	6163	0
1695	-107	-7	9	27	2949	7790	401774	10	426	400784	7	19201	2	1	0	6361	16	0	3	1360	9	10086	2949	301	0	0	0	0	300	0	17	6584	174146	18243	18	0	0	175922	166697	6163	0
1694	-107	-7	9	27	2869	7790	401648	10	426	400658	7	19195	2	1	0	6359	16	0	3	1360	9	10086	2869	301	0	0	0	0	300	0	17	6584	174146	18243	18	0	0	175872	166697	6163	0
1693	-107	-7	9	27	2789	7790	401522	10	426	400532	7	19189	2	1	0	6357	16	0	3	1360	9	10086	2789	301	0	0	0	0	300	0	17	6584	174146	18243	18	0	0	175822	166697	6163	0
1692	-107	-8	8	27	2709	7788	401459	10	425	400406	7	19186	2	1	0	6355	13	0	3	1357	9	10079	2709	301	0	0	0	0	300	0	17	6584	174146	18243	18	0	0	175772	166697	6163	0
1691	-107	-8	9	27	2629	7788	401270	10	425	400280	7	19177	2	1	0	6353	16	0	3	1357	9	10079	2629	301	0	0	0	0	300	0	17	6584	174146	18243	18	0	0	175722	166697	6163	0
1690	-107	-8	8	27	2549	7788	401207	10	425	400154	7	19174	2	1	0	6351	13	0	3	1357	9	10079	2549	301	0	0	0	0	300	0	17	6584	174146	18243	18	0	0	175672	166697	6163	0
1689	-107	-8	9	27	2469	7788	401081	10	425	400028	7	19168	2	1	0	6349	16	0	3	1357	9	10079	2469	301	0	0	0	0	300	0	17	6584	174146	18243	18	0	0	175622	166697	6163	0
1688	-107	-8	9	27	2389	7788	400955	10	425	399965	7	19162	2	1	0	6348	16	0	3	1357	9	10079	2389	301	0	0	0	0	300	0	17	6584	174146	18243	18	0	0	175572	166697	6163	0
1687	-107	-8	8	27	2229	7786	400703	10	424	399713	7	19150	2	1	0	6344	13	0	3	1354	9	10072	2229	301	0	0	0	0	300	0	17	6584	174146	18243	18	0	0	175472	166697	6163	0
1686	-107	-8	8	27	2149	7786	400577	10	424	399587	7	19144	2	1	0	6342	13	0	3	1354	9	10072	2149	301	0	0	0	0	300	0	17	6584	174146	18243	18	0	0	175422	166697	6163	0
1685	-107	-8	8	26	2069	7786	400451	10	424	399461	7	19138	2	1	0	6340	13	0	3	1354	9	10072	2069	301	0	0	0	0	300	0	17	6584	174146	18243	18	0	0	175372	166697	6163	0
1684	-107	-8	8	25	1989	7786	400388	10	424	399335	7	19135	2	1	0	6338	13	0	3	1354	9	10072	1989	301	0	0	0	0	300	0	17	6584	174146	18243	18	0	0	175322	166697	6163	0
1683	-107	-8	9	26	1909	7784	400199	10	423	399209	7	19126	2	1	0	6336	16	0	3	1351	9	10065	1909	301	0	0	0	0	300	0	17	6584	174146	18243	18	0	0	175272	166697	6163	0
1682	-107	-8	8	26	1829	7784	400136	10	423	399083	7	19123	2	1	0	6334	13	0	3	1351	9	10065	1829	301	0	0	0	0	300	0	17	6584	174146	18243	18	0	0	175222	166697	6163	0
1681	-107	-8	8	26	1749	7784	400010	10	423	399020	7	19117	2	1	0	6333	13	0	3	1351	9	10065	1749	301	0	0	0	0	300	0	17	6584	174146	18243	18	0	0	175172	166697	6163	0
1680	-107	-8	7	26	1669	7784	399884	10	423	398894	7	19111	2	1	0	6331	11	0	3	1351	9	10065	1669	301	0	0	0	0	300	0	17	6584	174146	18243	18	0	0	175122	166697	6163	0
1679	-107	-8	7	26	1589	7784	399758	10	423	398768	7	19105	2	1	0	6329	11	0	3	1351	9	10065	1589	301	0	0	0	0	300	0	17	6584	174146	18243	18	0	0	175072	166697	6163	0
1678	-107	-7	9	26	1429	7782	399506	10	422	398516	7	19093	2	1	0	6325	16	0	3	1348	9	10058	1429	301	0	0	0	0	300	0	17	6584	174146	18243	18	0	0	174972	166697	6163	0
1677	-107	-7	9	26	1349	7782	399380	10	422	398390	7	19087	2	1	0	6323	16	0	3	1348	9	10058	1349	301	0	0	0	0	300	0	17	6584	174146	18243	18	0	0	174922	166697	6163	0
1676	-107	-7	8	26	1269	7782	399317	10	422	398264	7	19084	2	1	0	6321	13	0	3	1348	9	10058	1269	301	0	0	0	0	300	0	17	6584	174146	18243	18	0	0	174872	166697	6163	0
1675	-107	-7	8	26	1189	7782	399191	10	422	398201	7	19078	2	1	0	6320	13	0	3	1348	9	10058	1189	301	0	0	0	0	300	0	17	6584	174146	18243	18	0	0	174822	166697	6163	0
1674	-107	-8	9	26	1109	7780	399065	10	421	398012	7	19072	2	1	0	6317	16	0	3	1345	9	10051	1109	301	0	0	0	0	300	0	17	6584	174146	18243	18	0	0	174772	166697	6163	0
1673	-107	-8	9	26	1029	7780	398939	10	421	397949	7	19066	2	1	0	6316	16	0	3	1345	9	10051	1029	301	0	0	0	0	300	0	17	6584	174146	18243	18	0	0	174722	166697	6163	0
1672	-107	-8	8	26	949	7780	398813	10	421	397823	7	19060	2	1	0	6314	13	0	3	1345	9	10051	949	301	0	0	0	0	300	0	17	6584	174146	18243	18	0	0	174672	166697	6163	0
1671	-107	-8	9	26	869	7780	398687	10	421	397697	7	19054	2	1	0	6312	16	0	3	1345	9	10051	869	301	0	0	0	0	300	0	17	6584	174146	18243	18	0	0	174622	166697	6163	0
1670	-107	-8	8	26	789	7778	398624	10	420	397571	7	19051	2	1	0	6310	13	0	3	1342	9	10044	789	301	0	0	0	0	300	0	17	6584	174146	18243	18	0	0	174572	166697	6163	0
1669	-107	-8	8	26	709	7778	398435	10	420	397445	7	19042	2	1	0	6308	13	0	3	1342	9	10044	709	301	0	0	0	0	300	0	17	6584	174146	18243	18	0	0	174522	166697	6163	0
1668	-107	-8	7	26	549	7778	398246	10	420	397193	7	19033	2	1	0	6304	11	0	3	1342	9	10044	549	301	0	0	0	0	300	0	17	6584	174146	18243	18	0	0	174422	166697	6163	0
1667	-107	-8	8	26	469	7778	398120	10	420	397130	7	19027	2	1	0	6303	13	0	3	1342	9	10044	469	301	0	0	0	0	300	0	17	6584	174146	18243	18	0	0	174372	166697	6163	0
1666	-107	-7	8	26	389	7776	397994	10	419	397004	7	19021	2	1	0	6301	13	0	3	1339	9	10037	389	301	0	0	0	0	300	0	17	6584	174146	18243	18	0	0	174322	166697	6163	0
1665	-107	-7	8	26	309	7776	397868	10	419	396878	7	19015	2	1	0	6299	13	0	3	1339	9	10037	309	301	2	190	0	120	300	0	17	6584	174146	18243	18	0	0	174272	166697	6163	0
1664	-107	-7	8	26	229	7776	397742	10	419	396752	7	19009	2	1	0	6297	13	0	3	1339	9	10037	229	301	2	190	0	120	300	0	17	6584	174146	18243	18	0	0	174222	166697	6163	0
1663	-107	-7	9	24	149	7776	397679	10	419	396626	7	19006	2	1	0	6295	16	0	3	1339	9	10037	149	301	0	0	0	0	300	0	17	6584	174146	18243	18	0	0	174172	166697	6163	0
1662	-107	-7	8	26	69	7776	397468	10	419	396415	7	18996	2	1	0	6292	13	0	3	1339	9	10037	69	299	0	0	0	0	298	0	17	6584	173766	18123	18	0	0	174122	166697	6163	0
1661	-107	-7	9	26	16373	7774	397342	10	418	396289	7	18990	2	1	0	6290	16	0	3	1336	9	10030	16373	299	0	0	0	0	298	0	17	6584	173766	18123	18	0	0	174072	166697	6163	0
1660	-107	-7	9	26	16293	7774	397216	10	418	396226	7	18984	2	1	0	6289	16	0	3	1336	9	10030	16293	299	0	0	0	0	298	0	17	6584	173766	18123	18	0	0	174022	166697	6163	0
1659	-107	-7	9	26	16213	7774	397090	10	418	396100	7	18978	2	1	0	6287	16	0	3	1336	9	10030	16213	299	0	0	0	0	298	0	17	6584	173766	18123	18	0	0	173972	166697	6163	0
1658	-107	-7	9	26	16053	7774	396901	10	418	395848	7	18969	2	1	0	6283	16	0	3	1336	9	10030	16053	299	2	310	0	120	298	0	17	6584	173766	18123	18	0	0	173872	166697	6163	0
1657	-107	-7	8	26	15973	7772	396775	10	417	395722	7	18963	2	1	0	6281	13	0	3	1333	9	10023	15973	299	2	310	0	120	298	0	17	6584	173766	18123	18	0	0	173822	166697	6163	0
1656	-107	-7	8	26	15893	7772	396649	12	417	395659	7	18957	2	1	0	6280	13	0	3	1333	9	10023	15893	299	0	0	0	0	298	0	17	6584	173766	18123	18	0	0	173772	166697	6163	0
1655	-107	-7	9	26	15813	7772	396426	10	417	395436	7	18947	2	1	0	6277	16	0	3	1333	9	10023	15813	297	0	0	0	0	296	0	17	6584	173146	18003	18	0	0	173722	166697	6163	0
1654	-107	-7	9	26	15733	7772	396363	10	417	395310	7	18944	2	1	0	6275	16	0	3	1333	9	10023	15733	297	0	0	0	0	296	0	17	6584	173146	18003	18	0	0	173672	166697	6163	0
1653	-107	-7	9	26	15651	7772	396237	10	417	395247	7	18938	2	1	0	6274	16	0	3	1333	9	10023	15651	297	0	0	0	0	296	0	17	6584	173146	18003	18	0	0	173620	166697	6163	0
1652	-107	-7	9	26	15573	7770	396111	10	416	395121	7	18932	2	1	0	6272	16	0	3	1330	9	10016	15573	297	0	0	0	0	296	0	17	6584	173146	18003	18	0	0	173572	166697	6163	0
1651	-107	-7	9	26	15493	7770	395985	10	416	394995	7	18926	2	1	0	6270	16	0	3	1330	9	10016	15493	297	0	0	0	0	296	0	17	6584	173146	18003	18	0	0	173522	166697	6163	0
1650	-107	-7	9	26	15411	7770	395859	10	416	394869	7	18920	2	1	0	6268	16	0	3	1330	9	10016	15411	297	0	0	0	0	296	0	17	6584	173146	18003	18	0	0	173470	166697	6163	0
1649	-107	-7	8	26	15332	7770	395796	10	416	394743	7	18917	2	1	0	6266	13	0	3	1330	9	10016	15332	297	0	0	0	0	296	0	17	6584	173146	18003	18	0	0	173421	166697	6163	0
1648	-107	-7	9	26	15173	7768	395544	10	415	394554	7	18905	2	1	0	6263	16	0	3	1327	9	10009	15173	297	0	0	0	0	296	0	17	6584	173146	18003	18	0	0	173322	166697	6163	0
1647	-107	-7	9	26	15093	7768	395418	10	415	394428	7	18899	2	1	0	6261	16	0	3	1327	9	10009	15093	297	2	695	0	120	296	0	17	6584	173146	18003	18	0	0	173272	166697	6163	0
1646	-107	-7	9	26	15013	7768	395292	10	415	394302	7	18893	2	1	0	6259	16	0	3	1327	9	10009	15013	297	2	695	0	120	296	0	17	6584	173146	18003	18	0	0	173222	166697	6163	0
1645	-107	-7	9	22	14933	7768	395229	10	415	394176	7	18890	2	1	0	6257	16	0	3	1327	9	10009	14933	297	0	0	0	0	296	0	17	6584	173146	18003	18	0	0	173172	166697	6163	0
1644	-107	-7	9	26	14853	7766	394990	10	414	393937	7	18880	2	1	0	6254	16	0	3	1324	9	10002	14853	295	0	0	0	0	294	0	17	6584	171756	17883	18	0	0	173122	166697	6163	0
1643	-107	-7	9	26	14773	7766	394864	10	414	393874	7	18874	2	1	0	6253	16	0	3	1324	9	10002	14773	295	0	0	0	0	294	0	17	6584	171756	17883	18	0	0	173072	166697	6163	0
1642	-107	-7	8	26	14693	7766	394738	10	414	393748	7	18868	2	1	0	6251	13	0	3	1324	9	10002	14693	295	0	0	0	0	294	0	17	6584	171756	17883	18	0	0	173022	166697	6163	0
1641	-107	-7	9	26	14613	7766	394612	10	414	393622	7	18862	2	1	0	6249	16	0	3	1324	9	10002	14613	295	0	0	0	0	294	0	17	6584	171756	17883	18	0	0	172972	166697	6163	0
1640	-107	-7	9	26	14533	7766	394549	10	414	393496	7	18859	2	1	0	6247	16	0	3	1324	9	10002	14533	295	0	0	0	0	294	0	17	6584	171756	17883	18	0	0	172922	166697	6163	0
1639	-107	-7	10	26	14453	7764	394360	10	413	393370	7	18850	2	1	0	6245	18	0	3	1321	9	9995	14453	295	0	0	0	0	294	0	17	6584	171756	17883	18	0	0	172872	166697	6163	0
1638	-107	-7	9	26	14293	7764	394171	10	413	393181	7	18841	2	1	0	6242	16	0	3	1321	9	9995	14293	295	0	0	0	0	294	0	17	6584	171756	17883	18	0	0	172772	166697	6163	0
1637	-107	-7	10	26	14213	7764	394045	10	413	393055	7	18835	2	1	0	6240	18	0	3	1321	9	9995	14213	295	0	0	0	0	294	0	17	6584	171756	17883	18	0	0	172722	166697	6163	0
1636	-107	-7	10	26	14133	7764	393919	10	413	392929	7	18829	2	1	0	6238	18	0	3	1321	9	9995	14133	295	0	0	0	0	294	0	17	6584	171756	17883	18	0	0	172672	166697	6163	0
1635	-107	-7	10	26	14053	7762	393793	10	412	392803	7	18823	2	1	0	6236	18	0	3	1318	9	9988	14053	295	0	0	0	0	294	0	17	6584	171756	17883	18	0	0	172622	166697	6163	0
1634	-107	-7	9	26	13973	7762	393667	10	412	392677	7	18817	2	1	0	6234	16	0	3	1318	9	9988	13973	295	0	0	0	0	294	0	17	6584	171756	17883	18	0	0	172572	166697	6163	0
1633	-107	-7	10	26	13893	7762	393541	10	412	392551	7	18811	2	1	0	6232	18	0	3	1318	9	9988	13893	295	0	0	0	0	294	0	17	6584	171756	17883	18	0	0	172522	166697	6163	0
1632	-107	-7	9	26	13813	7762	393478	10	412	392425	7	18808	2	1	0	6230	16	0	3	1318	9	9988	13813	295	0	0	0	0	294	0	17	6584	171756	17883	18	0	0	172472	166697	6163	0
1631	-107	-7	9	26	13733	7762	393352	10	412	392362	7	18802	2	1	0	6229	16	0	3	1318	9	9988	13733	295	0	0	0	0	294	0	17	6584	171756	17883	18	0	0	172422	166697	6163	0
1630	-107	-8	8	26	13653	7760	393226	10	411	392173	7	18796	2	1	0	6226	13	0	3	1315	9	9981	13653	295	0	0	0	0	294	0	17	6584	171756	17883	18	0	0	172372	166697	6163	0
1629	-107	-8	8	26	13573	7760	393100	10	411	392110	7	18790	2	1	0	6225	13	0	3	1315	9	9981	13573	295	0	0	0	0	294	0	17	6584	171756	17883	18	0	0	172322	166697	6163	0
1628	-107	-8	9	26	13413	7760	392848	10	411	391858	7	18778	2	1	0	6221	16	0	3	1315	9	9981	13413	295	0	0	0	0	294	0	17	6584	171756	17883	18	0	0	172222	166697	6163	0
1627	-107	-8	9	26	13333	7758	392785	10	410	391732	7	18775	2	1	0	6219	16	0	3	1312	9	9974	13333	295	0	0	0	0	294	0	17	6584	171756	17883	18	0	0	172172	166697	6163	0
1626	-107	-8	8	26	13253	7758	392596	10	410	391606	7	18766	2	1	0	6217	13	0	3	1312	9	9974	13253	295	0	0	0	0	294	0	17	6584	171756	17883	18	0	0	172122	166697	6163	0
1625	-107	-8	9	26	13173	7758	392533	10	410	391480	7	18763	2	1	0	6215	16	0	3	1312	9	9974	13173	295	0	0	0	0	294	0	17	6584	171756	17883	18	0	0	172072	166697	6163	0
1624	-107	-8	9	26	13093	7758	392407	10	410	391354	7	18757	2	1	0	6213	16	0	3	1312	9	9974	13093	295	0	0	0	0	294	0	17	6584	171756	17883	18	0	0	172022	166697	6163	0
1623	-107	-8	8	26	13013	7758	392281	10	410	391291	7	18751	2	1	0	6212	13	0	3	1312	9	9974	13013	295	0	0	0	0	294	0	17	6584	171756	17883	18	0	0	171972	166697	6163	0
1622	-107	-8	8	26	12933	7756	392155	10	409	391102	7	18745	2	1	0	6209	13	0	3	1309	9	9967	12933	295	0	0	0	0	294	0	17	6584	171756	17883	18	0	0	171922	166697	6163	0
1621	-107	-8	8	26	12853	7756	392029	10	409	391039	7	18739	2	1	0	6208	13	0	3	1309	9	9967	12853	295	1	1000	0	60	294	0	17	6584	171756	17883	18	0	0	171872	166697	6163	0
1620	-107	-8	9	26	12773	7756	391903	10	409	390913	7	18733	2	1	0	6206	16	0	3	1309	9	9967	12773	295	1	1000	0	60	294	0	17	6584	171756	17883	18	0	0	171822	166697	6163	0
1619	-107	-8	8	26	12693	7756	391777	3	409	390787	7	18727	2	1	0	6204	13	0	3	1309	9	9967	12693	295	0	0	0	0	294	0	17	6584	171756	17883	18	0	0	171772	166697	6163	0
1618	-107	-8	7	26	12533	7754	391503	10	408	390513	7	18712	2	1	0	6199	11	0	3	1306	9	9960	12533	294	0	0	0	0	293	0	17	6584	170756	17823	18	0	0	171672	166697	6163	0
1617	-107	-8	9	26	12453	7754	391440	10	408	390387	7	18709	2	1	0	6197	16	0	3	1306	9	9960	12453	294	0	0	0	0	293	0	17	6584	170756	17823	18	0	0	171622	166697	6163	0
1616	-107	-8	9	26	12373	7754	391314	10	408	390324	7	18703	2	1	0	6196	16	0	3	1306	9	9960	12373	294	0	0	0	0	293	0	17	6584	170756	17823	18	0	0	171572	166697	6163	0
1615	-107	-8	9	26	12293	7754	391188	10	408	390198	7	18697	2	1	0	6194	16	0	3	1306	9	9960	12293	294	0	0	0	0	293	0	17	6584	170756	17823	18	0	0	171522	166697	6163	0
1614	-107	-8	8	26	12212	7754	391062	10	408	390072	7	18691	2	1	0	6192	13	0	3	1306	9	9960	12212	294	0	0	0	0	293	0	17	6584	170756	17823	18	0	0	171471	166697	6163	0
1613	-107	-8	8	26	12133	7752	390936	10	407	389946	7	18685	2	1	0	6190	13	0	3	1303	9	9953	12133	294	0	0	0	0	293	0	17	6584	170756	17823	18	0	0	171422	166697	6163	0
1612	-107	-8	8	26	12053	7752	390810	10	407	389820	7	18679	2	1	0	6188	13	0	3	1303	9	9953	12053	294	0	0	0	0	293	0	17	6584	170756	17823	18	0	0	171372	166697	6163	0
1611	-107	-8	8	26	11973	7752	390684	10	407	389694	7	18673	2	1	0	6186	13	0	3	1303	9	9953	11973	294	0	0	0	0	293	0	17	6584	170756	17823	18	0	0	171322	166697	6163	0
1610	-107	-8	8	26	11893	7752	390621	10	407	389568	7	18670	2	1	0	6184	13	0	3	1303	9	9953	11893	294	0	0	0	0	293	0	17	6584	170756	17823	18	0	0	171272	166697	6163	0
1609	-107	-8	8	26	11813	7752	390495	10	407	389505	7	18664	2	1	0	6183	13	0	3	1303	9	9953	11813	294	0	0	0	0	293	0	17	6584	170756	17823	18	0	0	171222	166697	6163	0
1608	-107	-7	8	26	11653	7750	390243	10	406	389253	7	18652	2	1	0	6179	13	0	3	1300	9	9946	11653	294	0	0	0	0	293	0	17	6584	170756	17823	18	0	0	171122	166697	6163	0
1607	-107	-7	8	26	11573	7750	390117	10	406	389127	7	18646	2	1	0	6177	13	0	3	1300	9	9946	11573	294	0	0	0	0	293	0	17	6584	170756	17823	18	0	0	171072	166697	6163	0
1606	-107	-7	9	26	11493	7750	389991	10	406	389001	7	18640	2	1	0	6175	16	0	3	1300	9	9946	11493	294	0	0	0	0	293	0	17	6584	170756	17823	18	0	0	171022	166697	6163	0
1605	-107	-6	9	26	11413	7748	389928	10	405	388875	7	18637	2	1	0	6173	16	0	3	1297	9	9939	11413	294	0	0	0	0	293	0	17	6584	170756	17823	18	0	0	170972	166697	6163	0
1604	-107	-6	8	26	11333	7748	389802	10	405	388749	7	18631	2	1	0	6171	13	0	3	1297	9	9939	11333	294	0	0	0	0	293	0	17	6584	170756	17823	18	0	0	170922	166697	6163	0
1603	-107	-6	8	26	11253	7748	389676	10	405	388686	7	18625	2	1	0	6170	13	0	3	1297	9	9939	11253	294	1	990	0	60	293	0	17	6584	170756	17823	18	0	0	170872	166697	6163	0
1602	-107	-6	8	26	11173	7748	389550	10	405	388560	7	18619	2	1	0	6168	13	0	3	1297	9	9939	11173	294	1	990	0	60	293	0	17	6584	170756	17823	18	0	0	170822	166697	6163	0
1601	-107	-6	8	26	11093	7748	389424	3	405	388434	7	18613	2	1	0	6166	13	0	3	1297	9	9939	11093	294	0	0	0	0	293	0	17	6584	170756	17823	18	0	0	170772	166697	6163	0
1600	-107	-7	9	26	11013	7746	389276	10	404	388223	7	18604	2	1	0	6162	16	0	3	1294	9	9932	11013	293	0	0	0	0	292	0	17	6584	169766	17763	18	0	0	170722	166697	6163	0
1599	-107	-7	9	26	10933	7746	389150	10	404	388160	7	18598	2	1	0	6161	16	0	3	1294	9	9932	10933	293	0	0	0	0	292	0	17	6584	169766	17763	18	0	0	170672	166697	6163	0
1598	-107	-7	10	26	10773	7746	388898	10	404	387908	7	18586	2	1	0	6157	18	0	3	1294	9	9932	10773	293	0	0	0	0	292	0	17	6584	169766	17763	18	0	0	170572	166697	6163	0
1597	-107	-7	10	26	10693	7746	388835	10	404	387782	7	18583	2	1	0	6155	18	0	3	1294	9	9932	10693	293	0	0	0	0	292	0	17	6584	169766	17763	18	0	0	170522	166697	6163	0
1596	-107	-7	9	26	10613	7744	388646	10	403	387656	7	18574	2	1	0	6153	16	0	3	1291	9	9925	10613	293	0	0	0	0	292	0	17	6584	169766	17763	18	0	0	170472	166697	6163	0
1595	-107	-7	8	26	10533	7744	388583	10	403	387530	7	18571	2	1	0	6151	13	0	3	1291	9	9925	10533	293	0	0	0	0	292	0	17	6584	169766	17763	18	0	0	170422	166697	6163	0
1594	-107	-7	9	26	10453	7744	388457	10	403	387467	7	18565	2	1	0	6150	16	0	3	1291	9	9925	10453	293	0	0	0	0	292	0	17	6584	169766	17763	18	0	0	170372	166697	6163	0
1593	-107	-7	9	26	10373	7744	388331	10	403	387341	7	18559	2	1	0	6148	16	0	3	1291	9	9925	10373	293	0	0	0	0	292	0	17	6584	169766	17763	18	0	0	170322	166697	6163	0
1592	-107	-7	9	26	10293	7744	388205	10	403	387215	7	18553	2	1	0	6146	16	0	3	1291	9	9925	10293	293	0	0	0	0	292	0	17	6584	169766	17763	18	0	0	170272	166697	6163	0
1591	-107	-7	9	26	10213	7742	388079	10	402	387089	7	18547	2	1	0	6144	16	0	3	1288	9	9918	10213	293	0	0	0	0	292	0	17	6584	169766	17763	18	0	0	170222	166697	6163	0
1590	-107	-7	8	26	10133	7742	387953	10	402	386963	7	18541	2	1	0	6142	13	0	3	1288	9	9918	10133	293	0	0	0	0	292	0	17	6584	169766	17763	18	0	0	170172	166697	6163	0
1589	-107	-7	9	26	10053	7742	387827	10	402	386837	7	18535	2	1	0	6140	16	0	3	1288	9	9918	10053	293	0	0	0	0	292	0	17	6584	169766	17763	18	0	0	170122	166697	6163	0
1588	-107	-7	9	26	9893	7742	387638	10	402	386648	7	18526	2	1	0	6137	16	0	3	1288	9	9918	9893	293	0	0	0	0	292	0	17	6584	169766	17763	18	0	0	170022	166697	6163	0
1587	-107	-8	9	26	9813	7740	387512	10	401	386522	7	18520	2	1	0	6135	16	0	3	1285	9	9911	9813	293	0	0	0	0	292	0	17	6584	169766	17763	18	0	0	169972	166697	6163	0
1586	-107	-8	10	26	9733	7740	387386	10	401	386396	7	18514	2	1	0	6133	18	0	3	1285	9	9911	9733	293	0	0	0	0	292	0	17	6584	169766	17763	18	0	0	169922	166697	6163	0
1585	-107	-8	9	26	9653	7740	387260	10	401	386270	7	18508	2	1	0	6131	16	0	3	1285	9	9911	9653	293	1	1604	0	60	292	0	17	6584	169766	17763	18	0	0	169872	166697	6163	0
1584	-107	-8	8	26	9573	7740	387134	10	401	386144	7	18502	2	1	0	6129	13	0	3	1285	9	9911	9573	293	1	1604	0	60	292	0	17	6584	169766	17763	18	0	0	169822	166697	6163	0
1583	-107	-8	7	26	9493	7740	387071	3	401	386059	7	18499	2	1	0	6127	11	0	3	1285	9	9911	9493	293	0	0	0	0	292	0	17	6584	169766	17763	18	0	0	169772	166697	6163	0
1582	-107	-7	7	26	9413	7738	386901	10	400	385911	7	18487	2	1	0	6124	11	0	3	1282	9	9904	9413	292	0	0	0	0	291	0	17	6584	168162	17703	18	0	0	169722	166697	6163	0
1581	-107	-7	9	26	9333	7738	386838	10	400	385785	7	18484	2	1	0	6122	16	0	3	1282	9	9904	9333	292	0	0	0	0	291	0	17	6584	168162	17703	18	0	0	169672	166697	6163	0
1580	-107	-7	9	26	9253	7738	386712	10	400	385659	7	18478	2	1	0	6120	16	0	3	1282	9	9904	9253	292	0	0	0	0	291	0	17	6584	168162	17703	18	0	0	169622	166697	6163	0
1579	-107	-7	10	26	9173	7738	386586	10	400	385596	7	18472	2	1	0	6119	18	0	3	1282	9	9904	9173	292	0	0	0	0	291	0	17	6584	168162	17703	18	0	0	169572	166697	6163	0
1578	-107	-8	10	26	9013	7736	386334	10	399	385344	7	18460	2	1	0	6115	18	0	3	1279	9	9897	9013	292	0	0	0	0	291	0	17	6584	168162	17703	18	0	0	169472	166697	6163	0
1577	-107	-8	9	26	8933	7736	386208	10	399	385218	7	18454	2	1	0	6113	16	0	3	1279	9	9897	8933	292	0	0	0	0	291	0	17	6584	168162	17703	18	0	0	169422	166697	6163	0
1576	-107	-8	9	26	8853	7736	386082	10	399	385092	7	18448	2	1	0	6111	16	0	3	1279	9	9897	8853	292	0	0	0	0	291	0	17	6584	168162	17703	18	0	0	169372	166697	6163	0
1575	-107	-8	9	26	8773	7736	386019	10	399	384966	7	18445	2	1	0	6109	16	0	3	1279	9	9897	8773	292	0	0	0	0	291	0	17	6584	168162	17703	18	0	0	169322	166697	6163	0
1574	-107	-8	8	26	8692	7734	385830	10	398	384840	7	18436	2	1	0	6107	13	0	3	1276	9	9890	8692	292	0	0	0	0	291	0	17	6584	168162	17703	18	0	0	169271	166697	6163	0
1573	-107	-8	8	26	8612	7734	385767	10	398	384714	7	18433	2	1	0	6105	13	0	3	1276	9	9890	8612	292	0	0	0	0	291	0	17	6584	168162	17703	18	0	0	169221	166697	6163	0
1572	-107	-8	8	26	8533	7734	385641	10	398	384651	7	18427	2	1	0	6104	13	0	3	1276	9	9890	8533	292	0	0	0	0	291	0	17	6584	168162	17703	18	0	0	169172	166697	6163	0
1571	-107	-8	8	26	8453	7734	385515	10	398	384525	7	18421	2	1	0	6102	13	0	3	1276	9	9890	8453	292	0	0	0	0	291	0	17	6584	168162	17703	18	0	0	169122	166697	6163	0
1570	-107	-8	8	26	8372	7734	385389	10	398	384399	7	18415	2	1	0	6100	13	0	3	1276	9	9890	8372	292	0	0	0	0	291	0	17	6584	168162	17703	18	0	0	169071	166697	6163	0
1569	-107	-9	8	26	8293	7732	385263	10	397	384273	7	18409	2	1	0	6098	13	0	3	1273	9	9883	8293	292	0	0	0	0	291	0	17	6584	168162	17703	18	0	0	169022	166697	6163	0
1568	-107	-9	8	26	8133	7732	385011	10	397	384021	7	18397	2	1	0	6094	13	0	3	1273	9	9883	8133	292	0	0	0	0	291	0	17	6584	168162	17703	18	0	0	168922	166697	6163	0
1567	-107	-9	7	26	8053	7732	384948	10	397	383895	7	18394	2	1	0	6092	11	0	3	1273	9	9883	8053	292	0	0	0	0	291	0	17	6584	168162	17703	18	0	0	168872	166697	6163	0
1566	-107	-9	7	26	7973	7732	384822	10	397	383832	7	18388	2	1	0	6091	11	0	3	1273	9	9883	7973	292	0	0	0	0	291	0	17	6584	168162	17703	18	0	0	168822	166697	6163	0
1565	-106	-8	7	26	7893	7730	384696	10	396	383643	7	18382	2	1	0	6088	11	0	3	1270	9	9876	7893	292	0	0	0	0	291	0	17	6584	168162	17703	18	0	0	168772	166697	6163	0
1564	-106	-8	7	26	7813	7730	384570	10	396	383580	7	18376	2	1	0	6087	11	0	3	1270	9	9876	7813	292	0	0	0	0	291	0	17	6584	168162	17703	18	0	0	168722	166697	6163	0
1563	-106	-8	7	26	7733	7730	384444	10	396	383454	7	18370	2	1	0	6085	11	0	3	1270	9	9876	7733	292	0	0	0	0	291	0	17	6584	168162	17703	18	0	0	168672	166697	6163	0
1562	-106	-8	7	26	7653	7730	384318	10	396	383328	7	18364	2	1	0	6083	11	0	3	1270	9	9876	7653	292	0	0	0	0	291	0	17	6584	168162	17703	18	0	0	168622	166697	6163	0
1561	-107	-8	8	26	7573	7728	384255	10	395	383202	7	18361	2	1	0	6081	13	0	3	1267	9	9869	7573	292	0	0	0	0	291	0	17	6584	168162	17703	18	0	0	168572	166697	6163	0
1560	-107	-8	7	26	7493	7728	384129	10	395	383076	7	18355	2	1	0	6079	11	0	3	1267	9	9869	7493	292	0	0	0	0	291	0	17	6584	168162	17703	18	0	0	168522	166697	6163	0
1559	-107	-8	7	26	7413	7728	384003	10	395	383013	7	18349	2	1	0	6078	11	0	3	1267	9	9869	7413	292	0	0	0	0	291	0	17	6584	168162	17703	18	0	0	168472	166697	6163	0
1558	-107	-8	8	26	7253	7728	383751	10	395	382761	7	18337	2	1	0	6074	13	0	3	1267	9	9869	7253	292	0	0	0	0	291	0	17	6584	168162	17703	18	0	0	168372	166697	6163	0
1557	-107	-8	8	26	7173	7726	383625	10	394	382635	7	18331	2	1	0	6072	13	0	3	1264	9	9862	7173	292	0	0	0	0	291	0	17	6584	168162	17703	18	0	0	168322	166697	6163	0
1556	-107	-8	8	26	7093	7726	383562	10	394	382509	7	18328	2	1	0	6070	13	0	3	1264	9	9862	7093	292	2	203	0	120	291	0	17	6584	168162	17703	18	0	0	168272	166697	6163	0
1555	-107	-8	8	26	7013	7726	383436	10	394	382446	7	18322	2	1	0	6069	13	0	3	1264	9	9862	7013	292	2	203	0	120	291	0	17	6584	168162	17703	18	0	0	168222	166697	6163	0
1554	-107	-8	8	26	6932	7726	383310	3	394	382320	7	18316	2	1	0	6067	13	0	3	1264	9	9862	6932	292	0	0	0	0	291	0	17	6584	168162	17703	18	0	0	168171	166697	6163	0
1553	-107	-8	7	26	6853	7726	383162	10	394	382109	7	18307	2	1	0	6063	11	0	3	1264	9	9862	6853	290	0	0	0	0	289	0	17	6584	167756	17583	18	0	0	168122	166697	6163	0
1552	-107	-7	7	26	6772	7724	382973	10	393	381983	7	18298	2	1	0	6061	11	0	3	1261	9	9855	6772	290	0	0	0	0	289	0	17	6584	167756	17583	18	0	0	168071	166697	6163	0
1551	-107	-7	8	26	6693	7724	382910	10	393	381857	7	18295	2	1	0	6059	13	0	3	1261	9	9855	6693	290	0	0	0	0	289	0	17	6584	167756	17583	18	0	0	168022	166697	6163	0
1550	-107	-7	9	26	6613	7724	382784	10	393	381794	7	18289	2	1	0	6058	16	0	3	1261	9	9855	6613	290	0	0	0	0	289	0	17	6584	167756	17583	18	0	0	167972	166697	6163	0
1549	-107	-7	7	26	6533	7724	382658	10	393	381668	7	18283	2	1	0	6056	11	0	3	1261	9	9855	6533	290	0	0	0	0	289	0	17	6584	167756	17583	18	0	0	167922	166697	6163	0
1548	-107	-7	9	26	6373	7722	382406	10	392	381416	7	18271	2	1	0	6052	16	0	3	1258	9	9848	6373	290	1	1018	0	60	289	0	17	6584	167756	17583	18	0	0	167822	166697	6163	0
1547	-107	-7	8	32	6293	7722	382280	3	392	381290	7	18265	2	1	0	6050	13	0	3	1258	9	9848	6293	290	0	0	0	0	289	0	17	6584	167756	17583	18	0	0	167772	166697	6163	0
1546	-107	-7	8	26	6213	7722	382132	10	392	381142	7	18256	2	1	0	6047	13	0	3	1258	9	9848	6213	289	0	0	0	0	288	0	17	6584	166738	17523	18	0	0	167722	166697	6163	0
1545	-107	-7	8	26	6133	7722	382069	10	392	381016	7	18253	2	1	0	6045	13	0	3	1258	9	9848	6133	289	0	0	0	0	288	0	17	6584	166738	17523	18	0	0	167672	166697	6163	0
1544	-107	-7	9	26	6053	7722	381943	10	392	380953	7	18247	2	1	0	6044	16	0	3	1258	9	9848	6053	289	0	0	0	0	288	0	17	6584	166738	17523	18	0	0	167622	166697	6163	0
1543	-107	-8	8	26	5973	7720	381817	10	391	380764	7	18241	2	1	0	6041	13	0	3	1255	9	9841	5973	289	0	0	0	0	288	0	17	6584	166738	17523	18	0	0	167572	166697	6163	0
1542	-107	-8	8	26	5893	7720	381691	10	391	380701	7	18235	2	1	0	6040	13	0	3	1255	9	9841	5893	289	0	0	0	0	288	0	17	6584	166738	17523	18	0	0	167522	166697	6163	0
1541	-107	-8	9	26	5813	7720	381565	10	391	380575	7	18229	2	1	0	6038	16	0	3	1255	9	9841	5813	289	0	0	0	0	288	0	17	6584	166738	17523	18	0	0	167472	166697	6163	0
1540	-107	-8	9	26	5733	7720	381439	10	391	380449	7	18223	2	1	0	6036	16	0	3	1255	9	9841	5733	289	0	0	0	0	288	0	17	6584	166738	17523	18	0	0	167422	166697	6163	0
1539	-106	-8	8	26	5653	7718	381376	10	390	380323	7	18220	2	1	0	6034	13	0	3	1252	9	9834	5653	289	0	0	0	0	288	0	17	6584	166738	17523	18	0	0	167372	166697	6163	0
1538	-106	-8	8	26	5493	7718	381124	10	390	380071	7	18208	2	1	0	6030	13	0	3	1252	9	9834	5493	289	0	0	0	0	288	0	17	6584	166738	17523	18	0	0	167272	166697	6163	0
1537	-106	-8	8	26	5413	7718	380998	10	390	379945	7	18202	2	1	0	6028	13	0	3	1252	9	9834	5413	289	0	0	0	0	288	0	17	6584	166738	17523	18	0	0	167222	166697	6163	0
1536	-106	-8	8	26	5332	7718	380872	10	390	379882	7	18196	2	1	0	6027	13	0	3	1252	9	9834	5332	289	0	0	0	0	288	0	17	6584	166738	17523	18	0	0	167171	166697	6163	0
1535	-107	-7	8	26	5253	7716	380746	10	389	379693	7	18190	2	1	0	6024	13	0	3	1249	9	9827	5253	289	0	0	0	0	288	0	17	6584	166738	17523	18	0	0	167122	166697	6163	0
1534	-107	-7	8	26	5172	7716	380620	10	389	379630	7	18184	2	1	0	6023	13	0	3	1249	9	9827	5172	289	0	0	0	0	288	0	17	6584	166738	17523	18	0	0	167071	166697	6163	0
1533	-107	-7	7	26	5093	7716	380494	10	389	379504	7	18178	2	1	0	6021	11	0	3	1249	9	9827	5093	289	0	0	0	0	288	0	17	6584	166738	17523	18	0	0	167022	166697	6163	0
1532	-107	-7	9	26	5013	7716	380368	10	389	379378	7	18172	2	1	0	6019	16	0	3	1249	9	9827	5013	289	0	0	0	0	288	0	17	6584	166738	17523	18	0	0	166972	166697	6163	0
1531	-107	-7	9	26	4933	7716	380305	10	389	379252	7	18169	2	1	0	6017	16	0	3	1249	9	9827	4933	289	0	0	0	0	288	0	17	6584	166738	17523	18	0	0	166922	166697	6163	0
1530	-106	-7	10	26	4853	7714	380179	10	388	379126	373	18163	369	3	0	6015	18	16	9	1246	9	9820	4853	289	1	64	0	60	288	0	17	6584	166738	17523	18	0	0	166872	166697	6163	0
1529	-106	-7	9	26	4773	7714	380053	10	388	379000	373	18157	369	3	0	6013	16	16	9	1246	9	9820	4773	289	1	64	0	60	288	0	17	6584	166738	17523	18	0	0	166822	166697	6163	0
1528	-106	-7	9	26	4612	7714	379779	10	388	378789	373	18142	369	3	0	6009	16	16	9	1246	9	9820	4612	288	1	5008	0	67	287	365	17	6584	166674	17463	18	1	20116	166721	166697	6163	0
1527	-106	-7	10	31	4532	7345	379716	3	387	378704	7	18139	2	1	0	6007	18	0	3	1237	9	9447	4532	287	0	0	0	0	286	0	16	6219	161666	17396	17	0	0	166671	146581	6163	0
1526	-107	-6	9	26	4451	7343	379542	10	386	378552	7	18127	2	1	0	6004	16	0	3	1234	9	9440	4451	287	0	0	0	0	286	0	16	6219	161666	17396	17	0	0	166620	146581	6163	0
1525	-107	-6	8	26	4373	7343	379416	10	386	378426	7	18121	2	1	0	6002	13	0	3	1234	9	9440	4373	287	0	0	0	0	286	0	16	6219	161666	17396	17	0	0	166572	146581	6163	0
1524	-107	-6	8	26	4293	7343	379290	10	386	378300	7	18115	2	1	0	6000	13	0	3	1234	9	9440	4293	287	0	0	0	0	286	0	16	6219	161666	17396	17	0	0	166522	146581	6163	0
1523	-107	-6	10	26	4213	7343	379227	10	386	378174	7	18112	2	1	0	5998	18	0	3	1234	9	9440	4213	287	0	0	0	0	286	0	16	6219	161666	17396	17	0	0	166472	146581	6163	0
1522	-107	-6	10	26	4132	7343	379101	10	386	378111	7	18106	2	1	0	5997	18	0	3	1234	9	9440	4132	287	0	0	0	0	286	0	16	6219	161666	17396	17	0	0	166421	146581	6163	0
1521	-107	-7	9	26	4053	7341	378975	10	385	377922	7	18100	2	1	0	5994	16	0	3	1231	9	9433	4053	287	0	0	0	0	286	0	16	6219	161666	17396	17	0	0	166372	146581	6163	0
1520	-107	-7	9	26	3972	7341	378849	10	385	377859	7	18094	2	1	0	5993	16	0	3	1231	9	9433	3972	287	0	0	0	0	286	0	16	6219	161666	17396	17	0	0	166321	146581	6163	0
1519	-107	-7	9	26	3893	7341	378723	10	385	377733	7	18088	2	1	0	5991	16	0	3	1231	9	9433	3893	287	0	0	0	0	286	0	16	6219	161666	17396	17	0	0	166272	146581	6163	0
1518	-107	-6	9	26	3732	7339	378534	10	384	377481	7	18079	2	1	0	5987	16	0	3	1228	9	9426	3732	287	0	0	0	0	286	0	16	6219	161666	17396	17	0	0	166171	146581	6163	0
1517	-107	-6	9	26	3653	7339	378345	10	384	377355	7	18070	2	1	0	5985	16	0	3	1228	9	9426	3653	287	0	0	0	0	286	0	16	6219	161666	17396	17	0	0	166122	146581	6163	0
1516	-107	-6	9	26	3572	7339	378282	10	384	377229	7	18067	2	1	0	5983	16	0	3	1228	9	9426	3572	287	0	0	0	0	286	0	16	6219	161666	17396	17	0	0	166071	146581	6163	0
1515	-107	-6	9	26	3492	7339	378156	10	384	377103	7	18061	2	1	0	5981	16	0	3	1228	9	9426	3492	287	0	0	0	0	286	0	16	6219	161666	17396	17	0	0	166021	146581	6163	0
1514	-107	-6	9	26	3413	7339	378030	10	384	377040	7	18055	2	1	0	5980	16	0	3	1228	9	9426	3413	287	0	0	0	0	286	0	16	6219	161666	17396	17	0	0	165972	146581	6163	0
1513	-107	-7	10	26	3333	7337	377904	10	383	376851	7	18049	2	1	0	5977	18	0	3	1225	9	9419	3333	287	0	0	0	0	286	0	16	6219	161666	17396	17	0	0	165922	146581	6163	0
1512	-107	-7	10	26	3253	7337	377778	10	383	376788	7	18043	2	1	0	5976	18	0	3	1225	9	9419	3253	287	0	0	0	0	286	0	16	6219	161666	17396	17	0	0	165872	146581	6163	0
1511	-107	-7	10	26	3173	7337	377652	10	383	376662	7	18037	2	1	0	5974	18	0	3	1225	9	9419	3173	287	0	0	0	0	286	0	16	6219	161666	17396	17	0	0	165822	146581	6163	0
1510	-107	-7	10	26	3093	7337	377526	10	383	376536	7	18031	2	1	0	5972	18	0	3	1225	9	9419	3093	287	0	0	0	0	286	0	16	6219	161666	17396	17	0	0	165772	146581	6163	0
1509	-107	-7	9	26	3012	7337	377463	10	383	376410	7	18028	2	1	0	5970	16	0	3	1225	9	9419	3012	287	0	0	0	0	286	0	16	6219	161666	17396	17	0	0	165721	146581	6163	0
1508	-107	-7	10	26	2852	7335	377211	10	382	376158	7	18016	2	1	0	5966	18	0	3	1222	9	9412	2852	287	0	0	0	0	286	0	16	6219	161666	17396	17	0	0	165621	146581	6163	0
1507	-107	-7	10	26	2772	7335	377085	10	382	376095	7	18010	2	1	0	5965	18	0	3	1222	9	9412	2772	287	0	0	0	0	286	0	16	6219	161666	17396	17	0	0	165571	146581	6163	0
1506	-107	-7	10	26	2693	7335	376959	10	382	375969	7	18004	2	1	0	5963	18	0	3	1222	9	9412	2693	287	0	0	0	0	286	0	16	6219	161666	17396	17	0	0	165522	146581	6163	0
1505	-107	-7	9	26	2612	7335	376833	10	382	375843	7	17998	2	1	0	5961	16	0	3	1222	9	9412	2612	287	0	0	0	0	286	0	16	6219	161666	17396	17	0	0	165471	146581	6163	0
1504	-107	-7	10	26	2532	7333	376707	10	381	375717	7	17992	2	1	0	5959	18	0	3	1219	9	9405	2532	287	0	0	0	0	286	0	16	6219	161666	17396	17	0	0	165421	146581	6163	0
1503	-107	-7	8	26	2453	7333	376581	10	381	375591	7	17986	2	1	0	5957	13	0	3	1219	9	9405	2453	287	0	0	0	0	286	0	16	6219	161666	17396	17	0	0	165372	146581	6163	0
1502	-107	-7	8	26	2372	7333	376455	10	381	375465	7	17980	2	1	0	5955	13	0	3	1219	9	9405	2372	287	0	0	0	0	286	0	16	6219	161666	17396	17	0	0	165321	146581	6163	0
1501	-107	-7	9	26	2292	7333	376392	10	381	375339	7	17977	2	1	0	5953	16	0	3	1219	9	9405	2292	287	0	0	0	0	286	0	16	6219	161666	17396	17	0	0	165271	146581	6163	0
1500	-107	-7	9	26	2212	7333	376266	10	381	375276	7	17971	2	1	0	5952	16	0	3	1219	9	9405	2212	287	0	0	0	0	286	0	16	6219	161666	17396	17	0	0	165221	146581	6163	0
1499	-107	-7	9	26	2133	7331	376140	10	380	375087	7	17965	2	1	0	5949	16	0	3	1216	9	9398	2133	287	0	0	0	0	286	0	16	6219	161666	17396	17	0	0	165172	146581	6163	0
1498	-107	-7	8	26	1973	7331	375888	10	380	374898	7	17953	2	1	0	5946	13	0	3	1216	9	9398	1973	287	0	0	0	0	286	0	16	6219	161666	17396	17	0	0	165072	146581	6163	0
1497	-107	-7	9	26	1893	7331	375762	10	380	374772	7	17947	2	1	0	5944	16	0	3	1216	9	9398	1893	287	0	0	0	0	286	0	16	6219	161666	17396	17	0	0	165022	146581	6163	0
1496	-107	-8	8	26	1812	7329	375699	10	379	374646	7	17944	2	1	0	5942	13	0	3	1213	9	9391	1812	287	0	0	0	0	286	0	16	6219	161666	17396	17	0	0	164971	146581	6163	0
1495	-107	-8	9	26	1732	7329	375510	10	379	374520	7	17935	2	1	0	5940	16	0	3	1213	9	9391	1732	287	0	0	0	0	286	0	16	6219	161666	17396	17	0	0	164921	146581	6163	0
1494	-107	-8	10	26	1652	7329	375447	10	379	374394	7	17932	2	1	0	5938	18	0	3	1213	9	9391	1652	287	0	0	0	0	286	0	16	6219	161666	17396	17	0	0	164871	146581	6163	0
1493	-107	-8	9	26	1572	7329	375321	10	379	374268	7	17926	2	1	0	5936	16	0	3	1213	9	9391	1572	287	0	0	0	0	286	0	16	6219	161666	17396	17	0	0	164821	146581	6163	0
1492	-107	-8	9	26	1492	7329	375195	10	379	374205	7	17920	2	1	0	5935	16	0	3	1213	9	9391	1492	287	0	0	0	0	286	0	16	6219	161666	17396	17	0	0	164771	146581	6163	0
1491	-106	-8	8	26	1412	7327	375069	10	378	374016	7	17914	2	1	0	5932	13	0	3	1210	9	9384	1412	287	0	0	0	0	286	0	16	6219	161666	17396	17	0	0	164721	146581	6163	0
1490	-106	-8	8	26	1333	7327	374943	10	378	373953	7	17908	2	1	0	5931	13	0	3	1210	9	9384	1333	287	0	0	0	0	286	0	16	6219	161666	17396	17	0	0	164672	146581	6163	0
1489	-106	-8	8	26	1172	7327	374691	10	378	373701	7	17896	2	1	0	5927	13	0	3	1210	9	9384	1172	287	0	0	0	0	286	0	16	6219	161666	17396	17	0	0	164571	146581	6163	0
1488	-106	-8	8	26	1092	7327	374628	10	378	373575	7	17893	2	1	0	5925	13	0	3	1210	9	9384	1092	287	0	0	0	0	286	0	16	6219	161666	17396	17	0	0	164521	146581	6163	0
1487	-107	-7	8	26	1012	7325	374439	10	377	373449	7	17884	2	1	0	5923	13	0	3	1207	9	9377	1012	287	0	0	0	0	286	0	16	6219	161666	17396	17	0	0	164471	146581	6163	0
1486	-107	-7	8	26	932	7325	374376	10	377	373323	7	17881	2	1	0	5921	13	0	3	1207	9	9377	932	287	0	0	0	0	286	0	16	6219	161666	17396	17	0	0	164421	146581	6163	0
1485	-107	-7	8	26	853	7325	374250	10	377	373260	7	17875	2	1	0	5920	13	0	3	1207	9	9377	853	287	0	0	0	0	286	0	16	6219	161666	17396	17	0	0	164372	146581	6163	0
1484	-107	-7	9	26	773	7325	374124	10	377	373134	7	17869	2	1	0	5918	16	0	3	1207	9	9377	773	287	0	0	0	0	286	0	16	6219	161666	17396	17	0	0	164322	146581	6163	0
1483	-107	-7	10	26	692	7325	373998	10	377	373008	7	17863	2	1	0	5916	18	0	3	1207	9	9377	692	287	0	0	0	0	286	0	16	6219	161666	17396	17	0	0	164271	146581	6163	0
1482	-107	-7	10	26	612	7323	373872	10	376	372882	7	17857	2	1	0	5914	18	0	3	1204	9	9370	612	287	0	0	0	0	286	0	16	6219	161666	17396	17	0	0	164221	146581	6163	0
1481	-107	-7	9	26	532	7323	373746	10	376	372756	7	17851	2	1	0	5912	16	0	3	1204	9	9370	532	287	0	0	0	0	286	0	16	6219	161666	17396	17	0	0	164171	146581	6163	0
1480	-107	-7	9	26	453	7323	373620	10	376	372630	7	17845	2	1	0	5910	16	0	3	1204	9	9370	453	287	0	0	0	0	286	0	16	6219	161666	17396	17	0	0	164122	146581	6163	0
1479	-107	-7	9	26	292	7323	373431	10	376	372441	7	17836	2	1	0	5907	16	0	3	1204	9	9370	292	287	0	0	0	0	286	0	16	6219	161666	17396	17	0	0	164021	146581	6163	0
1478	-107	-7	9	26	212	7321	373305	10	375	372252	7	17830	2	1	0	5904	16	0	3	1201	9	9363	212	287	0	0	0	0	286	0	16	6219	161666	17396	17	0	0	163971	146581	6163	0
1477	-107	-7	9	26	132	7321	373179	10	375	372189	7	17824	2	1	0	5903	16	0	3	1201	9	9363	132	287	0	0	0	0	286	0	16	6219	161666	17396	17	0	0	163921	146581	6163	0
1476	-107	-7	9	26	52	7321	373053	10	375	372063	7	17818	2	1	0	5901	16	0	3	1201	9	9363	52	287	0	0	0	0	286	0	16	6219	161666	17396	17	0	0	163871	146581	6163	0
1475	-107	-7	9	26	16356	7321	372927	10	375	371937	7	17812	2	1	0	5899	16	0	3	1201	9	9363	16356	287	0	0	0	0	286	0	16	6219	161666	17396	17	0	0	163821	146581	6163	0
1474	-107	-7	8	26	16276	7319	372864	10	374	371811	7	17809	2	1	0	5897	13	0	3	1198	9	9356	16276	287	0	0	0	0	286	0	16	6219	161666	17396	17	0	0	163771	146581	6163	0
1473	-107	-7	8	26	16197	7319	372675	10	374	371685	7	17800	2	1	0	5895	13	0	3	1198	9	9356	16197	287	0	0	0	0	286	0	16	6219	161666	17396	17	0	0	163722	146581	6163	0
1472	-107	-7	10	26	16116	7319	372612	10	374	371559	7	17797	2	1	0	5893	18	0	3	1198	9	9356	16116	287	0	0	0	0	286	0	16	6219	161666	17396	17	0	0	163671	146581	6163	0
1471	-107	-7	9	26	16036	7319	372486	10	374	371433	7	17791	2	1	0	5891	16	0	3	1198	9	9356	16036	287	0	0	0	0	286	0	16	6219	161666	17396	17	0	0	163621	146581	6163	0
1470	-107	-7	9	26	15956	7319	372360	10	374	371370	7	17785	2	1	0	5890	16	0	3	1198	9	9356	15956	287	0	0	0	0	286	0	16	6219	161666	17396	17	0	0	163571	146581	6163	0
1469	-107	-7	9	26	15796	7317	372108	10	373	371118	7	17773	2	1	0	5886	16	0	3	1195	9	9349	15796	287	0	0	0	0	286	0	16	6219	161666	17396	17	0	0	163471	146581	6163	0
1468	-107	-7	8	26	15716	7317	371982	10	373	370992	7	17767	2	1	0	5884	13	0	3	1195	9	9349	15716	287	0	0	0	0	286	0	16	6219	161666	17396	17	0	0	163421	146581	6163	0
1467	-107	-7	10	26	15636	7317	371856	10	373	370866	7	17761	2	1	0	5882	18	0	3	1195	9	9349	15636	287	0	0	0	0	286	0	16	6219	161666	17396	17	0	0	163371	146581	6163	0
1466	-107	-7	9	26	15556	7317	371793	10	373	370740	7	17758	2	1	0	5880	16	0	3	1195	9	9349	15556	287	0	0	0	0	286	0	16	6219	161666	17396	17	0	0	163321	146581	6163	0
1465	-107	-7	8	26	15476	7315	371604	10	372	370614	7	17749	2	1	0	5878	13	0	3	1192	9	9342	15476	287	0	0	0	0	286	0	16	6219	161666	17396	17	0	0	163271	146581	6163	0
1464	-107	-7	9	26	15396	7315	371541	10	372	370488	7	17746	2	1	0	5876	16	0	3	1192	9	9342	15396	287	0	0	0	0	286	0	16	6219	161666	17396	17	0	0	163221	146581	6163	0
1463	-107	-7	9	26	15316	7315	371415	10	372	370425	7	17740	2	1	0	5875	16	0	3	1192	9	9342	15316	287	0	0	0	0	286	0	16	6219	161666	17396	17	0	0	163171	146581	6163	0
1462	-107	-7	10	26	15236	7315	371289	10	372	370299	7	17734	2	1	0	5873	18	0	3	1192	9	9342	15236	287	0	0	0	0	286	0	16	6219	161666	17396	17	0	0	163121	146581	6163	0
1461	-107	-7	8	26	15156	7315	371163	10	372	370173	7	17728	2	1	0	5871	13	0	3	1192	9	9342	15156	287	0	0	0	0	286	0	16	6219	161666	17396	17	0	0	163071	146581	6163	0
1460	-107	-7	8	26	15076	7313	371037	10	371	370047	7	17722	2	1	0	5869	13	0	3	1189	9	9335	15076	287	0	0	0	0	286	0	16	6219	161666	17396	17	0	0	163021	146581	6163	0
1459	-107	-7	8	26	14916	7313	370785	10	371	369795	7	17710	2	1	0	5865	13	0	3	1189	9	9335	14916	287	0	0	0	0	286	0	16	6219	161666	17396	17	0	0	162921	146581	6163	0
1458	-107	-7	9	26	14836	7313	370722	10	371	369669	7	17707	2	1	0	5863	16	0	3	1189	9	9335	14836	287	0	0	0	0	286	0	16	6219	161666	17396	17	0	0	162871	146581	6163	0
1457	-107	-7	9	26	14756	7313	370596	10	371	369606	7	17701	2	1	0	5862	16	0	3	1189	9	9335	14756	287	0	0	0	0	286	0	16	6219	161666	17396	17	0	0	162821	146581	6163	0
1456	-107	-7	8	26	14676	7311	370470	10	370	369417	7	17695	2	1	0	5859	13	0	3	1186	9	9328	14676	287	0	0	0	0	286	0	16	6219	161666	17396	17	0	0	162771	146581	6163	0
1455	-107	-7	8	26	14596	7311	370344	10	370	369354	7	17689	2	1	0	5858	13	0	3	1186	9	9328	14596	287	0	0	0	0	286	0	16	6219	161666	17396	17	0	0	162721	146581	6163	0
1454	-107	-7	8	26	14516	7311	370218	10	370	369228	7	17683	2	1	0	5856	13	0	3	1186	9	9328	14516	287	0	0	0	0	286	0	16	6219	161666	17396	17	0	0	162671	146581	6163	0
1453	-107	-7	8	26	14436	7311	370092	10	370	369102	7	17677	2	1	0	5854	13	0	3	1186	9	9328	14436	287	0	0	0	0	286	0	16	6219	161666	17396	17	0	0	162621	146581	6163	0
1452	-107	-8	8	26	14356	7309	370029	10	369	368976	7	17674	2	1	0	5852	13	0	3	1183	9	9321	14356	287	0	0	0	0	286	0	16	6219	161666	17396	17	0	0	162571	146581	6163	0
1451	-107	-8	9	26	14276	7309	369840	10	369	368850	7	17665	2	1	0	5850	16	0	3	1183	9	9321	14276	287	0	0	0	0	286	0	16	6219	161666	17396	17	0	0	162521	146581	6163	0
1450	-107	-8	9	26	14196	7309	369777	10	369	368724	7	17662	2	1	0	5848	16	0	3	1183	9	9321	14196	287	0	0	0	0	286	0	16	6219	161666	17396	17	0	0	162471	146581	6163	0
1449	-107	-8	8	26	14036	7309	369525	10	369	368535	7	17650	2	1	0	5845	13	0	3	1183	9	9321	14036	287	0	0	0	0	286	0	16	6219	161666	17396	17	0	0	162371	146581	6163	0
1448	-107	-8	8	26	13956	7307	369399	10	368	368346	7	17644	2	1	0	5842	13	0	3	1180	9	9314	13956	287	0	0	0	0	286	0	16	6219	161666	17396	17	0	0	162321	146581	6163	0
1447	-107	-8	8	26	13876	7307	369273	10	368	368283	7	17638	2	1	0	5841	13	0	3	1180	9	9314	13876	287	0	0	0	0	286	0	16	6219	161666	17396	17	0	0	162271	146581	6163	0
1446	-107	-8	8	26	13796	7307	369147	10	368	368157	7	17632	2	1	0	5839	13	0	3	1180	9	9314	13796	287	0	0	0	0	286	0	16	6219	161666	17396	17	0	0	162221	146581	6163	0
1445	-107	-8	8	26	13716	7307	369021	10	368	368031	7	17626	2	1	0	5837	13	0	3	1180	9	9314	13716	287	0	0	0	0	286	0	16	6219	161666	17396	17	0	0	162171	146581	6163	0
1444	-107	-8	7	26	13636	7307	368958	10	368	367905	7	17623	2	1	0	5835	11	0	3	1180	9	9314	13636	287	0	0	0	0	286	0	16	6219	161666	17396	17	0	0	162121	146581	6163	0
1443	-107	-7	8	26	13556	7305	368769	10	367	367779	7	17614	2	1	0	5833	13	0	3	1177	9	9307	13556	287	0	0	0	0	286	0	16	6219	161666	17396	17	0	0	162071	146581	6163	0
1442	-107	-7	8	26	13476	7305	368706	10	367	367653	7	17611	2	1	0	5831	13	0	3	1177	9	9307	13476	287	0	0	0	0	286	0	16	6219	161666	17396	17	0	0	162021	146581	6163	0
1441	-107	-7	8	26	13396	7305	368580	10	367	367590	7	17605	2	1	0	5830	13	0	3	1177	9	9307	13396	287	0	0	0	0	286	0	16	6219	161666	17396	17	0	0	161971	146581	6163	0
1440	-107	-7	8	26	13316	7305	368454	10	367	367464	7	17599	2	1	0	5828	13	0	3	1177	9	9307	13316	287	0	0	0	0	286	0	16	6219	161666	17396	17	0	0	161921	146581	6163	0
1439	-107	-7	8	25	13156	7303	368202	10	366	367212	7	17587	2	1	0	5824	13	0	3	1174	9	9300	13156	287	0	0	0	0	286	0	16	6219	161666	17396	17	0	0	161821	146581	6163	0
1438	-107	-7	9	26	13076	7303	368139	10	366	367086	7	17584	2	1	0	5822	16	0	3	1174	9	9300	13076	287	1	1524	0	60	286	0	16	6219	161666	17396	17	0	0	161771	146581	6163	0
1437	-107	-7	9	26	12996	7303	368013	10	366	366960	7	17578	2	1	0	5820	16	0	3	1174	9	9300	12996	287	1	1524	0	60	286	0	16	6219	161666	17396	17	0	0	161721	146581	6163	0
1436	-107	-7	9	33	12916	7303	367887	3	366	366897	7	17572	2	1	0	5819	16	0	3	1174	9	9300	12916	287	0	0	0	0	286	0	16	6219	161666	17396	17	0	0	161671	146581	6163	0
1435	-107	-7	9	27	12836	7303	367739	10	366	366749	7	17563	2	1	0	5816	16	0	3	1174	9	9300	12836	286	0	0	0	0	285	0	16	6219	160142	17336	17	0	0	161621	146581	6163	0
1434	-107	-7	8	27	12756	7301	367613	10	365	366560	7	17557	2	1	0	5813	13	0	3	1171	9	9293	12756	286	0	0	0	0	285	0	16	6219	160142	17336	17	0	0	161571	146581	6163	0
1433	-107	-7	8	27	12676	7301	367487	10	365	366497	7	17551	2	1	0	5812	13	0	3	1171	9	9293	12676	286	0	0	0	0	285	0	16	6219	160142	17336	17	0	0	161521	146581	6163	0
1432	-107	-7	8	27	12596	7301	367361	10	365	366371	7	17545	2	1	0	5810	13	0	3	1171	9	9293	12596	286	0	0	0	0	285	0	16	6219	160142	17336	17	0	0	161471	146581	6163	0
1431	-107	-7	8	27	12516	7301	367235	10	365	366245	7	17539	2	1	0	5808	13	0	3	1171	9	9293	12516	286	0	0	0	0	285	0	16	6219	160142	17336	17	0	0	161421	146581	6163	0
1430	-107	-8	9	27	12436	7299	367172	10	364	366119	7	17536	2	1	0	5806	16	0	3	1168	9	9286	12436	286	0	0	0	0	285	0	16	6219	160142	17336	17	0	0	161371	146581	6163	0
1429	-107	-8	10	27	12276	7299	366920	10	364	365867	7	17524	2	1	0	5802	18	0	3	1168	9	9286	12276	286	0	0	0	0	285	0	16	6219	160142	17336	17	0	0	161271	146581	6163	0
1428	-107	-8	9	27	12196	7299	366794	10	364	365741	7	17518	2	1	0	5800	16	0	3	1168	9	9286	12196	286	0	0	0	0	285	0	16	6219	160142	17336	17	0	0	161221	146581	6163	0
1427	-107	-8	8	27	12116	7299	366668	10	364	365678	7	17512	2	1	0	5799	13	0	3	1168	9	9286	12116	286	0	0	0	0	285	0	16	6219	160142	17336	17	0	0	161171	146581	6163	0
1426	-107	-7	8	27	12036	7297	366542	10	363	365489	7	17506	2	1	0	5796	13	0	3	1165	9	9279	12036	286	0	0	0	0	285	0	16	6219	160142	17336	17	0	0	161121	146581	6163	0
1425	-107	-7	8	27	11956	7297	366416	10	363	365426	7	17500	2	1	0	5795	13	0	3	1165	9	9279	11956	286	0	0	0	0	285	0	16	6219	160142	17336	17	0	0	161071	146581	6163	0
1424	-107	-7	8	27	11876	7297	366290	10	363	365300	7	17494	2	1	0	5793	13	0	3	1165	9	9279	11876	286	0	0	0	0	285	0	16	6219	160142	17336	17	0	0	161021	146581	6163	0
1423	-107	-7	8	27	11796	7297	366164	10	363	365174	7	17488	2	1	0	5791	13	0	3	1165	9	9279	11796	286	0	0	0	0	285	0	16	6219	160142	17336	17	0	0	160971	146581	6163	0
1422	-107	-7	8	27	11716	7297	366101	10	363	365048	7	17485	2	1	0	5789	13	0	3	1165	9	9279	11716	286	0	0	0	0	285	0	16	6219	160142	17336	17	0	0	160921	146581	6163	0
1421	-107	-7	8	27	11636	7295	365912	10	362	364922	7	17476	2	1	0	5787	13	0	3	1162	9	9272	11636	286	0	0	0	0	285	0	16	6219	160142	17336	17	0	0	160871	146581	6163	0
1420	-107	-7	9	27	11556	7295	365849	10	362	364796	7	17473	2	1	0	5785	16	0	3	1162	9	9272	11556	286	0	0	0	0	285	0	16	6219	160142	17336	17	0	0	160821	146581	6163	0
1419	-107	-7	9	27	11396	7295	365597	10	362	364607	7	17461	2	1	0	5782	16	0	3	1162	9	9272	11396	286	0	0	0	0	285	0	16	6219	160142	17336	17	0	0	160721	146581	6163	0
1418	-107	-7	9	27	11316	7295	365471	10	362	364481	7	17455	2	1	0	5780	16	0	3	1162	9	9272	11316	286	0	0	0	0	285	0	16	6219	160142	17336	17	0	0	160671	146581	6163	0
1417	-107	-7	9	27	11236	7293	365345	10	361	364355	7	17449	2	1	0	5778	16	0	3	1159	9	9265	11236	286	0	0	0	0	285	0	16	6219	160142	17336	17	0	0	160621	146581	6163	0
1416	-107	-7	8	27	11156	7293	365219	10	361	364229	7	17443	2	1	0	5776	13	0	3	1159	9	9265	11156	286	0	0	0	0	285	0	16	6219	160142	17336	17	0	0	160571	146581	6163	0
1415	-107	-7	7	27	11076	7293	365093	10	361	364103	7	17437	2	1	0	5774	11	0	3	1159	9	9265	11076	286	0	0	0	0	285	0	16	6219	160142	17336	17	0	0	160521	146581	6163	0
1414	-107	-7	9	27	10996	7293	365030	10	361	363977	7	17434	2	1	0	5772	16	0	3	1159	9	9265	10996	286	0	0	0	0	285	0	16	6219	160142	17336	17	0	0	160471	146581	6163	0
1413	-107	-7	7	27	10916	7293	364904	10	361	363914	7	17428	2	1	0	5771	11	0	3	1159	9	9265	10916	286	0	0	0	0	285	0	16	6219	160142	17336	17	0	0	160421	146581	6163	0
1412	-107	-7	8	27	10836	7291	364778	10	360	363788	7	17422	2	1	0	5769	13	0	3	1156	9	9258	10836	286	0	0	0	0	285	0	16	6219	160142	17336	17	0	0	160371	146581	6163	0
1411	-107	-7	7	27	10756	7291	364652	10	360	363662	7	17416	2	1	0	5767	11	0	3	1156	9	9258	10756	286	0	0	0	0	285	0	16	6219	160142	17336	17	0	0	160321	146581	6163	0
1410	-107	-7	8	27	10676	7291	364526	10	360	363536	7	17410	2	1	0	5765	13	0	3	1156	9	9258	10676	286	2	1418	0	120	285	0	16	6219	160142	17336	17	0	0	160271	146581	6163	0
1409	-107	-7	9	27	10516	7291	364337	10	360	363347	7	17401	2	1	0	5762	16	0	3	1156	9	9258	10516	286	0	0	0	0	285	0	16	6219	160142	17336	17	0	0	160171	146581	6163	0
1408	-107	-7	8	27	10436	7289	364126	10	359	363136	7	17389	2	1	0	5758	13	0	3	1153	9	9251	10436	284	0	0	0	0	283	0	16	6219	157306	17216	17	0	0	160121	146581	6163	0
1407	-107	-7	8	27	10356	7289	364063	10	359	363010	7	17386	2	1	0	5756	13	0	3	1153	9	9251	10356	284	0	0	0	0	283	0	16	6219	157306	17216	17	0	0	160071	146581	6163	0
1406	-107	-7	9	27	10276	7289	363937	10	359	362884	7	17380	2	1	0	5754	16	0	3	1153	9	9251	10276	284	0	0	0	0	283	0	16	6219	157306	17216	17	0	0	160021	146581	6163	0
1405	-107	-7	9	27	10196	7289	363811	10	359	362821	7	17374	2	1	0	5753	16	0	3	1153	9	9251	10196	284	0	0	0	0	283	0	16	6219	157306	17216	17	0	0	159971	146581	6163	0
1404	-107	-7	10	27	10116	7287	363685	10	358	362632	7	17368	2	1	0	5750	18	0	3	1150	9	9244	10116	284	0	0	0	0	283	0	16	6219	157306	17216	17	0	0	159921	146581	6163	0
1403	-107	-7	10	27	10036	7287	363559	10	358	362569	7	17362	2	1	0	5749	18	0	3	1150	9	9244	10036	284	0	0	0	0	283	0	16	6219	157306	17216	17	0	0	159871	146581	6163	0
1402	-107	-7	9	27	9956	7287	363433	10	358	362443	7	17356	2	1	0	5747	16	0	3	1150	9	9244	9956	284	0	0	0	0	283	0	16	6219	157306	17216	17	0	0	159821	146581	6163	0
1401	-107	-7	9	27	9876	7287	363307	10	358	362317	7	17350	2	1	0	5745	16	0	3	1150	9	9244	9876	284	0	0	0	0	283	0	16	6219	157306	17216	17	0	0	159771	146581	6163	0
1400	-107	-7	9	27	9716	7285	363055	10	357	362065	7	17338	2	1	0	5741	16	0	3	1147	9	9237	9716	284	0	0	0	0	283	0	16	6219	157306	17216	17	0	0	159671	146581	6163	0
1399	-107	-7	9	27	9636	7285	362992	10	357	361939	7	17335	2	1	0	5739	16	0	3	1147	9	9237	9636	284	0	0	0	0	283	0	16	6219	157306	17216	17	0	0	159621	146581	6163	0
1398	-107	-7	9	27	9556	7285	362866	10	357	361876	7	17329	2	1	0	5738	16	0	3	1147	9	9237	9556	284	0	0	0	0	283	0	16	6219	157306	17216	17	0	0	159571	146581	6163	0
1397	-107	-7	8	27	9476	7285	362740	10	357	361750	7	17323	2	1	0	5736	13	0	3	1147	9	9237	9476	284	0	0	0	0	283	0	16	6219	157306	17216	17	0	0	159521	146581	6163	0
1396	-107	-7	9	27	9396	7285	362614	10	357	361624	7	17317	2	1	0	5734	16	0	3	1147	9	9237	9396	284	0	0	0	0	283	0	16	6219	157306	17216	17	0	0	159471	146581	6163	0
1395	-107	-8	9	27	9316	7283	362488	10	356	361498	7	17311	2	1	0	5732	16	0	3	1144	9	9230	9316	284	0	0	0	0	283	0	16	6219	157306	17216	17	0	0	159421	146581	6163	0
1394	-107	-8	8	27	9236	7283	362362	10	356	361372	7	17305	2	1	0	5730	13	0	3	1144	9	9230	9236	284	0	0	0	0	283	0	16	6219	157306	17216	17	0	0	159371	146581	6163	0
1393	-107	-8	9	27	9156	7283	362236	10	356	361246	7	17299	2	1	0	5728	16	0	3	1144	9	9230	9156	284	0	0	0	0	283	0	16	6219	157306	17216	17	0	0	159321	146581	6163	0
1392	-107	-8	9	27	9076	7283	362173	10	356	361120	7	17296	2	1	0	5726	16	0	3	1144	9	9230	9076	284	0	0	0	0	283	0	16	6219	157306	17216	17	0	0	159271	146581	6163	0
1391	-107	-8	9	27	8996	7283	362047	10	356	361057	7	17290	2	1	0	5725	16	0	3	1144	9	9230	8996	284	0	0	0	0	283	0	16	6219	157306	17216	17	0	0	159221	146581	6163	0
1390	-107	-8	8	27	8836	7281	361795	10	355	360805	7	17278	2	1	0	5721	13	0	3	1141	9	9223	8836	284	0	0	0	0	283	0	16	6219	157306	17216	17	0	0	159121	146581	6163	0
1389	-107	-8	8	27	8756	7281	361669	10	355	360679	7	17272	2	1	0	5719	13	0	3	1141	9	9223	8756	284	0	0	0	0	283	0	16	6219	157306	17216	17	0	0	159071	146581	6163	0
1388	-107	-8	8	27	8676	7281	361543	10	355	360553	7	17266	2	1	0	5717	13	0	3	1141	9	9223	8676	284	0	0	0	0	283	0	16	6219	157306	17216	17	0	0	159021	146581	6163	0
1387	-107	-8	8	27	8596	7279	361480	10	354	360427	7	17263	2	1	0	5715	13	0	3	1138	9	9216	8596	284	0	0	0	0	283	0	16	6219	157306	17216	17	0	0	158971	146581	6163	0
1386	-107	-8	8	27	8516	7279	361291	10	354	360301	7	17254	2	1	0	5713	13	0	3	1138	9	9216	8516	284	0	0	0	0	283	0	16	6219	157306	17216	17	0	0	158921	146581	6163	0
1385	-107	-8	8	27	8436	7279	361228	10	354	360175	7	17251	2	1	0	5711	13	0	3	1138	9	9216	8436	284	0	0	0	0	283	0	16	6219	157306	17216	17	0	0	158871	146581	6163	0
1384	-107	-8	8	27	8356	7279	361102	10	354	360049	7	17245	2	1	0	5709	13	0	3	1138	9	9216	8356	284	0	0	0	0	283	0	16	6219	157306	17216	17	0	0	158821	146581	6163	0
1383	-107	-8	8	27	8276	7279	360976	10	354	359986	7	17239	2	1	0	5708	13	0	3	1138	9	9216	8276	284	0	0	0	0	283	0	16	6219	157306	17216	17	0	0	158771	146581	6163	0
1382	-107	-8	8	27	8196	7277	360850	10	353	359797	7	17233	2	1	0	5705	13	0	3	1135	9	9209	8196	284	0	0	0	0	283	0	16	6219	157306	17216	17	0	0	158721	146581	6163	0
1381	-107	-8	7	27	8116	7277	360724	10	353	359734	7	17227	2	1	0	5704	11	0	3	1135	9	9209	8116	284	0	0	0	0	283	0	16	6219	157306	17216	17	0	0	158671	146581	6163	0
1380	-107	-8	8	27	7956	7277	360472	10	353	359482	7	17215	2	1	0	5700	13	0	3	1135	9	9209	7956	284	0	0	0	0	283	0	16	6219	157306	17216	17	0	0	158571	146581	6163	0
1379	-107	-8	7	27	7876	7277	360409	10	353	359356	7	17212	2	1	0	5698	11	0	3	1135	9	9209	7876	284	0	0	0	0	283	0	16	6219	157306	17216	17	0	0	158521	146581	6163	0
1378	-107	-8	8	27	7796	7275	360220	10	352	359230	7	17203	2	1	0	5696	13	0	3	1132	9	9202	7796	284	0	0	0	0	283	0	16	6219	157306	17216	17	0	0	158471	146581	6163	0
1377	-107	-8	8	27	7716	7275	360157	10	352	359104	7	17200	2	1	0	5694	13	0	3	1132	9	9202	7716	284	0	0	0	0	283	0	16	6219	157306	17216	17	0	0	158421	146581	6163	0
1376	-107	-8	8	27	7636	7275	360031	10	352	359041	7	17194	2	1	0	5693	13	0	3	1132	9	9202	7636	284	0	0	0	0	283	0	16	6219	157306	17216	17	0	0	158371	146581	6163	0
1375	-107	-8	7	27	7556	7275	359905	10	352	358915	7	17188	2	1	0	5691	11	0	3	1132	9	9202	7556	284	0	0	0	0	283	0	16	6219	157306	17216	17	0	0	158321	146581	6163	0
1374	-107	-8	8	27	7476	7275	359779	10	352	358789	7	17182	2	1	0	5689	13	0	3	1132	9	9202	7476	284	0	0	0	0	283	0	16	6219	157306	17216	17	0	0	158271	146581	6163	0
1373	-107	-7	8	27	7396	7273	359653	10	351	358663	7	17176	2	1	0	5687	13	0	3	1129	9	9195	7396	284	0	0	0	0	283	0	16	6219	157306	17216	17	0	0	158221	146581	6163	0
1372	-107	-7	7	27	7316	7273	359527	10	351	358537	7	17170	2	1	0	5685	11	0	3	1129	9	9195	7316	284	0	0	0	0	283	0	16	6219	157306	17216	17	0	0	158171	146581	6163	0
1371	-107	-7	8	27	7236	7273	359401	10	351	358411	7	17164	2	1	0	5683	13	0	3	1129	9	9195	7236	284	0	0	0	0	283	0	16	6219	157306	17216	17	0	0	158121	146581	6163	0
1370	-107	-7	7	27	7076	7273	359212	10	351	358222	7	17155	2	1	0	5680	11	0	3	1129	9	9195	7076	284	0	0	0	0	283	0	16	6219	157306	17216	17	0	0	158021	146581	6163	0
1369	-107	-7	8	27	6996	7271	359086	10	350	358033	7	17149	2	1	0	5677	13	0	3	1126	9	9188	6996	284	0	0	0	0	283	0	16	6219	157306	17216	17	0	0	157971	146581	6163	0
1368	-107	-7	9	27	6916	7271	358960	10	350	357970	7	17143	2	1	0	5676	16	0	3	1126	9	9188	6916	284	0	0	0	0	283	0	16	6219	157306	17216	17	0	0	157921	146581	6163	0
1367	-107	-7	8	27	6836	7271	358834	10	350	357844	7	17137	2	1	0	5674	13	0	3	1126	9	9188	6836	284	0	0	0	0	283	0	16	6219	157306	17216	17	0	0	157871	146581	6163	0
1366	-107	-7	8	27	6756	7271	358708	10	350	357718	7	17131	2	1	0	5672	13	0	3	1126	9	9188	6756	284	0	0	0	0	283	0	16	6219	157306	17216	17	0	0	157821	146581	6163	0
1365	-107	-7	8	27	6676	7269	358645	10	349	357592	7	17128	2	1	0	5670	13	0	3	1123	9	9181	6676	284	0	0	0	0	283	0	16	6219	157306	17216	17	0	0	157771	146581	6163	0
1364	-107	-7	9	27	6596	7269	358519	10	349	357466	7	17122	2	1	0	5668	16	0	3	1123	9	9181	6596	284	0	0	0	0	283	0	16	6219	157306	17216	17	0	0	157721	146581	6163	0
1363	-107	-7	9	27	6516	7269	358393	10	349	357403	7	17116	2	1	0	5667	16	0	3	1123	9	9181	6516	284	0	0	0	0	283	0	16	6219	157306	17216	17	0	0	157671	146581	6163	0
1362	-107	-7	9	27	6436	7269	358267	10	349	357277	7	17110	2	1	0	5665	16	0	3	1123	9	9181	6436	284	0	0	0	0	283	0	16	6219	157306	17216	17	0	0	157621	146581	6163	0
1361	-107	-7	8	27	6356	7269	358141	10	349	357151	7	17104	2	1	0	5663	13	0	3	1123	9	9181	6356	284	0	0	0	0	283	0	16	6219	157306	17216	17	0	0	157571	146581	6163	0
1360	-107	-8	9	27	6196	7267	357952	10	348	356899	7	17095	2	1	0	5659	16	0	3	1120	9	9174	6196	284	1	1180	0	60	283	0	16	6219	157306	17216	17	0	0	157471	146581	6163	0
1359	-107	-8	8	27	6116	7267	357826	10	348	356836	7	17089	2	1	0	5658	13	0	3	1120	9	9174	6116	284	1	1180	0	60	283	0	16	6219	157306	17216	17	0	0	157421	146581	6163	0
1358	-107	-8	8	27	6036	7267	357700	10	348	356710	7	17083	2	1	0	5656	13	0	3	1120	9	9174	6036	284	0	0	0	0	283	0	16	6219	157306	17216	17	0	0	157371	146581	6163	0
1357	-107	-8	7	33	5956	7267	357574	3	348	356584	7	17077	2	1	0	5654	11	0	3	1120	9	9174	5956	284	0	0	0	0	283	0	16	6219	157306	17216	17	0	0	157321	146581	6163	0
1356	-107	-8	8	27	5876	7265	357426	10	347	356436	7	17068	2	1	0	5651	13	0	3	1117	9	9167	5876	283	0	0	0	0	282	0	16	6219	156126	17156	17	0	0	157271	146581	6163	0
1355	-107	-8	7	27	5796	7265	357363	10	347	356310	7	17065	2	1	0	5649	11	0	3	1117	9	9167	5796	283	0	0	0	0	282	0	16	6219	156126	17156	17	0	0	157221	146581	6163	0
1354	-107	-8	7	27	5716	7265	357237	10	347	356247	7	17059	2	1	0	5648	11	0	3	1117	9	9167	5716	283	0	0	0	0	282	0	16	6219	156126	17156	17	0	0	157171	146581	6163	0
1353	-107	-8	8	27	5636	7265	357111	10	347	356121	7	17053	2	1	0	5646	13	0	3	1117	9	9167	5636	283	0	0	0	0	282	0	16	6219	156126	17156	17	0	0	157121	146581	6163	0
1352	-107	-8	7	27	5556	7265	356985	10	347	355995	7	17047	2	1	0	5644	11	0	3	1117	9	9167	5556	283	0	0	0	0	282	0	16	6219	156126	17156	17	0	0	157071	146581	6163	0
1351	-107	-7	8	27	5476	7263	356859	10	346	355869	7	17041	2	1	0	5642	13	0	3	1114	9	9160	5476	283	0	0	0	0	282	0	16	6219	156126	17156	17	0	0	157021	146581	6163	0
1350	-107	-7	9	26	5316	7263	356607	10	346	355617	7	17029	2	1	0	5638	16	0	3	1114	9	9160	5316	283	0	0	0	0	282	0	16	6219	156126	17156	17	0	0	156921	146581	6163	0
1349	-107	-7	10	26	5236	7263	356544	10	346	355491	7	17026	2	1	0	5636	18	0	3	1114	9	9160	5236	283	0	0	0	0	282	0	16	6219	156126	17156	17	0	0	156871	146581	6163	0
1348	-107	-7	9	26	5156	7263	356418	10	346	355428	7	17020	2	1	0	5635	16	0	3	1114	9	9160	5156	283	0	0	0	0	282	0	16	6219	156126	17156	17	0	0	156821	146581	6163	0
1347	-107	-7	9	27	5076	7261	356292	10	345	355239	7	17014	2	1	0	5632	16	0	3	1111	9	9153	5076	283	0	0	0	0	282	0	16	6219	156126	17156	17	0	0	156771	146581	6163	0
1346	-107	-7	9	27	4996	7261	356166	10	345	355176	7	17008	2	1	0	5631	16	0	3	1111	9	9153	4996	283	0	0	0	0	282	0	16	6219	156126	17156	17	0	0	156721	146581	6163	0
1345	-107	-7	9	27	4916	7261	356040	10	345	355050	7	17002	2	1	0	5629	16	0	3	1111	9	9153	4916	283	0	0	0	0	282	0	16	6219	156126	17156	17	0	0	156671	146581	6163	0
1344	-107	-7	8	27	4836	7261	355914	10	345	354924	7	16996	2	1	0	5627	13	0	3	1111	9	9153	4836	283	0	0	0	0	282	0	16	6219	156126	17156	17	0	0	156621	146581	6163	0
1343	-107	-7	9	27	4756	7259	355851	10	344	354798	7	16993	2	1	0	5625	16	0	3	1108	9	9146	4756	283	0	0	0	0	282	0	16	6219	156126	17156	17	0	0	156571	146581	6163	0
1342	-107	-7	8	27	4676	7259	355662	10	344	354672	7	16984	2	1	0	5623	13	0	3	1108	9	9146	4676	283	0	0	0	0	282	0	16	6219	156126	17156	17	0	0	156521	146581	6163	0
1341	-107	-7	9	27	4596	7259	355599	10	344	354546	7	16981	2	1	0	5621	16	0	3	1108	9	9146	4596	283	0	0	0	0	282	0	16	6219	156126	17156	17	0	0	156471	146581	6163	0
1340	-107	-7	8	27	4436	7259	355347	10	344	354357	7	16969	2	1	0	5618	13	0	3	1108	9	9146	4436	283	0	0	0	0	282	0	16	6219	156126	17156	17	0	0	156371	146581	6163	0
1339	-107	-8	9	27	4356	7257	355221	10	343	354168	7	16963	2	1	0	5615	16	0	3	1105	9	9139	4356	283	0	0	0	0	282	0	16	6219	156126	17156	17	0	0	156321	146581	6163	0
1338	-107	-8	9	27	4276	7257	355095	10	343	354105	7	16957	2	1	0	5614	16	0	3	1105	9	9139	4276	283	2	222	0	120	282	0	16	6219	156126	17156	17	0	0	156271	146581	6163	0
1337	-107	-8	8	26	4196	7257	354969	10	343	353979	7	16951	2	1	0	5612	13	0	3	1105	9	9139	4196	283	2	222	0	120	282	0	16	6219	156126	17156	17	0	0	156221	146581	6163	0
1336	-107	-8	9	26	4116	7257	354843	10	343	353853	7	16945	2	1	0	5610	16	0	3	1105	9	9139	4116	283	0	0	0	0	282	0	16	6219	156126	17156	17	0	0	156171	146581	6163	0
1335	-107	-8	8	26	4036	7257	354780	12	343	353693	7	16942	2	1	0	5608	13	0	3	1105	9	9139	4036	281	0	0	0	0	280	0	16	6219	155682	17036	17	0	0	156121	146581	6163	0
1334	-107	-8	8	26	3956	7255	354557	10	342	353504	7	16932	2	1	0	5605	13	0	3	1102	9	9132	3956	281	0	0	0	0	280	0	16	6219	155682	17036	17	0	0	156071	146581	6163	0
1333	-107	-8	9	27	3876	7255	354431	10	342	353441	7	16926	2	1	0	5604	16	0	3	1102	9	9132	3876	281	0	0	0	0	280	0	16	6219	155682	17036	17	0	0	156021	146581	6163	0
1332	-107	-8	8	27	3796	7255	354305	10	342	353315	7	16920	2	1	0	5602	13	0	3	1102	9	9132	3796	281	0	0	0	0	280	0	16	6219	155682	17036	17	0	0	155971	146581	6163	0
1331	-107	-8	7	27	3716	7255	354179	10	342	353189	7	16914	2	1	0	5600	11	0	3	1102	9	9132	3716	281	0	0	0	0	280	0	16	6219	155682	17036	17	0	0	155921	146581	6163	0
1330	-107	-7	8	27	3556	7253	353990	10	341	352937	7	16905	2	1	0	5596	13	0	3	1099	9	9125	3556	281	0	0	0	0	280	0	16	6219	155682	17036	17	0	0	155821	146581	6163	0
1329	-107	-7	8	27	3476	7253	353864	10	341	352874	7	16899	2	1	0	5595	13	0	3	1099	9	9125	3476	281	1	1376	0	60	280	0	16	6219	155682	17036	17	0	0	155771	146581	6163	0
1328	-107	-7	8	27	3396	7253	353738	10	341	352748	7	16893	2	1	0	5593	13	0	3	1099	9	9125	3396	281	1	1376	0	60	280	0	16	6219	155682	17036	17	0	0	155721	146581	6163	0
1327	-107	-7	9	28	3316	7253	353653	10	341	352600	7	16887	2	1	0	5590	16	0	3	1099	9	9125	3316	280	0	0	0	0	279	0	16	6219	154306	16976	17	0	0	155671	146581	6163	0
1326	-107	-7	9	28	3236	7253	353527	10	341	352537	7	16881	2	1	0	5589	16	0	3	1099	9	9125	3236	280	0	0	0	0	279	0	16	6219	154306	16976	17	0	0	155621	146581	6163	0
1325	-107	-7	8	28	3156	7251	353401	10	340	352348	7	16875	2	1	0	5586	13	0	3	1096	9	9118	3156	280	0	0	0	0	279	0	16	6219	154306	16976	17	0	0	155571	146581	6163	0
1324	-107	-7	8	28	3076	7251	353275	10	340	352285	7	16869	2	1	0	5585	13	0	3	1096	9	9118	3076	280	0	0	0	0	279	0	16	6219	154306	16976	17	0	0	155521	146581	6163	0
1323	-107	-7	10	28	2996	7251	353149	10	340	352159	7	16863	2	1	0	5583	18	0	3	1096	9	9118	2996	280	0	0	0	0	279	0	16	6219	154306	16976	17	0	0	155471	146581	6163	0
1322	-107	-7	9	28	2916	7251	353023	10	340	352033	7	16857	2	1	0	5581	16	0	3	1096	9	9118	2916	280	0	0	0	0	279	0	16	6219	154306	16976	17	0	0	155421	146581	6163	0
1321	-107	-7	9	27	2836	7249	352960	10	339	351907	7	16854	2	1	0	5579	16	0	3	1093	9	9111	2836	280	0	0	0	0	279	0	16	6219	154306	16976	17	0	0	155371	146581	6163	0
1320	-107	-7	9	27	2676	7249	352708	10	339	351655	7	16842	2	1	0	5575	16	0	3	1093	9	9111	2676	280	0	0	0	0	279	0	16	6219	154306	16976	17	0	0	155271	146581	6163	0
1319	-107	-7	10	27	2596	7249	352582	10	339	351529	7	16836	2	1	0	5573	18	0	3	1093	9	9111	2596	280	0	0	0	0	279	0	16	6219	154306	16976	17	0	0	155221	146581	6163	0
1318	-107	-7	8	27	2516	7249	352456	10	339	351466	7	16830	2	1	0	5572	13	0	3	1093	9	9111	2516	280	0	0	0	0	279	0	16	6219	154306	16976	17	0	0	155171	146581	6163	0
1317	-107	-6	8	27	2436	7247	352330	10	338	351277	7	16824	2	1	0	5569	13	0	3	1090	9	9104	2436	280	0	0	0	0	279	0	16	6219	154306	16976	17	0	0	155121	146581	6163	0
1316	-107	-6	8	27	2356	7247	352204	10	338	351214	7	16818	2	1	0	5568	13	0	3	1090	9	9104	2356	280	0	0	0	0	279	0	16	6219	154306	16976	17	0	0	155071	146581	6163	0
1315	-107	-6	9	27	2276	7247	352078	10	338	351088	7	16812	2	1	0	5566	16	0	3	1090	9	9104	2276	280	0	0	0	0	279	0	16	6219	154306	16976	17	0	0	155021	146581	6163	0
1314	-107	-6	9	27	2196	7247	351952	10	338	350962	7	16806	2	1	0	5564	16	0	3	1090	9	9104	2196	280	0	0	0	0	279	0	16	6219	154306	16976	17	0	0	154971	146581	6163	0
1313	-107	-6	9	27	2116	7247	351889	10	338	350836	7	16803	2	1	0	5562	16	0	3	1090	9	9104	2116	280	0	0	0	0	279	0	16	6219	154306	16976	17	0	0	154921	146581	6163	0
1312	-107	-6	10	27	2036	7245	351700	10	337	350710	7	16794	2	1	0	5560	18	0	3	1087	9	9097	2036	280	0	0	0	0	279	0	16	6219	154306	16976	17	0	0	154871	146581	6163	0
1311	-107	-6	10	27	1876	7245	351511	10	337	350521	7	16785	2	1	0	5557	18	0	3	1087	9	9097	1876	280	0	0	0	0	279	0	16	6219	154306	16976	17	0	0	154771	146581	6163	0
1310	-107	-6	10	27	1796	7245	351385	10	337	350395	7	16779	2	1	0	5555	18	0	3	1087	9	9097	1796	280	0	0	0	0	279	0	16	6219	154306	16976	17	0	0	154721	146581	6163	0
1309	-107	-6	9	27	1716	7245	351259	10	337	350269	7	16773	2	1	0	5553	16	0	3	1087	9	9097	1716	280	0	0	0	0	279	0	16	6219	154306	16976	17	0	0	154671	146581	6163	0
1308	-107	-7	9	27	1636	7243	351133	10	336	350143	7	16767	2	1	0	5551	16	0	3	1084	9	9090	1636	280	0	0	0	0	279	0	16	6219	154306	16976	17	0	0	154621	146581	6163	0
1307	-107	-7	9	27	1556	7243	351007	10	336	350017	7	16761	2	1	0	5549	16	0	3	1084	9	9090	1556	280	0	0	0	0	279	0	16	6219	154306	16976	17	0	0	154571	146581	6163	0
1306	-107	-7	10	27	1476	7243	350881	10	336	349891	7	16755	2	1	0	5547	18	0	3	1084	9	9090	1476	280	0	0	0	0	279	0	16	6219	154306	16976	17	0	0	154521	146581	6163	0
1305	-107	-7	10	27	1396	7243	350818	10	336	349765	7	16752	2	1	0	5545	18	0	3	1084	9	9090	1396	280	2	96	0	120	279	0	16	6219	154306	16976	17	0	0	154471	146581	6163	0
1304	-107	-7	9	27	1316	7243	350692	10	336	349702	7	16746	2	1	0	5544	16	0	3	1084	9	9090	1316	280	2	96	0	120	279	0	16	6219	154306	16976	17	0	0	154421	146581	6163	0
1303	-107	-8	9	27	1236	7241	350566	10	335	349576	7	16740	2	1	0	5542	16	0	3	1081	9	9083	1236	280	0	0	0	0	279	0	16	6219	154306	16976	17	0	0	154371	146581	6163	0
1302	-107	-8	9	25	1156	7241	350440	11	335	349450	7	16734	2	1	0	5540	16	0	3	1081	9	9083	1156	280	0	0	0	0	279	0	16	6219	154306	16976	17	0	0	154321	146581	6163	0
1301	-107	-8	9	27	996	7241	350166	10	335	349113	7	16721	2	1	0	5535	16	0	3	1081	9	9083	996	278	2	229	0	120	277	0	16	6219	154114	16856	17	0	0	154221	146581	6163	0
1300	-107	-8	8	27	916	7241	350040	10	335	349050	7	16715	2	1	0	5534	13	0	3	1081	9	9083	916	278	0	0	0	0	277	0	16	6219	154114	16856	17	0	0	154171	146581	6163	0
1299	-107	-7	8	27	836	7239	349914	3	334	348924	7	16709	2	1	0	5532	13	0	3	1078	9	9076	836	278	0	0	0	0	277	0	16	6219	154114	16856	17	0	0	154121	146581	6163	0
1298	-107	-7	8	27	756	7239	349766	10	334	348713	7	16700	2	1	0	5528	13	0	3	1078	9	9076	756	276	0	0	0	0	275	0	16	6219	153656	16736	17	0	0	154071	146581	6163	0
1297	-107	-7	8	27	676	7239	349640	10	334	348587	7	16694	2	1	0	5526	13	0	3	1078	9	9076	676	276	0	0	0	0	275	0	16	6219	153656	16736	17	0	0	154021	146581	6163	0
1296	-107	-7	9	27	596	7239	349514	10	334	348524	7	16688	2	1	0	5525	16	0	3	1078	9	9076	596	276	0	0	0	0	275	0	16	6219	153656	16736	17	0	0	153971	146581	6163	0
1295	-107	-7	8	27	516	7237	349388	10	333	348335	7	16682	2	1	0	5522	13	0	3	1075	9	9069	516	276	0	0	0	0	275	0	16	6219	153656	16736	17	0	0	153921	146581	6163	0
1294	-107	-7	9	27	436	7237	349262	10	333	348272	7	16676	2	1	0	5521	16	0	3	1075	9	9069	436	276	0	0	0	0	275	0	16	6219	153656	16736	17	0	0	153871	146581	6163	0
1293	-107	-7	9	27	356	7237	349136	10	333	348146	7	16670	2	1	0	5519	16	0	3	1075	9	9069	356	276	0	0	0	0	275	0	16	6219	153656	16736	17	0	0	153821	146581	6163	0
1292	-107	-7	8	27	276	7237	349010	10	333	348020	7	16664	2	1	0	5517	13	0	3	1075	9	9069	276	276	1	360	0	60	275	0	16	6219	153656	16736	17	0	0	153771	146581	6163	0
1291	-107	-7	9	27	116	7235	348758	3	332	347768	7	16652	2	1	0	5513	16	0	3	1072	9	9062	116	276	0	0	0	0	275	0	16	6219	153656	16736	17	0	0	153671	146581	6163	0
1290	-107	-7	9	27	36	7235	348673	10	332	347620	7	16646	2	1	0	5510	16	0	3	1072	9	9062	36	275	0	0	0	0	274	0	16	6219	153296	16676	17	0	0	153621	146581	6163	0
1289	-107	-7	9	27	16340	7235	348547	10	332	347557	7	16640	2	1	0	5509	16	0	3	1072	9	9062	16340	275	0	0	0	0	274	0	16	6219	153296	16676	17	0	0	153571	146581	6163	0
1288	-107	-7	9	27	16260	7235	348421	10	332	347431	7	16634	2	1	0	5507	16	0	3	1072	9	9062	16260	275	0	0	0	0	274	0	16	6219	153296	16676	17	0	0	153521	146581	6163	0
1287	-107	-7	10	27	16180	7235	348295	10	332	347305	7	16628	2	1	0	5505	18	0	3	1072	9	9062	16180	275	0	0	0	0	274	0	16	6219	153296	16676	17	0	0	153471	146581	6163	0
1286	-107	-7	9	27	16100	7233	348169	10	331	347179	7	16622	2	1	0	5503	16	0	3	1069	9	9055	16100	275	0	0	0	0	274	0	16	6219	153296	16676	17	0	0	153421	146581	6163	0
1285	-107	-7	9	27	16020	7233	348043	10	331	347053	7	16616	2	1	0	5501	16	0	3	1069	9	9055	16020	275	1	180	0	60	274	0	16	6219	153296	16676	17	0	0	153371	146581	6163	0
1284	-107	-7	10	33	15939	7233	347980	10	331	346927	7	16613	2	1	0	5499	18	0	3	1069	9	9055	15939	275	1	180	0	60	274	0	16	6219	153296	16676	17	0	0	153320	146581	6163	0
1283	-107	-7	9	27	15860	7233	347832	10	331	346779	7	16604	2	1	0	5496	16	0	3	1069	9	9055	15860	274	2	914	0	120	273	0	16	6219	153116	16616	17	0	0	153271	146581	6163	0
1282	-107	-7	9	27	15780	7233	347706	10	331	346716	7	16598	2	1	0	5495	16	0	3	1069	9	9055	15780	274	2	914	0	120	273	0	16	6219	153116	16616	17	0	0	153221	146581	6163	0
1281	-107	-6	10	25	15620	7231	347454	11	330	346464	7	16586	2	1	0	5491	18	0	3	1066	9	9048	15620	274	0	0	0	0	273	0	16	6219	153116	16616	17	0	0	153121	146581	6163	0
1280	-107	-6	9	27	15540	7231	347243	10	330	346253	7	16576	2	1	0	5488	16	0	3	1066	9	9048	15540	272	0	0	0	0	271	0	16	6219	151288	16496	17	0	0	153071	146581	6163	0
1279	-107	-6	10	27	15460	7231	347117	10	330	346127	7	16570	2	1	0	5486	18	0	3	1066	9	9048	15460	272	0	0	0	0	271	0	16	6219	151288	16496	17	0	0	153021	146581	6163	0
1278	-107	-7	10	27	15380	7229	347054	10	329	346001	7	16567	2	1	0	5484	18	0	3	1063	9	9041	15380	272	0	0	0	0	271	0	16	6219	151288	16496	17	0	0	152971	146581	6163	0
1277	-107	-7	10	27	15300	7229	346865	10	329	345875	7	16558	2	1	0	5482	18	0	3	1063	9	9041	15300	272	0	0	0	0	271	0	16	6219	151288	16496	17	0	0	152921	146581	6163	0
1276	-107	-7	10	27	15220	7229	346802	10	329	345749	7	16555	2	1	0	5480	18	0	3	1063	9	9041	15220	272	0	0	0	0	271	0	16	6219	151288	16496	17	0	0	152871	146581	6163	0
1275	-107	-7	9	27	15140	7229	346676	10	329	345623	7	16549	2	1	0	5478	16	0	3	1063	9	9041	15140	272	0	0	0	0	271	0	16	6219	151288	16496	17	0	0	152821	146581	6163	0
1274	-107	-7	9	27	15060	7229	346550	10	329	345560	7	16543	2	1	0	5477	16	0	3	1063	9	9041	15060	272	0	0	0	0	271	0	16	6219	151288	16496	17	0	0	152771	146581	6163	0
1273	-107	-8	9	27	14980	7227	346424	10	328	345371	7	16537	2	1	0	5474	16	0	3	1060	9	9034	14980	272	0	0	0	0	271	0	16	6219	151288	16496	17	0	0	152721	146581	6163	0
1272	-107	-8	9	27	14900	7227	346298	10	328	345308	7	16531	2	1	0	5473	16	0	3	1060	9	9034	14900	272	0	0	0	0	271	0	16	6219	151288	16496	17	0	0	152671	146581	6163	0
1271	-107	-8	9	27	14740	7227	346046	10	328	345056	7	16519	2	1	0	5469	16	0	3	1060	9	9034	14740	272	0	0	0	0	271	0	16	6219	151288	16496	17	0	0	152571	146581	6163	0
1270	-107	-8	9	27	14660	7227	345983	10	328	344930	7	16516	2	1	0	5467	16	0	3	1060	9	9034	14660	272	0	0	0	0	271	0	16	6219	151288	16496	17	0	0	152521	146581	6163	0
1269	-107	-8	8	27	14580	7225	345794	10	327	344804	7	16507	2	1	0	5465	13	0	3	1057	9	9027	14580	272	0	0	0	0	271	0	16	6219	151288	16496	17	0	0	152471	146581	6163	0
1268	-107	-8	8	27	14500	7225	345731	10	327	344678	7	16504	2	1	0	5463	13	0	3	1057	9	9027	14500	272	0	0	0	0	271	0	16	6219	151288	16496	17	0	0	152421	146581	6163	0
1267	-107	-8	9	27	14420	7225	345605	10	327	344615	7	16498	2	1	0	5462	16	0	3	1057	9	9027	14420	272	0	0	0	0	271	0	16	6219	151288	16496	17	0	0	152371	146581	6163	0
1266	-107	-8	9	27	14340	7225	345479	10	327	344489	7	16492	2	1	0	5460	16	0	3	1057	9	9027	14340	272	0	0	0	0	271	0	16	6219	151288	16496	17	0	0	152321	146581	6163	0
1265	-107	-8	8	27	14260	7225	345353	10	327	344363	7	16486	2	1	0	5458	13	0	3	1057	9	9027	14260	272	0	0	0	0	271	0	16	6219	151288	16496	17	0	0	152271	146581	6163	0
1264	-107	-9	8	27	14180	7223	345227	10	326	344237	7	16480	2	1	0	5456	13	0	3	1054	9	9020	14180	272	0	0	0	0	271	0	16	6219	151288	16496	17	0	0	152221	146581	6163	0
1263	-107	-9	8	27	14100	7223	345101	10	326	344111	7	16474	2	1	0	5454	13	0	3	1054	9	9020	14100	272	0	0	0	0	271	0	16	6219	151288	16496	17	0	0	152171	146581	6163	0
1262	-107	-9	8	27	14020	7223	344975	10	326	343985	7	16468	2	1	0	5452	13	0	3	1054	9	9020	14020	272	0	0	0	0	271	0	16	6219	151288	16496	17	0	0	152121	146581	6163	0
1261	-107	-9	8	27	13860	7223	344786	10	326	343796	7	16459	2	1	0	5449	13	0	3	1054	9	9020	13860	272	0	0	0	0	271	0	16	6219	151288	16496	17	0	0	152021	146581	6163	0
1260	-107	-9	8	27	13780	7221	344660	10	325	343607	7	16453	2	1	0	5446	13	0	3	1051	9	9013	13780	272	0	0	0	0	271	0	16	6219	151288	16496	17	0	0	151971	146581	6163	0
1259	-107	-9	8	27	13700	7221	344534	10	325	343544	7	16447	2	1	0	5445	13	0	3	1051	9	9013	13700	272	0	0	0	0	271	0	16	6219	151288	16496	17	0	0	151921	146581	6163	0
1258	-107	-9	8	27	13620	7221	344408	10	325	343418	7	16441	2	1	0	5443	13	0	3	1051	9	9013	13620	272	0	0	0	0	271	0	16	6219	151288	16496	17	0	0	151871	146581	6163	0
1257	-107	-9	8	27	13540	7221	344282	10	325	343292	7	16435	2	1	0	5441	13	0	3	1051	9	9013	13540	272	0	0	0	0	271	0	16	6219	151288	16496	17	0	0	151821	146581	6163	0
1256	-107	-8	7	27	13460	7219	344219	10	324	343166	7	16432	2	1	0	5439	11	0	3	1048	9	9006	13460	272	0	0	0	0	271	0	16	6219	151288	16496	17	0	0	151771	146581	6163	0
1255	-107	-8	8	27	13380	7219	344030	10	324	343040	7	16423	2	1	0	5437	13	0	3	1048	9	9006	13380	272	0	0	0	0	271	0	16	6219	151288	16496	17	0	0	151721	146581	6163	0
1254	-107	-8	8	27	13300	7219	343967	10	324	342914	7	16420	2	1	0	5435	13	0	3	1048	9	9006	13300	272	0	0	0	0	271	0	16	6219	151288	16496	17	0	0	151671	146581	6163	0
1253	-107	-8	7	27	13220	7219	343841	10	324	342788	7	16414	2	1	0	5433	11	0	3	1048	9	9006	13220	272	0	0	0	0	271	0	16	6219	151288	16496	17	0	0	151621	146581	6163	0
1252	-107	-8	7	27	13140	7219	343715	10	324	342725	7	16408	2	1	0	5432	11	0	3	1048	9	9006	13140	272	0	0	0	0	271	0	16	6219	151288	16496	17	0	0	151571	146581	6163	0
1251	-107	-8	7	27	12980	7217	343463	10	323	342473	7	16396	2	1	0	5428	11	0	3	1045	9	8999	12980	272	0	0	0	0	271	0	16	6219	151288	16496	17	0	0	151471	146581	6163	0
1250	-107	-8	7	27	12900	7217	343400	10	323	342347	7	16393	2	1	0	5426	11	0	3	1045	9	8999	12900	272	0	0	0	0	271	0	16	6219	151288	16496	17	0	0	151421	146581	6163	0
1249	-107	-8	7	27	12820	7217	343274	10	323	342221	7	16387	2	1	0	5424	11	0	3	1045	9	8999	12820	272	1	1002	0	60	271	0	16	6219	151288	16496	17	0	0	151371	146581	6163	0
1248	-107	-8	7	27	12740	7217	343148	10	323	342158	7	16381	2	1	0	5423	11	0	3	1045	9	8999	12740	272	1	1002	0	60	271	0	16	6219	151288	16496	17	0	0	151321	146581	6163	0
1247	-107	-7	8	27	12660	7215	342959	10	322	341969	7	16372	2	1	0	5420	13	0	3	1042	9	8992	12660	271	0	0	0	0	270	0	16	6219	150286	16436	17	0	0	151271	146581	6163	0
1246	-107	-7	9	27	12580	7215	342896	10	322	341843	7	16369	2	1	0	5418	16	0	3	1042	9	8992	12580	271	0	0	0	0	270	0	16	6219	150286	16436	17	0	0	151221	146581	6163	0
1245	-107	-7	9	27	12500	7215	342770	10	322	341780	7	16363	2	1	0	5417	16	0	3	1042	9	8992	12500	271	0	0	0	0	270	0	16	6219	150286	16436	17	0	0	151171	146581	6163	0
1244	-107	-7	8	27	12420	7215	342644	10	322	341654	7	16357	2	1	0	5415	13	0	3	1042	9	8992	12420	271	0	0	0	0	270	0	16	6219	150286	16436	17	0	0	151121	146581	6163	0
1243	-107	-7	8	27	12340	7215	342518	10	322	341528	7	16351	2	1	0	5413	13	0	3	1042	9	8992	12340	271	0	0	0	0	270	0	16	6219	150286	16436	17	0	0	151071	146581	6163	0
1242	-107	-7	8	27	12260	7213	342392	10	321	341402	7	16345	2	1	0	5411	13	0	3	1039	9	8985	12260	271	0	0	0	0	270	0	16	6219	150286	16436	17	0	0	151021	146581	6163	0
1241	-107	-7	8	27	12100	7213	342140	10	321	341150	7	16333	2	1	0	5407	13	0	3	1039	9	8985	12100	271	0	0	0	0	270	0	16	6219	150286	16436	17	0	0	150921	146581	6163	0
1240	-107	-7	9	27	12020	7213	342077	10	321	341024	7	16330	2	1	0	5405	16	0	3	1039	9	8985	12020	271	0	0	0	0	270	0	16	6219	150286	16436	17	0	0	150871	146581	6163	0
1239	-107	-7	10	27	11940	7213	341951	10	321	340961	7	16324	2	1	0	5404	18	0	3	1039	9	8985	11940	271	0	0	0	0	270	0	16	6219	150286	16436	17	0	0	150821	146581	6163	0
1238	-107	-8	10	27	11860	7211	341825	10	320	340772	7	16318	2	1	0	5401	18	0	3	1036	9	8978	11860	271	0	0	0	0	270	0	16	6219	150286	16436	17	0	0	150771	146581	6163	0
1237	-107	-8	9	27	11780	7211	341699	10	320	340709	7	16312	2	1	0	5400	16	0	3	1036	9	8978	11780	271	0	0	0	0	270	0	16	6219	150286	16436	17	0	0	150721	146581	6163	0
1236	-107	-8	8	27	11700	7211	341573	10	320	340583	7	16306	2	1	0	5398	13	0	3	1036	9	8978	11700	271	0	0	0	0	270	0	16	6219	150286	16436	17	0	0	150671	146581	6163	0
1235	-107	-8	8	27	11620	7211	341447	10	320	340457	7	16300	2	1	0	5396	13	0	3	1036	9	8978	11620	271	0	0	0	0	270	0	16	6219	150286	16436	17	0	0	150621	146581	6163	0
1234	-107	-8	8	27	11540	7209	341384	10	319	340331	7	16297	2	1	0	5394	13	0	3	1033	9	8971	11540	271	0	0	0	0	270	0	16	6219	150286	16436	17	0	0	150571	146581	6163	0
1233	-107	-8	8	28	11460	7209	341195	10	319	340205	7	16288	2	1	0	5392	13	0	3	1033	9	8971	11460	271	0	0	0	0	270	0	16	6219	150286	16436	17	0	0	150521	146581	6163	0
1232	-107	-8	8	27	11380	7209	341132	10	319	340079	7	16285	2	1	0	5390	13	0	3	1033	9	8971	11380	271	0	0	0	0	270	0	16	6219	150286	16436	17	0	0	150471	146581	6163	0
1231	-107	-8	8	27	11220	7209	340880	10	319	339890	7	16273	2	1	0	5387	13	0	3	1033	9	8971	11220	271	3	213	0	180	270	0	16	6219	150286	16436	17	0	0	150371	146581	6163	0
1230	-107	-8	8	27	11140	7207	340754	10	318	339764	7	16267	2	1	0	5385	13	0	3	1030	9	8964	11140	271	3	213	0	180	270	0	16	6219	150286	16436	17	0	0	150321	146581	6163	0
1229	-107	-8	9	27	11060	7207	340498	10	318	339445	7	16260	2	1	0	5382	16	0	3	1030	9	8964	11060	268	0	0	0	0	267	0	16	6219	149646	16256	17	0	0	150271	146581	6163	0
1228	-107	-8	9	27	10980	7207	340309	10	318	339319	7	16251	2	1	0	5380	16	0	3	1030	9	8964	10980	268	0	0	0	0	267	0	16	6219	149646	16256	17	0	0	150221	146581	6163	0
1227	-107	-8	7	27	10900	7207	340183	10	318	339193	7	16245	2	1	0	5378	11	0	3	1030	9	8964	10900	268	0	0	0	0	267	0	16	6219	149646	16256	17	0	0	150171	146581	6163	0
1226	-107	-8	7	27	10820	7207	340120	10	318	339067	7	16242	2	1	0	5376	11	0	3	1030	9	8964	10820	268	0	0	0	0	267	0	16	6219	149646	16256	17	0	0	150121	146581	6163	0
1225	-107	-7	7	27	10740	7205	339931	10	317	338941	7	16233	2	1	0	5374	11	0	3	1027	9	8957	10740	268	0	0	0	0	267	0	16	6219	149646	16256	17	0	0	150071	146581	6163	0
1224	-107	-7	8	27	10660	7205	339868	10	317	338815	7	16230	2	1	0	5372	13	0	3	1027	9	8957	10660	268	0	0	0	0	267	0	16	6219	149646	16256	17	0	0	150021	146581	6163	0
1223	-107	-7	9	27	10580	7205	339742	10	317	338752	7	16224	2	1	0	5371	16	0	3	1027	9	8957	10580	268	0	0	0	0	267	0	16	6219	149646	16256	17	0	0	149971	146581	6163	0
1222	-107	-7	8	26	10420	7205	339490	10	317	338500	7	16212	2	1	0	5367	13	0	3	1027	9	8957	10420	268	0	0	0	0	267	0	16	6219	149646	16256	17	0	0	149871	146581	6163	0
1221	-107	-7	8	26	10340	7203	339364	10	316	338374	7	16206	2	1	0	5365	13	0	3	1024	9	8950	10340	268	0	0	0	0	267	0	16	6219	149646	16256	17	0	0	149821	146581	6163	0
1220	-107	-7	8	26	10260	7203	339238	10	316	338248	7	16200	2	1	0	5363	13	0	3	1024	9	8950	10260	268	1	1350	0	60	267	0	16	6219	149646	16256	17	0	0	149771	146581	6163	0
1219	-107	-7	8	26	10180	7203	339112	10	316	338122	7	16194	2	1	0	5361	13	0	3	1024	9	8950	10180	268	1	1350	0	60	267	0	16	6219	149646	16256	17	0	0	149721	146581	6163	0
1218	-107	-7	8	26	10100	7203	339049	10	316	337996	7	16191	2	1	0	5359	13	0	3	1024	9	8950	10100	268	0	0	0	0	267	0	16	6219	149646	16256	17	0	0	149671	146581	6163	0
1217	-107	-7	8	26	10020	7203	338901	10	316	337911	7	16182	2	1	0	5357	13	0	3	1024	9	8950	10020	267	0	0	0	0	266	0	16	6219	148296	16196	17	0	0	149621	146581	6163	0
1216	-107	-8	8	26	9940	7201	338775	10	315	337722	7	16176	2	1	0	5354	13	0	3	1021	9	8943	9940	267	0	0	0	0	266	0	16	6219	148296	16196	17	0	0	149571	146581	6163	0
1215	-107	-8	8	26	9860	7201	338649	10	315	337659	7	16170	2	1	0	5353	13	0	3	1021	9	8943	9860	267	0	0	0	0	266	0	16	6219	148296	16196	17	0	0	149521	146581	6163	0
1214	-107	-8	8	26	9780	7201	338523	10	315	337533	7	16164	2	1	0	5351	13	0	3	1021	9	8943	9780	267	0	0	0	0	266	0	16	6219	148296	16196	17	0	0	149471	146581	6163	0
1213	-107	-8	8	26	9700	7201	338397	10	315	337407	7	16158	2	1	0	5349	13	0	3	1021	9	8943	9700	267	0	0	0	0	266	0	16	6219	148296	16196	17	0	0	149421	146581	6163	0
1212	-107	-8	8	26	9540	7199	338145	10	314	337155	7	16146	2	1	0	5345	13	0	3	1018	9	8936	9540	267	0	0	0	0	266	0	16	6219	148296	16196	17	0	0	149321	146581	6163	0
1211	-107	-8	8	26	9460	7199	338082	10	314	337029	7	16143	2	1	0	5343	13	0	3	1018	9	8936	9460	267	0	0	0	0	266	0	16	6219	148296	16196	17	0	0	149271	146581	6163	0
1210	-107	-8	9	26	9380	7199	337956	10	314	336903	7	16137	2	1	0	5341	16	0	3	1018	9	8936	9380	267	0	0	0	0	266	0	16	6219	148296	16196	17	0	0	149221	146581	6163	0
1209	-107	-8	7	26	9300	7199	337830	10	314	336840	7	16131	2	1	0	5340	11	0	3	1018	9	8936	9300	267	0	0	0	0	266	0	16	6219	148296	16196	17	0	0	149171	146581	6163	0
1208	-107	-7	7	26	9220	7197	337704	10	313	336651	7	16125	2	1	0	5337	11	0	3	1015	9	8929	9220	267	0	0	0	0	266	0	16	6219	148296	16196	17	0	0	149121	146581	6163	0
1207	-107	-7	8	26	9140	7197	337578	10	313	336588	7	16119	2	1	0	5336	13	0	3	1015	9	8929	9140	267	0	0	0	0	266	0	16	6219	148296	16196	17	0	0	149071	146581	6163	0
1206	-107	-7	8	26	9060	7197	337452	10	313	336462	7	16113	2	1	0	5334	13	0	3	1015	9	8929	9060	267	0	0	0	0	266	0	16	6219	148296	16196	17	0	0	149021	146581	6163	0
1205	-107	-7	8	26	8980	7197	337326	10	313	336336	7	16107	2	1	0	5332	13	0	3	1015	9	8929	8980	267	0	0	0	0	266	0	16	6219	148296	16196	17	0	0	148971	146581	6163	0
1204	-107	-7	8	26	8900	7197	337263	10	313	336210	7	16104	2	1	0	5330	13	0	3	1015	9	8929	8900	267	0	0	0	0	266	0	16	6219	148296	16196	17	0	0	148921	146581	6163	0
1203	-107	-7	9	26	8820	7195	337074	10	312	336084	7	16095	2	1	0	5328	16	0	3	1012	9	8922	8820	267	0	0	0	0	266	0	16	6219	148296	16196	17	0	0	148871	146581	6163	0
1202	-107	-7	8	26	8660	7195	336885	10	312	335895	7	16086	2	1	0	5325	13	0	3	1012	9	8922	8660	267	0	0	0	0	266	0	16	6219	148296	16196	17	0	0	148771	146581	6163	0
1201	-107	-7	8	26	8580	7195	336759	10	312	335769	7	16080	2	1	0	5323	13	0	3	1012	9	8922	8580	267	0	0	0	0	266	0	16	6219	148296	16196	17	0	0	148721	146581	6163	0
1200	-107	-7	8	26	8500	7195	336633	10	312	335643	7	16074	2	1	0	5321	13	0	3	1012	9	8922	8500	267	0	0	0	0	266	0	16	6219	148296	16196	17	0	0	148671	146581	6163	0
1199	-107	-7	7	26	8420	7193	336507	10	311	335517	7	16068	2	1	0	5319	11	0	3	1009	9	8915	8420	267	0	0	0	0	266	0	16	6219	148296	16196	17	0	0	148621	146581	6163	0
1198	-107	-7	8	26	8340	7193	336444	10	311	335391	7	16065	2	1	0	5317	13	0	3	1009	9	8915	8340	267	0	0	0	0	266	0	16	6219	148296	16196	17	0	0	148571	146581	6163	0
1197	-107	-7	9	26	8260	7193	336318	10	311	335328	7	16059	2	1	0	5316	16	0	3	1009	9	8915	8260	267	0	0	0	0	266	0	16	6219	148296	16196	17	0	0	148521	146581	6163	0
1196	-107	-7	8	26	8180	7193	336192	10	311	335202	7	16053	2	1	0	5314	13	0	3	1009	9	8915	8180	267	0	0	0	0	266	0	16	6219	148296	16196	17	0	0	148471	146581	6163	0
1195	-107	-7	8	26	8100	7193	336066	10	311	335076	7	16047	2	1	0	5312	13	0	3	1009	9	8915	8100	267	0	0	0	0	266	0	16	6219	148296	16196	17	0	0	148421	146581	6163	0
1194	-107	-7	8	26	8020	7191	335940	10	310	334950	7	16041	2	1	0	5310	13	0	3	1006	9	8908	8020	267	2	95	0	120	266	0	16	6219	148296	16196	17	0	0	148371	146581	6163	0
1193	-107	-7	8	26	7940	7191	335877	10	310	334824	7	16038	2	1	0	5308	13	0	3	1006	9	8908	7940	267	2	95	0	120	266	0	16	6219	148296	16196	17	0	0	148321	146581	6163	0
1192	-107	-7	8	26	7780	7191	335528	10	310	334538	7	16022	2	1	0	5304	13	0	3	1006	9	8908	7780	265	2	225	0	120	264	0	16	6219	148106	16076	17	0	0	148221	146581	6163	0
1191	-107	-6	9	26	7700	7189	335465	10	309	334412	7	16019	2	1	0	5302	16	0	3	1003	9	8901	7700	265	0	0	0	0	264	0	16	6219	148106	16076	17	0	0	148171	146581	6163	0
1190	-107	-6	8	26	7620	7189	335276	12	309	334286	7	16010	2	1	0	5300	13	0	3	1003	9	8901	7620	265	0	0	0	0	264	0	16	6219	148106	16076	17	0	0	148121	146581	6163	0
1189	-107	-6	8	26	7540	7189	335116	10	309	334063	7	16003	2	1	0	5297	13	0	3	1003	9	8901	7540	263	0	0	0	0	262	0	16	6219	147656	15956	17	0	0	148071	146581	6163	0
1188	-107	-6	9	26	7460	7189	334990	10	309	333937	7	15997	2	1	0	5295	16	0	3	1003	9	8901	7460	263	0	0	0	0	262	0	16	6219	147656	15956	17	0	0	148021	146581	6163	0
1187	-107	-6	8	26	7380	7189	334864	10	309	333874	7	15991	2	1	0	5294	13	0	3	1003	9	8901	7380	263	0	0	0	0	262	0	16	6219	147656	15956	17	0	0	147971	146581	6163	0
1186	-107	-6	9	26	7300	7187	334738	10	308	333685	7	15985	2	1	0	5291	16	0	3	1000	9	8894	7300	263	0	0	0	0	262	0	16	6219	147656	15956	17	0	0	147921	146581	6163	0
1185	-107	-6	9	26	7220	7187	334612	10	308	333622	7	15979	2	1	0	5290	16	0	3	1000	9	8894	7220	263	0	0	0	0	262	0	16	6219	147656	15956	17	0	0	147871	146581	6163	0
1184	-107	-6	9	26	7140	7187	334486	10	308	333496	7	15973	2	1	0	5288	16	0	3	1000	9	8894	7140	263	0	0	0	0	262	0	16	6219	147656	15956	17	0	0	147821	146581	6163	0
1183	-107	-6	8	26	7060	7187	334360	10	308	333370	7	15967	2	1	0	5286	13	0	3	1000	9	8894	7060	263	2	187	0	120	262	0	16	6219	147656	15956	17	0	0	147771	146581	6163	0
1182	-107	-6	9	26	6900	7185	334108	3	307	333118	7	15955	2	1	0	5282	16	0	3	997	9	8887	6900	263	0	0	0	0	262	0	16	6219	147656	15956	17	0	0	147671	146581	6163	0
1181	-107	-6	10	26	6820	7185	334023	3	307	333011	7	15949	2	1	0	5279	18	0	3	997	9	8887	6820	261	0	0	0	0	260	0	16	6219	147282	15836	17	0	0	147621	146581	6163	0
1180	-107	-6	10	26	6740	7185	333875	10	307	332885	7	15940	2	1	0	5277	18	0	3	997	9	8887	6740	261	0	0	0	0	260	0	16	6219	147282	15836	17	0	0	147571	146581	6163	0
1179	-107	-6	9	26	6660	7185	333749	10	307	332759	7	15934	2	1	0	5275	16	0	3	997	9	8887	6660	261	0	0	0	0	260	0	16	6219	147282	15836	17	0	0	147521	146581	6163	0
1178	-107	-6	10	26	6580	7185	333686	10	307	332633	7	15931	2	1	0	5273	18	0	3	997	9	8887	6580	261	0	0	0	0	260	0	16	6219	147282	15836	17	0	0	147471	146581	6163	0
1177	-107	-7	10	26	6500	7183	333560	10	306	332507	7	15925	2	1	0	5271	18	0	3	994	9	8880	6500	261	0	0	0	0	260	0	16	6219	147282	15836	17	0	0	147421	146581	6163	0
1176	-107	-7	10	26	6420	7183	333434	10	306	332444	7	15919	2	1	0	5270	18	0	3	994	9	8880	6420	261	2	332	0	120	260	0	16	6219	147282	15836	17	0	0	147371	146581	6163	0
1175	-107	-7	9	26	6340	7183	333308	10	306	332318	7	15913	2	1	0	5268	16	0	3	994	9	8880	6340	261	2	332	0	120	260	0	16	6219	147282	15836	17	0	0	147321	146581	6163	0
1174	-107	-7	9	27	6260	7183	333223	10	306	332107	7	15907	2	1	0	5264	16	0	3	994	9	8880	6260	259	0	0	0	0	258	0	16	6219	146618	15716	17	0	0	147271	146581	6163	0
1173	-107	-7	8	27	6180	7183	333034	10	306	332044	7	15898	2	1	0	5263	13	0	3	994	9	8880	6180	259	0	0	0	0	258	0	16	6219	146618	15716	17	0	0	147221	146581	6163	0
1172	-107	-6	8	27	6020	7181	332782	10	305	331792	7	15886	2	1	0	5259	13	0	3	991	9	8873	6020	259	0	0	0	0	258	0	16	6219	146618	15716	17	0	0	147121	146581	6163	0
1171	-107	-6	9	27	5940	7181	332656	10	305	331666	7	15880	2	1	0	5257	16	0	3	991	9	8873	5940	259	0	0	0	0	258	0	16	6219	146618	15716	17	0	0	147071	146581	6163	0
1170	-107	-6	10	27	5860	7181	332530	10	305	331540	7	15874	2	1	0	5255	18	0	3	991	9	8873	5860	259	0	0	0	0	258	0	16	6219	146618	15716	17	0	0	147021	146581	6163	0
1169	-107	-6	10	27	5780	7179	332467	10	304	331414	7	15871	2	1	0	5253	18	0	3	988	9	8866	5780	259	0	0	0	0	258	0	16	6219	146618	15716	17	0	0	146971	146581	6163	0
1168	-107	-6	9	27	5700	7179	332341	10	304	331288	7	15865	2	1	0	5251	16	0	3	988	9	8866	5700	259	0	0	0	0	258	0	16	6219	146618	15716	17	0	0	146921	146581	6163	0
1167	-107	-6	9	27	5620	7179	332215	10	304	331225	7	15859	2	1	0	5250	16	0	3	988	9	8866	5620	259	0	0	0	0	258	0	16	6219	146618	15716	17	0	0	146871	146581	6163	0
1166	-107	-6	9	27	5540	7179	332089	10	304	331099	7	15853	2	1	0	5248	16	0	3	988	9	8866	5540	259	0	0	0	0	258	0	16	6219	146618	15716	17	0	0	146821	146581	6163	0
1165	-107	-6	9	27	5460	7179	331963	10	304	330973	7	15847	2	1	0	5246	16	0	3	988	9	8866	5460	259	1	60	0	60	258	0	16	6219	146618	15716	17	0	0	146771	146581	6163	0
1164	-107	-6	9	27	5380	7177	331837	10	303	330847	373	15841	359	3	0	5244	16	18	9	985	9	8859	5380	259	1	60	0	60	258	0	16	6219	146618	15716	17	0	0	146721	146581	6163	0
1163	-107	-6	8	27	5300	7177	331774	10	303	330721	373	15838	359	3	0	5242	13	18	9	985	9	8859	5300	259	1	1650	0	62	258	355	16	6219	146618	15716	17	1	25411	146671	146581	6163	0
1162	-107	-6	10	27	5140	6818	331459	10	302	330469	7	15823	2	1	0	5238	18	0	3	976	9	8486	5140	258	0	0	0	0	257	0	15	5864	146558	15656	16	0	0	146571	121170	6163	0
1161	-107	-6	9	27	5060	6818	331333	10	302	330280	7	15817	2	1	0	5235	16	0	3	976	9	8486	5060	257	0	0	0	0	256	0	15	5864	144908	15594	16	0	0	146521	121170	6163	0
1160	-107	-6	9	27	4980	6816	331144	10	301	330154	7	15808	2	1	0	5233	16	0	3	973	9	8479	4980	257	0	0	0	0	256	0	15	5864	144908	15594	16	0	0	146471	121170	6163	0
1159	-107	-6	10	27	4900	6816	331081	10	301	330028	7	15805	2	1	0	5231	18	0	3	973	9	8479	4900	257	0	0	0	0	256	0	15	5864	144908	15594	16	0	0	146421	121170	6163	0
1158	-107	-6	10	27	4820	6816	330955	10	301	329965	7	15799	2	1	0	5230	18	0	3	973	9	8479	4820	257	0	0	0	0	256	0	15	5864	144908	15594	16	0	0	146371	121170	6163	0
1157	-107	-6	9	27	4740	6816	330829	10	301	329839	7	15793	2	1	0	5228	16	0	3	973	9	8479	4740	257	0	0	0	0	256	0	15	5864	144908	15594	16	0	0	146321	121170	6163	0
1156	-107	-6	10	27	4660	6816	330703	10	301	329713	7	15787	2	1	0	5226	18	0	3	973	9	8479	4660	257	0	0	0	0	256	0	15	5864	144908	15594	16	0	0	146271	121170	6163	0
1155	-107	-6	9	27	4580	6814	330577	10	300	329587	7	15781	2	1	0	5224	16	0	3	970	9	8472	4580	257	0	0	0	0	256	0	15	5864	144908	15594	16	0	0	146221	121170	6163	0
1154	-107	-6	9	27	4500	6814	330451	10	300	329461	7	15775	2	1	0	5222	16	0	3	970	9	8472	4500	257	0	0	0	0	256	0	15	5864	144908	15594	16	0	0	146171	121170	6163	0
1153	-107	-6	8	27	4420	6814	330325	10	300	329335	7	15769	2	1	0	5220	13	0	3	970	9	8472	4420	257	0	0	0	0	256	0	15	5864	144908	15594	16	0	0	146121	121170	6163	0
1152	-107	-6	9	27	4260	6814	330136	10	300	329146	7	15760	2	1	0	5217	16	0	3	970	9	8472	4260	257	0	0	0	0	256	0	15	5864	144908	15594	16	0	0	146021	121170	6163	0
1151	-107	-6	9	27	4180	6812	330010	10	299	328957	7	15754	2	1	0	5214	16	0	3	967	9	8465	4180	257	0	0	0	0	256	0	15	5864	144908	15594	16	0	0	145971	121170	6163	0
1150	-107	-6	10	27	4099	6812	329884	10	299	328894	7	15748	2	1	0	5213	18	0	3	967	9	8465	4099	257	0	0	0	0	256	0	15	5864	144908	15594	16	0	0	145920	121170	6163	0
1149	-107	-6	10	27	4020	6812	329758	10	299	328768	7	15742	2	1	0	5211	18	0	3	967	9	8465	4020	257	0	0	0	0	256	0	15	5864	144908	15594	16	0	0	145871	121170	6163	0
1148	-107	-6	10	27	3940	6812	329632	10	299	328642	7	15736	2	1	0	5209	18	0	3	967	9	8465	3940	257	0	0	0	0	256	0	15	5864	144908	15594	16	0	0	145821	121170	6163	0
1147	-107	-7	10	27	3860	6810	329569	10	298	328516	7	15733	2	1	0	5207	18	0	3	964	9	8458	3860	257	0	0	0	0	256	0	15	5864	144908	15594	16	0	0	145771	121170	6163	0
1146	-107	-7	9	27	3780	6810	329380	10	298	328390	7	15724	2	1	0	5205	16	0	3	964	9	8458	3780	257	0	0	0	0	256	0	15	5864	144908	15594	16	0	0	145721	121170	6163	0
1145	-107	-7	9	27	3700	6810	329317	10	298	328264	7	15721	2	1	0	5203	16	0	3	964	9	8458	3700	257	0	0	0	0	256	0	15	5864	144908	15594	16	0	0	145671	121170	6163	0
1144	-107	-7	9	27	3620	6810	329191	10	298	328138	7	15715	2	1	0	5201	16	0	3	964	9	8458	3620	257	0	0	0	0	256	0	15	5864	144908	15594	16	0	0	145621	121170	6163	0
1143	-107	-7	9	27	3540	6810	329065	10	298	328075	7	15709	2	1	0	5200	16	0	3	964	9	8458	3540	257	0	0	0	0	256	0	15	5864	144908	15594	16	0	0	145571	121170	6163	0
1142	-107	-7	9	27	3380	6808	328813	10	297	327823	7	15697	2	1	0	5196	16	0	3	961	9	8451	3380	257	0	0	0	0	256	0	15	5864	144908	15594	16	0	0	145471	121170	6163	0
1141	-107	-7	9	27	3300	6808	328687	10	297	327697	7	15691	2	1	0	5194	16	0	3	961	9	8451	3300	257	0	0	0	0	256	0	15	5864	144908	15594	16	0	0	145421	121170	6163	0
1140	-107	-7	9	27	3220	6808	328561	10	297	327571	7	15685	2	1	0	5192	16	0	3	961	9	8451	3220	257	0	0	0	0	256	0	15	5864	144908	15594	16	0	0	145371	121170	6163	0
1139	-107	-7	9	27	3140	6808	328498	10	297	327445	7	15682	2	1	0	5190	16	0	3	961	9	8451	3140	257	0	0	0	0	256	0	15	5864	144908	15594	16	0	0	145321	121170	6163	0
1138	-107	-7	9	27	3060	6806	328372	10	296	327319	7	15676	2	1	0	5188	16	0	3	958	9	8444	3060	257	0	0	0	0	256	0	15	5864	144908	15594	16	0	0	145271	121170	6163	0
1137	-107	-7	9	27	2980	6806	328246	10	296	327256	7	15670	2	1	0	5187	16	0	3	958	9	8444	2980	257	0	0	0	0	256	0	15	5864	144908	15594	16	0	0	145221	121170	6163	0
1136	-107	-7	9	27	2900	6806	328120	10	296	327130	7	15664	2	1	0	5185	16	0	3	958	9	8444	2900	257	0	0	0	0	256	0	15	5864	144908	15594	16	0	0	145171	121170	6163	0
1135	-107	-7	8	27	2820	6806	327994	10	296	327004	7	15658	2	1	0	5183	13	0	3	958	9	8444	2820	257	0	0	0	0	256	0	15	5864	144908	15594	16	0	0	145121	121170	6163	0
1134	-107	-7	7	28	2740	6806	327931	10	296	326878	7	15655	2	1	0	5181	11	0	3	958	9	8444	2740	257	1	312	0	60	256	0	15	5864	144908	15594	16	0	0	145071	121170	6163	0
1133	-107	-7	8	27	2580	6804	327679	10	295	326689	7	15643	2	1	0	5178	13	0	3	955	9	8437	2580	257	0	0	0	0	256	0	15	5864	144908	15594	16	0	0	144971	121170	6163	0
1132	-107	-7	9	28	2500	6804	327553	10	295	326563	7	15637	2	1	0	5176	16	0	3	955	9	8437	2500	257	0	0	0	0	256	0	15	5864	144908	15594	16	0	0	144921	121170	6163	0
1131	-107	-7	8	28	2420	6804	327427	10	295	326374	7	15631	2	1	0	5173	13	0	3	955	9	8437	2420	256	0	0	0	0	255	0	15	5864	144596	15534	16	0	0	144871	121170	6163	0
1130	-107	-7	8	28	2340	6804	327301	10	295	326311	7	15625	2	1	0	5172	13	0	3	955	9	8437	2340	256	0	0	0	0	255	0	15	5864	144596	15534	16	0	0	144821	121170	6163	0
1129	-107	-6	8	28	2260	6802	327175	10	294	326185	7	15619	2	1	0	5170	13	0	3	952	9	8430	2260	256	0	0	0	0	255	0	15	5864	144596	15534	16	0	0	144771	121170	6163	0
1128	-107	-6	8	28	2180	6802	327049	10	294	326059	7	15613	2	1	0	5168	13	0	3	952	9	8430	2180	256	0	0	0	0	255	0	15	5864	144596	15534	16	0	0	144721	121170	6163	0
1127	-107	-6	8	28	2100	6802	326923	10	294	325933	7	15607	2	1	0	5166	13	0	3	952	9	8430	2100	256	3	316	0	180	255	0	15	5864	144596	15534	16	0	0	144671	121170	6163	0
1126	-107	-6	10	28	2020	6802	326860	10	294	325807	7	15604	2	1	0	5164	18	0	3	952	9	8430	2020	256	3	316	0	180	255	0	15	5864	144596	15534	16	0	0	144621	121170	6163	0
1125	-107	-7	10	28	1940	6800	326541	10	293	325488	7	15594	2	1	0	5161	18	0	3	949	9	8423	1940	253	0	0	0	0	252	0	15	5864	143648	15354	16	0	0	144571	121170	6163	0
1124	-107	-7	9	28	1860	6800	326352	10	293	325362	7	15585	2	1	0	5159	16	0	3	949	9	8423	1860	253	0	0	0	0	252	0	15	5864	143648	15354	16	0	0	144521	121170	6163	0
1123	-107	-7	9	28	1700	6800	326163	10	293	325110	7	15576	2	1	0	5155	16	0	3	949	9	8423	1700	253	0	0	0	0	252	0	15	5864	143648	15354	16	0	0	144421	121170	6163	0
1122	-107	-7	10	27	1620	6800	326037	10	293	325047	7	15570	2	1	0	5154	18	0	3	949	9	8423	1620	253	0	0	0	0	252	0	15	5864	143648	15354	16	0	0	144371	121170	6163	0
1121	-107	-7	10	27	1540	6798	325911	10	292	324858	7	15564	2	1	0	5151	18	0	3	946	9	8416	1540	253	0	0	0	0	252	0	15	5864	143648	15354	16	0	0	144321	121170	6163	0
1120	-107	-7	10	27	1460	6798	325785	10	292	324795	7	15558	2	1	0	5150	18	0	3	946	9	8416	1460	253	0	0	0	0	252	0	15	5864	143648	15354	16	0	0	144271	121170	6163	0
1119	-107	-7	10	27	1380	6798	325659	10	292	324669	7	15552	2	1	0	5148	18	0	3	946	9	8416	1380	253	0	0	0	0	252	0	15	5864	143648	15354	16	0	0	144221	121170	6163	0
1118	-107	-7	9	27	1300	6798	325533	10	292	324543	7	15546	2	1	0	5146	16	0	3	946	9	8416	1300	253	0	0	0	0	252	0	15	5864	143648	15354	16	0	0	144171	121170	6163	0
1117	-107	-7	9	27	1220	6798	325470	10	292	324417	7	15543	2	1	0	5144	16	0	3	946	9	8416	1220	253	0	0	0	0	252	0	15	5864	143648	15354	16	0	0	144121	121170	6163	0
1116	-107	-7	9	27	1140	6796	325281	10	291	324291	7	15534	2	1	0	5142	16	0	3	943	9	8409	1140	253	0	0	0	0	252	0	15	5864	143648	15354	16	0	0	144071	121170	6163	0
1115	-107	-7	9	27	1060	6796	325218	10	291	324165	7	15531	2	1	0	5140	16	0	3	943	9	8409	1060	253	0	0	0	0	252	0	15	5864	143648	15354	16	0	0	144021	121170	6163	0
1114	-107	-7	9	27	980	6796	325092	10	291	324102	7	15525	2	1	0	5139	16	0	3	943	9	8409	980	253	0	0	0	0	252	0	15	5864	143648	15354	16	0	0	143971	121170	6163	0
1113	-107	-7	9	27	820	6796	324840	10	291	323850	7	15513	2	1	0	5135	16	0	3	943	9	8409	820	253	0	0	0	0	252	0	15	5864	143648	15354	16	0	0	143871	121170	6163	0
1112	-107	-7	8	27	740	6794	324714	10	290	323724	7	15507	2	1	0	5133	13	0	3	940	9	8402	740	253	0	0	0	0	252	0	15	5864	143648	15354	16	0	0	143821	121170	6163	0
1111	-107	-7	9	27	660	6794	324588	10	290	323598	7	15501	2	1	0	5131	16	0	3	940	9	8402	660	253	1	1992	0	60	252	0	15	5864	143648	15354	16	0	0	143771	121170	6163	0
1110	-107	-7	9	27	580	6794	324462	10	290	323472	7	15495	2	1	0	5129	16	0	3	940	9	8402	580	253	1	1992	0	60	252	0	15	5864	143648	15354	16	0	0	143721	121170	6163	0
1109	-107	-7	8	27	500	6794	324399	10	290	323346	7	15492	2	1	0	5127	13	0	3	940	9	8402	500	253	0	0	0	0	252	0	15	5864	143648	15354	16	0	0	143671	121170	6163	0
1108	-107	-7	9	27	420	6794	324210	10	290	323220	7	15483	2	1	0	5125	16	0	3	940	9	8402	420	252	0	0	0	0	251	0	15	5864	141656	15294	16	0	0	143621	121170	6163	0
1107	-107	-6	9	27	340	6792	324084	10	289	323031	7	15477	2	1	0	5122	16	0	3	937	9	8395	340	252	0	0	0	0	251	0	15	5864	141656	15294	16	0	0	143571	121170	6163	0
1106	-107	-6	8	27	260	6792	323958	10	289	322968	7	15471	2	1	0	5121	13	0	3	937	9	8395	260	252	0	0	0	0	251	0	15	5864	141656	15294	16	0	0	143521	121170	6163	0
1105	-107	-6	9	27	180	6792	323832	10	289	322842	7	15465	2	1	0	5119	16	0	3	937	9	8395	180	252	0	0	0	0	251	0	15	5864	141656	15294	16	0	0	143471	121170	6163	0
1104	-107	-6	9	27	100	6792	323706	10	289	322716	7	15459	2	1	0	5117	16	0	3	937	9	8395	100	252	0	0	0	0	251	0	15	5864	141656	15294	16	0	0	143421	121170	6163	0
1103	-107	-7	10	27	16324	6790	323454	10	288	322464	7	15447	2	1	0	5113	18	0	3	934	9	8388	16324	252	0	0	0	0	251	0	15	5864	141656	15294	16	0	0	143321	121170	6163	0
1102	-107	-7	10	27	16244	6790	323391	10	288	322338	7	15444	2	1	0	5111	18	0	3	934	9	8388	16244	252	0	0	0	0	251	0	15	5864	141656	15294	16	0	0	143271	121170	6163	0
1101	-107	-7	9	27	16164	6790	323265	10	288	322212	7	15438	2	1	0	5109	16	0	3	934	9	8388	16164	252	0	0	0	0	251	0	15	5864	141656	15294	16	0	0	143221	121170	6163	0
1100	-107	-7	9	28	16084	6790	323139	10	288	322149	7	15432	2	1	0	5108	16	0	3	934	9	8388	16084	252	0	0	0	0	251	0	15	5864	141656	15294	16	0	0	143171	121170	6163	0
1099	-107	-6	8	28	16003	6788	323013	10	287	321960	7	15426	2	1	0	5105	13	0	3	931	9	8381	16003	252	0	0	0	0	251	0	15	5864	141656	15294	16	0	0	143120	121170	6163	0
1098	-107	-6	8	28	15923	6788	322887	10	287	321897	7	15420	2	1	0	5104	13	0	3	931	9	8381	15923	252	0	0	0	0	251	0	15	5864	141656	15294	16	0	0	143070	121170	6163	0
1097	-107	-6	8	28	15844	6788	322761	10	287	321771	7	15414	2	1	0	5102	13	0	3	931	9	8381	15844	252	0	0	0	0	251	0	15	5864	141656	15294	16	0	0	143021	121170	6163	0
1096	-107	-6	9	28	15764	6788	322635	10	287	321645	7	15408	2	1	0	5100	16	0	3	931	9	8381	15764	252	0	0	0	0	251	0	15	5864	141656	15294	16	0	0	142971	121170	6163	0
1095	-107	-6	10	28	15684	6788	322572	10	287	321519	7	15405	2	1	0	5098	18	0	3	931	9	8381	15684	252	0	0	0	0	251	0	15	5864	141656	15294	16	0	0	142921	121170	6163	0
1094	-107	-7	11	28	15604	6786	322383	10	286	321393	7	15396	2	1	0	5096	20	0	3	928	9	8374	15604	252	0	0	0	0	251	0	15	5864	141656	15294	16	0	0	142871	121170	6163	0
1093	-107	-7	9	28	15444	6786	322194	10	286	321204	7	15387	2	1	0	5093	16	0	3	928	9	8374	15444	252	0	0	0	0	251	0	15	5864	141656	15294	16	0	0	142771	121170	6163	0
1092	-107	-7	10	28	15364	6786	322068	10	286	321078	7	15381	2	1	0	5091	18	0	3	928	9	8374	15364	252	0	0	0	0	251	0	15	5864	141656	15294	16	0	0	142721	121170	6163	0
1091	-107	-7	9	28	15284	6786	321942	10	286	320952	7	15375	2	1	0	5089	16	0	3	928	9	8374	15284	252	0	0	0	0	251	0	15	5864	141656	15294	16	0	0	142671	121170	6163	0
1090	-107	-7	9	27	15204	6784	321816	10	285	320826	7	15369	2	1	0	5087	16	0	3	925	9	8367	15204	252	0	0	0	0	251	0	15	5864	141656	15294	16	0	0	142621	121170	6163	0
1089	-107	-7	9	27	15124	6784	321690	10	285	320700	7	15363	2	1	0	5085	16	0	3	925	9	8367	15124	252	0	0	0	0	251	0	15	5864	141656	15294	16	0	0	142571	121170	6163	0
1088	-107	-7	10	27	15044	6784	321564	10	285	320574	7	15357	2	1	0	5083	18	0	3	925	9	8367	15044	252	0	0	0	0	251	0	15	5864	141656	15294	16	0	0	142521	121170	6163	0
1087	-107	-7	10	27	14964	6784	321501	10	285	320448	7	15354	2	1	0	5081	18	0	3	925	9	8367	14964	252	0	0	0	0	251	0	15	5864	141656	15294	16	0	0	142471	121170	6163	0
1086	-107	-7	10	27	14884	6784	321375	10	285	320385	7	15348	2	1	0	5080	18	0	3	925	9	8367	14884	252	0	0	0	0	251	0	15	5864	141656	15294	16	0	0	142421	121170	6163	0
1085	-107	-8	9	27	14804	6782	321249	10	284	320196	7	15342	2	1	0	5077	16	0	3	922	9	8360	14804	252	0	0	0	0	251	0	15	5864	141656	15294	16	0	0	142371	121170	6163	0
1084	-107	-8	9	27	14724	6782	321123	10	284	320133	7	15336	2	1	0	5076	16	0	3	922	9	8360	14724	252	0	0	0	0	251	0	15	5864	141656	15294	16	0	0	142321	121170	6163	0
1083	-107	-8	8	27	14564	6782	320871	10	284	319881	7	15324	2	1	0	5072	13	0	3	922	9	8360	14564	252	0	0	0	0	251	0	15	5864	141656	15294	16	0	0	142221	121170	6163	0
1082	-107	-7	8	27	14484	6780	320808	10	283	319755	7	15321	2	1	0	5070	13	0	3	919	9	8353	14484	252	0	0	0	0	251	0	15	5864	141656	15294	16	0	0	142171	121170	6163	0
1081	-107	-7	8	27	14404	6780	320619	10	283	319629	7	15312	2	1	0	5068	13	0	3	919	9	8353	14404	252	0	0	0	0	251	0	15	5864	141656	15294	16	0	0	142121	121170	6163	0
1080	-107	-7	8	27	14324	6780	320556	10	283	319503	7	15309	2	1	0	5066	13	0	3	919	9	8353	14324	252	0	0	0	0	251	0	15	5864	141656	15294	16	0	0	142071	121170	6163	0
1079	-107	-7	9	27	14244	6780	320430	10	283	319377	7	15303	2	1	0	5064	16	0	3	919	9	8353	14244	252	0	0	0	0	251	0	15	5864	141656	15294	16	0	0	142021	121170	6163	0
1078	-107	-7	9	27	14164	6780	320304	10	283	319314	7	15297	2	1	0	5063	16	0	3	919	9	8353	14164	252	0	0	0	0	251	0	15	5864	141656	15294	16	0	0	141971	121170	6163	0
1077	-107	-8	8	27	14084	6778	320178	10	282	319125	7	15291	2	1	0	5060	13	0	3	916	9	8346	14084	252	0	0	0	0	251	0	15	5864	141656	15294	16	0	0	141921	121170	6163	0
1076	-107	-8	9	27	14004	6778	320052	10	282	319062	7	15285	2	1	0	5059	16	0	3	916	9	8346	14004	252	0	0	0	0	251	0	15	5864	141656	15294	16	0	0	141871	121170	6163	0
1075	-107	-8	9	27	13924	6778	319926	10	282	318936	7	15279	2	1	0	5057	16	0	3	916	9	8346	13924	252	0	0	0	0	251	0	15	5864	141656	15294	16	0	0	141821	121170	6163	0
1074	-107	-8	8	27	13844	6778	319800	10	282	318810	7	15273	2	1	0	5055	13	0	3	916	9	8346	13844	252	1	1010	0	60	251	0	15	5864	141656	15294	16	0	0	141771	121170	6163	0
1073	-107	-8	7	27	13684	6776	319548	3	281	318558	7	15261	2	1	0	5051	11	0	3	913	9	8339	13684	252	0	0	0	0	251	0	15	5864	141656	15294	16	0	0	141671	121170	6163	0
1072	-107	-8	9	27	13604	6776	319463	10	281	318410	7	15255	2	1	0	5048	16	0	3	913	9	8339	13604	251	0	0	0	0	250	0	15	5864	140646	15234	16	0	0	141621	121170	6163	0
1071	-107	-8	9	27	13524	6776	319337	10	281	318347	7	15249	2	1	0	5047	16	0	3	913	9	8339	13524	251	0	0	0	0	250	0	15	5864	140646	15234	16	0	0	141571	121170	6163	0
1070	-107	-8	8	27	13444	6776	319211	10	281	318221	7	15243	2	1	0	5045	13	0	3	913	9	8339	13444	251	0	0	0	0	250	0	15	5864	140646	15234	16	0	0	141521	121170	6163	0
1069	-107	-8	7	27	13364	6776	319085	10	281	318095	7	15237	2	1	0	5043	11	0	3	913	9	8339	13364	251	0	0	0	0	250	0	15	5864	140646	15234	16	0	0	141471	121170	6163	0
1068	-107	-9	7	27	13284	6774	318959	10	280	317969	7	15231	2	1	0	5041	11	0	3	910	9	8332	13284	251	0	0	0	0	250	0	15	5864	140646	15234	16	0	0	141421	121170	6163	0
1067	-107	-9	8	27	13204	6774	318833	10	280	317843	7	15225	2	1	0	5039	13	0	3	910	9	8332	13204	251	0	0	0	0	250	0	15	5864	140646	15234	16	0	0	141371	121170	6163	0
1066	-107	-9	8	27	13124	6774	318707	10	280	317717	7	15219	2	1	0	5037	13	0	3	910	9	8332	13124	251	0	0	0	0	250	0	15	5864	140646	15234	16	0	0	141321	121170	6163	0
1065	-107	-9	8	27	13043	6774	318644	10	280	317591	7	15216	2	1	0	5035	13	0	3	910	9	8332	13043	251	0	0	0	0	250	0	15	5864	140646	15234	16	0	0	141270	121170	6163	0
1064	-107	-9	7	27	12964	6774	318518	10	280	317528	7	15210	2	1	0	5034	11	0	3	910	9	8332	12964	251	0	0	0	0	250	0	15	5864	140646	15234	16	0	0	141221	121170	6163	0
1063	-107	-8	7	27	12804	6772	318266	10	279	317276	7	15198	2	1	0	5030	11	0	3	907	9	8325	12804	251	0	0	0	0	250	0	15	5864	140646	15234	16	0	0	141121	121170	6163	0
1062	-107	-8	7	27	12724	6772	318140	10	279	317150	7	15192	2	1	0	5028	11	0	3	907	9	8325	12724	251	0	0	0	0	250	0	15	5864	140646	15234	16	0	0	141071	121170	6163	0
1061	-107	-8	8	27	12644	6772	318014	10	279	317024	7	15186	2	1	0	5026	13	0	3	907	9	8325	12644	251	0	0	0	0	250	0	15	5864	140646	15234	16	0	0	141021	121170	6163	0
1060	-107	-8	7	27	12564	6770	317951	10	278	316898	7	15183	2	1	0	5024	11	0	3	904	9	8318	12564	251	0	0	0	0	250	0	15	5864	140646	15234	16	0	0	140971	121170	6163	0
1059	-107	-8	8	27	12484	6770	317825	10	278	316772	7	15177	2	1	0	5022	13	0	3	904	9	8318	12484	251	0	0	0	0	250	0	15	5864	140646	15234	16	0	0	140921	121170	6163	0
1058	-107	-8	8	27	12404	6770	317699	10	278	316709	7	15171	2	1	0	5021	13	0	3	904	9	8318	12404	251	0	0	0	0	250	0	15	5864	140646	15234	16	0	0	140871	121170	6163	0
1057	-107	-8	8	27	12324	6770	317573	10	278	316583	7	15165	2	1	0	5019	13	0	3	904	9	8318	12324	251	0	0	0	0	250	0	15	5864	140646	15234	16	0	0	140821	121170	6163	0
1056	-107	-8	8	27	12244	6770	317447	10	278	316457	7	15159	2	1	0	5017	13	0	3	904	9	8318	12244	251	1	550	0	60	250	0	15	5864	140646	15234	16	0	0	140771	121170	6163	0
1055	-107	-7	8	27	12164	6768	317321	10	277	316331	7	15153	2	1	0	5015	13	0	3	901	9	8311	12164	251	1	550	0	60	250	0	15	5864	140646	15234	16	0	0	140721	121170	6163	0
1054	-107	-7	8	27	12084	6768	317258	10	277	316205	7	15150	2	1	0	5013	13	0	3	901	9	8311	12084	251	0	0	0	0	250	0	15	5864	140646	15234	16	0	0	140671	121170	6163	0
1053	-107	-7	7	27	11924	6768	316984	10	277	315994	7	15135	2	1	0	5009	11	0	3	901	9	8311	11924	250	0	0	0	0	249	0	15	5864	140096	15174	16	0	0	140571	121170	6163	0
1052	-107	-7	8	27	11844	6768	316921	10	277	315868	7	15132	2	1	0	5007	13	0	3	901	9	8311	11844	250	0	0	0	0	249	0	15	5864	140096	15174	16	0	0	140521	121170	6163	0
1051	-107	-8	8	27	11764	6766	316732	10	276	315742	7	15123	2	1	0	5005	13	0	3	898	9	8304	11764	250	0	0	0	0	249	0	15	5864	140096	15174	16	0	0	140471	121170	6163	0
1050	-107	-8	8	27	11684	6766	316669	10	276	315616	7	15120	2	1	0	5003	13	0	3	898	9	8304	11684	250	0	0	0	0	249	0	15	5864	140096	15174	16	0	0	140421	121170	6163	0
1049	-107	-8	8	27	11604	6766	316543	10	276	315553	7	15114	2	1	0	5002	13	0	3	898	9	8304	11604	250	0	0	0	0	249	0	15	5864	140096	15174	16	0	0	140371	121170	6163	0
1048	-107	-8	8	27	11523	6766	316417	10	276	315427	7	15108	2	1	0	5000	13	0	3	898	9	8304	11523	250	0	0	0	0	249	0	15	5864	140096	15174	16	0	0	140320	121170	6163	0
1047	-107	-8	8	27	11443	6766	316291	10	276	315301	7	15102	2	1	0	4998	13	0	3	898	9	8304	11443	250	0	0	0	0	249	0	15	5864	140096	15174	16	0	0	140270	121170	6163	0
1046	-107	-7	9	27	11363	6764	316165	10	275	315175	7	15096	2	1	0	4996	16	0	3	895	9	8297	11363	250	0	0	0	0	249	0	15	5864	140096	15174	16	0	0	140220	121170	6163	0
1045	-107	-7	7	27	11284	6764	316039	10	275	315049	7	15090	2	1	0	4994	11	0	3	895	9	8297	11284	250	2	2005	0	120	249	0	15	5864	140096	15174	16	0	0	140171	121170	6163	0
1044	-107	-7	8	25	11204	6764	315976	10	275	314923	7	15087	2	1	0	4992	13	0	3	895	9	8297	11204	250	2	2005	0	120	249	0	15	5864	140096	15174	16	0	0	140121	121170	6163	0
1043	-107	-7	8	27	11044	6764	315639	10	275	314649	7	15071	2	1	0	4988	13	0	3	895	9	8297	11044	248	0	0	0	0	247	0	15	5864	136086	15054	16	0	0	140021	121170	6163	0
1042	-107	-7	8	27	10964	6762	315513	10	274	314460	7	15065	2	1	0	4985	13	0	3	892	9	8290	10964	248	0	0	0	0	247	0	15	5864	136086	15054	16	0	0	139971	121170	6163	0
1041	-107	-7	8	27	10884	6762	315387	10	274	314397	7	15059	2	1	0	4984	13	0	3	892	9	8290	10884	248	0	0	0	0	247	0	15	5864	136086	15054	16	0	0	139921	121170	6163	0
1040	-107	-7	9	27	10804	6762	315261	10	274	314271	7	15053	2	1	0	4982	16	0	3	892	9	8290	10804	248	0	0	0	0	247	0	15	5864	136086	15054	16	0	0	139871	121170	6163	0
1039	-107	-7	10	27	10724	6762	315135	10	274	314145	7	15047	2	1	0	4980	18	0	3	892	9	8290	10724	248	0	0	0	0	247	0	15	5864	136086	15054	16	0	0	139821	121170	6163	0
1038	-107	-7	9	27	10644	6760	315072	10	273	314019	7	15044	2	1	0	4978	16	0	3	889	9	8283	10644	248	0	0	0	0	247	0	15	5864	136086	15054	16	0	0	139771	121170	6163	0
1037	-107	-7	9	27	10564	6760	314883	10	273	313893	7	15035	2	1	0	4976	16	0	3	889	9	8283	10564	248	0	0	0	0	247	0	15	5864	136086	15054	16	0	0	139721	121170	6163	0
1036	-107	-7	9	27	10484	6760	314820	10	273	313767	7	15032	2	1	0	4974	16	0	3	889	9	8283	10484	248	0	0	0	0	247	0	15	5864	136086	15054	16	0	0	139671	121170	6163	0
1035	-107	-7	10	27	10404	6760	314694	10	273	313641	7	15026	2	1	0	4972	18	0	3	889	9	8283	10404	248	0	0	0	0	247	0	15	5864	136086	15054	16	0	0	139621	121170	6163	0
1034	-107	-7	10	27	10324	6760	314568	10	273	313578	7	15020	2	1	0	4971	18	0	3	889	9	8283	10324	248	0	0	0	0	247	0	15	5864	136086	15054	16	0	0	139571	121170	6163	0
1033	-107	-8	9	27	10164	6758	314316	10	272	313326	7	15008	2	1	0	4967	16	0	3	886	9	8276	10164	248	0	0	0	0	247	0	15	5864	136086	15054	16	0	0	139471	121170	6163	0
1032	-107	-8	8	27	10084	6758	314190	10	272	313200	7	15002	2	1	0	4965	13	0	3	886	9	8276	10084	248	0	0	0	0	247	0	15	5864	136086	15054	16	0	0	139421	121170	6163	0
1031	-107	-8	8	27	10004	6758	314064	10	272	313074	7	14996	2	1	0	4963	13	0	3	886	9	8276	10004	248	0	0	0	0	247	0	15	5864	136086	15054	16	0	0	139371	121170	6163	0
1030	-107	-8	8	27	9924	6758	314001	10	272	312948	7	14993	2	1	0	4961	13	0	3	886	9	8276	9924	248	0	0	0	0	247	0	15	5864	136086	15054	16	0	0	139321	121170	6163	0
1029	-107	-8	8	27	9844	6756	313812	10	271	312822	7	14984	2	1	0	4959	13	0	3	883	9	8269	9844	248	0	0	0	0	247	0	15	5864	136086	15054	16	0	0	139271	121170	6163	0
1028	-107	-8	9	27	9764	6756	313749	10	271	312696	7	14981	2	1	0	4957	16	0	3	883	9	8269	9764	248	0	0	0	0	247	0	15	5864	136086	15054	16	0	0	139221	121170	6163	0
1027	-107	-8	10	27	9684	6756	313623	10	271	312633	7	14975	2	1	0	4956	18	0	3	883	9	8269	9684	248	0	0	0	0	247	0	15	5864	136086	15054	16	0	0	139171	121170	6163	0
1026	-107	-8	9	27	9604	6756	313497	10	271	312507	7	14969	2	1	0	4954	16	0	3	883	9	8269	9604	248	0	0	0	0	247	0	15	5864	136086	15054	16	0	0	139121	121170	6163	0
1025	-107	-8	9	27	9524	6756	313371	10	271	312381	7	14963	2	1	0	4952	16	0	3	883	9	8269	9524	248	0	0	0	0	247	0	15	5864	136086	15054	16	0	0	139071	121170	6163	0
1024	-107	-7	9	27	9444	6754	313245	10	270	312255	7	14957	2	1	0	4950	16	0	3	880	9	8262	9444	248	0	0	0	0	247	0	15	5864	136086	15054	16	0	0	139021	121170	6163	0
1023	-107	-7	9	27	9284	6754	312993	10	270	312003	7	14945	2	1	0	4946	16	0	3	880	9	8262	9284	248	0	0	0	0	247	0	15	5864	136086	15054	16	0	0	138921	121170	6163	0
1022	-107	-7	9	27	9204	6754	312930	10	270	311877	7	14942	2	1	0	4944	16	0	3	880	9	8262	9204	248	0	0	0	0	247	0	15	5864	136086	15054	16	0	0	138871	121170	6163	0
1021	-107	-7	9	27	9124	6754	312804	10	270	311814	7	14936	2	1	0	4943	16	0	3	880	9	8262	9124	248	0	0	0	0	247	0	15	5864	136086	15054	16	0	0	138821	121170	6163	0
1020	-107	-8	9	27	9043	6752	312678	10	269	311625	7	14930	2	1	0	4940	16	0	3	877	9	8255	9043	248	0	0	0	0	247	0	15	5864	136086	15054	16	0	0	138770	121170	6163	0
1019	-107	-8	9	27	8963	6752	312552	10	269	311562	7	14924	2	1	0	4939	16	0	3	877	9	8255	8963	248	0	0	0	0	247	0	15	5864	136086	15054	16	0	0	138720	121170	6163	0
1018	-107	-8	10	27	8883	6752	312426	10	269	311436	7	14918	2	1	0	4937	18	0	3	877	9	8255	8883	248	0	0	0	0	247	0	15	5864	136086	15054	16	0	0	138670	121170	6163	0
1017	-107	-8	8	27	8804	6752	312300	10	269	311310	7	14912	2	1	0	4935	13	0	3	877	9	8255	8804	248	0	0	0	0	247	0	15	5864	136086	15054	16	0	0	138621	121170	6163	0
1016	-107	-8	9	27	8724	6750	312237	10	268	311184	7	14909	2	1	0	4933	16	0	3	874	9	8248	8724	248	0	0	0	0	247	0	15	5864	136086	15054	16	0	0	138571	121170	6163	0
1015	-107	-8	10	27	8644	6750	312048	10	268	311058	7	14900	2	1	0	4931	18	0	3	874	9	8248	8644	248	0	0	0	0	247	0	15	5864	136086	15054	16	0	0	138521	121170	6163	0
1014	-107	-8	8	27	8564	6750	311985	10	268	310932	7	14897	2	1	0	4929	13	0	3	874	9	8248	8564	248	0	0	0	0	247	0	15	5864	136086	15054	16	0	0	138471	121170	6163	0
1013	-107	-8	8	27	8404	6750	311733	10	268	310743	7	14885	2	1	0	4926	13	0	3	874	9	8248	8404	248	0	0	0	0	247	0	15	5864	136086	15054	16	0	0	138371	121170	6163	0
1012	-107	-8	8	27	8324	6748	311607	10	267	310554	7	14879	2	1	0	4923	13	0	3	871	9	8241	8324	248	0	0	0	0	247	0	15	5864	136086	15054	16	0	0	138321	121170	6163	0
1011	-107	-8	8	27	8244	6748	311481	10	267	310491	7	14873	2	1	0	4922	13	0	3	871	9	8241	8244	248	0	0	0	0	247	0	15	5864	136086	15054	16	0	0	138271	121170	6163	0
1010	-107	-8	7	27	8164	6748	311355	10	267	310365	7	14867	2	1	0	4920	11	0	3	871	9	8241	8164	248	0	0	0	0	247	0	15	5864	136086	15054	16	0	0	138221	121170	6163	0
1009	-107	-8	7	27	8084	6748	311229	10	267	310239	7	14861	2	1	0	4918	11	0	3	871	9	8241	8084	248	0	0	0	0	247	0	15	5864	136086	15054	16	0	0	138171	121170	6163	0
1008	-107	-8	7	27	8004	6748	311166	10	267	310113	7	14858	2	1	0	4916	11	0	3	871	9	8241	8004	248	0	0	0	0	247	0	15	5864	136086	15054	16	0	0	138121	121170	6163	0
1007	-107	-7	8	27	7924	6746	310977	10	266	309987	7	14849	2	1	0	4914	13	0	3	868	9	8234	7924	248	0	0	0	0	247	0	15	5864	136086	15054	16	0	0	138071	121170	6163	0
1006	-107	-7	8	27	7844	6746	310914	10	266	309861	7	14846	2	1	0	4912	13	0	3	868	9	8234	7844	248	0	0	0	0	247	0	15	5864	136086	15054	16	0	0	138021	121170	6163	0
1005	-107	-7	8	27	7764	6746	310788	10	266	309798	7	14840	2	1	0	4911	13	0	3	868	9	8234	7764	248	0	0	0	0	247	0	15	5864	136086	15054	16	0	0	137971	121170	6163	0
1004	-107	-7	8	27	7684	6746	310662	10	266	309672	7	14834	2	1	0	4909	13	0	3	868	9	8234	7684	248	0	0	0	0	247	0	15	5864	136086	15054	16	0	0	137921	121170	6163	0
1003	-107	-7	8	27	7524	6744	310410	10	265	309420	7	14822	2	1	0	4905	13	0	3	865	9	8227	7524	248	0	0	0	0	247	0	15	5864	136086	15054	16	0	0	137821	121170	6163	0
1002	-107	-7	9	27	7444	6744	310284	10	265	309294	7	14816	2	1	0	4903	16	0	3	865	9	8227	7444	248	0	0	0	0	247	0	15	5864	136086	15054	16	0	0	137771	121170	6163	0
1001	-107	-7	8	27	7364	6744	310158	10	265	309168	7	14810	2	1	0	4901	13	0	3	865	9	8227	7364	248	0	0	0	0	247	0	15	5864	136086	15054	16	0	0	137721	121170	6163	0
1000	-107	-7	8	27	7284	6744	310095	10	265	309042	7	14807	2	1	0	4899	13	0	3	865	9	8227	7284	248	0	0	0	0	247	0	15	5864	136086	15054	16	0	0	137671	121170	6163	0
999	-107	-7	8	27	7204	6744	309969	10	265	308979	7	14801	2	1	0	4898	13	0	3	865	9	8227	7204	248	0	0	0	0	247	0	15	5864	136086	15054	16	0	0	137621	121170	6163	0
998	-107	-7	8	27	7124	6742	309843	10	264	308790	7	14795	2	1	0	4895	13	0	3	862	9	8220	7124	248	0	0	0	0	247	0	15	5864	136086	15054	16	0	0	137571	121170	6163	0
997	-107	-7	8	27	7044	6742	309717	10	264	308727	7	14789	2	1	0	4894	13	0	3	862	9	8220	7044	248	0	0	0	0	247	0	15	5864	136086	15054	16	0	0	137521	121170	6163	0
996	-107	-7	8	27	6964	6742	309591	10	264	308601	7	14783	2	1	0	4892	13	0	3	862	9	8220	6964	248	0	0	0	0	247	0	15	5864	136086	15054	16	0	0	137471	121170	6163	0
995	-107	-7	8	27	6884	6742	309465	10	264	308475	7	14777	2	1	0	4890	13	0	3	862	9	8220	6884	248	0	0	0	0	247	0	15	5864	136086	15054	16	0	0	137421	121170	6163	0
994	-107	-8	8	27	6804	6740	309402	10	263	308349	7	14774	2	1	0	4888	13	0	3	859	9	8213	6804	248	0	0	0	0	247	0	15	5864	136086	15054	16	0	0	137371	121170	6163	0
993	-107	-8	8	27	6644	6740	309150	10	263	308097	7	14762	2	1	0	4884	13	0	3	859	9	8213	6644	248	0	0	0	0	247	0	15	5864	136086	15054	16	0	0	137271	121170	6163	0
992	-107	-8	8	27	6564	6740	309024	10	263	307971	7	14756	2	1	0	4882	13	0	3	859	9	8213	6564	248	0	0	0	0	247	0	15	5864	136086	15054	16	0	0	137221	121170	6163	0
991	-107	-8	8	27	6484	6740	308898	10	263	307908	7	14750	2	1	0	4881	13	0	3	859	9	8213	6484	248	0	0	0	0	247	0	15	5864	136086	15054	16	0	0	137171	121170	6163	0
990	-107	-7	7	27	6404	6738	308772	10	262	307719	7	14744	2	1	0	4878	11	0	3	856	9	8206	6404	248	0	0	0	0	247	0	15	5864	136086	15054	16	0	0	137121	121170	6163	0
989	-107	-7	7	27	6324	6738	308646	10	262	307656	7	14738	2	1	0	4877	11	0	3	856	9	8206	6324	248	0	0	0	0	247	0	15	5864	136086	15054	16	0	0	137071	121170	6163	0
988	-107	-7	7	27	6244	6738	308520	10	262	307530	7	14732	2	1	0	4875	11	0	3	856	9	8206	6244	248	0	0	0	0	247	0	15	5864	136086	15054	16	0	0	137021	121170	6163	0
987	-107	-7	8	27	6164	6738	308394	10	262	307404	7	14726	2	1	0	4873	13	0	3	856	9	8206	6164	248	0	0	0	0	247	0	15	5864	136086	15054	16	0	0	136971	121170	6163	0
986	-107	-7	8	27	6084	6738	308331	10	262	307278	7	14723	2	1	0	4871	13	0	3	856	9	8206	6084	248	0	0	0	0	247	0	15	5864	136086	15054	16	0	0	136921	121170	6163	0
985	-107	-7	8	27	6004	6736	308142	10	261	307152	7	14714	2	1	0	4869	13	0	3	853	9	8199	6004	248	0	0	0	0	247	0	15	5864	136086	15054	16	0	0	136871	121170	6163	0
984	-107	-7	8	27	5924	6736	308079	10	261	307026	7	14711	2	1	0	4867	13	0	3	853	9	8199	5924	248	0	0	0	0	247	0	15	5864	136086	15054	16	0	0	136821	121170	6163	0
983	-107	-7	8	27	5764	6736	307827	10	261	306837	7	14699	2	1	0	4864	13	0	3	853	9	8199	5764	248	0	0	0	0	247	0	15	5864	136086	15054	16	0	0	136721	121170	6163	0
982	-107	-7	8	27	5684	6736	307701	10	261	306711	7	14693	2	1	0	4862	13	0	3	853	9	8199	5684	248	0	0	0	0	247	0	15	5864	136086	15054	16	0	0	136671	121170	6163	0
981	-107	-7	8	27	5604	6734	307575	10	260	306585	7	14687	2	1	0	4860	13	0	3	850	9	8192	5604	248	0	0	0	0	247	0	15	5864	136086	15054	16	0	0	136621	121170	6163	0
980	-107	-7	8	27	5524	6734	307449	10	260	306459	7	14681	2	1	0	4858	13	0	3	850	9	8192	5524	248	0	0	0	0	247	0	15	5864	136086	15054	16	0	0	136571	121170	6163	0
979	-107	-7	8	27	5444	6734	307323	10	260	306333	7	14675	2	1	0	4856	13	0	3	850	9	8192	5444	248	0	0	0	0	247	0	15	5864	136086	15054	16	0	0	136521	121170	6163	0
978	-107	-7	8	27	5363	6734	307260	10	260	306207	7	14672	2	1	0	4854	13	0	3	850	9	8192	5363	248	0	0	0	0	247	0	15	5864	136086	15054	16	0	0	136470	121170	6163	0
977	-107	-7	8	27	5284	6734	307134	10	260	306144	7	14666	2	1	0	4853	13	0	3	850	9	8192	5284	248	0	0	0	0	247	0	15	5864	136086	15054	16	0	0	136421	121170	6163	0
976	-107	-8	8	27	5204	6732	307008	10	259	306018	7	14660	2	1	0	4851	13	0	3	847	9	8185	5204	248	0	0	0	0	247	0	15	5864	136086	15054	16	0	0	136371	121170	6163	0
975	-107	-8	9	27	5124	6732	306882	10	259	305892	7	14654	2	1	0	4849	16	0	3	847	9	8185	5124	248	0	0	0	0	247	0	15	5864	136086	15054	16	0	0	136321	121170	6163	0
974	-107	-8	9	28	5044	6732	306756	10	259	305766	7	14648	2	1	0	4847	16	0	3	847	9	8185	5044	248	0	0	0	0	247	0	15	5864	136086	15054	16	0	0	136271	121170	6163	0
973	-107	-8	8	28	4884	6732	306567	10	259	305577	7	14639	2	1	0	4844	13	0	3	847	9	8185	4884	248	2	1002	0	120	247	0	15	5864	136086	15054	16	0	0	136171	121170	6163	0
972	-107	-7	8	28	4804	6730	306441	10	258	305451	7	14633	2	1	0	4842	13	0	3	844	9	8178	4804	248	2	1002	0	120	247	0	15	5864	136086	15054	16	0	0	136121	121170	6163	0
971	-107	-7	8	28	4724	6730	306281	10	258	305228	7	14626	2	1	0	4839	13	0	3	844	9	8178	4724	246	0	0	0	0	245	0	15	5864	134082	14934	16	0	0	136071	121170	6163	0
970	-107	-7	8	28	4644	6730	306155	10	258	305102	7	14620	2	1	0	4837	13	0	3	844	9	8178	4644	246	0	0	0	0	245	0	15	5864	134082	14934	16	0	0	136021	121170	6163	0
969	-107	-7	8	28	4564	6730	306029	10	258	305039	7	14614	2	1	0	4836	13	0	3	844	9	8178	4564	246	0	0	0	0	245	0	15	5864	134082	14934	16	0	0	135971	121170	6163	0
968	-107	-7	8	28	4484	6728	305903	10	257	304850	7	14608	2	1	0	4833	13	0	3	841	9	8171	4484	246	0	0	0	0	245	0	15	5864	134082	14934	16	0	0	135921	121170	6163	0
967	-107	-7	8	28	4404	6728	305777	10	257	304787	7	14602	2	1	0	4832	13	0	3	841	9	8171	4404	246	0	0	0	0	245	0	15	5864	134082	14934	16	0	0	135871	121170	6163	0
966	-107	-7	8	28	4324	6728	305651	10	257	304661	7	14596	2	1	0	4830	13	0	3	841	9	8171	4324	246	0	0	0	0	245	0	15	5864	134082	14934	16	0	0	135821	121170	6163	0
965	-107	-7	8	28	4244	6728	305525	10	257	304535	7	14590	2	1	0	4828	13	0	3	841	9	8171	4244	246	0	0	0	0	245	0	15	5864	134082	14934	16	0	0	135771	121170	6163	0
964	-107	-7	9	28	4164	6728	305462	10	257	304409	7	14587	2	1	0	4826	16	0	3	841	9	8171	4164	246	0	0	0	0	245	0	15	5864	134082	14934	16	0	0	135721	121170	6163	0
963	-107	-7	8	28	4004	6726	305210	10	256	304157	7	14575	2	1	0	4822	13	0	3	838	9	8164	4004	246	0	0	0	0	245	0	15	5864	134082	14934	16	0	0	135621	121170	6163	0
962	-107	-7	8	28	3924	6726	305084	10	256	304094	7	14569	2	1	0	4821	13	0	3	838	9	8164	3924	246	0	0	0	0	245	0	15	5864	134082	14934	16	0	0	135571	121170	6163	0
961	-107	-7	9	28	3844	6726	304958	10	256	303968	7	14563	2	1	0	4819	16	0	3	838	9	8164	3844	246	0	0	0	0	245	0	15	5864	134082	14934	16	0	0	135521	121170	6163	0
960	-107	-7	8	27	3764	6726	304832	10	256	303842	7	14557	2	1	0	4817	13	0	3	838	9	8164	3764	246	0	0	0	0	245	0	15	5864	134082	14934	16	0	0	135471	121170	6163	0
959	-107	-8	9	27	3684	6724	304706	10	255	303716	7	14551	2	1	0	4815	16	0	3	835	9	8157	3684	246	0	0	0	0	245	0	15	5864	134082	14934	16	0	0	135421	121170	6163	0
958	-107	-8	10	27	3604	6724	304580	10	255	303590	7	14545	2	1	0	4813	18	0	3	835	9	8157	3604	246	0	0	0	0	245	0	15	5864	134082	14934	16	0	0	135371	121170	6163	0
957	-107	-8	9	26	3524	6724	304454	10	255	303464	7	14539	2	1	0	4811	16	0	3	835	9	8157	3524	246	0	0	0	0	245	0	15	5864	134082	14934	16	0	0	135321	121170	6163	0
956	-107	-8	8	26	3444	6724	304391	10	255	303338	7	14536	2	1	0	4809	13	0	3	835	9	8157	3444	246	0	0	0	0	245	0	15	5864	134082	14934	16	0	0	135271	121170	6163	0
955	-107	-8	8	26	3364	6724	304265	10	255	303275	7	14530	2	1	0	4808	13	0	3	835	9	8157	3364	246	0	0	0	0	245	0	15	5864	134082	14934	16	0	0	135221	121170	6163	0
954	-107	-6	7	26	3284	6722	304139	10	254	303086	7	14524	2	1	0	4805	11	0	3	832	9	8150	3284	246	0	0	0	0	245	0	15	5864	134082	14934	16	0	0	135171	121170	6163	0
953	-107	-6	8	26	3124	6722	303887	10	254	302897	7	14512	2	1	0	4802	13	0	3	832	9	8150	3124	246	0	0	0	0	245	0	15	5864	134082	14934	16	0	0	135071	121170	6163	0
952	-107	-6	8	26	3044	6722	303761	10	254	302771	7	14506	2	1	0	4800	13	0	3	832	9	8150	3044	246	0	0	0	0	245	0	15	5864	134082	14934	16	0	0	135021	121170	6163	0
951	-107	-7	10	26	2964	6720	303698	10	253	302645	7	14503	2	1	0	4798	18	0	3	829	9	8143	2964	246	0	0	0	0	245	0	15	5864	134082	14934	16	0	0	134971	121170	6163	0
950	-107	-7	9	26	2884	6720	303509	10	253	302519	7	14494	2	1	0	4796	16	0	3	829	9	8143	2884	246	0	0	0	0	245	0	15	5864	134082	14934	16	0	0	134921	121170	6163	0
949	-107	-7	10	26	2804	6720	303446	10	253	302393	7	14491	2	1	0	4794	18	0	3	829	9	8143	2804	246	0	0	0	0	245	0	15	5864	134082	14934	16	0	0	134871	121170	6163	0
948	-107	-7	9	26	2724	6720	303320	10	253	302267	7	14485	2	1	0	4792	16	0	3	829	9	8143	2724	246	0	0	0	0	245	0	15	5864	134082	14934	16	0	0	134821	121170	6163	0
947	-107	-7	9	26	2644	6720	303194	10	253	302204	7	14479	2	1	0	4791	16	0	3	829	9	8143	2644	246	0	0	0	0	245	0	15	5864	134082	14934	16	0	0	134771	121170	6163	0
946	-107	-7	8	26	2564	6718	303068	10	252	302015	7	14473	2	1	0	4788	13	0	3	826	9	8136	2564	246	0	0	0	0	245	0	15	5864	134082	14934	16	0	0	134721	121170	6163	0
945	-107	-7	8	26	2484	6718	302942	10	252	301952	7	14467	2	1	0	4787	13	0	3	826	9	8136	2484	246	0	0	0	0	245	0	15	5864	134082	14934	16	0	0	134671	121170	6163	0
944	-107	-7	9	26	2324	6718	302690	10	252	301700	7	14455	2	1	0	4783	16	0	3	826	9	8136	2324	246	0	0	0	0	245	0	15	5864	134082	14934	16	0	0	134571	121170	6163	0
943	-107	-7	10	26	2244	6718	302627	10	252	301574	7	14452	2	1	0	4781	18	0	3	826	9	8136	2244	246	0	0	0	0	245	0	15	5864	134082	14934	16	0	0	134521	121170	6163	0
942	-107	-8	10	26	2164	6716	302501	10	251	301448	7	14446	2	1	0	4779	18	0	3	823	9	8129	2164	246	0	0	0	0	245	0	15	5864	134082	14934	16	0	0	134471	121170	6163	0
941	-107	-8	9	26	2084	6716	302375	10	251	301385	7	14440	2	1	0	4778	16	0	3	823	9	8129	2084	246	0	0	0	0	245	0	15	5864	134082	14934	16	0	0	134421	121170	6163	0
940	-107	-8	8	26	2004	6716	302249	10	251	301259	7	14434	2	1	0	4776	13	0	3	823	9	8129	2004	246	0	0	0	0	245	0	15	5864	134082	14934	16	0	0	134371	121170	6163	0
939	-107	-8	8	26	1924	6716	302123	10	251	301133	7	14428	2	1	0	4774	13	0	3	823	9	8129	1924	246	0	0	0	0	245	0	15	5864	134082	14934	16	0	0	134321	121170	6163	0
938	-107	-8	8	26	1844	6716	302060	10	251	301007	7	14425	2	1	0	4772	13	0	3	823	9	8129	1844	246	0	0	0	0	245	0	15	5864	134082	14934	16	0	0	134271	121170	6163	0
937	-107	-7	7	26	1764	6714	301934	10	250	300881	7	14419	2	1	0	4770	11	0	3	820	9	8122	1764	246	0	0	0	0	245	0	15	5864	134082	14934	16	0	0	134221	121170	6163	0
936	-107	-7	7	26	1684	6714	301808	10	250	300818	7	14413	2	1	0	4769	11	0	3	820	9	8122	1684	246	2	503	0	120	245	0	15	5864	134082	14934	16	0	0	134171	121170	6163	0
935	-107	-7	7	26	1604	6714	301682	10	250	300692	7	14407	2	1	0	4767	11	0	3	820	9	8122	1604	246	2	503	0	120	245	0	15	5864	134082	14934	16	0	0	134121	121170	6163	0
934	-107	-7	8	26	1444	6714	301408	10	250	300418	7	14392	2	1	0	4762	13	0	3	820	9	8122	1444	244	0	0	0	0	243	0	15	5864	133076	14814	16	0	0	134021	121170	6163	0
933	-107	-7	10	27	1364	6712	301282	10	249	300229	7	14386	2	1	0	4759	18	0	3	817	9	8115	1364	244	0	0	0	0	243	0	15	5864	133076	14814	16	0	0	133971	121170	6163	0
932	-107	-7	10	27	1284	6712	301156	10	249	300166	7	14380	2	1	0	4758	18	0	3	817	9	8115	1284	244	0	0	0	0	243	0	15	5864	133076	14814	16	0	0	133921	121170	6163	0
931	-107	-7	9	26	1204	6712	301030	10	249	300040	7	14374	2	1	0	4756	16	0	3	817	9	8115	1204	244	0	0	0	0	243	0	15	5864	133076	14814	16	0	0	133871	121170	6163	0
930	-107	-7	9	26	1124	6712	300904	10	249	299914	7	14368	2	1	0	4754	16	0	3	817	9	8115	1124	244	0	0	0	0	243	0	15	5864	133076	14814	16	0	0	133821	121170	6163	0
929	-107	-6	8	26	1044	6710	300841	10	248	299788	7	14365	2	1	0	4752	13	0	3	814	9	8108	1044	244	0	0	0	0	243	0	15	5864	133076	14814	16	0	0	133771	121170	6163	0
928	-107	-6	10	26	964	6710	300652	10	248	299662	7	14356	2	1	0	4750	18	0	3	814	9	8108	964	244	0	0	0	0	243	0	15	5864	133076	14814	16	0	0	133721	121170	6163	0
927	-107	-6	9	26	884	6710	300589	10	248	299536	7	14353	2	1	0	4748	16	0	3	814	9	8108	884	244	0	0	0	0	243	0	15	5864	133076	14814	16	0	0	133671	121170	6163	0
926	-107	-6	9	26	804	6710	300463	10	248	299410	7	14347	2	1	0	4746	16	0	3	814	9	8108	804	244	0	0	0	0	243	0	15	5864	133076	14814	16	0	0	133621	121170	6163	0
925	-107	-6	8	26	724	6710	300337	10	248	299347	7	14341	2	1	0	4745	13	0	3	814	9	8108	724	244	0	0	0	0	243	0	15	5864	133076	14814	16	0	0	133571	121170	6163	0
924	-107	-7	8	26	564	6708	300085	10	247	299095	7	14329	2	1	0	4741	13	0	3	811	9	8101	564	244	0	0	0	0	243	0	15	5864	133076	14814	16	0	0	133471	121170	6163	0
923	-107	-7	10	26	484	6708	299959	10	247	298969	7	14323	2	1	0	4739	18	0	3	811	9	8101	484	244	0	0	0	0	243	0	15	5864	133076	14814	16	0	0	133421	121170	6163	0
922	-107	-7	10	26	404	6708	299833	10	247	298843	7	14317	2	1	0	4737	18	0	3	811	9	8101	404	244	0	0	0	0	243	0	15	5864	133076	14814	16	0	0	133371	121170	6163	0
921	-107	-7	10	26	324	6708	299770	10	247	298717	7	14314	2	1	0	4735	18	0	3	811	9	8101	324	244	0	0	0	0	243	0	15	5864	133076	14814	16	0	0	133321	121170	6163	0
920	-107	-8	9	26	244	6706	299644	10	246	298591	7	14308	2	1	0	4733	16	0	3	808	9	8094	244	244	0	0	0	0	243	0	15	5864	133076	14814	16	0	0	133271	121170	6163	0
919	-107	-8	9	26	164	6706	299518	10	246	298528	7	14302	2	1	0	4732	16	0	3	808	9	8094	164	244	0	0	0	0	243	0	15	5864	133076	14814	16	0	0	133221	121170	6163	0
918	-107	-8	9	26	84	6706	299392	10	246	298402	7	14296	2	1	0	4730	16	0	3	808	9	8094	84	244	2	764	0	120	243	0	15	5864	133076	14814	16	0	0	133171	121170	6163	0
917	-107	-8	10	26	4	6706	299266	10	246	298276	7	14290	2	1	0	4728	18	0	3	808	9	8094	4	244	2	764	0	120	243	0	15	5864	133076	14814	16	0	0	133121	121170	6163	0
916	-107	-8	7	26	16308	6706	299203	12	246	298116	7	14287	2	1	0	4726	11	0	3	808	9	8094	16308	242	0	0	0	0	241	0	15	5864	131548	14694	16	0	0	133071	121170	6163	0
915	-107	-7	8	27	16228	6704	298917	10	245	297927	7	14274	2	1	0	4723	13	0	3	805	9	8087	16228	242	0	0	0	0	241	0	15	5864	131548	14694	16	0	0	133021	121170	6163	0
914	-107	-7	8	27	16068	6704	298665	10	245	297675	7	14262	2	1	0	4719	13	0	3	805	9	8087	16068	242	0	0	0	0	241	0	15	5864	131548	14694	16	0	0	132921	121170	6163	0
913	-107	-7	8	26	15988	6704	298602	10	245	297549	7	14259	2	1	0	4717	13	0	3	805	9	8087	15988	242	0	0	0	0	241	0	15	5864	131548	14694	16	0	0	132871	121170	6163	0
912	-107	-7	9	26	15908	6704	298476	10	245	297486	7	14253	2	1	0	4716	16	0	3	805	9	8087	15908	242	0	0	0	0	241	0	15	5864	131548	14694	16	0	0	132821	121170	6163	0
911	-107	-7	9	27	15828	6702	298350	10	244	297297	7	14247	2	1	0	4713	16	0	3	802	9	8080	15828	242	0	0	0	0	241	0	15	5864	131548	14694	16	0	0	132771	121170	6163	0
910	-107	-7	9	27	15748	6702	298224	10	244	297234	7	14241	2	1	0	4712	16	0	3	802	9	8080	15748	242	0	0	0	0	241	0	15	5864	131548	14694	16	0	0	132721	121170	6163	0
909	-107	-7	9	26	15668	6702	298098	10	244	297108	7	14235	2	1	0	4710	16	0	3	802	9	8080	15668	242	0	0	0	0	241	0	15	5864	131548	14694	16	0	0	132671	121170	6163	0
908	-107	-7	9	26	15588	6702	297972	10	244	296982	7	14229	2	1	0	4708	16	0	3	802	9	8080	15588	242	0	0	0	0	241	0	15	5864	131548	14694	16	0	0	132621	121170	6163	0
907	-107	-8	8	26	15508	6700	297909	10	243	296856	7	14226	2	1	0	4706	13	0	3	799	9	8073	15508	242	0	0	0	0	241	0	15	5864	131548	14694	16	0	0	132571	121170	6163	0
906	-107	-8	9	26	15428	6700	297720	10	243	296730	7	14217	2	1	0	4704	16	0	3	799	9	8073	15428	242	0	0	0	0	241	0	15	5864	131548	14694	16	0	0	132521	121170	6163	0
905	-107	-8	9	26	15348	6700	297657	10	243	296604	7	14214	2	1	0	4702	16	0	3	799	9	8073	15348	242	0	0	0	0	241	0	15	5864	131548	14694	16	0	0	132471	121170	6163	0
904	-107	-8	8	27	15188	6700	297405	10	243	296415	7	14202	2	1	0	4699	13	0	3	799	9	8073	15188	242	0	0	0	0	241	0	15	5864	131548	14694	16	0	0	132371	121170	6163	0
903	-107	-7	8	27	15108	6698	297279	10	242	296226	7	14196	2	1	0	4696	13	0	3	796	9	8066	15108	242	0	0	0	0	241	0	15	5864	131548	14694	16	0	0	132321	121170	6163	0
902	-107	-7	8	27	15028	6698	297153	10	242	296163	7	14190	2	1	0	4695	13	0	3	796	9	8066	15028	242	0	0	0	0	241	0	15	5864	131548	14694	16	0	0	132271	121170	6163	0
901	-107	-7	9	27	14948	6698	297027	10	242	296037	7	14184	2	1	0	4693	16	0	3	796	9	8066	14948	242	0	0	0	0	241	0	15	5864	131548	14694	16	0	0	132221	121170	6163	0
900	-107	-7	9	27	14868	6698	296901	10	242	295911	7	14178	2	1	0	4691	16	0	3	796	9	8066	14868	242	0	0	0	0	241	0	15	5864	131548	14694	16	0	0	132171	121170	6163	0
899	-107	-7	7	27	14788	6698	296838	10	242	295785	7	14175	2	1	0	4689	11	0	3	796	9	8066	14788	242	0	0	0	0	241	0	15	5864	131548	14694	16	0	0	132121	121170	6163	0
898	-107	-6	8	27	14708	6696	296649	10	241	295659	7	14166	2	1	0	4687	13	0	3	793	9	8059	14708	242	0	0	0	0	241	0	15	5864	131548	14694	16	0	0	132071	121170	6163	0
897	-107	-6	8	27	14628	6696	296586	10	241	295533	7	14163	2	1	0	4685	13	0	3	793	9	8059	14628	242	0	0	0	0	241	0	15	5864	131548	14694	16	0	0	132021	121170	6163	0
896	-107	-6	9	27	14548	6696	296460	10	241	295470	7	14157	2	1	0	4684	16	0	3	793	9	8059	14548	242	0	0	0	0	241	0	15	5864	131548	14694	16	0	0	131971	121170	6163	0
895	-107	-6	11	27	14468	6696	296334	10	241	295344	7	14151	2	1	0	4682	20	0	3	793	9	8059	14468	242	0	0	0	0	241	0	15	5864	131548	14694	16	0	0	131921	121170	6163	0
894	-107	-7	11	27	14308	6694	296082	10	240	295092	7	14139	2	1	0	4678	20	0	3	790	9	8052	14308	242	0	0	0	0	241	0	15	5864	131548	14694	16	0	0	131821	121170	6163	0
893	-107	-7	11	27	14228	6694	295956	10	240	294966	7	14133	2	1	0	4676	20	0	3	790	9	8052	14228	242	0	0	0	0	241	0	15	5864	131548	14694	16	0	0	131771	121170	6163	0
892	-107	-7	9	27	14148	6694	295830	10	240	294840	7	14127	2	1	0	4674	16	0	3	790	9	8052	14148	242	0	0	0	0	241	0	15	5864	131548	14694	16	0	0	131721	121170	6163	0
891	-107	-7	9	27	14068	6694	295767	10	240	294714	7	14124	2	1	0	4672	16	0	3	790	9	8052	14068	242	1	3302	0	60	241	0	15	5864	131548	14694	16	0	0	131671	121170	6163	0
890	-107	-7	9	27	13988	6694	295641	10	240	294651	7	14118	2	1	0	4671	16	0	3	790	9	8052	13988	242	1	3302	0	60	241	0	15	5864	131548	14694	16	0	0	131621	121170	6163	0
889	-107	-7	9	27	13908	6692	295515	10	239	294462	7	14112	2	1	0	4668	16	0	3	787	9	8045	13908	242	0	0	0	0	241	0	15	5864	131548	14694	16	0	0	131571	121170	6163	0
888	-107	-7	9	27	13828	6692	295326	10	239	294336	7	14103	2	1	0	4666	16	0	3	787	9	8045	13828	241	0	0	0	0	240	0	15	5864	128246	14634	16	0	0	131521	121170	6163	0
887	-107	-7	9	27	13748	6692	295200	10	239	294210	7	14097	2	1	0	4664	16	0	3	787	9	8045	13748	241	0	0	0	0	240	0	15	5864	128246	14634	16	0	0	131471	121170	6163	0
886	-107	-7	9	27	13668	6692	295074	10	239	294084	7	14091	2	1	0	4662	16	0	3	787	9	8045	13668	241	0	0	0	0	240	0	15	5864	128246	14634	16	0	0	131421	121170	6163	0
885	-107	-7	9	27	13588	6690	295011	10	238	293958	7	14088	2	1	0	4660	16	0	3	784	9	8038	13588	241	0	0	0	0	240	0	15	5864	128246	14634	16	0	0	131371	121170	6163	0
884	-107	-7	7	27	13428	6690	294759	10	238	293706	7	14076	2	1	0	4656	11	0	3	784	9	8038	13428	241	0	0	0	0	240	0	15	5864	128246	14634	16	0	0	131271	121170	6163	0
883	-107	-7	8	27	13348	6690	294633	10	238	293580	7	14070	2	1	0	4654	13	0	3	784	9	8038	13348	241	0	0	0	0	240	0	15	5864	128246	14634	16	0	0	131221	121170	6163	0
882	-107	-7	8	27	13268	6690	294507	10	238	293517	7	14064	2	1	0	4653	13	0	3	784	9	8038	13268	241	0	0	0	0	240	0	15	5864	128246	14634	16	0	0	131171	121170	6163	0
881	-107	-6	8	27	13188	6688	294381	10	237	293328	7	14058	2	1	0	4650	13	0	3	781	9	8031	13188	241	0	0	0	0	240	0	15	5864	128246	14634	16	0	0	131121	121170	6163	0
880	-107	-6	10	26	13108	6688	294255	10	237	293265	7	14052	2	1	0	4649	18	0	3	781	9	8031	13108	241	0	0	0	0	240	0	15	5864	128246	14634	16	0	0	131071	121170	6163	0
879	-107	-6	9	26	13028	6688	294129	10	237	293139	7	14046	2	1	0	4647	16	0	3	781	9	8031	13028	241	0	0	0	0	240	0	15	5864	128246	14634	16	0	0	131021	121170	6163	0
878	-107	-6	9	26	12948	6688	294003	10	237	293013	7	14040	2	1	0	4645	16	0	3	781	9	8031	12948	241	0	0	0	0	240	0	15	5864	128246	14634	16	0	0	130971	121170	6163	0
877	-107	-6	9	26	12868	6688	293940	10	237	292887	7	14037	2	1	0	4643	16	0	3	781	9	8031	12868	241	0	0	0	0	240	0	15	5864	128246	14634	16	0	0	130921	121170	6163	0
876	-107	-7	11	26	12788	6686	293751	10	236	292761	7	14028	2	1	0	4641	20	0	3	778	9	8024	12788	241	0	0	0	0	240	0	15	5864	128246	14634	16	0	0	130871	121170	6163	0
875	-107	-7	10	26	12708	6686	293688	10	236	292635	7	14025	2	1	0	4639	18	0	3	778	9	8024	12708	241	0	0	0	0	240	0	15	5864	128246	14634	16	0	0	130821	121170	6163	0
874	-107	-7	9	26	12548	6686	293436	10	236	292446	7	14013	2	1	0	4636	16	0	3	778	9	8024	12548	241	0	0	0	0	240	0	15	5864	128246	14634	16	0	0	130721	121170	6163	0
873	-107	-7	9	26	12468	6686	293310	10	236	292320	7	14007	2	1	0	4634	16	0	3	778	9	8024	12468	241	0	0	0	0	240	0	15	5864	128246	14634	16	0	0	130671	121170	6163	0
872	-107	-7	9	26	12388	6684	293184	10	235	292194	7	14001	2	1	0	4632	16	0	3	775	9	8017	12388	241	0	0	0	0	240	0	15	5864	128246	14634	16	0	0	130621	121170	6163	0
871	-107	-7	9	26	12308	6684	293058	10	235	292068	7	13995	2	1	0	4630	16	0	3	775	9	8017	12308	241	0	0	0	0	240	0	15	5864	128246	14634	16	0	0	130571	121170	6163	0
870	-107	-7	9	27	12228	6684	292932	10	235	291942	7	13989	2	1	0	4628	16	0	3	775	9	8017	12228	241	0	0	0	0	240	0	15	5864	128246	14634	16	0	0	130521	121170	6163	0
869	-107	-7	9	27	12148	6684	292869	10	235	291816	7	13986	2	1	0	4626	16	0	3	775	9	8017	12148	241	0	0	0	0	240	0	15	5864	128246	14634	16	0	0	130471	121170	6163	0
868	-107	-7	9	27	12068	6684	292743	10	235	291753	7	13980	2	1	0	4625	16	0	3	775	9	8017	12068	241	0	0	0	0	240	0	15	5864	128246	14634	16	0	0	130421	121170	6163	0
867	-107	-7	9	27	11988	6682	292617	10	234	291564	7	13974	2	1	0	4622	16	0	3	772	9	8010	11988	241	0	0	0	0	240	0	15	5864	128246	14634	16	0	0	130371	121170	6163	0
866	-107	-7	8	27	11908	6682	292491	10	234	291501	7	13968	2	1	0	4621	13	0	3	772	9	8010	11908	241	0	0	0	0	240	0	15	5864	128246	14634	16	0	0	130321	121170	6163	0
865	-107	-7	9	27	11828	6682	292365	10	234	291375	7	13962	2	1	0	4619	16	0	3	772	9	8010	11828	241	0	0	0	0	240	0	15	5864	128246	14634	16	0	0	130271	121170	6163	0
864	-107	-7	9	26	11668	6680	292176	10	233	291123	7	13953	2	1	0	4615	16	0	3	769	9	8003	11668	241	0	0	0	0	240	0	15	5864	128246	14634	16	0	0	130171	121170	6163	0
863	-107	-7	10	26	11588	6680	291987	10	233	290997	7	13944	2	1	0	4613	18	0	3	769	9	8003	11588	241	0	0	0	0	240	0	15	5864	128246	14634	16	0	0	130121	121170	6163	0
862	-107	-7	8	26	11508	6680	291924	10	233	290871	7	13941	2	1	0	4611	13	0	3	769	9	8003	11508	241	0	0	0	0	240	0	15	5864	128246	14634	16	0	0	130071	121170	6163	0
861	-107	-7	8	26	11428	6680	291798	10	233	290745	7	13935	2	1	0	4609	13	0	3	769	9	8003	11428	241	0	0	0	0	240	0	15	5864	128246	14634	16	0	0	130021	121170	6163	0
860	-107	-7	8	26	11348	6680	291672	10	233	290682	7	13929	2	1	0	4608	13	0	3	769	9	8003	11348	241	0	0	0	0	240	0	15	5864	128246	14634	16	0	0	129971	121170	6163	0
859	-107	-7	8	26	11268	6678	291546	10	232	290493	7	13923	2	1	0	4605	13	0	3	766	9	7996	11268	241	0	0	0	0	240	0	15	5864	128246	14634	16	0	0	129921	121170	6163	0
858	-107	-7	8	26	11188	6678	291420	10	232	290430	7	13917	2	1	0	4604	13	0	3	766	9	7996	11188	241	0	0	0	0	240	0	15	5864	128246	14634	16	0	0	129871	121170	6163	0
857	-107	-7	9	26	11108	6678	291294	10	232	290304	7	13911	2	1	0	4602	16	0	3	766	9	7996	11108	241	0	0	0	0	240	0	15	5864	128246	14634	16	0	0	129821	121170	6163	0
856	-107	-7	9	26	11028	6678	291168	10	232	290178	7	13905	2	1	0	4600	16	0	3	766	9	7996	11028	241	0	0	0	0	240	0	15	5864	128246	14634	16	0	0	129771	121170	6163	0
855	-107	-6	9	26	10868	6676	290916	10	231	289926	7	13893	2	1	0	4596	16	0	3	763	9	7989	10868	241	0	0	0	0	240	0	15	5864	128246	14634	16	0	0	129671	121170	6163	0
854	-107	-6	8	26	10788	6676	290853	10	231	289800	7	13890	2	1	0	4594	13	0	3	763	9	7989	10788	241	0	0	0	0	240	0	15	5864	128246	14634	16	0	0	129621	121170	6163	0
853	-107	-6	9	26	10708	6676	290727	10	231	289737	7	13884	2	1	0	4593	16	0	3	763	9	7989	10708	241	0	0	0	0	240	0	15	5864	128246	14634	16	0	0	129571	121170	6163	0
852	-107	-6	10	26	10628	6676	290601	10	231	289611	7	13878	2	1	0	4591	18	0	3	763	9	7989	10628	241	0	0	0	0	240	0	15	5864	128246	14634	16	0	0	129521	121170	6163	0
851	-107	-6	10	26	10548	6676	290475	10	231	289485	7	13872	2	1	0	4589	18	0	3	763	9	7989	10548	241	0	0	0	0	240	0	15	5864	128246	14634	16	0	0	129471	121170	6163	0
850	-107	-7	9	26	10468	6674	290349	10	230	289359	7	13866	2	1	0	4587	16	0	3	760	9	7982	10468	241	0	0	0	0	240	0	15	5864	128246	14634	16	0	0	129421	121170	6163	0
849	-107	-7	8	26	10388	6674	290223	10	230	289233	7	13860	2	1	0	4585	13	0	3	760	9	7982	10388	241	0	0	0	0	240	0	15	5864	128246	14634	16	0	0	129371	121170	6163	0
848	-107	-7	9	26	10308	6674	290097	10	230	289107	7	13854	2	1	0	4583	16	0	3	760	9	7982	10308	241	0	0	0	0	240	0	15	5864	128246	14634	16	0	0	129321	121170	6163	0
847	-107	-7	9	26	10228	6674	290034	10	230	288981	7	13851	2	1	0	4581	16	0	3	760	9	7982	10228	241	0	0	0	0	240	0	15	5864	128246	14634	16	0	0	129271	121170	6163	0
846	-107	-7	9	26	10148	6674	289908	10	230	288918	7	13845	2	1	0	4580	16	0	3	760	9	7982	10148	241	0	0	0	0	240	0	15	5864	128246	14634	16	0	0	129221	121170	6163	0
845	-107	-5	9	26	9988	6672	289656	10	229	288666	7	13833	2	1	0	4576	16	0	3	757	9	7975	9988	241	0	0	0	0	240	0	15	5864	128246	14634	16	0	0	129121	121170	6163	0
844	-107	-5	8	26	9908	6672	289530	10	229	288540	7	13827	2	1	0	4574	13	0	3	757	9	7975	9908	241	0	0	0	0	240	0	15	5864	128246	14634	16	0	0	129071	121170	6163	0
843	-107	-5	9	26	9828	6672	289404	10	229	288414	7	13821	2	1	0	4572	16	0	3	757	9	7975	9828	241	0	0	0	0	240	0	15	5864	128246	14634	16	0	0	129021	121170	6163	0
842	-107	-6	10	26	9748	6670	289341	10	228	288288	7	13818	2	1	0	4570	18	0	3	754	9	7968	9748	241	0	0	0	0	240	0	15	5864	128246	14634	16	0	0	128971	121170	6163	0
841	-107	-6	10	26	9668	6670	289152	10	228	288162	7	13809	2	1	0	4568	18	0	3	754	9	7968	9668	241	0	0	0	0	240	0	15	5864	128246	14634	16	0	0	128921	121170	6163	0
840	-107	-6	10	26	9588	6670	289089	10	228	288036	7	13806	2	1	0	4566	18	0	3	754	9	7968	9588	241	0	0	0	0	240	0	15	5864	128246	14634	16	0	0	128871	121170	6163	0
839	-107	-6	10	26	9508	6670	288963	10	228	287910	7	13800	2	1	0	4564	18	0	3	754	9	7968	9508	241	0	0	0	0	240	0	15	5864	128246	14634	16	0	0	128821	121170	6163	0
838	-107	-6	9	26	9428	6670	288837	10	228	287847	7	13794	2	1	0	4563	16	0	3	754	9	7968	9428	241	0	0	0	0	240	0	15	5864	128246	14634	16	0	0	128771	121170	6163	0
837	-107	-6	9	26	9348	6668	288711	10	227	287658	7	13788	2	1	0	4560	16	0	3	751	9	7961	9348	241	0	0	0	0	240	0	15	5864	128246	14634	16	0	0	128721	121170	6163	0
836	-107	-6	10	26	9268	6668	288585	10	227	287595	7	13782	2	1	0	4559	18	0	3	751	9	7961	9268	241	0	0	0	0	240	0	15	5864	128246	14634	16	0	0	128671	121170	6163	0
835	-107	-6	9	26	9108	6668	288333	10	227	287343	7	13770	2	1	0	4555	16	0	3	751	9	7961	9108	241	0	0	0	0	240	0	15	5864	128246	14634	16	0	0	128571	121170	6163	0
834	-107	-6	10	26	9028	6668	288270	10	227	287217	7	13767	2	1	0	4553	18	0	3	751	9	7961	9028	241	0	0	0	0	240	0	15	5864	128246	14634	16	0	0	128521	121170	6163	0
833	-107	-6	9	26	8948	6666	288144	10	226	287091	7	13761	2	1	0	4551	16	0	3	748	9	7954	8948	241	0	0	0	0	240	0	15	5864	128246	14634	16	0	0	128471	121170	6163	0
832	-107	-6	10	26	8868	6666	288018	10	226	286965	7	13755	2	1	0	4549	18	0	3	748	9	7954	8868	241	0	0	0	0	240	0	15	5864	128246	14634	16	0	0	128421	121170	6163	0
831	-107	-6	10	26	8788	6666	287892	10	226	286902	7	13749	2	1	0	4548	18	0	3	748	9	7954	8788	241	1	164	0	60	240	0	15	5864	128246	14634	16	0	0	128371	121170	6163	0
830	-107	-6	11	26	8708	6666	287766	10	226	286776	7	13743	2	1	0	4546	20	0	3	748	9	7954	8708	241	1	164	0	60	240	0	15	5864	128246	14634	16	0	0	128321	121170	6163	0
829	-107	-6	10	33	8628	6666	287640	3	226	286650	7	13737	2	1	0	4544	18	0	3	748	9	7954	8628	241	0	0	0	0	240	0	15	5864	128246	14634	16	0	0	128271	121170	6163	0
828	-107	-6	9	27	8548	6664	287533	10	225	286480	7	13728	2	1	0	4540	16	0	3	745	9	7947	8548	240	0	0	0	0	239	0	15	5864	128082	14574	16	0	0	128221	121170	6163	0
827	-107	-6	9	27	8468	6664	287407	10	225	286417	7	13722	2	1	0	4539	16	0	3	745	9	7947	8468	240	2	1248	0	120	239	0	15	5864	128082	14574	16	0	0	128171	121170	6163	0
826	-107	-6	10	27	8388	6664	287281	10	225	286291	7	13716	2	1	0	4537	18	0	3	745	9	7947	8388	240	2	1248	0	120	239	0	15	5864	128082	14574	16	0	0	128121	121170	6163	0
825	-107	-6	10	28	8228	6664	287007	10	225	286017	7	13701	2	1	0	4532	18	0	3	745	9	7947	8228	238	0	0	0	0	237	0	15	5864	125586	14454	16	0	0	128021	121170	6163	0
824	-107	-6	10	28	8148	6662	286881	10	224	285828	7	13695	2	1	0	4529	18	0	3	742	9	7940	8148	238	0	0	0	0	237	0	15	5864	125586	14454	16	0	0	127971	121170	6163	0
823	-107	-6	10	28	8068	6662	286755	10	224	285765	7	13689	2	1	0	4528	18	0	3	742	9	7940	8068	238	0	0	0	0	237	0	15	5864	125586	14454	16	0	0	127921	121170	6163	0
822	-107	-6	10	28	7988	6662	286629	10	224	285639	7	13683	2	1	0	4526	18	0	3	742	9	7940	7988	238	0	0	0	0	237	0	15	5864	125586	14454	16	0	0	127871	121170	6163	0
821	-107	-6	10	28	7908	6662	286503	10	224	285513	7	13677	2	1	0	4524	18	0	3	742	9	7940	7908	238	0	0	0	0	237	0	15	5864	125586	14454	16	0	0	127821	121170	6163	0
820	-107	-6	10	28	7828	6660	286440	10	223	285387	7	13674	2	1	0	4522	18	0	3	739	9	7933	7828	238	0	0	0	0	237	0	15	5864	125586	14454	16	0	0	127771	121170	6163	0
819	-107	-6	10	27	7748	6660	286251	10	223	285261	7	13665	2	1	0	4520	18	0	3	739	9	7933	7748	238	0	0	0	0	237	0	15	5864	125586	14454	16	0	0	127721	121170	6163	0
818	-107	-6	9	27	7668	6660	286188	10	223	285135	7	13662	2	1	0	4518	16	0	3	739	9	7933	7668	238	0	0	0	0	237	0	15	5864	125586	14454	16	0	0	127671	121170	6163	0
817	-107	-6	9	27	7588	6660	286062	10	223	285009	7	13656	2	1	0	4516	16	0	3	739	9	7933	7588	238	0	0	0	0	237	0	15	5864	125586	14454	16	0	0	127621	121170	6163	0
816	-107	-6	9	27	7508	6660	285936	10	223	284946	7	13650	2	1	0	4515	16	0	3	739	9	7933	7508	238	0	0	0	0	237	0	15	5864	125586	14454	16	0	0	127571	121170	6163	0
815	-107	-6	11	27	7348	6658	285684	10	222	284694	7	13638	2	1	0	4511	20	0	3	736	9	7926	7348	238	0	0	0	0	237	0	15	5864	125586	14454	16	0	0	127471	121170	6163	0
814	-107	-6	9	27	7268	6658	285558	10	222	284568	7	13632	2	1	0	4509	16	0	3	736	9	7926	7268	238	0	0	0	0	237	0	15	5864	125586	14454	16	0	0	127421	121170	6163	0
813	-107	-6	9	27	7188	6658	285432	10	222	284442	7	13626	2	1	0	4507	16	0	3	736	9	7926	7188	238	0	0	0	0	237	0	15	5864	125586	14454	16	0	0	127371	121170	6163	0
812	-107	-6	10	27	7108	6658	285369	10	222	284316	7	13623	2	1	0	4505	18	0	3	736	9	7926	7108	238	0	0	0	0	237	0	15	5864	125586	14454	16	0	0	127321	121170	6163	0
811	-107	-6	10	28	7028	6656	285180	10	221	284190	7	13614	2	1	0	4503	18	0	3	733	9	7919	7028	238	0	0	0	0	237	0	15	5864	125586	14454	16	0	0	127271	121170	6163	0
810	-107	-6	10	28	6948	6656	285117	10	221	284064	7	13611	2	1	0	4501	18	0	3	733	9	7919	6948	238	0	0	0	0	237	0	15	5864	125586	14454	16	0	0	127221	121170	6163	0
809	-107	-6	9	28	6868	6656	284991	10	221	284001	7	13605	2	1	0	4500	16	0	3	733	9	7919	6868	238	0	0	0	0	237	0	15	5864	125586	14454	16	0	0	127171	121170	6163	0
808	-107	-6	10	28	6788	6656	284865	10	221	283875	7	13599	2	1	0	4498	18	0	3	733	9	7919	6788	238	0	0	0	0	237	0	15	5864	125586	14454	16	0	0	127121	121170	6163	0
807	-107	-6	9	28	6708	6656	284739	10	221	283749	7	13593	2	1	0	4496	16	0	3	733	9	7919	6708	238	0	0	0	0	237	0	15	5864	125586	14454	16	0	0	127071	121170	6163	0
806	-107	-6	9	28	6628	6654	284613	10	220	283623	7	13587	2	1	0	4494	16	0	3	730	9	7912	6628	238	0	0	0	0	237	0	15	5864	125586	14454	16	0	0	127021	121170	6163	0
805	-107	-6	11	28	6468	6654	284361	10	220	283371	7	13575	2	1	0	4490	20	0	3	730	9	7912	6468	238	0	0	0	0	237	0	15	5864	125586	14454	16	0	0	126921	121170	6163	0
804	-107	-6	10	28	6388	6654	284298	10	220	283245	7	13572	2	1	0	4488	18	0	3	730	9	7912	6388	238	0	0	0	0	237	0	15	5864	125586	14454	16	0	0	126871	121170	6163	0
803	-107	-6	10	28	6308	6654	284172	10	220	283182	7	13566	2	1	0	4487	18	0	3	730	9	7912	6308	238	0	0	0	0	237	0	15	5864	125586	14454	16	0	0	126821	121170	6163	0
802	-107	-6	9	27	6228	6652	284046	10	219	282993	7	13560	2	1	0	4484	16	0	3	727	9	7905	6228	238	0	0	0	0	237	0	15	5864	125586	14454	16	0	0	126771	121170	6163	0
801	-107	-6	9	27	6148	6652	283920	10	219	282930	7	13554	2	1	0	4483	16	0	3	727	9	7905	6148	238	0	0	0	0	237	0	15	5864	125586	14454	16	0	0	126721	121170	6163	0
800	-107	-6	9	27	6068	6652	283794	10	219	282804	7	13548	2	1	0	4481	16	0	3	727	9	7905	6068	238	0	0	0	0	237	0	15	5864	125586	14454	16	0	0	126671	121170	6163	0
799	-107	-6	9	27	5988	6652	283668	10	219	282678	7	13542	2	1	0	4479	16	0	3	727	9	7905	5988	238	0	0	0	0	237	0	15	5864	125586	14454	16	0	0	126621	121170	6163	0
798	-107	-7	10	27	5908	6650	283605	10	218	282552	7	13539	2	1	0	4477	18	0	3	724	9	7898	5908	238	0	0	0	0	237	0	15	5864	125586	14454	16	0	0	126571	121170	6163	0
797	-107	-7	10	27	5828	6650	283416	10	218	282426	7	13530	2	1	0	4475	18	0	3	724	9	7898	5828	238	0	0	0	0	237	0	15	5864	125586	14454	16	0	0	126521	121170	6163	0
796	-107	-7	8	27	5748	6650	283353	10	218	282300	7	13527	2	1	0	4473	13	0	3	724	9	7898	5748	238	0	0	0	0	237	0	15	5864	125586	14454	16	0	0	126471	121170	6163	0
795	-107	-7	9	27	5588	6650	283101	10	218	282111	7	13515	2	1	0	4470	16	0	3	724	9	7898	5588	238	0	0	0	0	237	0	15	5864	125586	14454	16	0	0	126371	121170	6163	0
794	-107	-7	9	27	5508	6648	282975	10	217	281922	7	13509	2	1	0	4467	16	0	3	721	9	7891	5508	238	0	0	0	0	237	0	15	5864	125586	14454	16	0	0	126321	121170	6163	0
793	-107	-7	9	27	5428	6648	282849	10	217	281859	7	13503	2	1	0	4466	16	0	3	721	9	7891	5428	238	0	0	0	0	237	0	15	5864	125586	14454	16	0	0	126271	121170	6163	0
792	-107	-7	9	27	5348	6648	282723	10	217	281733	7	13497	2	1	0	4464	16	0	3	721	9	7891	5348	238	0	0	0	0	237	0	15	5864	125586	14454	16	0	0	126221	121170	6163	0
791	-107	-7	9	27	5268	6648	282597	10	217	281607	7	13491	2	1	0	4462	16	0	3	721	9	7891	5268	238	0	0	0	0	237	0	15	5864	125586	14454	16	0	0	126171	121170	6163	0
790	-107	-7	9	27	5188	6648	282534	10	217	281481	7	13488	2	1	0	4460	16	0	3	721	9	7891	5188	238	0	0	0	0	237	0	15	5864	125586	14454	16	0	0	126121	121170	6163	0
789	-107	-6	9	27	5108	6646	282345	10	216	281355	7	13479	2	1	0	4458	16	0	3	718	9	7884	5108	238	0	0	0	0	237	0	15	5864	125586	14454	16	0	0	126071	121170	6163	0
788	-107	-6	10	27	5028	6646	282282	10	216	281229	7	13476	2	1	0	4456	18	0	3	718	9	7884	5028	238	0	0	0	0	237	0	15	5864	125586	14454	16	0	0	126021	121170	6163	0
787	-107	-6	10	27	4948	6646	282156	10	216	281166	7	13470	2	1	0	4455	18	0	3	718	9	7884	4948	238	0	0	0	0	237	0	15	5864	125586	14454	16	0	0	125971	121170	6163	0
786	-107	-6	10	27	4868	6646	282030	10	216	281040	7	13464	2	1	0	4453	18	0	3	718	9	7884	4868	238	0	0	0	0	237	0	15	5864	125586	14454	16	0	0	125921	121170	6163	0
785	-107	-6	9	27	4708	6644	281778	10	215	280788	7	13452	2	1	0	4449	16	0	3	715	9	7877	4708	238	0	0	0	0	237	0	15	5864	125586	14454	16	0	0	125821	121170	6163	0
784	-107	-6	10	27	4628	6644	281652	10	215	280662	7	13446	2	1	0	4447	18	0	3	715	9	7877	4628	238	0	0	0	0	237	0	15	5864	125586	14454	16	0	0	125771	121170	6163	0
783	-107	-6	10	27	4548	6644	281526	10	215	280536	7	13440	2	1	0	4445	18	0	3	715	9	7877	4548	238	0	0	0	0	237	0	15	5864	125586	14454	16	0	0	125721	121170	6163	0
782	-107	-6	11	27	4468	6644	281463	10	215	280410	7	13437	2	1	0	4443	20	0	3	715	9	7877	4468	238	1	330	0	60	237	0	15	5864	125586	14454	16	0	0	125671	121170	6163	0
781	-107	-6	11	27	4388	6644	281337	10	215	280347	7	13431	2	1	0	4442	20	0	3	715	9	7877	4388	238	1	330	0	60	237	0	15	5864	125586	14454	16	0	0	125621	121170	6163	0
780	-107	-6	10	27	4308	6642	281189	10	214	280136	7	13422	2	1	0	4438	18	0	3	712	9	7870	4308	237	0	0	0	0	236	0	15	5864	125256	14394	16	0	0	125571	121170	6163	0
779	-107	-6	10	27	4228	6642	281000	10	214	280010	7	13413	2	1	0	4436	18	0	3	712	9	7870	4228	237	0	0	0	0	236	0	15	5864	125256	14394	16	0	0	125521	121170	6163	0
778	-107	-6	10	27	4148	6642	280874	10	214	279884	7	13407	2	1	0	4434	18	0	3	712	9	7870	4148	237	0	0	0	0	236	0	15	5864	125256	14394	16	0	0	125471	121170	6163	0
777	-107	-6	10	27	4068	6642	280811	10	214	279758	7	13404	2	1	0	4432	18	0	3	712	9	7870	4068	237	0	0	0	0	236	0	15	5864	125256	14394	16	0	0	125421	121170	6163	0
776	-107	-6	11	27	3988	6642	280685	10	214	279695	7	13398	2	1	0	4431	20	0	3	712	9	7870	3988	237	2	509	0	120	236	0	15	5864	125256	14394	16	0	0	125371	121170	6163	0
775	-107	-7	10	27	3828	6640	280433	12	213	279443	7	13386	2	1	0	4427	18	0	3	709	9	7863	3828	237	0	0	0	0	236	0	15	5864	125256	14394	16	0	0	125271	121170	6163	0
774	-107	-7	10	27	3748	6640	280273	10	213	279220	7	13379	2	1	0	4424	18	0	3	709	9	7863	3748	235	0	0	0	0	234	0	15	5864	124238	14274	16	0	0	125221	121170	6163	0
773	-107	-7	9	27	3668	6640	280147	10	213	279157	7	13373	2	1	0	4423	16	0	3	709	9	7863	3668	235	0	0	0	0	234	0	15	5864	124238	14274	16	0	0	125171	121170	6163	0
772	-107	-7	9	27	3588	6638	280021	10	212	278968	7	13367	2	1	0	4420	16	0	3	706	9	7856	3588	235	0	0	0	0	234	0	15	5864	124238	14274	16	0	0	125121	121170	6163	0
771	-107	-7	10	27	3508	6638	279895	10	212	278905	7	13361	2	1	0	4419	18	0	3	706	9	7856	3508	235	0	0	0	0	234	0	15	5864	124238	14274	16	0	0	125071	121170	6163	0
770	-107	-7	10	27	3428	6638	279769	10	212	278779	7	13355	2	1	0	4417	18	0	3	706	9	7856	3428	235	0	0	0	0	234	0	15	5864	124238	14274	16	0	0	125021	121170	6163	0
769	-107	-7	9	27	3348	6638	279643	10	212	278653	7	13349	2	1	0	4415	16	0	3	706	9	7856	3348	235	0	0	0	0	234	0	15	5864	124238	14274	16	0	0	124971	121170	6163	0
768	-107	-7	8	27	3268	6638	279580	10	212	278527	7	13346	2	1	0	4413	13	0	3	706	9	7856	3268	235	0	0	0	0	234	0	15	5864	124238	14274	16	0	0	124921	121170	6163	0
767	-107	-6	7	28	3188	6636	279391	10	211	278401	7	13337	2	1	0	4411	11	0	3	703	9	7849	3188	235	0	0	0	0	234	0	15	5864	124238	14274	16	0	0	124871	121170	6163	0
766	-107	-6	8	28	3028	6636	279202	10	211	278212	7	13328	2	1	0	4408	13	0	3	703	9	7849	3028	235	0	0	0	0	234	0	15	5864	124238	14274	16	0	0	124771	121170	6163	0
765	-107	-6	8	27	2948	6636	279076	10	211	278086	7	13322	2	1	0	4406	13	0	3	703	9	7849	2948	235	0	0	0	0	234	0	15	5864	124238	14274	16	0	0	124721	121170	6163	0
764	-107	-6	8	27	2868	6636	278950	10	211	277960	7	13316	2	1	0	4404	13	0	3	703	9	7849	2868	235	0	0	0	0	234	0	15	5864	124238	14274	16	0	0	124671	121170	6163	0
763	-107	-6	10	27	2788	6634	278824	10	210	277834	7	13310	2	1	0	4402	18	0	3	700	9	7842	2788	235	0	0	0	0	234	0	15	5864	124238	14274	16	0	0	124621	121170	6163	0
762	-107	-6	9	27	2708	6634	278761	10	210	277708	7	13307	2	1	0	4400	16	0	3	700	9	7842	2708	235	0	0	0	0	234	0	15	5864	124238	14274	16	0	0	124571	121170	6163	0
761	-107	-6	10	27	2628	6634	278635	10	210	277645	7	13301	2	1	0	4399	18	0	3	700	9	7842	2628	235	0	0	0	0	234	0	15	5864	124238	14274	16	0	0	124521	121170	6163	0
760	-107	-6	11	27	2548	6634	278509	10	210	277519	7	13295	2	1	0	4397	20	0	3	700	9	7842	2548	235	0	0	0	0	234	0	15	5864	124238	14274	16	0	0	124471	121170	6163	0
759	-107	-6	10	27	2468	6634	278383	10	210	277393	7	13289	2	1	0	4395	18	0	3	700	9	7842	2468	235	0	0	0	0	234	0	15	5864	124238	14274	16	0	0	124421	121170	6163	0
758	-107	-6	11	27	2388	6632	278320	10	209	277267	7	13286	2	1	0	4393	20	0	3	697	9	7835	2388	235	1	692	0	60	234	0	15	5864	124238	14274	16	0	0	124371	121170	6163	0
757	-107	-6	9	27	2308	6632	278194	10	209	277141	7	13280	2	1	0	4391	16	0	3	697	9	7835	2308	235	1	692	0	60	234	0	15	5864	124238	14274	16	0	0	124321	121170	6163	0
756	-107	-6	10	27	2148	6632	277879	10	209	276889	7	13265	2	1	0	4387	18	0	3	697	9	7835	2148	234	0	0	0	0	233	0	15	5864	123546	14214	16	0	0	124221	121170	6163	0
755	-107	-5	9	27	2068	6630	277816	10	208	276763	7	13262	2	1	0	4385	16	0	3	694	9	7828	2068	234	0	0	0	0	233	0	15	5864	123546	14214	16	0	0	124171	121170	6163	0
754	-107	-5	8	27	1988	6630	277627	10	208	276637	7	13253	2	1	0	4383	13	0	3	694	9	7828	1988	234	0	0	0	0	233	0	15	5864	123546	14214	16	0	0	124121	121170	6163	0
753	-107	-5	10	27	1908	6630	277564	10	208	276511	7	13250	2	1	0	4381	18	0	3	694	9	7828	1908	234	0	0	0	0	233	0	15	5864	123546	14214	16	0	0	124071	121170	6163	0
752	-107	-5	10	27	1828	6630	277438	10	208	276385	7	13244	2	1	0	4379	18	0	3	694	9	7828	1828	234	0	0	0	0	233	0	15	5864	123546	14214	16	0	0	124021	121170	6163	0
751	-107	-5	10	27	1748	6630	277312	10	208	276322	7	13238	2	1	0	4378	18	0	3	694	9	7828	1748	234	0	0	0	0	233	0	15	5864	123546	14214	16	0	0	123971	121170	6163	0
750	-107	-6	10	27	1668	6628	277186	10	207	276196	7	13232	2	1	0	4376	18	0	3	691	9	7821	1668	234	0	0	0	0	233	0	15	5864	123546	14214	16	0	0	123921	121170	6163	0
749	-107	-6	10	27	1588	6628	277060	10	207	276070	7	13226	2	1	0	4374	18	0	3	691	9	7821	1588	234	0	0	0	0	233	0	15	5864	123546	14214	16	0	0	123871	121170	6163	0
748	-107	-6	10	27	1508	6628	276997	10	207	275944	7	13223	2	1	0	4372	18	0	3	691	9	7821	1508	234	0	0	0	0	233	0	15	5864	123546	14214	16	0	0	123821	121170	6163	0
747	-107	-6	10	27	1428	6628	276871	10	207	275881	7	13217	2	1	0	4371	18	0	3	691	9	7821	1428	234	0	0	0	0	233	0	15	5864	123546	14214	16	0	0	123771	121170	6163	0
746	-107	-6	9	27	1268	6626	276619	10	206	275629	7	13205	2	1	0	4367	16	0	3	688	9	7814	1268	234	1	1310	0	60	233	0	15	5864	123546	14214	16	0	0	123671	121170	6163	0
745	-107	-6	8	27	1188	6626	276493	10	206	275503	7	13199	2	1	0	4365	13	0	3	688	9	7814	1188	234	1	1310	0	60	233	0	15	5864	123546	14214	16	0	0	123621	121170	6163	0
744	-107	-6	9	27	1108	6626	276430	10	206	275377	7	13196	2	1	0	4363	16	0	3	688	9	7814	1108	234	0	0	0	0	233	0	15	5864	123546	14214	16	0	0	123571	121170	6163	0
743	-107	-6	10	27	1028	6626	276282	10	206	275292	7	13187	2	1	0	4361	18	0	3	688	9	7814	1028	233	0	0	0	0	232	0	15	5864	122236	14154	16	0	0	123521	121170	6163	0
742	-107	-6	8	27	948	6626	276156	10	206	275166	7	13181	2	1	0	4359	13	0	3	688	9	7814	948	233	0	0	0	0	232	0	15	5864	122236	14154	16	0	0	123471	121170	6163	0
741	-107	-6	10	27	868	6624	276030	10	205	275040	7	13175	2	1	0	4357	18	0	3	685	9	7807	868	233	0	0	0	0	232	0	15	5864	122236	14154	16	0	0	123421	121170	6163	0
740	-107	-6	9	27	788	6624	275904	10	205	274914	7	13169	2	1	0	4355	16	0	3	685	9	7807	788	233	0	0	0	0	232	0	15	5864	122236	14154	16	0	0	123371	121170	6163	0
739	-107	-6	10	27	708	6624	275778	10	205	274788	7	13163	2	1	0	4353	18	0	3	685	9	7807	708	233	0	0	0	0	232	0	15	5864	122236	14154	16	0	0	123321	121170	6163	0
738	-107	-6	10	27	628	6624	275715	10	205	274662	7	13160	2	1	0	4351	18	0	3	685	9	7807	628	233	0	0	0	0	232	0	15	5864	122236	14154	16	0	0	123271	121170	6163	0
737	-107	-6	10	27	548	6624	275589	10	205	274599	7	13154	2	1	0	4350	18	0	3	685	9	7807	548	233	0	0	0	0	232	0	15	5864	122236	14154	16	0	0	123221	121170	6163	0
736	-107	-5	9	27	388	6622	275337	10	204	274347	7	13142	2	1	0	4346	16	0	3	682	9	7800	388	233	0	0	0	0	232	0	15	5864	122236	14154	16	0	0	123121	121170	6163	0
735	-107	-5	9	27	308	6622	275211	10	204	274221	7	13136	2	1	0	4344	16	0	3	682	9	7800	308	233	0	0	0	0	232	0	15	5864	122236	14154	16	0	0	123071	121170	6163	0
734	-107	-5	9	27	228	6622	275085	10	204	274095	7	13130	2	1	0	4342	16	0	3	682	9	7800	228	233	0	0	0	0	232	0	15	5864	122236	14154	16	0	0	123021	121170	6163	0
733	-107	-5	9	27	148	6620	275022	10	203	273969	7	13127	2	1	0	4340	16	0	3	679	9	7793	148	233	0	0	0	0	232	0	15	5864	122236	14154	16	0	0	122971	121170	6163	0
732	-107	-5	10	27	68	6620	274833	10	203	273843	7	13118	2	1	0	4338	18	0	3	679	9	7793	68	233	0	0	0	0	232	0	15	5864	122236	14154	16	0	0	122921	121170	6163	0
731	-107	-5	10	27	16372	6620	274770	10	203	273717	7	13115	2	1	0	4336	18	0	3	679	9	7793	16372	233	0	0	0	0	232	0	15	5864	122236	14154	16	0	0	122871	121170	6163	0
730	-107	-5	10	27	16292	6620	274644	10	203	273591	7	13109	2	1	0	4334	18	0	3	679	9	7793	16292	233	0	0	0	0	232	0	15	5864	122236	14154	16	0	0	122821	121170	6163	0
729	-107	-5	11	27	16212	6620	274518	10	203	273528	7	13103	2	1	0	4333	20	0	3	679	9	7793	16212	233	0	0	0	0	232	0	15	5864	122236	14154	16	0	0	122771	121170	6163	0
728	-107	-6	10	27	16132	6618	274392	10	202	273339	7	13097	2	1	0	4330	18	0	3	676	9	7786	16132	233	0	0	0	0	232	0	15	5864	122236	14154	16	0	0	122721	121170	6163	0
727	-107	-6	10	27	16052	6618	274266	10	202	273276	7	13091	2	1	0	4329	18	0	3	676	9	7786	16052	233	0	0	0	0	232	0	15	5864	122236	14154	16	0	0	122671	121170	6163	0
726	-107	-6	10	27	15892	6618	274014	10	202	273024	7	13079	2	1	0	4325	18	0	3	676	9	7786	15892	233	0	0	0	0	232	0	15	5864	122236	14154	16	0	0	122571	121170	6163	0
725	-107	-6	10	27	15812	6618	273951	10	202	272898	7	13076	2	1	0	4323	18	0	3	676	9	7786	15812	233	0	0	0	0	232	0	15	5864	122236	14154	16	0	0	122521	121170	6163	0
724	-107	-6	10	27	15732	6616	273762	10	201	272772	7	13067	2	1	0	4321	18	0	3	673	9	7779	15732	233	0	0	0	0	232	0	15	5864	122236	14154	16	0	0	122471	121170	6163	0
723	-107	-6	9	27	15652	6616	273699	10	201	272646	7	13064	2	1	0	4319	16	0	3	673	9	7779	15652	233	0	0	0	0	232	0	15	5864	122236	14154	16	0	0	122421	121170	6163	0
722	-107	-6	9	27	15572	6616	273573	10	201	272583	7	13058	2	1	0	4318	16	0	3	673	9	7779	15572	233	1	1010	0	60	232	0	15	5864	122236	14154	16	0	0	122371	121170	6163	0
721	-107	-6	10	27	15492	6616	273447	10	201	272457	7	13052	2	1	0	4316	18	0	3	673	9	7779	15492	233	1	1010	0	60	232	0	15	5864	122236	14154	16	0	0	122321	121170	6163	0
720	-107	-6	10	27	15412	6616	273321	10	201	272331	7	13046	2	1	0	4314	18	0	3	673	9	7779	15412	233	0	0	0	0	232	0	15	5864	122236	14154	16	0	0	122271	121170	6163	0
719	-107	-5	9	27	15332	6614	273236	10	200	272183	7	13040	2	1	0	4311	16	0	3	670	9	7772	15332	232	0	0	0	0	231	0	15	5864	121226	14094	16	0	0	122221	121170	6163	0
718	-107	-5	10	27	15252	6614	273047	10	200	272057	7	13031	2	1	0	4309	18	0	3	670	9	7772	15252	232	0	0	0	0	231	0	15	5864	121226	14094	16	0	0	122171	121170	6163	0
717	-107	-5	10	27	15172	6614	272921	10	200	271931	7	13025	2	1	0	4307	18	0	3	670	9	7772	15172	232	0	0	0	0	231	0	15	5864	121226	14094	16	0	0	122121	121170	6163	0
716	-107	-5	10	27	15012	6614	272732	10	200	271742	7	13016	2	1	0	4304	18	0	3	670	9	7772	15012	232	0	0	0	0	231	0	15	5864	121226	14094	16	0	0	122021	121170	6163	0
715	-107	-5	11	27	14932	6612	272606	10	199	271553	7	13010	2	1	0	4301	20	0	3	667	9	7765	14932	232	0	0	0	0	231	0	15	5864	121226	14094	16	0	0	121971	121170	6163	0
714	-107	-5	10	27	14852	6612	272480	10	199	271490	7	13004	2	1	0	4300	18	0	3	667	9	7765	14852	232	0	0	0	0	231	0	15	5864	121226	14094	16	0	0	121921	121170	6163	0
713	-107	-5	10	27	14772	6612	272354	10	199	271364	7	12998	2	1	0	4298	18	0	3	667	9	7765	14772	232	0	0	0	0	231	0	15	5864	121226	14094	16	0	0	121871	121170	6163	0
712	-107	-5	11	27	14691	6612	272228	10	199	271238	7	12992	2	1	0	4296	20	0	3	667	9	7765	14691	232	0	0	0	0	231	0	15	5864	121226	14094	16	0	0	121820	121170	6163	0
711	-107	-6	10	27	14611	6610	272102	10	198	271112	7	12986	2	1	0	4294	18	0	3	664	9	7758	14611	232	0	0	0	0	231	0	15	5864	121226	14094	16	0	0	121770	121170	6163	0
710	-107	-6	11	27	14532	6610	271976	10	198	270986	7	12980	2	1	0	4292	20	0	3	664	9	7758	14532	232	0	0	0	0	231	0	15	5864	121226	14094	16	0	0	121721	121170	6163	0
709	-107	-6	11	27	14452	6610	271913	10	198	270860	7	12977	2	1	0	4290	20	0	3	664	9	7758	14452	232	0	0	0	0	231	0	15	5864	121226	14094	16	0	0	121671	121170	6163	0
708	-107	-6	10	27	14372	6610	271787	10	198	270734	7	12971	2	1	0	4288	18	0	3	664	9	7758	14372	232	0	0	0	0	231	0	15	5864	121226	14094	16	0	0	121621	121170	6163	0
707	-107	-6	10	27	14292	6610	271661	10	198	270671	7	12965	2	1	0	4287	18	0	3	664	9	7758	14292	232	0	0	0	0	231	0	15	5864	121226	14094	16	0	0	121571	121170	6163	0
706	-107	-6	11	27	14132	6608	271409	10	197	270419	7	12953	2	1	0	4283	20	0	3	661	9	7751	14132	232	0	0	0	0	231	0	15	5864	121226	14094	16	0	0	121471	121170	6163	0
705	-107	-6	10	27	14052	6608	271283	10	197	270293	7	12947	2	1	0	4281	18	0	3	661	9	7751	14052	232	0	0	0	0	231	0	15	5864	121226	14094	16	0	0	121421	121170	6163	0
704	-107	-6	11	27	13972	6608	271157	10	197	270167	7	12941	2	1	0	4279	20	0	3	661	9	7751	13972	232	3	26	0	180	231	0	15	5864	121226	14094	16	0	0	121371	121170	6163	0
703	-107	-6	10	27	13892	6608	271094	10	197	270041	7	12938	2	1	0	4277	18	0	3	661	9	7751	13892	232	3	26	0	180	231	0	15	5864	121226	14094	16	0	0	121321	121170	6163	0
702	-107	-7	11	27	13812	6606	270905	10	196	269915	453	12929	447	3	0	4275	20	20	9	658	9	7744	13812	232	1	1072	0	65	231	443	15	5864	121226	14094	16	1	2991	121271	121170	6163	0
701	-107	-7	10	27	13732	6606	270842	19	196	269659	453	12926	447	3	0	4273	18	20	9	658	9	7744	13732	229	1	1072	0	65	228	443	15	5864	121148	13914	16	1	2991	121221	121170	6163	0
700	-107	-7	11	27	13652	6606	270523	10	196	269470	453	12916	447	3	0	4270	20	20	9	658	18	7744	13652	229	0	0	0	0	228	0	15	5864	121148	13914	16	0	0	121171	121170	6163	0
699	-107	-7	9	27	13572	6159	270334	10	195	269344	7	12907	2	1	0	4268	16	0	3	649	18	7291	13572	228	0	0	0	0	227	0	14	5421	120076	13849	15	0	0	121121	118179	6163	0
698	-107	-7	10	27	13492	6159	270208	10	195	269218	7	12901	2	1	0	4266	18	0	3	649	18	7291	13492	228	0	0	0	0	227	0	14	5421	120076	13849	15	0	0	121071	118179	6163	0
697	-107	-7	9	27	13412	6157	270082	10	194	269092	7	12895	2	1	0	4264	16	0	3	646	18	7284	13412	228	0	0	0	0	227	0	14	5421	120076	13849	15	0	0	121021	118179	6163	0
696	-107	-7	8	27	13252	6157	269830	10	194	268840	7	12883	2	1	0	4260	13	0	3	646	18	7284	13252	228	0	0	0	0	227	0	14	5421	120076	13849	15	0	0	120921	118179	6163	0
695	-107	-7	8	27	13172	6157	269767	10	194	268714	7	12880	2	1	0	4258	13	0	3	646	18	7284	13172	228	0	0	0	0	227	0	14	5421	120076	13849	15	0	0	120871	118179	6163	0
694	-107	-7	8	27	13092	6157	269641	10	194	268651	7	12874	2	1	0	4257	13	0	3	646	18	7284	13092	228	0	0	0	0	227	0	14	5421	120076	13849	15	0	0	120821	118179	6163	0
693	-107	-8	9	27	13012	6155	269515	10	193	268462	7	12868	2	1	0	4254	16	0	3	643	18	7277	13012	228	0	0	0	0	227	0	14	5421	120076	13849	15	0	0	120771	118179	6163	0
692	-107	-8	9	27	12932	6155	269389	10	193	268399	7	12862	2	1	0	4253	16	0	3	643	18	7277	12932	228	0	0	0	0	227	0	14	5421	120076	13849	15	0	0	120721	118179	6163	0
691	-107	-8	9	27	12852	6155	269263	10	193	268273	7	12856	2	1	0	4251	16	0	3	643	18	7277	12852	228	0	0	0	0	227	0	14	5421	120076	13849	15	0	0	120671	118179	6163	0
690	-107	-8	9	27	12772	6155	269137	10	193	268147	7	12850	2	1	0	4249	16	0	3	643	18	7277	12772	228	0	0	0	0	227	0	14	5421	120076	13849	15	0	0	120621	118179	6163	0
689	-107	-7	7	27	12692	6153	269074	10	192	268021	7	12847	2	1	0	4247	11	0	3	640	18	7270	12692	228	0	0	0	0	227	0	14	5421	120076	13849	15	0	0	120571	118179	6163	0
688	-107	-7	7	27	12612	6153	268885	10	192	267895	7	12838	2	1	0	4245	11	0	3	640	18	7270	12612	228	0	0	0	0	227	0	14	5421	120076	13849	15	0	0	120521	118179	6163	0
687	-107	-7	7	27	12532	6153	268822	10	192	267769	7	12835	2	1	0	4243	11	0	3	640	18	7270	12532	228	0	0	0	0	227	0	14	5421	120076	13849	15	0	0	120471	118179	6163	0
686	-107	-7	8	27	12372	6153	268570	10	192	267580	7	12823	2	1	0	4240	13	0	3	640	18	7270	12372	228	0	0	0	0	227	0	14	5421	120076	13849	15	0	0	120371	118179	6163	0
685	-107	-8	8	27	12292	6151	268444	10	191	267391	7	12817	2	1	0	4237	13	0	3	637	18	7263	12292	228	0	0	0	0	227	0	14	5421	120076	13849	15	0	0	120321	118179	6163	0
684	-107	-8	8	27	12212	6151	268318	10	191	267328	7	12811	2	1	0	4236	13	0	3	637	18	7263	12212	228	0	0	0	0	227	0	14	5421	120076	13849	15	0	0	120271	118179	6163	0
683	-107	-8	8	27	12132	6151	268192	10	191	267202	7	12805	2	1	0	4234	13	0	3	637	18	7263	12132	228	0	0	0	0	227	0	14	5421	120076	13849	15	0	0	120221	118179	6163	0
682	-107	-8	9	27	12052	6151	268066	10	191	267076	7	12799	2	1	0	4232	16	0	3	637	18	7263	12052	228	2	270	0	120	227	0	14	5421	120076	13849	15	0	0	120171	118179	6163	0
681	-107	-8	8	27	11972	6151	268003	10	191	266950	7	12796	2	1	0	4230	13	0	3	637	18	7263	11972	228	2	270	0	120	227	0	14	5421	120076	13849	15	0	0	120121	118179	6163	0
680	-107	-7	8	27	11892	6149	267877	11	190	266802	7	12790	2	1	0	4228	13	0	3	634	18	7256	11892	226	0	0	0	0	225	0	14	5421	119536	13729	15	0	0	120071	118179	6163	0
679	-107	-7	8	26	11812	6149	267666	10	190	266613	7	12780	2	1	0	4225	13	0	3	634	18	7256	11812	226	0	0	0	0	225	0	14	5421	119536	13729	15	0	0	120021	118179	6163	0
678	-107	-7	8	27	11732	6149	267540	10	190	266550	7	12774	2	1	0	4224	13	0	3	634	18	7256	11732	226	0	0	0	0	225	0	14	5421	119536	13729	15	0	0	119971	118179	6163	0
677	-107	-7	8	27	11572	6149	267288	10	190	266298	7	12762	2	1	0	4220	13	0	3	634	18	7256	11572	226	0	0	0	0	225	0	14	5421	119536	13729	15	0	0	119871	118179	6163	0
676	-107	-7	8	27	11492	6147	267162	10	189	266172	7	12756	2	1	0	4218	13	0	3	631	18	7249	11492	226	0	0	0	0	225	0	14	5421	119536	13729	15	0	0	119821	118179	6163	0
675	-107	-7	8	27	11412	6147	267036	10	189	266046	7	12750	2	1	0	4216	13	0	3	631	18	7249	11412	226	0	0	0	0	225	0	14	5421	119536	13729	15	0	0	119771	118179	6163	0
674	-107	-7	8	27	11332	6147	266910	10	189	265920	7	12744	2	1	0	4214	13	0	3	631	18	7249	11332	226	0	0	0	0	225	0	14	5421	119536	13729	15	0	0	119721	118179	6163	0
673	-107	-7	8	27	11252	6147	266847	10	189	265794	7	12741	2	1	0	4212	13	0	3	631	18	7249	11252	226	1	306	0	60	225	0	14	5421	119536	13729	15	0	0	119671	118179	6163	0
672	-107	-7	8	27	11172	6147	266721	10	189	265731	7	12735	2	1	0	4211	13	0	3	631	18	7249	11172	226	1	306	0	60	225	0	14	5421	119536	13729	15	0	0	119621	118179	6163	0
671	-107	-7	9	27	11092	6145	266595	10	188	265605	7	12729	2	1	0	4209	16	0	3	628	18	7242	11092	226	0	0	0	0	225	0	14	5421	119536	13729	15	0	0	119571	118179	6163	0
670	-107	-7	9	27	11012	6145	266510	10	188	265457	7	12723	2	1	0	4206	16	0	3	628	18	7242	11012	225	0	0	0	0	224	0	14	5421	119230	13669	15	0	0	119521	118179	6163	0
669	-107	-7	9	27	10932	6145	266321	10	188	265331	7	12714	2	1	0	4204	16	0	3	628	18	7242	10932	225	0	0	0	0	224	0	14	5421	119230	13669	15	0	0	119471	118179	6163	0
668	-107	-7	9	27	10852	6145	266258	10	188	265205	7	12711	2	1	0	4202	16	0	3	628	18	7242	10852	225	0	0	0	0	224	0	14	5421	119230	13669	15	0	0	119421	118179	6163	0
667	-107	-7	8	27	10692	6143	266006	10	187	265016	7	12699	2	1	0	4199	13	0	3	625	18	7235	10692	225	2	502	0	120	224	0	14	5421	119230	13669	15	0	0	119321	118179	6163	0
666	-107	-7	9	27	10612	6143	265880	10	187	264890	7	12693	2	1	0	4197	16	0	3	625	18	7235	10612	225	0	0	0	0	224	0	14	5421	119230	13669	15	0	0	119271	118179	6163	0
665	-107	-7	10	27	10532	6143	265795	10	187	264679	7	12687	2	1	0	4193	18	0	3	625	18	7235	10532	223	0	0	0	0	222	0	14	5421	118226	13549	15	0	0	119221	118179	6163	0
664	-107	-7	10	27	10452	6143	265606	10	187	264616	7	12678	2	1	0	4192	18	0	3	625	18	7235	10452	223	0	0	0	0	222	0	14	5421	118226	13549	15	0	0	119171	118179	6163	0
663	-107	-6	10	27	10372	6141	265480	10	186	264427	7	12672	2	1	0	4189	18	0	3	622	18	7228	10372	223	0	0	0	0	222	0	14	5421	118226	13549	15	0	0	119121	118179	6163	0
662	-107	-6	10	27	10292	6141	265354	10	186	264364	7	12666	2	1	0	4188	18	0	3	622	18	7228	10292	223	0	0	0	0	222	0	14	5421	118226	13549	15	0	0	119071	118179	6163	0
661	-107	-6	9	27	10212	6141	265228	10	186	264238	7	12660	2	1	0	4186	16	0	3	622	18	7228	10212	223	0	0	0	0	222	0	14	5421	118226	13549	15	0	0	119021	118179	6163	0
660	-107	-6	10	27	10132	6141	265102	10	186	264112	7	12654	2	1	0	4184	18	0	3	622	18	7228	10132	223	0	0	0	0	222	0	14	5421	118226	13549	15	0	0	118971	118179	6163	0
659	-107	-6	10	27	10052	6141	265039	10	186	263986	7	12651	2	1	0	4182	18	0	3	622	18	7228	10052	223	0	0	0	0	222	0	14	5421	118226	13549	15	0	0	118921	118179	6163	0
658	-107	-6	10	27	9972	6139	264850	10	185	263860	7	12642	2	1	0	4180	18	0	3	619	18	7221	9972	223	0	0	0	0	222	0	14	5421	118226	13549	15	0	0	118871	118179	6163	0
657	-107	-6	10	27	9812	6139	264661	10	185	263671	7	12633	2	1	0	4177	18	0	3	619	18	7221	9812	223	0	0	0	0	222	0	14	5421	118226	13549	15	0	0	118771	118179	6163	0
656	-107	-6	10	27	9732	6139	264535	10	185	263545	7	12627	2	1	0	4175	18	0	3	619	18	7221	9732	223	0	0	0	0	222	0	14	5421	118226	13549	15	0	0	118721	118179	6163	0
655	-107	-6	10	27	9652	6139	264409	10	185	263419	7	12621	2	1	0	4173	18	0	3	619	18	7221	9652	223	0	0	0	0	222	0	14	5421	118226	13549	15	0	0	118671	118179	6163	0
654	-107	-6	10	27	9572	6137	264283	10	184	263293	7	12615	2	1	0	4171	18	0	3	616	18	7214	9572	223	0	0	0	0	222	0	14	5421	118226	13549	15	0	0	118621	118179	6163	0
653	-107	-6	10	27	9492	6137	264157	10	184	263167	7	12609	2	1	0	4169	18	0	3	616	18	7214	9492	223	0	0	0	0	222	0	14	5421	118226	13549	15	0	0	118571	118179	6163	0
652	-107	-6	10	27	9412	6137	264031	10	184	263041	7	12603	2	1	0	4167	18	0	3	616	18	7214	9412	223	0	0	0	0	222	0	14	5421	118226	13549	15	0	0	118521	118179	6163	0
651	-107	-6	10	27	9332	6137	263968	10	184	262915	7	12600	2	1	0	4165	18	0	3	616	18	7214	9332	223	0	0	0	0	222	0	14	5421	118226	13549	15	0	0	118471	118179	6163	0
650	-107	-6	10	27	9252	6137	263842	10	184	262852	7	12594	2	1	0	4164	18	0	3	616	18	7214	9252	223	0	0	0	0	222	0	14	5421	118226	13549	15	0	0	118421	118179	6163	0
649	-107	-7	10	27	9172	6135	263716	10	183	262726	693	12588	678	3	0	4162	18	18	18	613	18	7207	9172	223	2	35	0	120	222	0	14	5421	118226	13549	15	0	0	118371	118179	6163	0
648	-107	-7	10	27	9092	6135	263590	10	183	262600	693	12582	678	3	0	4160	18	18	18	613	18	7207	9092	223	2	35	0	120	222	0	14	5421	118226	13549	15	0	0	118321	118179	6163	0
647	-107	-7	9	26	8932	6135	263401	11	183	262326	693	12573	678	3	0	4156	16	18	18	613	18	7207	8932	221	2	305	0	135	220	670	14	5421	118156	13429	15	2	851	118221	118179	6163	0
646	-107	-6	10	22	8852	5455	263190	10	181	262137	7	12563	2	1	0	4153	18	0	3	592	3	6507	8852	221	0	0	0	0	220	0	12	4751	118156	13429	13	0	0	118171	116477	6163	0
645	-107	-6	10	26	8772	5455	262888	10	181	261898	7	12550	2	1	0	4150	18	0	3	592	3	6507	8772	219	0	0	0	0	218	0	12	4751	117546	13294	13	0	0	118121	116477	6163	0
644	-107	-6	10	26	8692	5455	262825	10	181	261772	7	12547	2	1	0	4148	18	0	3	592	3	6507	8692	219	0	0	0	0	218	0	12	4751	117546	13294	13	0	0	118071	116477	6163	0
643	-107	-6	10	26	8612	5455	262699	10	181	261646	7	12541	2	1	0	4146	18	0	3	592	3	6507	8612	219	0	0	0	0	218	0	12	4751	117546	13294	13	0	0	118021	116477	6163	0
642	-107	-6	10	26	8532	5455	262573	10	181	261583	7	12535	2	1	0	4145	18	0	3	592	3	6507	8532	219	0	0	0	0	218	0	12	4751	117546	13294	13	0	0	117971	116477	6163	0
641	-107	-7	10	26	8452	5453	262447	10	180	261457	7	12529	2	1	0	4143	18	0	3	589	3	6500	8452	219	0	0	0	0	218	0	12	4751	117546	13294	13	0	0	117921	116477	6163	0
640	-107	-7	10	26	8372	5453	262321	10	180	261331	7	12523	2	1	0	4141	18	0	3	589	3	6500	8372	219	0	0	0	0	218	0	12	4751	117546	13294	13	0	0	117871	116477	6163	0
639	-107	-7	10	26	8292	5453	262258	10	180	261205	7	12520	2	1	0	4139	18	0	3	589	3	6500	8292	219	0	0	0	0	218	0	12	4751	117546	13294	13	0	0	117821	116477	6163	0
638	-107	-7	10	26	8212	5453	262132	10	180	261142	7	12514	2	1	0	4138	18	0	3	589	3	6500	8212	219	0	0	0	0	218	0	12	4751	117546	13294	13	0	0	117771	116477	6163	0
637	-107	-7	9	26	8052	5451	261880	10	179	260890	7	12502	2	1	0	4134	16	0	3	586	3	6493	8052	219	2	520	0	120	218	0	12	4751	117546	13294	13	0	0	117671	116477	6163	0
636	-107	-7	9	26	7972	5451	261754	10	179	260764	7	12496	2	1	0	4132	16	0	3	586	3	6493	7972	219	2	520	0	120	218	0	12	4751	117546	13294	13	0	0	117621	116477	6163	0
635	-107	-7	9	27	7892	5451	261691	10	179	260638	7	12493	2	1	0	4130	16	0	3	586	3	6493	7892	219	0	0	0	0	218	0	12	4751	117546	13294	13	0	0	117571	116477	6163	0
634	-107	-7	8	27	7812	5451	261543	10	179	260553	7	12484	2	1	0	4128	13	0	3	586	3	6493	7812	218	0	0	0	0	217	0	12	4751	117518	13234	13	0	0	117521	116477	6163	0
633	-107	-7	9	27	7732	5451	261354	10	179	260364	7	12475	2	1	0	4125	16	0	3	586	3	6493	7732	217	0	0	0	0	216	0	12	4751	116506	13174	13	0	0	117471	116477	6163	0
632	-107	-7	9	27	7652	5449	261228	10	178	260238	7	12469	2	1	0	4123	16	0	3	583	3	6486	7652	217	0	0	0	0	216	0	12	4751	116506	13174	13	0	0	117421	116477	6163	0
631	-107	-7	9	27	7572	5449	261102	10	178	260112	7	12463	2	1	0	4121	16	0	3	583	3	6486	7572	217	0	0	0	0	216	0	12	4751	116506	13174	13	0	0	117371	116477	6163	0
630	-107	-7	10	27	7492	5449	260976	10	178	259986	7	12457	2	1	0	4119	18	0	3	583	3	6486	7492	217	0	0	0	0	216	0	12	4751	116506	13174	13	0	0	117321	116477	6163	0
629	-107	-7	9	27	7412	5449	260913	10	178	259860	7	12454	2	1	0	4117	16	0	3	583	3	6486	7412	217	0	0	0	0	216	0	12	4751	116506	13174	13	0	0	117271	116477	6163	0
628	-107	-7	9	27	7332	5449	260787	10	178	259797	7	12448	2	1	0	4116	16	0	3	583	3	6486	7332	217	0	0	0	0	216	0	12	4751	116506	13174	13	0	0	117221	116477	6163	0
627	-107	-5	9	27	7172	5447	260535	10	177	259545	7	12436	2	1	0	4112	16	0	3	580	3	6479	7172	217	0	0	0	0	216	0	12	4751	116506	13174	13	0	0	117121	116477	6163	0
626	-107	-5	9	27	7092	5447	260409	10	177	259419	7	12430	2	1	0	4110	16	0	3	580	3	6479	7092	217	0	0	0	0	216	0	12	4751	116506	13174	13	0	0	117071	116477	6163	0
625	-107	-5	9	27	7012	5447	260283	10	177	259293	7	12424	2	1	0	4108	16	0	3	580	3	6479	7012	217	0	0	0	0	216	0	12	4751	116506	13174	13	0	0	117021	116477	6163	0
624	-107	-5	10	27	6932	5445	260220	10	176	259167	7	12421	2	1	0	4106	18	0	3	577	3	6472	6932	217	0	0	0	0	216	0	12	4751	116506	13174	13	0	0	116971	116477	6163	0
623	-107	-5	10	27	6852	5445	260094	10	176	259041	7	12415	2	1	0	4104	18	0	3	577	3	6472	6852	217	0	0	0	0	216	0	12	4751	116506	13174	13	0	0	116921	116477	6163	0
622	-107	-5	10	27	6772	5445	259968	10	176	258978	7	12409	2	1	0	4103	18	0	3	577	3	6472	6772	217	0	0	0	0	216	0	12	4751	116506	13174	13	0	0	116871	116477	6163	0
621	-107	-5	10	27	6692	5445	259842	10	176	258852	7	12403	2	1	0	4101	18	0	3	577	3	6472	6692	217	0	0	0	0	216	0	12	4751	116506	13174	13	0	0	116821	116477	6163	0
620	-107	-5	10	27	6612	5445	259716	10	176	258726	7	12397	2	1	0	4099	18	0	3	577	3	6472	6612	217	0	0	0	0	216	0	12	4751	116506	13174	13	0	0	116771	116477	6163	0
619	-107	-6	11	27	6532	5443	259590	10	175	258600	7	12391	2	1	0	4097	20	0	3	574	3	6465	6532	217	0	0	0	0	216	0	12	4751	116506	13174	13	0	0	116721	116477	6163	0
618	-107	-6	11	27	6452	5443	259527	10	175	258474	7	12388	2	1	0	4095	20	0	3	574	3	6465	6452	217	1	58	0	60	216	0	12	4751	116506	13174	13	0	0	116671	116477	6163	0
617	-107	-6	10	27	6292	5443	259275	10	175	258285	7	12376	2	1	0	4092	18	0	3	574	3	6465	6292	217	1	394	0	67	216	365	12	4751	116506	13174	13	1	5977	116571	116477	6163	0
616	-107	-6	10	27	6212	5443	259149	3	175	258159	7	12370	2	1	0	4090	18	0	3	574	3	6465	6212	217	1	394	0	67	216	365	12	4751	116506	13174	13	1	5977	116521	116477	6163	0
615	-107	-6	10	27	6132	5072	259064	10	173	258011	7	12364	2	1	0	4087	18	0	3	562	3	6085	6132	216	0	0	0	0	215	0	11	4386	116448	13114	12	0	0	116471	110500	6163	0
614	-107	-6	10	27	6052	5072	258875	10	173	257885	7	12355	2	1	0	4085	18	0	3	562	3	6085	6052	215	0	0	0	0	214	0	11	4386	116054	13047	12	0	0	116421	110500	6163	0
613	-107	-6	11	27	5972	5072	258749	10	173	257759	7	12349	2	1	0	4083	20	0	3	562	3	6085	5972	215	0	0	0	0	214	0	11	4386	116054	13047	12	0	0	116371	110500	6163	0
612	-107	-6	11	26	5892	5072	258623	10	173	257633	7	12343	2	1	0	4081	20	0	3	562	3	6085	5892	215	0	0	0	0	214	0	11	4386	116054	13047	12	0	0	116321	110500	6163	0
611	-107	-6	10	26	5812	5072	258560	10	173	257507	7	12340	2	1	0	4079	18	0	3	562	3	6085	5812	215	0	0	0	0	214	0	11	4386	116054	13047	12	0	0	116271	110500	6163	0
610	-107	-6	9	26	5732	5070	258434	10	172	257381	7	12334	2	1	0	4077	16	0	3	559	3	6078	5732	215	0	0	0	0	214	0	11	4386	116054	13047	12	0	0	116221	110500	6163	0
609	-107	-6	10	26	5652	5070	258308	10	172	257318	7	12328	2	1	0	4076	18	0	3	559	3	6078	5652	215	2	609	0	120	214	0	11	4386	116054	13047	12	0	0	116171	110500	6163	0
608	-107	-6	10	26	5572	5070	258182	10	172	257192	7	12322	2	1	0	4074	18	0	3	559	3	6078	5572	215	2	609	0	120	214	0	11	4386	116054	13047	12	0	0	116121	110500	6163	0
607	-107	-6	9	26	5412	5070	257896	10	172	256906	7	12309	2	1	0	4070	16	0	3	559	3	6078	5412	213	0	0	0	0	212	0	11	4386	114836	12927	12	0	0	116021	110500	6163	0
606	-107	-6	10	26	5332	5068	257770	10	171	256717	7	12303	2	1	0	4067	18	0	3	556	3	6071	5332	213	0	0	0	0	212	0	11	4386	114836	12927	12	0	0	115971	110500	6163	0
605	-107	-6	9	26	5252	5068	257644	10	171	256654	7	12297	2	1	0	4066	16	0	3	556	3	6071	5252	213	0	0	0	0	212	0	11	4386	114836	12927	12	0	0	115921	110500	6163	0
604	-107	-6	10	26	5172	5068	257518	10	171	256528	7	12291	2	1	0	4064	18	0	3	556	3	6071	5172	213	0	0	0	0	212	0	11	4386	114836	12927	12	0	0	115871	110500	6163	0
603	-107	-6	10	26	5092	5068	257392	10	171	256402	7	12285	2	1	0	4062	18	0	3	556	3	6071	5092	213	0	0	0	0	212	0	11	4386	114836	12927	12	0	0	115821	110500	6163	0
602	-107	-6	9	26	5012	5066	257329	10	170	256276	7	12282	2	1	0	4060	16	0	3	553	3	6064	5012	213	0	0	0	0	212	0	11	4386	114836	12927	12	0	0	115771	110500	6163	0
601	-107	-6	9	26	4932	5066	257140	10	170	256150	7	12273	2	1	0	4058	16	0	3	553	3	6064	4932	213	0	0	0	0	212	0	11	4386	114836	12927	12	0	0	115721	110500	6163	0
600	-107	-6	11	26	4852	5066	257077	10	170	256024	7	12270	2	1	0	4056	20	0	3	553	3	6064	4852	213	0	0	0	0	212	0	11	4386	114836	12927	12	0	0	115671	110500	6163	0
599	-107	-6	9	26	4772	5066	256951	10	170	255898	7	12264	2	1	0	4054	16	0	3	553	3	6064	4772	213	0	0	0	0	212	0	11	4386	114836	12927	12	0	0	115621	110500	6163	0
598	-107	-6	9	26	4692	5066	256825	10	170	255835	7	12258	2	1	0	4053	16	0	3	553	3	6064	4692	213	0	0	0	0	212	0	11	4386	114836	12927	12	0	0	115571	110500	6163	0
597	-107	-6	10	26	4532	5064	256573	10	169	255583	7	12246	2	1	0	4049	18	0	3	550	3	6057	4532	213	0	0	0	0	212	0	11	4386	114836	12927	12	0	0	115471	110500	6163	0
596	-107	-6	10	26	4452	5064	256447	10	169	255457	7	12240	2	1	0	4047	18	0	3	550	3	6057	4452	213	0	0	0	0	212	0	11	4386	114836	12927	12	0	0	115421	110500	6163	0
595	-107	-6	10	26	4372	5064	256321	10	169	255331	7	12234	2	1	0	4045	18	0	3	550	3	6057	4372	213	0	0	0	0	212	0	11	4386	114836	12927	12	0	0	115371	110500	6163	0
594	-107	-6	10	26	4292	5064	256258	10	169	255205	7	12231	2	1	0	4043	18	0	3	550	3	6057	4292	213	0	0	0	0	212	0	11	4386	114836	12927	12	0	0	115321	110500	6163	0
593	-107	-6	10	26	4212	5062	256069	10	168	255079	7	12222	2	1	0	4041	18	0	3	547	3	6050	4212	213	0	0	0	0	212	0	11	4386	114836	12927	12	0	0	115271	110500	6163	0
592	-107	-6	10	26	4132	5062	256006	10	168	254953	7	12219	2	1	0	4039	18	0	3	547	3	6050	4132	213	0	0	0	0	212	0	11	4386	114836	12927	12	0	0	115221	110500	6163	0
591	-107	-6	10	26	4052	5062	255880	10	168	254890	7	12213	2	1	0	4038	18	0	3	547	3	6050	4052	213	0	0	0	0	212	0	11	4386	114836	12927	12	0	0	115171	110500	6163	0
590	-107	-6	10	26	3972	5062	255754	10	168	254764	7	12207	2	1	0	4036	18	0	3	547	3	6050	3972	213	0	0	0	0	212	0	11	4386	114836	12927	12	0	0	115121	110500	6163	0
589	-107	-6	10	26	3892	5062	255628	10	168	254638	7	12201	2	1	0	4034	18	0	3	547	3	6050	3892	213	0	0	0	0	212	0	11	4386	114836	12927	12	0	0	115071	110500	6163	0
588	-107	-6	11	26	3732	5060	255439	10	167	254386	7	12192	2	1	0	4030	20	0	3	544	3	6043	3732	213	2	55	0	120	212	0	11	4386	114836	12927	12	0	0	114971	110500	6163	0
587	-107	-6	11	26	3652	5060	255313	10	167	254323	7	12186	2	1	0	4029	20	0	3	544	3	6043	3652	213	2	55	0	120	212	0	11	4386	114836	12927	12	0	0	114921	110500	6163	0
586	-107	-6	10	26	3572	5060	255187	10	167	254197	7	12180	2	1	0	4027	18	0	3	544	3	6043	3572	213	3	37	0	180	212	0	11	4386	114836	12927	12	0	0	114871	110500	6163	0
585	-107	-6	9	26	3492	5060	255039	10	167	253986	7	12173	2	1	0	4024	16	0	3	544	3	6043	3492	211	3	37	0	180	210	0	11	4386	114726	12807	12	0	0	114821	110500	6163	0
584	-107	-6	9	26	3412	5058	254850	10	166	253860	7	12164	2	1	0	4022	16	0	3	541	3	6036	3412	211	3	35	0	180	210	0	11	4386	114726	12807	12	0	0	114771	110500	6163	0
583	-107	-6	9	26	3332	5058	254787	19	166	253604	7	12161	2	1	0	4020	16	0	3	541	3	6036	3332	208	3	35	0	180	207	0	11	4386	114614	12627	12	0	0	114721	110500	6163	0
582	-107	-6	9	26	3252	5058	254468	10	166	253478	7	12151	2	1	0	4018	16	0	3	541	3	6036	3252	208	1	452	0	60	207	0	11	4386	114614	12627	12	0	0	114671	110500	6163	0
581	-107	-6	9	26	3172	5058	254342	12	166	253352	7	12145	2	1	0	4016	16	0	3	541	3	6036	3172	208	1	452	0	60	207	0	11	4386	114614	12627	12	0	0	114621	110500	6163	0
580	-107	-6	11	26	3092	5056	254119	10	165	253066	7	12135	2	1	0	4012	20	0	3	538	3	6029	3092	205	0	0	0	0	204	0	11	4386	114508	12447	12	0	0	114571	110500	6163	0
579	-107	-6	10	26	3012	5056	253930	10	165	252940	7	12126	2	1	0	4010	18	0	3	538	3	6029	3012	205	0	0	0	0	204	0	11	4386	114508	12447	12	0	0	114521	110500	6163	0
578	-107	-6	10	26	2852	5056	253678	10	165	252625	7	12114	2	1	0	4005	18	0	3	538	3	6029	2852	204	0	0	0	0	203	0	11	4386	114056	12387	12	0	0	114421	110500	6163	0
577	-107	-6	10	26	2772	5056	253552	10	165	252562	7	12108	2	1	0	4004	18	0	3	538	3	6029	2772	204	0	0	0	0	203	0	11	4386	114056	12387	12	0	0	114371	110500	6163	0
576	-107	-7	10	26	2692	5054	253426	10	164	252373	7	12102	2	1	0	4001	18	0	3	535	3	6022	2692	204	0	0	0	0	203	0	11	4386	114056	12387	12	0	0	114321	110500	6163	0
575	-107	-7	11	26	2612	5054	253300	10	164	252310	7	12096	2	1	0	4000	20	0	3	535	3	6022	2612	204	0	0	0	0	203	0	11	4386	114056	12387	12	0	0	114271	110500	6163	0
574	-107	-7	10	26	2532	5054	253174	10	164	252184	7	12090	2	1	0	3998	18	0	3	535	3	6022	2532	204	0	0	0	0	203	0	11	4386	114056	12387	12	0	0	114221	110500	6163	0
573	-107	-7	10	26	2452	5054	253048	10	164	252058	7	12084	2	1	0	3996	18	0	3	535	3	6022	2452	204	2	255	0	120	203	0	11	4386	114056	12387	12	0	0	114171	110500	6163	0
572	-107	-7	9	26	2372	5054	252985	10	164	251932	7	12081	2	1	0	3994	16	0	3	535	3	6022	2372	204	2	255	0	120	203	0	11	4386	114056	12387	12	0	0	114121	110500	6163	0
571	-107	-7	9	26	2292	5052	252796	12	163	251806	7	12072	2	1	0	3992	16	0	3	532	3	6015	2292	204	0	0	0	0	203	0	11	4386	114056	12387	12	0	0	114071	110500	6163	0
570	-107	-7	11	26	2212	5052	252636	10	163	251583	7	12065	2	1	0	3989	20	0	3	532	3	6015	2212	202	0	0	0	0	201	0	11	4386	113546	12267	12	0	0	114021	110500	6163	0
569	-107	-7	10	26	2132	5052	252510	10	163	251520	7	12059	2	1	0	3988	18	0	3	532	3	6015	2132	202	0	0	0	0	201	0	11	4386	113546	12267	12	0	0	113971	110500	6163	0
568	-107	-7	10	26	1972	5052	252258	10	163	251268	7	12047	2	1	0	3984	18	0	3	532	3	6015	1972	202	0	0	0	0	201	0	11	4386	113546	12267	12	0	0	113871	110500	6163	0
567	-107	-7	11	26	1892	5050	252132	10	162	251142	7	12041	2	1	0	3982	20	0	3	529	3	6008	1892	202	0	0	0	0	201	0	11	4386	113546	12267	12	0	0	113821	110500	6163	0
566	-107	-7	10	26	1812	5050	252006	10	162	251016	7	12035	2	1	0	3980	18	0	3	529	3	6008	1812	202	0	0	0	0	201	0	11	4386	113546	12267	12	0	0	113771	110500	6163	0
565	-107	-7	11	26	1732	5050	251880	10	162	250890	7	12029	2	1	0	3978	20	0	3	529	3	6008	1732	202	0	0	0	0	201	0	11	4386	113546	12267	12	0	0	113721	110500	6163	0
564	-107	-7	11	26	1652	5050	251817	10	162	250764	7	12026	2	1	0	3976	20	0	3	529	3	6008	1652	202	1	500	0	60	201	0	11	4386	113546	12267	12	0	0	113671	110500	6163	0
563	-107	-7	11	26	1572	5050	251691	10	162	250701	7	12020	2	1	0	3975	20	0	3	529	3	6008	1572	202	1	500	0	60	201	0	11	4386	113546	12267	12	0	0	113621	110500	6163	0
562	-107	-7	11	26	1492	5048	251565	10	161	250512	7	12014	2	1	0	3972	20	0	3	526	3	6001	1492	202	0	0	0	0	201	0	11	4386	113546	12267	12	0	0	113571	110500	6163	0
561	-107	-7	10	26	1412	5048	251417	10	161	250427	7	12005	2	1	0	3970	18	0	3	526	3	6001	1412	201	0	0	0	0	200	0	11	4386	113046	12207	12	0	0	113521	110500	6163	0
560	-107	-7	10	27	1332	5048	251291	10	161	250301	7	11999	2	1	0	3968	18	0	3	526	3	6001	1332	201	0	0	0	0	200	0	11	4386	113046	12207	12	0	0	113471	110500	6163	0
559	-107	-7	9	27	1252	5048	251165	10	161	250175	7	11993	2	1	0	3966	16	0	3	526	3	6001	1252	201	0	0	0	0	200	0	11	4386	113046	12207	12	0	0	113421	110500	6163	0
558	-107	-7	9	27	1092	5046	250976	10	160	249923	7	11984	2	1	0	3962	16	0	3	523	3	5994	1092	201	0	0	0	0	200	0	11	4386	113046	12207	12	0	0	113321	110500	6163	0
557	-107	-7	9	27	1012	5046	250850	10	160	249860	7	11978	2	1	0	3961	16	0	3	523	3	5994	1012	201	0	0	0	0	200	0	11	4386	113046	12207	12	0	0	113271	110500	6163	0
556	-107	-7	10	26	932	5046	250724	10	160	249734	7	11972	2	1	0	3959	18	0	3	523	3	5994	932	201	0	0	0	0	200	0	11	4386	113046	12207	12	0	0	113221	110500	6163	0
555	-107	-7	10	26	852	5046	250598	10	160	249608	7	11966	2	1	0	3957	18	0	3	523	3	5994	852	201	2	115	0	120	200	0	11	4386	113046	12207	12	0	0	113171	110500	6163	0
554	-107	-7	9	26	772	5044	250472	10	159	249482	7	11960	2	1	0	3955	16	0	3	520	3	5987	772	201	2	115	0	120	200	0	11	4386	113046	12207	12	0	0	113121	110500	6163	0
553	-107	-7	9	26	692	5044	250409	10	159	249356	7	11957	2	1	0	3953	16	0	3	520	3	5987	692	201	0	0	0	0	200	0	11	4386	113046	12207	12	0	0	113071	110500	6163	0
552	-107	-7	8	26	612	5044	250186	10	159	249196	7	11947	2	1	0	3951	13	0	3	520	3	5987	612	199	0	0	0	0	198	0	11	4386	112816	12087	12	0	0	113021	110500	6163	0
551	-107	-7	10	26	532	5044	250060	10	159	249070	7	11941	2	1	0	3949	18	0	3	520	3	5987	532	199	1	334	0	60	198	0	11	4386	112816	12087	12	0	0	112971	110500	6163	0
550	-107	-7	9	26	452	5044	249997	10	159	248944	7	11938	2	1	0	3947	16	0	3	520	3	5987	452	199	1	334	0	60	198	0	11	4386	112816	12087	12	0	0	112921	110500	6163	0
549	-107	-7	8	26	372	5042	249871	10	158	248818	7	11932	2	1	0	3945	13	0	3	517	3	5980	372	199	0	0	0	0	198	0	11	4386	112816	12087	12	0	0	112871	110500	6163	0
548	-107	-7	10	26	212	5042	249597	10	158	248607	7	11917	2	1	0	3941	18	0	3	517	3	5980	212	198	0	0	0	0	197	0	11	4386	112482	12027	12	0	0	112771	110500	6163	0
547	-107	-7	9	26	132	5042	249471	10	158	248481	7	11911	2	1	0	3939	16	0	3	517	3	5980	132	198	0	0	0	0	197	0	11	4386	112482	12027	12	0	0	112721	110500	6163	0
546	-107	-7	9	26	52	5042	249408	10	158	248355	7	11908	2	1	0	3937	16	0	3	517	3	5980	52	198	0	0	0	0	197	0	11	4386	112482	12027	12	0	0	112671	110500	6163	0
545	-107	-7	9	26	16356	5040	249282	10	157	248229	7	11902	2	1	0	3935	16	0	3	514	3	5973	16356	198	0	0	0	0	197	0	11	4386	112482	12027	12	0	0	112621	110500	6163	0
544	-107	-7	9	26	16276	5040	249156	10	157	248166	7	11896	2	1	0	3934	16	0	3	514	3	5973	16276	198	3	318	0	180	197	0	11	4386	112482	12027	12	0	0	112571	110500	6163	0
543	-107	-7	9	26	16196	5040	249030	10	157	248040	7	11890	2	1	0	3932	16	0	3	514	3	5973	16196	198	3	318	0	180	197	0	11	4386	112482	12027	12	0	0	112521	110500	6163	0
542	-107	-7	9	26	16116	5040	248870	10	157	247754	7	11883	2	1	0	3928	16	0	3	514	3	5973	16116	195	0	0	0	0	194	0	11	4386	111528	11847	12	0	0	112471	110500	6163	0
541	-107	-7	9	26	16036	5040	248681	10	157	247691	7	11874	2	1	0	3927	16	0	3	514	3	5973	16036	195	0	0	0	0	194	0	11	4386	111528	11847	12	0	0	112421	110500	6163	0
540	-107	-7	9	26	15956	5038	248555	10	156	247502	7	11868	2	1	0	3924	16	0	3	511	3	5966	15956	195	0	0	0	0	194	0	11	4386	111528	11847	12	0	0	112371	110500	6163	0
539	-107	-7	9	26	15876	5038	248429	10	156	247439	7	11862	2	1	0	3923	16	0	3	511	3	5966	15876	195	0	0	0	0	194	0	11	4386	111528	11847	12	0	0	112321	110500	6163	0
538	-107	-7	8	26	15716	5038	248177	10	156	247187	7	11850	2	1	0	3919	13	0	3	511	3	5966	15716	195	0	0	0	0	194	0	11	4386	111528	11847	12	0	0	112221	110500	6163	0
537	-107	-6	8	26	15636	5036	248114	10	155	247061	7	11847	2	1	0	3917	13	0	3	508	3	5959	15636	195	0	0	0	0	194	0	11	4386	111528	11847	12	0	0	112171	110500	6163	0
536	-107	-6	8	26	15556	5036	247925	10	155	246935	7	11838	2	1	0	3915	13	0	3	508	3	5959	15556	195	0	0	0	0	194	0	11	4386	111528	11847	12	0	0	112121	110500	6163	0
535	-107	-6	9	26	15476	5036	247862	10	155	246809	7	11835	2	1	0	3913	16	0	3	508	3	5959	15476	195	0	0	0	0	194	0	11	4386	111528	11847	12	0	0	112071	110500	6163	0
534	-107	-6	9	26	15396	5036	247736	10	155	246683	7	11829	2	1	0	3911	16	0	3	508	3	5959	15396	195	0	0	0	0	194	0	11	4386	111528	11847	12	0	0	112021	110500	6163	0
533	-107	-6	9	26	15316	5036	247610	10	155	246620	7	11823	2	1	0	3910	16	0	3	508	3	5959	15316	195	0	0	0	0	194	0	11	4386	111528	11847	12	0	0	111971	110500	6163	0
532	-107	-7	10	26	15236	5034	247484	10	154	246431	7	11817	2	1	0	3907	18	0	3	505	3	5952	15236	195	0	0	0	0	194	0	11	4386	111528	11847	12	0	0	111921	110500	6163	0
531	-107	-7	10	26	15156	5034	247358	10	154	246368	7	11811	2	1	0	3906	18	0	3	505	3	5952	15156	195	0	0	0	0	194	0	11	4386	111528	11847	12	0	0	111871	110500	6163	0
530	-107	-7	9	27	15076	5034	247232	10	154	246242	7	11805	2	1	0	3904	16	0	3	505	3	5952	15076	195	0	0	0	0	194	0	11	4386	111528	11847	12	0	0	111821	110500	6163	0
529	-107	-7	9	27	14996	5034	247106	10	154	246116	7	11799	2	1	0	3902	16	0	3	505	3	5952	14996	195	0	0	0	0	194	0	11	4386	111528	11847	12	0	0	111771	110500	6163	0
528	-107	-7	9	27	14836	5032	246854	10	153	245864	7	11787	2	1	0	3898	16	0	3	502	3	5945	14836	195	1	62	0	60	194	0	11	4386	111528	11847	12	0	0	111671	110500	6163	0
527	-107	-7	9	26	14756	5032	246728	10	153	245738	7	11781	2	1	0	3896	16	0	3	502	3	5945	14756	195	1	62	0	60	194	0	11	4386	111528	11847	12	0	0	111621	110500	6163	0
526	-107	-7	10	26	14676	5032	246602	10	153	245612	7	11775	2	1	0	3894	18	0	3	502	3	5945	14676	195	1	930	0	60	194	0	11	4386	111528	11847	12	0	0	111571	110500	6163	0
525	-107	-7	9	26	14596	5032	246539	10	153	245423	7	11772	2	1	0	3891	16	0	3	502	3	5945	14596	194	1	930	0	60	193	0	11	4386	111466	11787	12	0	0	111521	110500	6163	0
524	-107	-7	9	32	14516	5032	246350	3	153	245360	7	11763	2	1	0	3890	16	0	3	502	3	5945	14516	194	0	0	0	0	193	0	11	4386	111466	11787	12	0	0	111471	110500	6163	0
523	-107	-7	9	26	14436	5030	246202	10	152	245212	7	11754	2	1	0	3887	16	0	3	499	3	5938	14436	193	0	0	0	0	192	0	11	4386	110536	11727	12	0	0	111421	110500	6163	0
522	-107	-7	9	26	14356	5030	246076	10	152	245086	7	11748	2	1	0	3885	16	0	3	499	3	5938	14356	193	0	0	0	0	192	0	11	4386	110536	11727	12	0	0	111371	110500	6163	0
521	-107	-7	9	26	14276	5030	245950	10	152	244960	7	11742	2	1	0	3883	16	0	3	499	3	5938	14276	193	0	0	0	0	192	0	11	4386	110536	11727	12	0	0	111321	110500	6163	0
520	-107	-7	10	26	14196	5030	245887	10	152	244834	7	11739	2	1	0	3881	18	0	3	499	3	5938	14196	193	0	0	0	0	192	0	11	4386	110536	11727	12	0	0	111271	110500	6163	0
519	-107	-7	9	27	14116	5030	245761	10	152	244771	7	11733	2	1	0	3880	16	0	3	499	3	5938	14116	193	0	0	0	0	192	0	11	4386	110536	11727	12	0	0	111221	110500	6163	0
518	-107	-6	8	26	13956	5028	245509	10	151	244519	7	11721	2	1	0	3876	13	0	3	496	3	5931	13956	193	0	0	0	0	192	0	11	4386	110536	11727	12	0	0	111121	110500	6163	0
517	-107	-6	8	26	13876	5028	245383	10	151	244393	7	11715	2	1	0	3874	13	0	3	496	3	5931	13876	193	0	0	0	0	192	0	11	4386	110536	11727	12	0	0	111071	110500	6163	0
516	-107	-6	9	26	13796	5028	245257	10	151	244267	7	11709	2	1	0	3872	16	0	3	496	3	5931	13796	193	0	0	0	0	192	0	11	4386	110536	11727	12	0	0	111021	110500	6163	0
515	-107	-6	9	26	13716	5026	245194	10	150	244141	7	11706	2	1	0	3870	16	0	3	493	3	5924	13716	193	0	0	0	0	192	0	11	4386	110536	11727	12	0	0	110971	110500	6163	0
514	-107	-6	10	26	13636	5026	245005	10	150	244015	7	11697	2	1	0	3868	18	0	3	493	3	5924	13636	193	0	0	0	0	192	0	11	4386	110536	11727	12	0	0	110921	110500	6163	0
513	-107	-6	9	26	13556	5026	244942	10	150	243889	7	11694	2	1	0	3866	16	0	3	493	3	5924	13556	193	0	0	0	0	192	0	11	4386	110536	11727	12	0	0	110871	110500	6163	0
512	-107	-6	9	26	13476	5026	244816	10	150	243763	7	11688	2	1	0	3864	16	0	3	493	3	5924	13476	193	0	0	0	0	192	0	11	4386	110536	11727	12	0	0	110821	110500	6163	0
511	-107	-6	9	26	13396	5026	244690	10	150	243700	7	11682	2	1	0	3863	16	0	3	493	3	5924	13396	193	0	0	0	0	192	0	11	4386	110536	11727	12	0	0	110771	110500	6163	0
510	-107	-7	10	26	13316	5024	244501	10	149	243511	453	11673	444	3	0	3860	18	16	12	490	3	5917	13316	193	0	0	0	0	192	0	11	4386	110536	11727	12	0	0	110721	110500	6163	0
509	-107	-7	10	26	13236	5024	244438	10	149	243385	453	11670	444	3	0	3858	18	16	12	490	3	5917	13236	193	1	78	0	60	192	440	11	4386	110536	11727	12	1	81288	110671	110500	6163	0
508	-107	-7	10	26	13076	5024	244186	10	149	243196	453	11658	444	3	0	3855	18	16	12	490	3	5917	13076	193	1	312	0	72	192	0	11	4386	110536	11727	12	0	0	110571	110500	6163	0
507	-107	-7	10	26	12996	5024	244101	10	149	243048	453	11652	444	3	0	3852	18	16	12	490	3	5917	12996	192	1	312	0	72	191	0	11	4386	110458	11667	12	0	0	110521	110500	6163	0
506	-107	-7	9	25	12916	4578	243912	10	147	242922	7	11643	2	1	0	3850	16	0	3	475	3	5457	12916	192	0	0	0	0	191	0	10	3946	110458	11667	11	0	0	110471	29212	6163	0
505	-107	-7	8	26	12836	4578	243786	10	147	242733	7	11637	2	1	0	3847	13	0	3	475	3	5457	12836	191	0	0	0	0	190	0	10	3946	110146	11595	11	0	0	110421	29212	6163	0
504	-107	-7	9	26	12756	4578	243660	10	147	242670	7	11631	2	1	0	3846	16	0	3	475	3	5457	12756	191	0	0	0	0	190	0	10	3946	110146	11595	11	0	0	110371	29212	6163	0
503	-107	-7	8	26	12676	4578	243534	10	147	242544	7	11625	2	1	0	3844	13	0	3	475	3	5457	12676	191	0	0	0	0	190	0	10	3946	110146	11595	11	0	0	110321	29212	6163	0
502	-107	-7	8	26	12596	4578	243408	10	147	242418	7	11619	2	1	0	3842	13	0	3	475	3	5457	12596	191	1	44176	0	76	190	0	10	3946	110146	11595	11	0	0	110271	29212	6163	0
501	-106	-6	7	26	12516	4576	243282	10	146	242292	7	11613	2	1	0	3840	11	0	3	472	3	5450	12516	191	1	44176	0	76	190	0	10	3946	110146	11595	11	0	0	110221	29212	6163	0
500	-106	-6	9	27	12436	4576	243219	10	146	242166	7	11610	2	1	0	3838	16	0	3	472	3	5450	12436	191	0	0	0	0	190	0	10	3946	110146	11595	11	0	0	110171	29212	6163	0
499	-106	-6	9	27	12356	4576	243049	10	146	242059	7	11598	2	1	0	3835	16	0	3	472	3	5450	12356	190	0	0	0	0	189	0	10	3946	65970	11519	11	0	0	110121	29212	6163	0
498	-106	-6	9	27	12196	4576	242860	10	146	241870	7	11589	2	1	0	3832	16	0	3	472	3	5450	12196	190	0	0	0	0	189	0	10	3946	65970	11519	11	0	0	110021	29212	6163	0
497	-106	-5	8	27	12116	4574	242734	10	145	241681	7	11583	2	1	0	3829	13	0	3	469	3	5443	12116	190	0	0	0	0	189	0	10	3946	65970	11519	11	0	0	109971	29212	6163	0
496	-106	-5	8	27	12036	4574	242608	10	145	241618	7	11577	2	1	0	3828	13	0	3	469	3	5443	12036	190	0	0	0	0	189	0	10	3946	65970	11519	11	0	0	109921	29212	6163	0
495	-106	-5	9	27	11956	4574	242482	10	145	241492	7	11571	2	1	0	3826	16	0	3	469	3	5443	11956	190	0	0	0	0	189	0	10	3946	65970	11519	11	0	0	109871	29212	6163	0
494	-106	-5	10	27	11876	4574	242356	10	145	241366	7	11565	2	1	0	3824	18	0	3	469	3	5443	11876	190	0	0	0	0	189	0	10	3946	65970	11519	11	0	0	109821	29212	6163	0
493	-106	-5	10	27	11796	4572	242293	10	144	241240	7	11562	2	1	0	3822	18	0	3	466	3	5436	11796	190	0	0	0	0	189	0	10	3946	65970	11519	11	0	0	109771	29212	6163	0
492	-106	-5	10	27	11716	4572	242104	10	144	241114	7	11553	2	1	0	3820	18	0	3	466	3	5436	11716	190	0	0	0	0	189	0	10	3946	65970	11519	11	0	0	109721	29212	6163	0
491	-106	-5	10	27	11636	4572	242041	10	144	240988	7	11550	2	1	0	3818	18	0	3	466	3	5436	11636	190	0	0	0	0	189	0	10	3946	65970	11519	11	0	0	109671	29212	6163	0
490	-106	-5	11	27	11556	4572	241915	10	144	240862	7	11544	2	1	0	3816	20	0	3	466	3	5436	11556	190	0	0	0	0	189	0	10	3946	65970	11519	11	0	0	109621	29212	6163	0
489	-106	-5	11	27	11476	4572	241789	10	144	240799	7	11538	2	1	0	3815	20	0	3	466	3	5436	11476	190	0	0	0	0	189	0	10	3946	65970	11519	11	0	0	109571	29212	6163	0
488	-107	-6	11	27	11316	4570	241537	10	143	240547	7	11526	2	1	0	3811	20	0	3	463	3	5429	11316	190	0	0	0	0	189	0	10	3946	65970	11519	11	0	0	109471	29212	6163	0
487	-107	-6	11	27	11236	4570	241411	10	143	240421	7	11520	2	1	0	3809	20	0	3	463	3	5429	11236	190	0	0	0	0	189	0	10	3946	65970	11519	11	0	0	109421	29212	6163	0
486	-107	-6	9	27	11156	4570	241285	10	143	240295	7	11514	2	1	0	3807	16	0	3	463	3	5429	11156	190	0	0	0	0	189	0	10	3946	65970	11519	11	0	0	109371	29212	6163	0
485	-107	-6	9	27	11076	4570	241222	10	143	240169	7	11511	2	1	0	3805	16	0	3	463	3	5429	11076	190	0	0	0	0	189	0	10	3946	65970	11519	11	0	0	109321	29212	6163	0
484	-107	-6	9	27	10996	4568	241033	10	142	240043	7	11502	2	1	0	3803	16	0	3	460	3	5422	10996	190	0	0	0	0	189	0	10	3946	65970	11519	11	0	0	109271	29212	6163	0
483	-107	-6	9	27	10916	4568	240970	10	142	239917	7	11499	2	1	0	3801	16	0	3	460	3	5422	10916	190	0	0	0	0	189	0	10	3946	65970	11519	11	0	0	109221	29212	6163	0
482	-107	-6	9	27	10836	4568	240844	10	142	239854	7	11493	2	1	0	3800	16	0	3	460	3	5422	10836	190	0	0	0	0	189	0	10	3946	65970	11519	11	0	0	109171	29212	6163	0
481	-107	-6	10	27	10756	4568	240718	10	142	239728	7	11487	2	1	0	3798	18	0	3	460	3	5422	10756	190	0	0	0	0	189	0	10	3946	65970	11519	11	0	0	109121	29212	6163	0
480	-107	-6	12	27	10676	4568	240592	10	142	239602	7	11481	2	1	0	3796	23	0	3	460	3	5422	10676	190	0	0	0	0	189	0	10	3946	65970	11519	11	0	0	109071	29212	6163	0
479	-107	-7	11	27	10596	4566	240466	10	141	239476	7	11475	2	1	0	3794	20	0	3	457	3	5415	10596	190	0	0	0	0	189	0	10	3946	65970	11519	11	0	0	109021	29212	6163	0
478	-107	-7	8	27	10436	4566	240214	10	141	239224	7	11463	2	1	0	3790	13	0	3	457	3	5415	10436	190	0	0	0	0	189	0	10	3946	65970	11519	11	0	0	108921	29212	6163	0
477	-107	-7	9	27	10356	4566	240151	10	141	239098	7	11460	2	1	0	3788	16	0	3	457	3	5415	10356	190	0	0	0	0	189	0	10	3946	65970	11519	11	0	0	108871	29212	6163	0
476	-107	-7	9	27	10276	4566	240025	10	141	239035	7	11454	2	1	0	3787	16	0	3	457	3	5415	10276	190	0	0	0	0	189	0	10	3946	65970	11519	11	0	0	108821	29212	6163	0
475	-107	-5	8	27	10196	4564	239899	10	140	238846	7	11448	2	1	0	3784	13	0	3	454	3	5408	10196	190	0	0	0	0	189	0	10	3946	65970	11519	11	0	0	108771	29212	6163	0
474	-107	-5	8	27	10116	4564	239773	10	140	238783	7	11442	2	1	0	3783	13	0	3	454	3	5408	10116	190	0	0	0	0	189	0	10	3946	65970	11519	11	0	0	108721	29212	6163	0
473	-107	-5	8	27	10036	4564	239647	10	140	238657	7	11436	2	1	0	3781	13	0	3	454	3	5408	10036	190	0	0	0	0	189	0	10	3946	65970	11519	11	0	0	108671	29212	6163	0
472	-107	-5	8	26	9956	4564	239521	10	140	238531	7	11430	2	1	0	3779	13	0	3	454	3	5408	9956	190	0	0	0	0	189	0	10	3946	65970	11519	11	0	0	108621	29212	6163	0
471	-107	-5	10	26	9876	4562	239458	10	139	238405	7	11427	2	1	0	3777	18	0	3	451	3	5401	9876	190	0	0	0	0	189	0	10	3946	65970	11519	11	0	0	108571	29212	6163	0
470	-107	-5	10	27	9796	4562	239269	10	139	238279	7	11418	2	1	0	3775	18	0	3	451	3	5401	9796	190	0	0	0	0	189	0	10	3946	65970	11519	11	0	0	108521	29212	6163	0
469	-107	-5	11	27	9716	4562	239206	10	139	238153	7	11415	2	1	0	3773	20	0	3	451	3	5401	9716	190	0	0	0	0	189	0	10	3946	65970	11519	11	0	0	108471	29212	6163	0
468	-107	-5	11	27	9556	4562	238954	10	139	237964	7	11403	2	1	0	3770	20	0	3	451	3	5401	9556	190	0	0	0	0	189	0	10	3946	65970	11519	11	0	0	108371	29212	6163	0
467	-107	-5	11	27	9476	4560	238828	10	138	237775	7	11397	2	1	0	3767	20	0	3	448	3	5394	9476	190	0	0	0	0	189	0	10	3946	65970	11519	11	0	0	108321	29212	6163	0
466	-107	-5	10	27	9396	4560	238702	10	138	237712	7	11391	2	1	0	3766	18	0	3	448	3	5394	9396	190	0	0	0	0	189	0	10	3946	65970	11519	11	0	0	108271	29212	6163	0
465	-107	-5	10	27	9316	4560	238576	10	138	237586	7	11385	2	1	0	3764	18	0	3	448	3	5394	9316	190	0	0	0	0	189	0	10	3946	65970	11519	11	0	0	108221	29212	6163	0
464	-107	-5	11	27	9236	4560	238450	10	138	237460	7	11379	2	1	0	3762	20	0	3	448	3	5394	9236	190	0	0	0	0	189	0	10	3946	65970	11519	11	0	0	108171	29212	6163	0
463	-107	-5	11	27	9156	4560	238387	10	138	237334	7	11376	2	1	0	3760	20	0	3	448	3	5394	9156	190	0	0	0	0	189	0	10	3946	65970	11519	11	0	0	108121	29212	6163	0
462	-107	-5	12	27	9076	4558	238198	10	137	237208	7	11367	2	1	0	3758	23	0	3	445	3	5387	9076	190	0	0	0	0	189	0	10	3946	65970	11519	11	0	0	108071	29212	6163	0
461	-107	-5	11	27	8996	4558	238135	10	137	237082	7	11364	2	1	0	3756	20	0	3	445	3	5387	8996	190	0	0	0	0	189	0	10	3946	65970	11519	11	0	0	108021	29212	6163	0
460	-107	-5	11	27	8916	4558	238009	10	137	237019	7	11358	2	1	0	3755	20	0	3	445	3	5387	8916	190	0	0	0	0	189	0	10	3946	65970	11519	11	0	0	107971	29212	6163	0
459	-107	-5	10	27	8836	4558	237883	10	137	236893	7	11352	2	1	0	3753	18	0	3	445	3	5387	8836	190	0	0	0	0	189	0	10	3946	65970	11519	11	0	0	107921	29212	6163	0
458	-107	-6	10	26	8676	4556	237631	10	136	236641	7	11340	2	1	0	3749	18	0	3	442	3	5380	8676	190	0	0	0	0	189	0	10	3946	65970	11519	11	0	0	107821	29212	6163	0
457	-107	-6	11	26	8596	4556	237505	10	136	236515	7	11334	2	1	0	3747	20	0	3	442	3	5380	8596	190	0	0	0	0	189	0	10	3946	65970	11519	11	0	0	107771	29212	6163	0
456	-107	-6	11	26	8516	4556	237379	10	136	236389	7	11328	2	1	0	3745	20	0	3	442	3	5380	8516	190	0	0	0	0	189	0	10	3946	65970	11519	11	0	0	107721	29212	6163	0
455	-107	-6	10	26	8436	4556	237316	10	136	236263	7	11325	2	1	0	3743	18	0	3	442	3	5380	8436	190	0	0	0	0	189	0	10	3946	65970	11519	11	0	0	107671	29212	6163	0
454	-107	-6	10	26	8356	4556	237190	10	136	236200	7	11319	2	1	0	3742	18	0	3	442	3	5380	8356	190	0	0	0	0	189	0	10	3946	65970	11519	11	0	0	107621	29212	6163	0
453	-108	-5	12	26	8276	4554	237064	10	135	236011	7	11313	2	1	0	3739	23	0	3	439	3	5373	8276	190	0	0	0	0	189	0	10	3946	65970	11519	11	0	0	107571	29212	6163	0
452	-108	-5	12	26	8196	4554	236938	10	135	235948	7	11307	2	1	0	3738	23	0	3	439	3	5373	8196	190	0	0	0	0	189	0	10	3946	65970	11519	11	0	0	107521	29212	6163	0
451	-108	-5	11	26	8116	4554	236812	10	135	235822	7	11301	2	1	0	3736	20	0	3	439	3	5373	8116	190	0	0	0	0	189	0	10	3946	65970	11519	11	0	0	107471	29212	6163	0
450	-108	-5	11	26	8036	4554	236686	10	135	235696	7	11295	2	1	0	3734	20	0	3	439	3	5373	8036	190	0	0	0	0	189	0	10	3946	65970	11519	11	0	0	107421	29212	6163	0
449	-108	-6	11	26	7956	4552	236623	10	134	235570	7	11292	2	1	0	3732	20	0	3	436	3	5366	7956	190	0	0	0	0	189	0	10	3946	65970	11519	11	0	0	107371	29212	6163	0
448	-108	-6	11	26	7796	4552	236371	10	134	235318	7	11280	2	1	0	3728	20	0	3	436	3	5366	7796	190	0	0	0	0	189	0	10	3946	65970	11519	11	0	0	107271	29212	6163	0
447	-108	-6	11	26	7716	4552	236245	10	134	235192	7	11274	2	1	0	3726	20	0	3	436	3	5366	7716	190	0	0	0	0	189	0	10	3946	65970	11519	11	0	0	107221	29212	6163	0
446	-108	-6	11	26	7636	4552	236119	10	134	235129	7	11268	2	1	0	3725	20	0	3	436	3	5366	7636	190	0	0	0	0	189	0	10	3946	65970	11519	11	0	0	107171	29212	6163	0
445	-108	-6	11	26	7556	4550	235993	10	133	234940	7	11262	2	1	0	3722	20	0	3	433	3	5359	7556	190	0	0	0	0	189	0	10	3946	65970	11519	11	0	0	107121	29212	6163	0
444	-108	-6	11	26	7476	4550	235867	10	133	234877	7	11256	2	1	0	3721	20	0	3	433	3	5359	7476	190	0	0	0	0	189	0	10	3946	65970	11519	11	0	0	107071	29212	6163	0
443	-108	-6	10	26	7396	4550	235741	10	133	234751	7	11250	2	1	0	3719	18	0	3	433	3	5359	7396	190	0	0	0	0	189	0	10	3946	65970	11519	11	0	0	107021	29212	6163	0
442	-108	-6	10	26	7316	4550	235615	10	133	234625	7	11244	2	1	0	3717	18	0	3	433	3	5359	7316	190	0	0	0	0	189	0	10	3946	65970	11519	11	0	0	106971	29212	6163	0
441	-108	-6	10	26	7236	4550	235552	10	133	234499	7	11241	2	1	0	3715	18	0	3	433	3	5359	7236	190	0	0	0	0	189	0	10	3946	65970	11519	11	0	0	106921	29212	6163	0
440	-108	-6	10	26	7156	4548	235363	10	132	234373	7	11232	2	1	0	3713	18	0	3	430	3	5352	7156	190	0	0	0	0	189	0	10	3946	65970	11519	11	0	0	106871	29212	6163	0
439	-108	-6	10	26	7076	4548	235300	10	132	234247	7	11229	2	1	0	3711	18	0	3	430	3	5352	7076	190	0	0	0	0	189	0	10	3946	65970	11519	11	0	0	106821	29212	6163	0
438	-108	-6	9	26	6915	4548	235048	10	132	234058	7	11217	2	1	0	3708	16	0	3	430	3	5352	6915	190	0	0	0	0	189	0	10	3946	65970	11519	11	0	0	106720	29212	6163	0
437	-108	-6	9	26	6836	4548	234922	10	132	233932	7	11211	2	1	0	3706	16	0	3	430	3	5352	6836	190	0	0	0	0	189	0	10	3946	65970	11519	11	0	0	106671	29212	6163	0
436	-107	-6	11	26	6754	4546	234796	10	131	233806	7	11205	2	1	0	3704	20	0	3	427	3	5345	6754	190	0	0	0	0	189	0	10	3946	65970	11519	11	0	0	106619	29212	6163	0
435	-107	-6	8	26	6676	4546	234670	10	131	233680	7	11199	2	1	0	3702	13	0	3	427	3	5345	6676	190	0	0	0	0	189	0	10	3946	65970	11519	11	0	0	106571	29212	6163	0
434	-107	-6	8	26	6596	4546	234544	10	131	233554	7	11193	2	1	0	3700	13	0	3	427	3	5345	6596	190	0	0	0	0	189	0	10	3946	65970	11519	11	0	0	106521	29212	6163	0
433	-107	-6	9	26	6516	4546	234481	10	131	233428	7	11190	2	1	0	3698	16	0	3	427	3	5345	6516	190	0	0	0	0	189	0	10	3946	65970	11519	11	0	0	106471	29212	6163	0
432	-107	-6	9	26	6436	4546	234355	10	131	233365	7	11184	2	1	0	3697	16	0	3	427	3	5345	6436	190	0	0	0	0	189	0	10	3946	65970	11519	11	0	0	106421	29212	6163	0
431	-108	-6	9	26	6356	4544	234229	10	130	233176	7	11178	2	1	0	3694	16	0	3	424	3	5338	6356	190	0	0	0	0	189	0	10	3946	65970	11519	11	0	0	106371	29212	6163	0
430	-108	-6	9	26	6276	4544	234103	10	130	233113	7	11172	2	1	0	3693	16	0	3	424	3	5338	6276	190	0	0	0	0	189	0	10	3946	65970	11519	11	0	0	106321	29212	6163	0
429	-108	-6	10	26	6196	4544	233977	10	130	232987	7	11166	2	1	0	3691	18	0	3	424	3	5338	6196	190	0	0	0	0	189	0	10	3946	65970	11519	11	0	0	106271	29212	6163	0
428	-108	-7	9	26	6036	4542	233788	10	129	232735	7	11157	2	1	0	3687	16	0	3	421	3	5331	6036	190	0	0	0	0	189	0	10	3946	65970	11519	11	0	0	106171	29212	6163	0
427	-108	-7	10	26	5956	4542	233599	10	129	232609	7	11148	2	1	0	3685	18	0	3	421	3	5331	5956	190	0	0	0	0	189	0	10	3946	65970	11519	11	0	0	106121	29212	6163	0
426	-108	-7	9	26	5876	4542	233536	10	129	232483	7	11145	2	1	0	3683	16	0	3	421	3	5331	5876	190	0	0	0	0	189	0	10	3946	65970	11519	11	0	0	106071	29212	6163	0
425	-108	-7	9	26	5796	4542	233410	10	129	232357	7	11139	2	1	0	3681	16	0	3	421	3	5331	5796	190	0	0	0	0	189	0	10	3946	65970	11519	11	0	0	106021	29212	6163	0
424	-108	-7	9	26	5716	4542	233284	10	129	232294	7	11133	2	1	0	3680	16	0	3	421	3	5331	5716	190	0	0	0	0	189	0	10	3946	65970	11519	11	0	0	105971	29212	6163	0
423	-108	-7	9	26	5636	4540	233158	10	128	232105	7	11127	2	1	0	3677	16	0	3	418	3	5324	5636	190	0	0	0	0	189	0	10	3946	65970	11519	11	0	0	105921	29212	6163	0
422	-108	-7	8	26	5556	4540	233032	10	128	232042	7	11121	2	1	0	3676	13	0	3	418	3	5324	5556	190	0	0	0	0	189	0	10	3946	65970	11519	11	0	0	105871	29212	6163	0
421	-108	-7	9	26	5476	4540	232906	10	128	231916	7	11115	2	1	0	3674	16	0	3	418	3	5324	5476	190	0	0	0	0	189	0	10	3946	65970	11519	11	0	0	105821	29212	6163	0
420	-108	-7	8	26	5396	4540	232780	10	128	231790	7	11109	2	1	0	3672	13	0	3	418	3	5324	5396	190	0	0	0	0	189	0	10	3946	65970	11519	11	0	0	105771	29212	6163	0
419	-108	-7	8	26	5316	4540	232717	10	128	231664	7	11106	2	1	0	3670	13	0	3	418	3	5324	5316	190	0	0	0	0	189	0	10	3946	65970	11519	11	0	0	105721	29212	6163	0
418	-108	-6	8	26	5156	4538	232465	10	127	231412	7	11094	2	1	0	3666	13	0	3	415	3	5317	5156	190	0	0	0	0	189	0	10	3946	65970	11519	11	0	0	105621	29212	6163	0
417	-108	-6	8	26	5076	4538	232339	10	127	231349	7	11088	2	1	0	3665	13	0	3	415	3	5317	5076	190	0	0	0	0	189	0	10	3946	65970	11519	11	0	0	105571	29212	6163	0
416	-108	-6	9	26	4996	4538	232213	10	127	231223	7	11082	2	1	0	3663	16	0	3	415	3	5317	4996	190	0	0	0	0	189	0	10	3946	65970	11519	11	0	0	105521	29212	6163	0
415	-108	-6	9	26	4916	4538	232087	10	127	231097	7	11076	2	1	0	3661	16	0	3	415	3	5317	4916	190	0	0	0	0	189	0	10	3946	65970	11519	11	0	0	105471	29212	6163	0
414	-108	-7	9	26	4836	4536	231961	10	126	230971	7	11070	2	1	0	3659	16	0	3	412	3	5310	4836	190	0	0	0	0	189	0	10	3946	65970	11519	11	0	0	105421	29212	6163	0
413	-108	-7	9	26	4756	4536	231835	10	126	230845	7	11064	2	1	0	3657	16	0	3	412	3	5310	4756	190	0	0	0	0	189	0	10	3946	65970	11519	11	0	0	105371	29212	6163	0
412	-108	-7	9	26	4676	4536	231709	10	126	230719	7	11058	2	1	0	3655	16	0	3	412	3	5310	4676	190	0	0	0	0	189	0	10	3946	65970	11519	11	0	0	105321	29212	6163	0
411	-108	-7	9	26	4596	4536	231646	10	126	230593	7	11055	2	1	0	3653	16	0	3	412	3	5310	4596	190	0	0	0	0	189	0	10	3946	65970	11519	11	0	0	105271	29212	6163	0
410	-108	-7	9	26	4516	4536	231520	10	126	230530	7	11049	2	1	0	3652	16	0	3	412	3	5310	4516	190	0	0	0	0	189	0	10	3946	65970	11519	11	0	0	105221	29212	6163	0
409	-107	-7	9	26	4436	4534	231394	10	125	230341	7	11043	2	1	0	3649	16	0	3	409	3	5303	4436	190	0	0	0	0	189	0	10	3946	65970	11519	11	0	0	105171	29212	6163	0
408	-107	-7	9	26	4276	4534	231142	10	125	230152	7	11031	2	1	0	3646	16	0	3	409	3	5303	4276	190	0	0	0	0	189	0	10	3946	65970	11519	11	0	0	105071	29212	6163	0
407	-107	-7	8	26	4196	4534	231016	10	125	230026	7	11025	2	1	0	3644	13	0	3	409	3	5303	4196	190	0	0	0	0	189	0	10	3946	65970	11519	11	0	0	105021	29212	6163	0
406	-107	-6	9	26	4116	4532	230953	10	124	229900	7	11022	2	1	0	3642	16	0	3	406	3	5296	4116	190	0	0	0	0	189	0	10	3946	65970	11519	11	0	0	104971	29212	6163	0
405	-107	-6	9	26	4036	4532	230764	10	124	229774	7	11013	2	1	0	3640	16	0	3	406	3	5296	4036	190	0	0	0	0	189	0	10	3946	65970	11519	11	0	0	104921	29212	6163	0
404	-107	-6	9	26	3956	4532	230701	10	124	229648	7	11010	2	1	0	3638	16	0	3	406	3	5296	3956	190	0	0	0	0	189	0	10	3946	65970	11519	11	0	0	104871	29212	6163	0
403	-107	-6	9	26	3876	4532	230575	10	124	229522	7	11004	2	1	0	3636	16	0	3	406	3	5296	3876	190	0	0	0	0	189	0	10	3946	65970	11519	11	0	0	104821	29212	6163	0
402	-107	-6	9	26	3796	4532	230449	10	124	229459	7	10998	2	1	0	3635	16	0	3	406	3	5296	3796	190	0	0	0	0	189	0	10	3946	65970	11519	11	0	0	104771	29212	6163	0
401	-108	-6	9	26	3716	4530	230323	10	123	229270	7	10992	2	1	0	3632	16	0	3	403	3	5289	3716	190	0	0	0	0	189	0	10	3946	65970	11519	11	0	0	104721	29212	6163	0
400	-108	-6	9	26	3636	4530	230197	10	123	229207	7	10986	2	1	0	3631	16	0	3	403	3	5289	3636	190	0	0	0	0	189	0	10	3946	65970	11519	11	0	0	104671	29212	6163	0
399	-108	-6	9	26	3476	4530	229945	10	123	228955	7	10974	2	1	0	3627	16	0	3	403	3	5289	3476	190	0	0	0	0	189	0	10	3946	65970	11519	11	0	0	104571	29212	6163	0
398	-108	-6	10	26	3396	4530	229882	10	123	228829	7	10971	2	1	0	3625	18	0	3	403	3	5289	3396	190	0	0	0	0	189	0	10	3946	65970	11519	11	0	0	104521	29212	6163	0
397	-108	-7	9	26	3316	4528	229693	10	122	228703	7	10962	2	1	0	3623	16	0	3	400	3	5282	3316	190	0	0	0	0	189	0	10	3946	65970	11519	11	0	0	104471	29212	6163	0
396	-108	-7	9	26	3236	4528	229630	10	122	228577	7	10959	2	1	0	3621	16	0	3	400	3	5282	3236	190	0	0	0	0	189	0	10	3946	65970	11519	11	0	0	104421	29212	6163	0
395	-108	-7	9	26	3156	4528	229504	10	122	228514	7	10953	2	1	0	3620	16	0	3	400	3	5282	3156	190	0	0	0	0	189	0	10	3946	65970	11519	11	0	0	104371	29212	6163	0
394	-108	-7	9	26	3076	4528	229378	10	122	228388	7	10947	2	1	0	3618	16	0	3	400	3	5282	3076	190	0	0	0	0	189	0	10	3946	65970	11519	11	0	0	104321	29212	6163	0
393	-108	-7	8	26	2996	4528	229252	10	122	228262	7	10941	2	1	0	3616	13	0	3	400	3	5282	2996	190	0	0	0	0	189	0	10	3946	65970	11519	11	0	0	104271	29212	6163	0
392	-107	-7	9	26	2916	4526	229126	10	121	228136	7	10935	2	1	0	3614	16	0	3	397	3	5275	2916	190	0	0	0	0	189	0	10	3946	65970	11519	11	0	0	104221	29212	6163	0
391	-107	-7	8	26	2836	4526	229000	10	121	228010	7	10929	2	1	0	3612	13	0	3	397	3	5275	2836	190	0	0	0	0	189	0	10	3946	65970	11519	11	0	0	104171	29212	6163	0
390	-107	-7	9	26	2756	4526	228874	10	121	227884	7	10923	2	1	0	3610	16	0	3	397	3	5275	2756	190	0	0	0	0	189	0	10	3946	65970	11519	11	0	0	104121	29212	6163	0
389	-107	-7	9	26	2596	4526	228685	10	121	227695	7	10914	2	1	0	3607	16	0	3	397	3	5275	2596	190	0	0	0	0	189	0	10	3946	65970	11519	11	0	0	104021	29212	6163	0
388	-107	-7	8	26	2516	4524	228559	10	120	227506	7	10908	2	1	0	3604	13	0	3	394	3	5268	2516	190	0	0	0	0	189	0	10	3946	65970	11519	11	0	0	103971	29212	6163	0
387	-107	-7	8	26	2436	4524	228433	10	120	227443	7	10902	2	1	0	3603	13	0	3	394	3	5268	2436	190	0	0	0	0	189	0	10	3946	65970	11519	11	0	0	103921	29212	6163	0
386	-107	-7	8	26	2356	4524	228307	10	120	227317	7	10896	2	1	0	3601	13	0	3	394	3	5268	2356	190	0	0	0	0	189	0	10	3946	65970	11519	11	0	0	103871	29212	6163	0
385	-107	-7	9	26	2276	4524	228181	10	120	227191	7	10890	2	1	0	3599	16	0	3	394	3	5268	2276	190	0	0	0	0	189	0	10	3946	65970	11519	11	0	0	103821	29212	6163	0
384	-107	-7	9	26	2196	4522	228118	10	119	227065	7	10887	2	1	0	3597	16	0	3	391	3	5261	2196	190	0	0	0	0	189	0	10	3946	65970	11519	11	0	0	103771	29212	6163	0
383	-107	-7	8	26	2116	4522	227929	10	119	226939	7	10878	2	1	0	3595	13	0	3	391	3	5261	2116	190	0	0	0	0	189	0	10	3946	65970	11519	11	0	0	103721	29212	6163	0
382	-107	-7	8	26	2036	4522	227866	10	119	226813	7	10875	2	1	0	3593	13	0	3	391	3	5261	2036	190	0	0	0	0	189	0	10	3946	65970	11519	11	0	0	103671	29212	6163	0
381	-107	-7	9	26	1956	4522	227740	10	119	226687	7	10869	2	1	0	3591	16	0	3	391	3	5261	1956	190	0	0	0	0	189	0	10	3946	65970	11519	11	0	0	103621	29212	6163	0
380	-107	-7	9	26	1876	4522	227614	10	119	226624	7	10863	2	1	0	3590	16	0	3	391	3	5261	1876	190	0	0	0	0	189	0	10	3946	65970	11519	11	0	0	103571	29212	6163	0
379	-107	-7	8	26	1716	4520	227362	10	118	226372	7	10851	2	1	0	3586	13	0	3	388	3	5254	1716	190	0	0	0	0	189	0	10	3946	65970	11519	11	0	0	103471	29212	6163	0
378	-107	-7	9	27	1636	4520	227236	10	118	226246	7	10845	2	1	0	3584	16	0	3	388	3	5254	1636	190	0	0	0	0	189	0	10	3946	65970	11519	11	0	0	103421	29212	6163	0
377	-107	-7	9	27	1556	4520	227110	10	118	226120	7	10839	2	1	0	3582	16	0	3	388	3	5254	1556	190	0	0	0	0	189	0	10	3946	65970	11519	11	0	0	103371	29212	6163	0
376	-107	-7	9	27	1476	4520	227047	10	118	225994	7	10836	2	1	0	3580	16	0	3	388	3	5254	1476	190	0	0	0	0	189	0	10	3946	65970	11519	11	0	0	103321	29212	6163	0
375	-107	-7	9	27	1396	4518	226858	10	117	225868	7	10827	2	1	0	3578	16	0	3	385	3	5247	1396	190	0	0	0	0	189	0	10	3946	65970	11519	11	0	0	103271	29212	6163	0
374	-107	-7	9	27	1316	4518	226795	10	117	225742	7	10824	2	1	0	3576	16	0	3	385	3	5247	1316	190	0	0	0	0	189	0	10	3946	65970	11519	11	0	0	103221	29212	6163	0
373	-107	-7	9	27	1236	4518	226669	10	117	225679	7	10818	2	1	0	3575	16	0	3	385	3	5247	1236	190	0	0	0	0	189	0	10	3946	65970	11519	11	0	0	103171	29212	6163	0
372	-107	-7	9	27	1156	4518	226543	10	117	225553	7	10812	2	1	0	3573	16	0	3	385	3	5247	1156	190	0	0	0	0	189	0	10	3946	65970	11519	11	0	0	103121	29212	6163	0
371	-107	-7	9	27	1076	4518	226417	10	117	225427	7	10806	2	1	0	3571	16	0	3	385	3	5247	1076	190	0	0	0	0	189	0	10	3946	65970	11519	11	0	0	103071	29212	6163	0
370	-107	-7	9	27	996	4516	226291	10	116	225301	7	10800	2	1	0	3569	16	0	3	382	3	5240	996	190	0	0	0	0	189	0	10	3946	65970	11519	11	0	0	103021	29212	6163	0
369	-107	-7	9	26	836	4516	226039	10	116	225049	7	10788	2	1	0	3565	16	0	3	382	3	5240	836	190	0	0	0	0	189	0	10	3946	65970	11519	11	0	0	102921	29212	6163	0
368	-107	-7	9	26	756	4516	225976	10	116	224923	7	10785	2	1	0	3563	16	0	3	382	3	5240	756	190	0	0	0	0	189	0	10	3946	65970	11519	11	0	0	102871	29212	6163	0
367	-107	-7	10	26	676	4516	225850	10	116	224860	7	10779	2	1	0	3562	18	0	3	382	3	5240	676	190	0	0	0	0	189	0	10	3946	65970	11519	11	0	0	102821	29212	6163	0
366	-107	-6	9	26	596	4514	225724	10	115	224671	7	10773	2	1	0	3559	16	0	3	379	3	5233	596	190	0	0	0	0	189	0	10	3946	65970	11519	11	0	0	102771	29212	6163	0
365	-107	-6	9	26	516	4514	225598	10	115	224608	7	10767	2	1	0	3558	16	0	3	379	3	5233	516	190	0	0	0	0	189	0	10	3946	65970	11519	11	0	0	102721	29212	6163	0
364	-107	-6	9	26	436	4514	225472	10	115	224482	7	10761	2	1	0	3556	16	0	3	379	3	5233	436	190	0	0	0	0	189	0	10	3946	65970	11519	11	0	0	102671	29212	6163	0
363	-107	-6	10	26	356	4514	225346	10	115	224356	7	10755	2	1	0	3554	18	0	3	379	3	5233	356	190	0	0	0	0	189	0	10	3946	65970	11519	11	0	0	102621	29212	6163	0
362	-107	-7	9	26	276	4512	225283	10	114	224230	7	10752	2	1	0	3552	16	0	3	376	3	5226	276	190	0	0	0	0	189	0	10	3946	65970	11519	11	0	0	102571	29212	6163	0
361	-107	-7	10	26	196	4512	225094	10	114	224104	7	10743	2	1	0	3550	18	0	3	376	3	5226	196	190	0	0	0	0	189	0	10	3946	65970	11519	11	0	0	102521	29212	6163	0
360	-107	-7	9	26	116	4512	225031	10	114	223978	7	10740	2	1	0	3548	16	0	3	376	3	5226	116	190	0	0	0	0	189	0	10	3946	65970	11519	11	0	0	102471	29212	6163	0
359	-107	-7	9	26	16340	4512	224779	10	114	223789	7	10728	2	1	0	3545	16	0	3	376	3	5226	16340	190	0	0	0	0	189	0	10	3946	65970	11519	11	0	0	102371	29212	6163	0
358	-108	-7	9	26	16260	4510	224653	10	113	223600	7	10722	2	1	0	3542	16	0	3	373	3	5219	16260	190	0	0	0	0	189	0	10	3946	65970	11519	11	0	0	102321	29212	6163	0
357	-108	-7	9	26	16180	4510	224527	10	113	223537	7	10716	2	1	0	3541	16	0	3	373	3	5219	16180	190	0	0	0	0	189	0	10	3946	65970	11519	11	0	0	102271	29212	6163	0
356	-108	-7	8	26	16100	4510	224401	10	113	223411	7	10710	2	1	0	3539	13	0	3	373	3	5219	16100	190	0	0	0	0	189	0	10	3946	65970	11519	11	0	0	102221	29212	6163	0
355	-108	-7	8	26	16020	4510	224275	10	113	223285	7	10704	2	1	0	3537	13	0	3	373	3	5219	16020	190	0	0	0	0	189	0	10	3946	65970	11519	11	0	0	102171	29212	6163	0
354	-108	-7	8	26	15940	4510	224212	10	113	223159	7	10701	2	1	0	3535	13	0	3	373	3	5219	15940	190	0	0	0	0	189	0	10	3946	65970	11519	11	0	0	102121	29212	6163	0
353	-107	-7	9	26	15860	4508	224023	10	112	223033	7	10692	2	1	0	3533	16	0	3	370	3	5212	15860	190	0	0	0	0	189	0	10	3946	65970	11519	11	0	0	102071	29212	6163	0
352	-107	-7	8	26	15780	4508	223960	10	112	222907	7	10689	2	1	0	3531	13	0	3	370	3	5212	15780	190	0	0	0	0	189	0	10	3946	65970	11519	11	0	0	102021	29212	6163	0
351	-107	-7	8	26	15700	4508	223834	10	112	222844	7	10683	2	1	0	3530	13	0	3	370	3	5212	15700	190	0	0	0	0	189	0	10	3946	65970	11519	11	0	0	101971	29212	6163	0
350	-107	-7	8	26	15620	4508	223708	10	112	222718	7	10677	2	1	0	3528	13	0	3	370	3	5212	15620	190	0	0	0	0	189	0	10	3946	65970	11519	11	0	0	101921	29212	6163	0
349	-108	-6	8	26	15460	4506	223456	10	111	222466	7	10665	2	1	0	3524	13	0	3	367	3	5205	15460	190	0	0	0	0	189	0	10	3946	65970	11519	11	0	0	101821	29212	6163	0
348	-108	-6	8	26	15380	4506	223330	10	111	222340	7	10659	2	1	0	3522	13	0	3	367	3	5205	15380	190	0	0	0	0	189	0	10	3946	65970	11519	11	0	0	101771	29212	6163	0
347	-108	-6	8	26	15300	4506	223204	10	111	222214	7	10653	2	1	0	3520	13	0	3	367	3	5205	15300	190	0	0	0	0	189	0	10	3946	65970	11519	11	0	0	101721	29212	6163	0
346	-108	-6	9	26	15220	4506	223141	10	111	222088	7	10650	2	1	0	3518	16	0	3	367	3	5205	15220	190	0	0	0	0	189	0	10	3946	65970	11519	11	0	0	101671	29212	6163	0
345	-108	-6	9	26	15140	4506	223015	10	111	222025	7	10644	2	1	0	3517	16	0	3	367	3	5205	15140	190	0	0	0	0	189	0	10	3946	65970	11519	11	0	0	101621	29212	6163	0
344	-108	-6	10	26	15060	4504	222889	10	110	221836	7	10638	2	1	0	3514	18	0	3	364	3	5198	15060	190	0	0	0	0	189	0	10	3946	65970	11519	11	0	0	101571	29212	6163	0
343	-108	-6	10	26	14980	4504	222763	10	110	221773	7	10632	2	1	0	3513	18	0	3	364	3	5198	14980	190	0	0	0	0	189	0	10	3946	65970	11519	11	0	0	101521	29212	6163	0
342	-108	-6	8	26	14900	4504	222637	10	110	221647	7	10626	2	1	0	3511	13	0	3	364	3	5198	14900	190	0	0	0	0	189	0	10	3946	65970	11519	11	0	0	101471	29212	6163	0
341	-108	-6	8	26	14820	4504	222511	10	110	221521	7	10620	2	1	0	3509	13	0	3	364	3	5198	14820	190	0	0	0	0	189	0	10	3946	65970	11519	11	0	0	101421	29212	6163	0
340	-108	-7	9	26	14740	4502	222448	10	109	221395	7	10617	2	1	0	3507	16	0	3	361	3	5191	14740	190	0	0	0	0	189	0	10	3946	65970	11519	11	0	0	101371	29212	6163	0
339	-108	-7	10	26	14580	4502	222196	10	109	221143	7	10605	2	1	0	3503	18	0	3	361	3	5191	14580	190	0	0	0	0	189	0	10	3946	65970	11519	11	0	0	101271	29212	6163	0
338	-108	-7	10	26	14500	4502	222070	10	109	221017	7	10599	2	1	0	3501	18	0	3	361	3	5191	14500	190	0	0	0	0	189	0	10	3946	65970	11519	11	0	0	101221	29212	6163	0
337	-108	-7	9	26	14420	4502	221944	10	109	220954	7	10593	2	1	0	3500	16	0	3	361	3	5191	14420	190	0	0	0	0	189	0	10	3946	65970	11519	11	0	0	101171	29212	6163	0
336	-107	-7	9	26	14340	4500	221818	10	108	220765	7	10587	2	1	0	3497	16	0	3	358	3	5184	14340	190	0	0	0	0	189	0	10	3946	65970	11519	11	0	0	101121	29212	6163	0
335	-107	-7	9	26	14260	4500	221692	10	108	220702	7	10581	2	1	0	3496	16	0	3	358	3	5184	14260	190	0	0	0	0	189	0	10	3946	65970	11519	11	0	0	101071	29212	6163	0
334	-107	-7	9	26	14180	4500	221566	10	108	220576	7	10575	2	1	0	3494	16	0	3	358	3	5184	14180	190	0	0	0	0	189	0	10	3946	65970	11519	11	0	0	101021	29212	6163	0
333	-107	-7	9	26	14100	4500	221440	10	108	220450	7	10569	2	1	0	3492	16	0	3	358	3	5184	14100	190	0	0	0	0	189	0	10	3946	65970	11519	11	0	0	100971	29212	6163	0
332	-107	-7	9	26	14020	4500	221377	10	108	220324	7	10566	2	1	0	3490	16	0	3	358	3	5184	14020	190	0	0	0	0	189	0	10	3946	65970	11519	11	0	0	100921	29212	6163	0
331	-107	-7	9	26	13940	4498	221188	10	107	220198	7	10557	2	1	0	3488	16	0	3	355	3	5177	13940	190	0	0	0	0	189	0	10	3946	65970	11519	11	0	0	100871	29212	6163	0
330	-107	-7	10	26	13860	4498	221125	10	107	220072	7	10554	2	1	0	3486	18	0	3	355	3	5177	13860	190	0	0	0	0	189	0	10	3946	65970	11519	11	0	0	100821	29212	6163	0
329	-107	-7	10	26	13700	4498	220873	10	107	219883	7	10542	2	1	0	3483	18	0	3	355	3	5177	13700	190	0	0	0	0	189	0	10	3946	65970	11519	11	0	0	100721	29212	6163	0
328	-107	-7	8	26	13620	4498	220747	10	107	219757	7	10536	2	1	0	3481	13	0	3	355	3	5177	13620	190	0	0	0	0	189	0	10	3946	65970	11519	11	0	0	100671	29212	6163	0
327	-107	-7	8	26	13540	4496	220621	10	106	219631	7	10530	2	1	0	3479	13	0	3	352	3	5170	13540	190	0	0	0	0	189	0	10	3946	65970	11519	11	0	0	100621	29212	6163	0
326	-107	-7	8	26	13460	4496	220495	10	106	219505	7	10524	2	1	0	3477	13	0	3	352	3	5170	13460	190	0	0	0	0	189	0	10	3946	65970	11519	11	0	0	100571	29212	6163	0
325	-107	-7	9	26	13380	4496	220369	10	106	219379	7	10518	2	1	0	3475	16	0	3	352	3	5170	13380	190	0	0	0	0	189	0	10	3946	65970	11519	11	0	0	100521	29212	6163	0
324	-107	-7	9	26	13300	4496	220306	10	106	219253	7	10515	2	1	0	3473	16	0	3	352	3	5170	13300	190	0	0	0	0	189	0	10	3946	65970	11519	11	0	0	100471	29212	6163	0
323	-107	-7	10	26	13220	4496	220180	10	106	219190	7	10509	2	1	0	3472	18	0	3	352	3	5170	13220	190	0	0	0	0	189	0	10	3946	65970	11519	11	0	0	100421	29212	6163	0
322	-107	-7	9	26	13140	4494	220054	10	105	219001	7	10503	2	1	0	3469	16	0	3	349	3	5163	13140	190	0	0	0	0	189	0	10	3946	65970	11519	11	0	0	100371	29212	6163	0
321	-107	-7	8	26	13060	4494	219928	10	105	218938	7	10497	2	1	0	3468	13	0	3	349	3	5163	13060	190	0	0	0	0	189	0	10	3946	65970	11519	11	0	0	100321	29212	6163	0
320	-107	-7	9	26	12980	4494	219802	10	105	218812	7	10491	2	1	0	3466	16	0	3	349	3	5163	12980	190	0	0	0	0	189	0	10	3946	65970	11519	11	0	0	100271	29212	6163	0
319	-107	-8	9	26	12820	4492	219613	10	104	218560	7	10482	2	1	0	3462	16	0	3	346	3	5156	12820	190	0	0	0	0	189	0	10	3946	65970	11519	11	0	0	100171	29212	6163	0
318	-107	-8	8	26	12740	4492	219424	10	104	218434	7	10473	2	1	0	3460	13	0	3	346	3	5156	12740	190	0	0	0	0	189	0	10	3946	65970	11519	11	0	0	100121	29212	6163	0
317	-107	-8	8	26	12660	4492	219361	10	104	218308	7	10470	2	1	0	3458	13	0	3	346	3	5156	12660	190	0	0	0	0	189	0	10	3946	65970	11519	11	0	0	100071	29212	6163	0
316	-107	-8	8	26	12580	4492	219235	10	104	218182	7	10464	2	1	0	3456	13	0	3	346	3	5156	12580	190	0	0	0	0	189	0	10	3946	65970	11519	11	0	0	100021	29212	6163	0
315	-107	-8	8	26	12500	4492	219109	10	104	218119	7	10458	2	1	0	3455	13	0	3	346	3	5156	12500	190	0	0	0	0	189	0	10	3946	65970	11519	11	0	0	99971	29212	6163	0
314	-107	-8	8	26	12420	4490	218983	10	103	217930	7	10452	2	1	0	3452	13	0	3	343	3	5149	12420	190	0	0	0	0	189	0	10	3946	65970	11519	11	0	0	99921	29212	6163	0
313	-107	-8	8	26	12340	4490	218857	10	103	217867	7	10446	2	1	0	3451	13	0	3	343	3	5149	12340	190	0	0	0	0	189	0	10	3946	65970	11519	11	0	0	99871	29212	6163	0
312	-107	-8	8	26	12260	4490	218731	10	103	217741	7	10440	2	1	0	3449	13	0	3	343	3	5149	12260	190	0	0	0	0	189	0	10	3946	65970	11519	11	0	0	99821	29212	6163	0
311	-107	-8	7	26	12180	4490	218605	10	103	217615	7	10434	2	1	0	3447	11	0	3	343	3	5149	12180	190	0	0	0	0	189	0	10	3946	65970	11519	11	0	0	99771	29212	6163	0
310	-107	-7	7	26	12020	4488	218353	10	102	217363	7	10422	2	1	0	3443	11	0	3	340	3	5142	12020	190	0	0	0	0	189	0	10	3946	65970	11519	11	0	0	99671	29212	6163	0
309	-107	-7	8	26	11940	4488	218290	10	102	217237	7	10419	2	1	0	3441	13	0	3	340	3	5142	11940	190	0	0	0	0	189	0	10	3946	65970	11519	11	0	0	99621	29212	6163	0
308	-107	-7	9	26	11860	4488	218164	10	102	217174	7	10413	2	1	0	3440	16	0	3	340	3	5142	11860	190	0	0	0	0	189	0	10	3946	65970	11519	11	0	0	99571	29212	6163	0
307	-107	-7	9	26	11780	4488	218038	10	102	217048	7	10407	2	1	0	3438	16	0	3	340	3	5142	11780	190	0	0	0	0	189	0	10	3946	65970	11519	11	0	0	99521	29212	6163	0
306	-107	-7	8	26	11700	4488	217912	10	102	216922	7	10401	2	1	0	3436	13	0	3	340	3	5142	11700	190	0	0	0	0	189	0	10	3946	65970	11519	11	0	0	99471	29212	6163	0
305	-108	-8	10	26	11620	4486	217786	10	101	216796	7	10395	2	1	0	3434	18	0	3	337	3	5135	11620	190	0	0	0	0	189	0	10	3946	65970	11519	11	0	0	99421	29212	6163	0
304	-108	-8	8	26	11540	4486	217660	10	101	216670	7	10389	2	1	0	3432	13	0	3	337	3	5135	11540	190	0	0	0	0	189	0	10	3946	65970	11519	11	0	0	99371	29212	6163	0
303	-108	-8	8	26	11460	4486	217534	10	101	216544	7	10383	2	1	0	3430	13	0	3	337	3	5135	11460	190	0	0	0	0	189	0	10	3946	65970	11519	11	0	0	99321	29212	6163	0
302	-108	-8	8	26	11380	4486	217471	10	101	216418	7	10380	2	1	0	3428	13	0	3	337	3	5135	11380	190	0	0	0	0	189	0	10	3946	65970	11519	11	0	0	99271	29212	6163	0
301	-108	-8	8	26	11300	4486	217345	10	101	216355	7	10374	2	1	0	3427	13	0	3	337	3	5135	11300	190	0	0	0	0	189	0	10	3946	65970	11519	11	0	0	99221	29212	6163	0
300	-108	-7	9	26	11140	4484	217093	10	100	216103	7	10362	2	1	0	3423	16	0	3	334	3	5128	11140	190	0	0	0	0	189	0	10	3946	65970	11519	11	0	0	99121	29212	6163	0
299	-108	-7	7	26	11060	4484	216967	10	100	215977	7	10356	2	1	0	3421	11	0	3	334	3	5128	11060	190	0	0	0	0	189	0	10	3946	65970	11519	11	0	0	99071	29212	6163	0
298	-108	-7	8	26	10980	4484	216841	10	100	215851	7	10350	2	1	0	3419	13	0	3	334	3	5128	10980	190	0	0	0	0	189	0	10	3946	65970	11519	11	0	0	99021	29212	6163	0
297	-108	-7	8	26	10900	4482	216778	10	99	215725	7	10347	2	1	0	3417	13	0	3	331	3	5121	10900	190	0	0	0	0	189	0	10	3946	65970	11519	11	0	0	98971	29212	6163	0
296	-108	-7	8	26	10820	4482	216589	10	99	215599	7	10338	2	1	0	3415	13	0	3	331	3	5121	10820	190	0	0	0	0	189	0	10	3946	65970	11519	11	0	0	98921	29212	6163	0
295	-108	-7	7	26	10740	4482	216526	10	99	215473	7	10335	2	1	0	3413	11	0	3	331	3	5121	10740	190	0	0	0	0	189	0	10	3946	65970	11519	11	0	0	98871	29212	6163	0
294	-108	-7	9	26	10660	4482	216400	10	99	215347	7	10329	2	1	0	3411	16	0	3	331	3	5121	10660	190	0	0	0	0	189	0	10	3946	65970	11519	11	0	0	98821	29212	6163	0
293	-108	-7	10	26	10580	4482	216274	10	99	215284	7	10323	2	1	0	3410	18	0	3	331	3	5121	10580	190	0	0	0	0	189	0	10	3946	65970	11519	11	0	0	98771	29212	6163	0
292	-108	-7	10	26	10500	4480	216148	10	98	215095	7	10317	2	1	0	3407	18	0	3	328	3	5114	10500	190	0	0	0	0	189	0	10	3946	65970	11519	11	0	0	98721	29212	6163	0
291	-108	-7	9	26	10420	4480	216022	10	98	215032	7	10311	2	1	0	3406	16	0	3	328	3	5114	10420	190	0	0	0	0	189	0	10	3946	65970	11519	11	0	0	98671	29212	6163	0
290	-108	-7	8	26	10260	4480	215770	10	98	214780	7	10299	2	1	0	3402	13	0	3	328	3	5114	10260	190	0	0	0	0	189	0	10	3946	65970	11519	11	0	0	98571	29212	6163	0
289	-108	-7	8	26	10180	4480	215707	10	98	214654	7	10296	2	1	0	3400	13	0	3	328	3	5114	10180	190	0	0	0	0	189	0	10	3946	65970	11519	11	0	0	98521	29212	6163	0
288	-108	-7	8	26	10100	4478	215518	10	97	214528	7	10287	2	1	0	3398	13	0	3	325	3	5107	10100	190	0	0	0	0	189	0	10	3946	65970	11519	11	0	0	98471	29212	6163	0
287	-108	-7	9	26	10020	4478	215455	10	97	214402	7	10284	2	1	0	3396	16	0	3	325	3	5107	10020	190	0	0	0	0	189	0	10	3946	65970	11519	11	0	0	98421	29212	6163	0
286	-108	-7	9	26	9940	4478	215329	10	97	214339	7	10278	2	1	0	3395	16	0	3	325	3	5107	9940	190	0	0	0	0	189	0	10	3946	65970	11519	11	0	0	98371	29212	6163	0
285	-108	-7	8	26	9860	4478	215203	10	97	214213	7	10272	2	1	0	3393	13	0	3	325	3	5107	9860	190	0	0	0	0	189	0	10	3946	65970	11519	11	0	0	98321	29212	6163	0
284	-108	-7	8	26	9780	4478	215077	10	97	214087	7	10266	2	1	0	3391	13	0	3	325	3	5107	9780	190	0	0	0	0	189	0	10	3946	65970	11519	11	0	0	98271	29212	6163	0
283	-107	-7	6	26	9700	4476	214951	10	96	213961	7	10260	2	1	0	3389	8	0	3	322	3	5100	9700	190	0	0	0	0	189	0	10	3946	65970	11519	11	0	0	98221	29212	6163	0
282	-107	-7	8	26	9620	4476	214825	10	96	213835	7	10254	2	1	0	3387	13	0	3	322	3	5100	9620	190	0	0	0	0	189	0	10	3946	65970	11519	11	0	0	98171	29212	6163	0
281	-107	-7	8	26	9540	4476	214699	10	96	213709	7	10248	2	1	0	3385	13	0	3	322	3	5100	9540	190	0	0	0	0	189	0	10	3946	65970	11519	11	0	0	98121	29212	6163	0
280	-107	-7	8	26	9380	4476	214510	10	96	213520	7	10239	2	1	0	3382	13	0	3	322	3	5100	9380	190	0	0	0	0	189	0	10	3946	65970	11519	11	0	0	98021	29212	6163	0
279	-107	-7	10	26	9300	4474	214384	10	95	213331	7	10233	2	1	0	3379	18	0	3	319	3	5093	9300	190	0	0	0	0	189	0	10	3946	65970	11519	11	0	0	97971	29212	6163	0
278	-107	-7	10	26	9220	4474	214258	10	95	213268	7	10227	2	1	0	3378	18	0	3	319	3	5093	9220	190	0	0	0	0	189	0	10	3946	65970	11519	11	0	0	97921	29212	6163	0
277	-107	-7	8	26	9140	4474	214132	10	95	213142	7	10221	2	1	0	3376	13	0	3	319	3	5093	9140	190	0	0	0	0	189	0	10	3946	65970	11519	11	0	0	97871	29212	6163	0
276	-107	-7	9	26	9060	4474	214006	10	95	213016	7	10215	2	1	0	3374	16	0	3	319	3	5093	9060	190	0	0	0	0	189	0	10	3946	65970	11519	11	0	0	97821	29212	6163	0
275	-107	-7	8	26	8980	4472	213943	10	94	212890	7	10212	2	1	0	3372	13	0	3	316	3	5086	8980	190	0	0	0	0	189	0	10	3946	65970	11519	11	0	0	97771	29212	6163	0
274	-107	-7	8	26	8900	4472	213754	10	94	212764	7	10203	2	1	0	3370	13	0	3	316	3	5086	8900	190	0	0	0	0	189	0	10	3946	65970	11519	11	0	0	97721	29212	6163	0
273	-107	-7	10	26	8820	4472	213691	10	94	212638	7	10200	2	1	0	3368	18	0	3	316	3	5086	8820	190	0	0	0	0	189	0	10	3946	65970	11519	11	0	0	97671	29212	6163	0
272	-107	-7	9	26	8740	4472	213565	10	94	212512	7	10194	2	1	0	3366	16	0	3	316	3	5086	8740	190	0	0	0	0	189	0	10	3946	65970	11519	11	0	0	97621	29212	6163	0
271	-107	-7	9	26	8660	4472	213439	10	94	212449	7	10188	2	1	0	3365	16	0	3	316	3	5086	8660	190	0	0	0	0	189	0	10	3946	65970	11519	11	0	0	97571	29212	6163	0
270	-107	-7	9	26	8500	4470	213187	10	93	212197	7	10176	2	1	0	3361	16	0	3	313	3	5079	8500	190	0	0	0	0	189	0	10	3946	65970	11519	11	0	0	97471	29212	6163	0
269	-107	-7	9	26	8420	4470	213061	10	93	212071	7	10170	2	1	0	3359	16	0	3	313	3	5079	8420	190	0	0	0	0	189	0	10	3946	65970	11519	11	0	0	97421	29212	6163	0
268	-107	-7	8	26	8340	4470	212935	10	93	211945	7	10164	2	1	0	3357	13	0	3	313	3	5079	8340	190	0	0	0	0	189	0	10	3946	65970	11519	11	0	0	97371	29212	6163	0
267	-107	-7	9	26	8260	4470	212872	10	93	211819	7	10161	2	1	0	3355	16	0	3	313	3	5079	8260	190	0	0	0	0	189	0	10	3946	65970	11519	11	0	0	97321	29212	6163	0
266	-107	-7	9	26	8180	4468	212683	10	92	211693	7	10152	2	1	0	3353	16	0	3	310	3	5072	8180	190	0	0	0	0	189	0	10	3946	65970	11519	11	0	0	97271	29212	6163	0
265	-107	-7	9	26	8100	4468	212620	10	92	211567	7	10149	2	1	0	3351	16	0	3	310	3	5072	8100	190	0	0	0	0	189	0	10	3946	65970	11519	11	0	0	97221	29212	6163	0
264	-107	-7	8	26	8020	4468	212494	10	92	211504	7	10143	2	1	0	3350	13	0	3	310	3	5072	8020	190	0	0	0	0	189	0	10	3946	65970	11519	11	0	0	97171	29212	6163	0
263	-107	-7	8	26	7940	4468	212368	10	92	211378	7	10137	2	1	0	3348	13	0	3	310	3	5072	7940	190	0	0	0	0	189	0	10	3946	65970	11519	11	0	0	97121	29212	6163	0
262	-107	-7	9	26	7860	4468	212242	10	92	211252	7	10131	2	1	0	3346	16	0	3	310	3	5072	7860	190	0	0	0	0	189	0	10	3946	65970	11519	11	0	0	97071	29212	6163	0
261	-107	-6	9	26	7780	4466	212116	10	91	211126	7	10125	2	1	0	3344	16	0	3	307	3	5065	7780	190	0	0	0	0	189	0	10	3946	65970	11519	11	0	0	97021	29212	6163	0
260	-107	-6	8	26	7620	4466	211864	10	91	210874	7	10113	2	1	0	3340	13	0	3	307	3	5065	7620	190	0	0	0	0	189	0	10	3946	65970	11519	11	0	0	96921	29212	6163	0
259	-107	-6	8	26	7540	4466	211801	10	91	210748	7	10110	2	1	0	3338	13	0	3	307	3	5065	7540	190	0	0	0	0	189	0	10	3946	65970	11519	11	0	0	96871	29212	6163	0
258	-107	-6	8	26	7460	4466	211675	10	91	210685	7	10104	2	1	0	3337	13	0	3	307	3	5065	7460	190	0	0	0	0	189	0	10	3946	65970	11519	11	0	0	96821	29212	6163	0
257	-107	-7	10	26	7380	4464	211549	10	90	210496	7	10098	2	1	0	3334	18	0	3	304	3	5058	7380	190	0	0	0	0	189	0	10	3946	65970	11519	11	0	0	96771	29212	6163	0
256	-107	-7	10	26	7300	4464	211423	10	90	210433	7	10092	2	1	0	3333	18	0	3	304	3	5058	7300	190	0	0	0	0	189	0	10	3946	65970	11519	11	0	0	96721	29212	6163	0
255	-107	-7	9	26	7220	4464	211297	10	90	210307	7	10086	2	1	0	3331	16	0	3	304	3	5058	7220	190	0	0	0	0	189	0	10	3946	65970	11519	11	0	0	96671	29212	6163	0
254	-107	-7	9	26	7140	4464	211171	10	90	210181	7	10080	2	1	0	3329	16	0	3	304	3	5058	7140	190	0	0	0	0	189	0	10	3946	65970	11519	11	0	0	96621	29212	6163	0
253	-107	-6	9	26	7060	4462	211108	10	89	210055	7	10077	2	1	0	3327	16	0	3	301	3	5051	7060	190	0	0	0	0	189	0	10	3946	65970	11519	11	0	0	96571	29212	6163	0
252	-107	-6	6	26	6980	4462	210919	10	89	209929	7	10068	2	1	0	3325	8	0	3	301	3	5051	6980	190	0	0	0	0	189	0	10	3946	65970	11519	11	0	0	96521	29212	6163	0
251	-107	-6	9	26	6900	4462	210856	10	89	209803	7	10065	2	1	0	3323	16	0	3	301	3	5051	6900	190	0	0	0	0	189	0	10	3946	65970	11519	11	0	0	96471	29212	6163	0
250	-107	-6	8	26	6740	4462	210604	10	89	209614	7	10053	2	1	0	3320	13	0	3	301	3	5051	6740	190	0	0	0	0	189	0	10	3946	65970	11519	11	0	0	96371	29212	6163	0
249	-107	-7	8	26	6660	4460	210478	10	88	209425	7	10047	2	1	0	3317	13	0	3	298	3	5044	6660	190	0	0	0	0	189	0	10	3946	65970	11519	11	0	0	96321	29212	6163	0
248	-107	-7	9	26	6580	4460	210352	10	88	209362	7	10041	2	1	0	3316	16	0	3	298	3	5044	6580	190	0	0	0	0	189	0	10	3946	65970	11519	11	0	0	96271	29212	6163	0
247	-107	-7	9	26	6500	4460	210226	10	88	209236	7	10035	2	1	0	3314	16	0	3	298	3	5044	6500	190	0	0	0	0	189	0	10	3946	65970	11519	11	0	0	96221	29212	6163	0
246	-107	-7	10	26	6420	4460	210100	10	88	209110	7	10029	2	1	0	3312	18	0	3	298	3	5044	6420	190	0	0	0	0	189	0	10	3946	65970	11519	11	0	0	96171	29212	6163	0
245	-107	-7	10	26	6340	4460	210037	10	88	208984	7	10026	2	1	0	3310	18	0	3	298	3	5044	6340	190	0	0	0	0	189	0	10	3946	65970	11519	11	0	0	96121	29212	6163	0
244	-107	-9	11	26	6260	4458	209848	10	87	208858	7	10017	2	1	0	3308	20	0	3	295	3	5037	6260	190	0	0	0	0	189	0	10	3946	65970	11519	11	0	0	96071	29212	6163	0
243	-107	-9	9	26	6180	4458	209785	10	87	208732	7	10014	2	1	0	3306	16	0	3	295	3	5037	6180	190	0	0	0	0	189	0	10	3946	65970	11519	11	0	0	96021	29212	6163	0
242	-107	-9	9	26	6100	4458	209659	10	87	208669	7	10008	2	1	0	3305	16	0	3	295	3	5037	6100	190	0	0	0	0	189	0	10	3946	65970	11519	11	0	0	95971	29212	6163	0
241	-107	-9	9	26	6020	4458	209533	10	87	208543	7	10002	2	1	0	3303	16	0	3	295	3	5037	6020	190	0	0	0	0	189	0	10	3946	65970	11519	11	0	0	95921	29212	6163	0
240	-107	-8	7	26	5860	4456	209281	10	86	208291	7	9990	2	1	0	3299	11	0	3	292	3	5030	5860	190	0	0	0	0	189	0	10	3946	65970	11519	11	0	0	95821	29212	6163	0
239	-107	-8	6	26	5780	4456	209155	10	86	208165	7	9984	2	1	0	3297	8	0	3	292	3	5030	5780	190	0	0	0	0	189	0	10	3946	65970	11519	11	0	0	95771	29212	6163	0
238	-107	-8	7	26	5700	4456	209029	10	86	208039	7	9978	2	1	0	3295	11	0	3	292	3	5030	5700	190	0	0	0	0	189	0	10	3946	65970	11519	11	0	0	95721	29212	6163	0
237	-107	-8	7	26	5620	4456	208966	10	86	207913	7	9975	2	1	0	3293	11	0	3	292	3	5030	5620	190	0	0	0	0	189	0	10	3946	65970	11519	11	0	0	95671	29212	6163	0
236	-107	-8	7	26	5540	4456	208840	10	86	207850	7	9969	2	1	0	3292	11	0	3	292	3	5030	5540	190	0	0	0	0	189	0	10	3946	65970	11519	11	0	0	95621	29212	6163	0
235	-107	-7	8	26	5460	4454	208714	10	85	207661	7	9963	2	1	0	3289	13	0	3	289	3	5023	5460	190	0	0	0	0	189	0	10	3946	65970	11519	11	0	0	95571	29212	6163	0
234	-107	-7	8	26	5380	4454	208588	10	85	207598	7	9957	2	1	0	3288	13	0	3	289	3	5023	5380	190	0	0	0	0	189	0	10	3946	65970	11519	11	0	0	95521	29212	6163	0
233	-107	-7	8	26	5300	4454	208462	10	85	207472	7	9951	2	1	0	3286	13	0	3	289	3	5023	5300	190	0	0	0	0	189	0	10	3946	65970	11519	11	0	0	95471	29212	6163	0
232	-107	-7	8	26	5220	4454	208336	10	85	207346	7	9945	2	1	0	3284	13	0	3	289	3	5023	5220	190	0	0	0	0	189	0	10	3946	65970	11519	11	0	0	95421	29212	6163	0
231	-107	-8	8	26	5140	4452	208273	10	84	207220	7	9942	2	1	0	3282	13	0	3	286	3	5016	5140	190	0	0	0	0	189	0	10	3946	65970	11519	11	0	0	95371	29212	6163	0
230	-107	-8	9	26	4980	4452	208021	10	84	206968	7	9930	2	1	0	3278	16	0	3	286	3	5016	4980	190	0	0	0	0	189	0	10	3946	65970	11519	11	0	0	95271	29212	6163	0
229	-107	-8	7	26	4900	4452	207895	10	84	206842	7	9924	2	1	0	3276	11	0	3	286	3	5016	4900	190	0	0	0	0	189	0	10	3946	65970	11519	11	0	0	95221	29212	6163	0
228	-107	-8	7	26	4820	4452	207769	10	84	206779	7	9918	2	1	0	3275	11	0	3	286	3	5016	4820	190	0	0	0	0	189	0	10	3946	65970	11519	11	0	0	95171	29212	6163	0
227	-107	-7	9	26	4740	4450	207643	10	83	206590	7	9912	2	1	0	3272	16	0	3	283	3	5009	4740	190	0	0	0	0	189	0	10	3946	65970	11519	11	0	0	95121	29212	6163	0
226	-107	-7	9	26	4660	4450	207517	10	83	206527	7	9906	2	1	0	3271	16	0	3	283	3	5009	4660	190	0	0	0	0	189	0	10	3946	65970	11519	11	0	0	95071	29212	6163	0
225	-107	-7	8	26	4580	4450	207391	10	83	206401	7	9900	2	1	0	3269	13	0	3	283	3	5009	4580	190	0	0	0	0	189	0	10	3946	65970	11519	11	0	0	95021	29212	6163	0
224	-107	-7	7	26	4500	4450	207265	10	83	206275	7	9894	2	1	0	3267	11	0	3	283	3	5009	4500	190	0	0	0	0	189	0	10	3946	65970	11519	11	0	0	94971	29212	6163	0
223	-107	-7	8	26	4420	4450	207202	10	83	206149	7	9891	2	1	0	3265	13	0	3	283	3	5009	4420	190	0	0	0	0	189	0	10	3946	65970	11519	11	0	0	94921	29212	6163	0
222	-107	-8	8	26	4340	4448	207013	10	82	206023	7	9882	2	1	0	3263	13	0	3	280	3	5002	4340	190	0	0	0	0	189	0	10	3946	65970	11519	11	0	0	94871	29212	6163	0
221	-107	-8	9	26	4180	4448	206824	10	82	205834	7	9873	2	1	0	3260	16	0	3	280	3	5002	4180	190	0	0	0	0	189	0	10	3946	65970	11519	11	0	0	94771	29212	6163	0
220	-107	-8	7	26	4100	4448	206698	10	82	205708	7	9867	2	1	0	3258	11	0	3	280	3	5002	4100	190	0	0	0	0	189	0	10	3946	65970	11519	11	0	0	94721	29212	6163	0
219	-107	-8	7	26	4020	4448	206572	10	82	205582	7	9861	2	1	0	3256	11	0	3	280	3	5002	4020	190	0	0	0	0	189	0	10	3946	65970	11519	11	0	0	94671	29212	6163	0
218	-107	-8	8	26	3940	4446	206446	10	81	205456	7	9855	2	1	0	3254	13	0	3	277	3	4995	3940	190	0	0	0	0	189	0	10	3946	65970	11519	11	0	0	94621	29212	6163	0
217	-107	-8	8	26	3860	4446	206320	10	81	205330	7	9849	2	1	0	3252	13	0	3	277	3	4995	3860	190	0	0	0	0	189	0	10	3946	65970	11519	11	0	0	94571	29212	6163	0
216	-107	-8	8	26	3779	4446	206194	10	81	205204	7	9843	2	1	0	3250	13	0	3	277	3	4995	3779	190	0	0	0	0	189	0	10	3946	65970	11519	11	0	0	94520	29212	6163	0
215	-107	-8	8	26	3700	4446	206131	10	81	205078	7	9840	2	1	0	3248	13	0	3	277	3	4995	3700	190	0	0	0	0	189	0	10	3946	65970	11519	11	0	0	94471	29212	6163	0
214	-107	-8	8	26	3620	4446	206005	10	81	205015	7	9834	2	1	0	3247	13	0	3	277	3	4995	3620	190	0	0	0	0	189	0	10	3946	65970	11519	11	0	0	94421	29212	6163	0
213	-107	-8	8	26	3540	4444	205879	10	80	204826	7	9828	2	1	0	3244	13	0	3	274	3	4988	3540	190	0	0	0	0	189	0	10	3946	65970	11519	11	0	0	94371	29212	6163	0
212	-107	-8	8	26	3460	4444	205753	10	80	204763	7	9822	2	1	0	3243	13	0	3	274	3	4988	3460	190	0	0	0	0	189	0	10	3946	65970	11519	11	0	0	94321	29212	6163	0
211	-107	-8	8	26	3300	4444	205501	10	80	204511	7	9810	2	1	0	3239	13	0	3	274	3	4988	3300	190	0	0	0	0	189	0	10	3946	65970	11519	11	0	0	94221	29212	6163	0
210	-107	-6	7	26	3220	4442	205438	10	79	204385	7	9807	2	1	0	3237	11	0	3	271	3	4981	3220	190	0	0	0	0	189	0	10	3946	65970	11519	11	0	0	94171	29212	6163	0
209	-107	-6	8	26	3140	4442	205249	10	79	204259	7	9798	2	1	0	3235	13	0	3	271	3	4981	3140	190	0	0	0	0	189	0	10	3946	65970	11519	11	0	0	94121	29212	6163	0
208	-107	-6	6	26	3060	4442	205186	10	79	204133	7	9795	2	1	0	3233	8	0	3	271	3	4981	3060	190	0	0	0	0	189	0	10	3946	65970	11519	11	0	0	94071	29212	6163	0
207	-107	-6	8	26	2980	4442	205060	10	79	204007	7	9789	2	1	0	3231	13	0	3	271	3	4981	2980	190	0	0	0	0	189	0	10	3946	65970	11519	11	0	0	94021	29212	6163	0
206	-107	-6	9	26	2900	4442	204934	10	79	203944	7	9783	2	1	0	3230	16	0	3	271	3	4981	2900	190	0	0	0	0	189	0	10	3946	65970	11519	11	0	0	93971	29212	6163	0
205	-107	-7	11	26	2820	4440	204808	10	78	203755	7	9777	2	1	0	3227	20	0	3	268	3	4974	2820	190	0	0	0	0	189	0	10	3946	65970	11519	11	0	0	93921	29212	6163	0
204	-107	-7	10	26	2740	4440	204682	10	78	203692	7	9771	2	1	0	3226	18	0	3	268	3	4974	2740	190	0	0	0	0	189	0	10	3946	65970	11519	11	0	0	93871	29212	6163	0
203	-107	-7	10	26	2660	4440	204556	10	78	203566	7	9765	2	1	0	3224	18	0	3	268	3	4974	2660	190	0	0	0	0	189	0	10	3946	65970	11519	11	0	0	93821	29212	6163	0
202	-107	-7	10	26	2580	4440	204430	10	78	203440	7	9759	2	1	0	3222	18	0	3	268	3	4974	2580	190	0	0	0	0	189	0	10	3946	65970	11519	11	0	0	93771	29212	6163	0
201	-107	-7	9	26	2420	4438	204178	10	77	203188	7	9747	2	1	0	3218	16	0	3	265	3	4967	2420	190	0	0	0	0	189	0	10	3946	65970	11519	11	0	0	93671	29212	6163	0
200	-107	-7	9	26	2340	4438	204115	10	77	203062	7	9744	2	1	0	3216	16	0	3	265	3	4967	2340	190	0	0	0	0	189	0	10	3946	65970	11519	11	0	0	93621	29212	6163	0
199	-107	-7	9	26	2260	4438	203989	10	77	202999	7	9738	2	1	0	3215	16	0	3	265	3	4967	2260	190	0	0	0	0	189	0	10	3946	65970	11519	11	0	0	93571	29212	6163	0
198	-107	-7	8	26	2180	4438	203863	10	77	202873	7	9732	2	1	0	3213	13	0	3	265	3	4967	2180	190	0	0	0	0	189	0	10	3946	65970	11519	11	0	0	93521	29212	6163	0
197	-107	-7	8	26	2100	4438	203737	10	77	202747	7	9726	2	1	0	3211	13	0	3	265	3	4967	2100	190	0	0	0	0	189	0	10	3946	65970	11519	11	0	0	93471	29212	6163	0
196	-107	-7	8	26	2020	4436	203611	10	76	202621	7	9720	2	1	0	3209	13	0	3	262	3	4960	2020	190	0	0	0	0	189	0	10	3946	65970	11519	11	0	0	93421	29212	6163	0
195	-107	-7	7	26	1938	4436	203485	10	76	202495	7	9714	2	1	0	3207	11	0	3	262	3	4960	1938	190	0	0	0	0	189	0	10	3946	65970	11519	11	0	0	93369	29212	6163	0
194	-107	-7	9	26	1860	4436	203359	10	76	202369	7	9708	2	1	0	3205	16	0	3	262	3	4960	1860	190	0	0	0	0	189	0	10	3946	65970	11519	11	0	0	93321	29212	6163	0
193	-107	-7	9	26	1780	4436	203296	10	76	202243	7	9705	2	1	0	3203	16	0	3	262	3	4960	1780	190	0	0	0	0	189	0	10	3946	65970	11519	11	0	0	93271	29212	6163	0
192	-107	-7	7	26	1700	4436	203170	10	76	202180	7	9699	2	1	0	3202	11	0	3	262	3	4960	1700	190	0	0	0	0	189	0	10	3946	65970	11519	11	0	0	93221	29212	6163	0
191	-107	-7	9	26	1540	4434	202918	10	75	201928	7	9687	2	1	0	3198	16	0	3	259	3	4953	1540	190	0	0	0	0	189	0	10	3946	65970	11519	11	0	0	93121	29212	6163	0
190	-107	-7	8	26	1460	4434	202792	10	75	201802	7	9681	2	1	0	3196	13	0	3	259	3	4953	1460	190	0	0	0	0	189	0	10	3946	65970	11519	11	0	0	93071	29212	6163	0
189	-107	-7	9	26	1380	4434	202666	10	75	201676	7	9675	2	1	0	3194	16	0	3	259	3	4953	1380	190	0	0	0	0	189	0	10	3946	65970	11519	11	0	0	93021	29212	6163	0
188	-107	-7	9	26	1300	4432	202603	10	74	201550	7	9672	2	1	0	3192	16	0	3	256	3	4946	1300	190	0	0	0	0	189	0	10	3946	65970	11519	11	0	0	92971	29212	6163	0
187	-107	-7	8	26	1220	4432	202414	10	74	201424	7	9663	2	1	0	3190	13	0	3	256	3	4946	1220	190	0	0	0	0	189	0	10	3946	65970	11519	11	0	0	92921	29212	6163	0
186	-107	-7	8	26	1140	4432	202351	10	74	201298	7	9660	2	1	0	3188	13	0	3	256	3	4946	1140	190	0	0	0	0	189	0	10	3946	65970	11519	11	0	0	92871	29212	6163	0
185	-107	-7	8	26	1060	4432	202225	10	74	201172	7	9654	2	1	0	3186	13	0	3	256	3	4946	1060	190	0	0	0	0	189	0	10	3946	65970	11519	11	0	0	92821	29212	6163	0
184	-107	-7	8	26	980	4432	202099	10	74	201109	7	9648	2	1	0	3185	13	0	3	256	3	4946	980	190	0	0	0	0	189	0	10	3946	65970	11519	11	0	0	92771	29212	6163	0
183	-107	-8	9	26	900	4430	201973	10	73	200920	7	9642	2	1	0	3182	16	0	3	253	3	4939	900	190	0	0	0	0	189	0	10	3946	65970	11519	11	0	0	92721	29212	6163	0
182	-107	-8	9	26	820	4430	201847	10	73	200857	7	9636	2	1	0	3181	16	0	3	253	3	4939	820	190	0	0	0	0	189	0	10	3946	65970	11519	11	0	0	92671	29212	6163	0
181	-107	-8	10	26	660	4430	201595	10	73	200605	7	9624	2	1	0	3177	18	0	3	253	3	4939	660	190	0	0	0	0	189	0	10	3946	65970	11519	11	0	0	92571	29212	6163	0
180	-107	-8	8	26	580	4430	201532	10	73	200479	7	9621	2	1	0	3175	13	0	3	253	3	4939	580	190	0	0	0	0	189	0	10	3946	65970	11519	11	0	0	92521	29212	6163	0
179	-107	-8	9	26	500	4428	201343	10	72	200353	7	9612	2	1	0	3173	16	0	3	250	3	4932	500	190	0	0	0	0	189	0	10	3946	65970	11519	11	0	0	92471	29212	6163	0
178	-107	-8	8	26	420	4428	201280	10	72	200227	7	9609	2	1	0	3171	13	0	3	250	3	4932	420	190	0	0	0	0	189	0	10	3946	65970	11519	11	0	0	92421	29212	6163	0
177	-107	-8	7	26	340	4428	201154	10	72	200164	7	9603	2	1	0	3170	11	0	3	250	3	4932	340	190	0	0	0	0	189	0	10	3946	65970	11519	11	0	0	92371	29212	6163	0
176	-107	-8	7	26	260	4428	201028	10	72	200038	7	9597	2	1	0	3168	11	0	3	250	3	4932	260	190	0	0	0	0	189	0	10	3946	65970	11519	11	0	0	92321	29212	6163	0
175	-107	-8	6	26	180	4428	200902	10	72	199912	7	9591	2	1	0	3166	8	0	3	250	3	4932	180	190	0	0	0	0	189	0	10	3946	65970	11519	11	0	0	92271	29212	6163	0
174	-107	-8	7	26	100	4426	200776	10	71	199786	7	9585	2	1	0	3164	11	0	3	247	3	4925	100	190	0	0	0	0	189	0	10	3946	65970	11519	11	0	0	92221	29212	6163	0
173	-107	-8	8	26	20	4426	200650	10	71	199660	7	9579	2	1	0	3162	13	0	3	247	3	4925	20	190	0	0	0	0	189	0	10	3946	65970	11519	11	0	0	92171	29212	6163	0
172	-107	-8	8	26	16324	4426	200524	10	71	199534	7	9573	2	1	0	3160	13	0	3	247	3	4925	16324	190	0	0	0	0	189	0	10	3946	65970	11519	11	0	0	92121	29212	6163	0
171	-107	-8	8	26	16164	4426	200335	10	71	199345	7	9564	2	1	0	3157	13	0	3	247	3	4925	16164	190	0	0	0	0	189	0	10	3946	65970	11519	11	0	0	92021	29212	6163	0
170	-107	-8	7	26	16084	4424	200209	10	70	199156	7	9558	2	1	0	3154	11	0	3	244	3	4918	16084	190	0	0	0	0	189	0	10	3946	65970	11519	11	0	0	91971	29212	6163	0
169	-107	-8	7	26	16004	4424	200083	10	70	199093	7	9552	2	1	0	3153	11	0	3	244	3	4918	16004	190	0	0	0	0	189	0	10	3946	65970	11519	11	0	0	91921	29212	6163	0
168	-107	-8	7	26	15924	4424	199957	10	70	198967	7	9546	2	1	0	3151	11	0	3	244	3	4918	15924	190	0	0	0	0	189	0	10	3946	65970	11519	11	0	0	91871	29212	6163	0
167	-107	-8	7	26	15844	4424	199831	10	70	198841	7	9540	2	1	0	3149	11	0	3	244	3	4918	15844	190	0	0	0	0	189	0	10	3946	65970	11519	11	0	0	91821	29212	6163	0
166	-107	-8	7	26	15764	4422	199768	10	69	198715	7	9537	2	1	0	3147	11	0	3	241	3	4911	15764	190	0	0	0	0	189	0	10	3946	65970	11519	11	0	0	91771	29212	6163	0
165	-107	-8	9	26	15684	4422	199579	10	69	198589	7	9528	2	1	0	3145	16	0	3	241	3	4911	15684	190	0	0	0	0	189	0	10	3946	65970	11519	11	0	0	91721	29212	6163	0
164	-107	-8	8	26	15602	4422	199453	10	69	198463	7	9522	2	1	0	3143	13	0	3	241	3	4911	15602	190	0	0	0	0	189	0	10	3946	65970	11519	11	0	0	91669	29212	6163	0
163	-107	-8	8	26	15524	4422	199390	10	69	198337	7	9519	2	1	0	3141	13	0	3	241	3	4911	15524	190	0	0	0	0	189	0	10	3946	65970	11519	11	0	0	91621	29212	6163	0
162	-107	-8	8	26	15444	4422	199264	10	69	198274	7	9513	2	1	0	3140	13	0	3	241	3	4911	15444	190	0	0	0	0	189	0	10	3946	65970	11519	11	0	0	91571	29212	6163	0
161	-108	-8	9	26	15284	4420	199012	10	68	198022	7	9501	2	1	0	3136	16	0	3	238	3	4904	15284	190	0	0	0	0	189	0	10	3946	65970	11519	11	0	0	91471	29212	6163	0
160	-108	-8	8	26	15204	4420	198886	10	68	197896	7	9495	2	1	0	3134	13	0	3	238	3	4904	15204	190	0	0	0	0	189	0	10	3946	65970	11519	11	0	0	91421	29212	6163	0
159	-108	-8	7	26	15124	4420	198760	10	68	197770	7	9489	2	1	0	3132	11	0	3	238	3	4904	15124	190	0	0	0	0	189	0	10	3946	65970	11519	11	0	0	91371	29212	6163	0
158	-108	-8	9	26	15044	4420	198697	10	68	197644	7	9486	2	1	0	3130	16	0	3	238	3	4904	15044	190	0	0	0	0	189	0	10	3946	65970	11519	11	0	0	91321	29212	6163	0
157	-107	-8	9	26	14964	4418	198508	10	67	197518	7	9477	2	1	0	3128	16	0	3	235	3	4897	14964	190	0	0	0	0	189	0	10	3946	65970	11519	11	0	0	91271	29212	6163	0
156	-107	-8	9	26	14884	4418	198445	10	67	197392	7	9474	2	1	0	3126	16	0	3	235	3	4897	14884	190	0	0	0	0	189	0	10	3946	65970	11519	11	0	0	91221	29212	6163	0
155	-107	-8	9	26	14804	4418	198319	10	67	197329	7	9468	2	1	0	3125	16	0	3	235	3	4897	14804	190	0	0	0	0	189	0	10	3946	65970	11519	11	0	0	91171	29212	6163	0
154	-107	-8	8	26	14724	4418	198193	10	67	197203	7	9462	2	1	0	3123	13	0	3	235	3	4897	14724	190	0	0	0	0	189	0	10	3946	65970	11519	11	0	0	91121	29212	6163	0
153	-107	-8	9	26	14644	4418	198067	10	67	197077	7	9456	2	1	0	3121	16	0	3	235	3	4897	14644	190	0	0	0	0	189	0	10	3946	65970	11519	11	0	0	91071	29212	6163	0
152	-107	-8	9	26	14564	4416	197941	10	66	196951	7	9450	2	1	0	3119	16	0	3	232	3	4890	14564	190	0	0	0	0	189	0	10	3946	65970	11519	11	0	0	91021	29212	6163	0
151	-107	-8	7	26	14404	4416	197689	10	66	196699	7	9438	2	1	0	3115	11	0	3	232	3	4890	14404	190	0	0	0	0	189	0	10	3946	65970	11519	11	0	0	90921	29212	6163	0
150	-107	-8	7	26	14324	4416	197626	10	66	196573	7	9435	2	1	0	3113	11	0	3	232	3	4890	14324	190	0	0	0	0	189	0	10	3946	65970	11519	11	0	0	90871	29212	6163	0
149	-107	-8	8	26	14244	4416	197500	10	66	196510	7	9429	2	1	0	3112	13	0	3	232	3	4890	14244	190	0	0	0	0	189	0	10	3946	65970	11519	11	0	0	90821	29212	6163	0
148	-107	-8	7	27	14164	4414	197374	10	65	196321	7	9423	2	1	0	3109	11	0	3	229	3	4883	14164	190	0	0	0	0	189	0	10	3946	65970	11519	11	0	0	90771	29212	6163	0
147	-107	-8	7	27	14084	4414	197248	10	65	196258	7	9417	2	1	0	3108	11	0	3	229	3	4883	14084	190	0	0	0	0	189	0	10	3946	65970	11519	11	0	0	90721	29212	6163	0
146	-107	-8	8	27	14004	4414	197122	10	65	196132	7	9411	2	1	0	3106	13	0	3	229	3	4883	14004	190	0	0	0	0	189	0	10	3946	65970	11519	11	0	0	90671	29212	6163	0
145	-107	-8	7	27	13924	4414	196996	10	65	196006	7	9405	2	1	0	3104	11	0	3	229	3	4883	13924	190	0	0	0	0	189	0	10	3946	65970	11519	11	0	0	90621	29212	6163	0
144	-107	-8	7	27	13844	4412	196933	10	64	195880	7	9402	2	1	0	3102	11	0	3	226	3	4876	13844	190	0	0	0	0	189	0	10	3946	65970	11519	11	0	0	90571	29212	6163	0
143	-107	-8	8	27	13764	4412	196744	10	64	195754	7	9393	2	1	0	3100	13	0	3	226	3	4876	13764	190	0	0	0	0	189	0	10	3946	65970	11519	11	0	0	90521	29212	6163	0
142	-107	-8	7	27	13684	4412	196681	10	64	195628	7	9390	2	1	0	3098	11	0	3	226	3	4876	13684	190	0	0	0	0	189	0	10	3946	65970	11519	11	0	0	90471	29212	6163	0
141	-107	-8	6	27	13524	4412	196429	10	64	195439	7	9378	2	1	0	3095	8	0	3	226	3	4876	13524	190	0	0	0	0	189	0	10	3946	65970	11519	11	0	0	90371	29212	6163	0
140	-107	-8	9	26	13444	4410	196303	10	63	195250	7	9372	2	1	0	3092	16	0	3	223	3	4869	13444	190	0	0	0	0	189	0	10	3946	65970	11519	11	0	0	90321	29212	6163	0
139	-107	-8	9	26	13364	4410	196177	10	63	195187	7	9366	2	1	0	3091	16	0	3	223	3	4869	13364	190	0	0	0	0	189	0	10	3946	65970	11519	11	0	0	90271	29212	6163	0
138	-107	-8	8	26	13284	4410	196051	10	63	195061	7	9360	2	1	0	3089	13	0	3	223	3	4869	13284	190	0	0	0	0	189	0	10	3946	65970	11519	11	0	0	90221	29212	6163	0
137	-107	-8	7	26	13204	4410	195925	10	63	194935	7	9354	2	1	0	3087	11	0	3	223	3	4869	13204	190	0	0	0	0	189	0	10	3946	65970	11519	11	0	0	90171	29212	6163	0
136	-107	-8	8	26	13124	4410	195862	10	63	194809	7	9351	2	1	0	3085	13	0	3	223	3	4869	13124	190	0	0	0	0	189	0	10	3946	65970	11519	11	0	0	90121	29212	6163	0
135	-107	-8	8	26	13044	4408	195673	10	62	194683	7	9342	2	1	0	3083	13	0	3	220	3	4862	13044	190	0	0	0	0	189	0	10	3946	65970	11519	11	0	0	90071	29212	6163	0
134	-107	-8	9	26	12964	4408	195610	10	62	194557	7	9339	2	1	0	3081	16	0	3	220	3	4862	12964	190	0	0	0	0	189	0	10	3946	65970	11519	11	0	0	90021	29212	6163	0
133	-107	-8	9	26	12884	4408	195484	10	62	194494	7	9333	2	1	0	3080	16	0	3	220	3	4862	12884	190	0	0	0	0	189	0	10	3946	65970	11519	11	0	0	89971	29212	6163	0
132	-107	-8	9	27	12724	4408	195232	10	62	194242	7	9321	2	1	0	3076	16	0	3	220	3	4862	12724	190	0	0	0	0	189	0	10	3946	65970	11519	11	0	0	89871	29212	6163	0
131	-107	-8	6	27	12644	4406	195106	10	61	194116	7	9315	2	1	0	3074	8	0	3	217	3	4855	12644	190	0	0	0	0	189	0	10	3946	65970	11519	11	0	0	89821	29212	6163	0
130	-107	-8	7	27	12564	4406	194980	10	61	193990	7	9309	2	1	0	3072	11	0	3	217	3	4855	12564	190	0	0	0	0	189	0	10	3946	65970	11519	11	0	0	89771	29212	6163	0
129	-107	-8	6	27	12484	4406	194854	10	61	193864	7	9303	2	1	0	3070	8	0	3	217	3	4855	12484	190	0	0	0	0	189	0	10	3946	65970	11519	11	0	0	89721	29212	6163	0
128	-107	-8	9	27	12404	4406	194791	10	61	193738	7	9300	2	1	0	3068	16	0	3	217	3	4855	12404	190	0	0	0	0	189	0	10	3946	65970	11519	11	0	0	89671	29212	6163	0
127	-107	-8	9	27	12324	4406	194665	10	61	193675	7	9294	2	1	0	3067	16	0	3	217	3	4855	12324	190	0	0	0	0	189	0	10	3946	65970	11519	11	0	0	89621	29212	6163	0
126	-107	-7	9	27	12244	4404	194539	10	60	193486	7	9288	2	1	0	3064	16	0	3	214	3	4848	12244	190	0	0	0	0	189	0	10	3946	65970	11519	11	0	0	89571	29212	6163	0
125	-107	-7	9	27	12164	4404	194413	10	60	193423	7	9282	2	1	0	3063	16	0	3	214	3	4848	12164	190	0	0	0	0	189	0	10	3946	65970	11519	11	0	0	89521	29212	6163	0
124	-107	-7	7	27	12084	4404	194287	10	60	193297	7	9276	2	1	0	3061	11	0	3	214	3	4848	12084	190	0	0	0	0	189	0	10	3946	65970	11519	11	0	0	89471	29212	6163	0
123	-107	-7	7	27	12004	4404	194161	10	60	193171	7	9270	2	1	0	3059	11	0	3	214	3	4848	12004	190	0	0	0	0	189	0	10	3946	65970	11519	11	0	0	89421	29212	6163	0
122	-106	-6	9	27	11844	4402	193909	10	59	192919	7	9258	2	1	0	3055	16	0	3	211	3	4841	11844	190	0	0	0	0	189	0	10	3946	65970	11519	11	0	0	89321	29212	6163	0
121	-106	-6	10	27	11764	4402	193846	10	59	192793	7	9255	2	1	0	3053	18	0	3	211	3	4841	11764	190	0	0	0	0	189	0	10	3946	65970	11519	11	0	0	89271	29212	6163	0
120	-106	-6	7	27	11684	4402	193720	10	59	192667	7	9249	2	1	0	3051	11	0	3	211	3	4841	11684	190	0	0	0	0	189	0	10	3946	65970	11519	11	0	0	89221	29212	6163	0
119	-106	-6	7	27	11604	4402	193594	10	59	192604	7	9243	2	1	0	3050	11	0	3	211	3	4841	11604	190	0	0	0	0	189	0	10	3946	65970	11519	11	0	0	89171	29212	6163	0
118	-106	-6	8	27	11524	4400	193468	10	58	192415	7	9237	2	1	0	3047	13	0	3	208	3	4834	11524	190	0	0	0	0	189	0	10	3946	65970	11519	11	0	0	89121	29212	6163	0
117	-106	-6	9	27	11444	4400	193342	10	58	192352	7	9231	2	1	0	3046	16	0	3	208	3	4834	11444	190	0	0	0	0	189	0	10	3946	65970	11519	11	0	0	89071	29212	6163	0
116	-106	-6	11	27	11364	4400	193216	10	58	192226	7	9225	2	1	0	3044	20	0	3	208	3	4834	11364	190	0	0	0	0	189	0	10	3946	65970	11519	11	0	0	89021	29212	6163	0
115	-106	-6	10	27	11284	4400	193090	10	58	192100	7	9219	2	1	0	3042	18	0	3	208	3	4834	11284	190	0	0	0	0	189	0	10	3946	65970	11519	11	0	0	88971	29212	6163	0
114	-106	-6	10	27	11204	4400	193027	10	58	191974	7	9216	2	1	0	3040	18	0	3	208	3	4834	11204	190	0	0	0	0	189	0	10	3946	65970	11519	11	0	0	88921	29212	6163	0
113	-106	-6	10	27	11124	4398	192838	10	57	191848	7	9207	2	1	0	3038	18	0	3	205	3	4827	11124	190	0	0	0	0	189	0	10	3946	65970	11519	11	0	0	88871	29212	6163	0
112	-106	-6	10	27	10964	4398	192649	10	57	191659	7	9198	2	1	0	3035	18	0	3	205	3	4827	10964	190	0	0	0	0	189	0	10	3946	65970	11519	11	0	0	88771	29212	6163	0
111	-106	-6	10	27	10884	4398	192523	10	57	191533	7	9192	2	1	0	3033	18	0	3	205	3	4827	10884	190	0	0	0	0	189	0	10	3946	65970	11519	11	0	0	88721	29212	6163	0
110	-106	-6	10	28	10804	4398	192397	10	57	191407	7	9186	2	1	0	3031	18	0	3	205	3	4827	10804	190	0	0	0	0	189	0	10	3946	65970	11519	11	0	0	88671	29212	6163	0
109	-106	-6	9	28	10724	4396	192271	10	56	191281	7	9180	2	1	0	3029	16	0	3	202	3	4820	10724	190	0	0	0	0	189	0	10	3946	65970	11519	11	0	0	88621	29212	6163	0
108	-106	-6	9	28	10644	4396	192145	10	56	191155	7	9174	2	1	0	3027	16	0	3	202	3	4820	10644	190	0	0	0	0	189	0	10	3946	65970	11519	11	0	0	88571	29212	6163	0
107	-106	-6	8	27	10564	4396	192019	10	56	191029	7	9168	2	1	0	3025	13	0	3	202	3	4820	10564	190	0	0	0	0	189	0	10	3946	65970	11519	11	0	0	88521	29212	6163	0
106	-106	-6	9	27	10484	4396	191956	10	56	190903	7	9165	2	1	0	3023	16	0	3	202	3	4820	10484	190	0	0	0	0	189	0	10	3946	65970	11519	11	0	0	88471	29212	6163	0
105	-106	-6	10	27	10404	4396	191830	10	56	190840	7	9159	2	1	0	3022	18	0	3	202	3	4820	10404	190	0	0	0	0	189	0	10	3946	65970	11519	11	0	0	88421	29212	6163	0
104	-107	-6	11	27	10324	4394	191704	10	55	190651	7	9153	2	1	0	3019	20	0	3	199	3	4813	10324	190	0	0	0	0	189	0	10	3946	65970	11519	11	0	0	88371	29212	6163	0
103	-107	-6	10	27	10244	4394	191578	10	55	190588	7	9147	2	1	0	3018	18	0	3	199	3	4813	10244	190	0	0	0	0	189	0	10	3946	65970	11519	11	0	0	88321	29212	6163	0
102	-107	-6	10	27	10084	4394	191326	10	55	190336	7	9135	2	1	0	3014	18	0	3	199	3	4813	10084	190	0	0	0	0	189	0	10	3946	65970	11519	11	0	0	88221	29212	6163	0
101	-107	-6	10	27	10004	4392	191263	10	54	190210	7	9132	2	1	0	3012	18	0	3	196	3	4806	10004	190	0	0	0	0	189	0	10	3946	65970	11519	11	0	0	88171	29212	6163	0
100	-107	-6	11	27	9924	4392	191074	10	54	190084	7	9123	2	1	0	3010	20	0	3	196	3	4806	9924	190	0	0	0	0	189	0	10	3946	65970	11519	11	0	0	88121	29212	6163	0
99	-107	-6	9	27	9844	4392	191011	10	54	189958	7	9120	2	1	0	3008	16	0	3	196	3	4806	9844	190	0	0	0	0	189	0	10	3946	65970	11519	11	0	0	88071	29212	6163	0
98	-107	-6	8	27	9764	4392	190885	10	54	189832	7	9114	2	1	0	3006	13	0	3	196	3	4806	9764	190	0	0	0	0	189	0	10	3946	65970	11519	11	0	0	88021	29212	6163	0
97	-107	-6	8	26	9684	4392	190759	10	54	189769	7	9108	2	1	0	3005	13	0	3	196	3	4806	9684	190	0	0	0	0	189	0	10	3946	65970	11519	11	0	0	87971	29212	6163	0
96	-107	-6	11	26	9604	4390	190633	10	53	189580	7	9102	2	1	0	3002	20	0	3	193	3	4799	9604	190	0	0	0	0	189	0	10	3946	65970	11519	11	0	0	87921	29212	6163	0
95	-107	-6	11	26	9524	4390	190507	10	53	189517	7	9096	2	1	0	3001	20	0	3	193	3	4799	9524	190	0	0	0	0	189	0	10	3946	65970	11519	11	0	0	87871	29212	6163	0
94	-107	-6	10	26	9444	4390	190381	10	53	189391	7	9090	2	1	0	2999	18	0	3	193	3	4799	9444	190	0	0	0	0	189	0	10	3946	65970	11519	11	0	0	87821	29212	6163	0
93	-107	-6	9	26	9364	4390	190255	10	53	189265	7	9084	2	1	0	2997	16	0	3	193	3	4799	9364	190	0	0	0	0	189	0	10	3946	65970	11519	11	0	0	87771	29212	6163	0
92	-107	-7	10	26	9204	4388	190003	10	52	189013	7	9072	2	1	0	2993	18	0	3	190	3	4792	9204	190	0	0	0	0	189	0	10	3946	65970	11519	11	0	0	87671	29212	6163	0
91	-107	-7	11	26	9124	4388	189940	10	52	188887	7	9069	2	1	0	2991	20	0	3	190	3	4792	9124	190	0	0	0	0	189	0	10	3946	65970	11519	11	0	0	87621	29212	6163	0
90	-107	-7	10	26	9044	4388	189814	10	52	188824	7	9063	2	1	0	2990	18	0	3	190	3	4792	9044	190	0	0	0	0	189	0	10	3946	65970	11519	11	0	0	87571	29212	6163	0
89	-107	-7	9	26	8964	4388	189688	10	52	188698	7	9057	2	1	0	2988	16	0	3	190	3	4792	8964	190	0	0	0	0	189	0	10	3946	65970	11519	11	0	0	87521	29212	6163	0
88	-107	-7	8	26	8884	4388	189562	10	52	188572	7	9051	2	1	0	2986	13	0	3	190	3	4792	8884	190	0	0	0	0	189	0	10	3946	65970	11519	11	0	0	87471	29212	6163	0
87	-107	-6	8	26	8804	4386	189436	10	51	188446	7	9045	2	1	0	2984	13	0	3	187	3	4785	8804	190	0	0	0	0	189	0	10	3946	65970	11519	11	0	0	87421	29212	6163	0
86	-107	-6	10	26	8724	4386	189310	10	51	188320	7	9039	2	1	0	2982	18	0	3	187	3	4785	8724	190	0	0	0	0	189	0	10	3946	65970	11519	11	0	0	87371	29212	6163	0
85	-107	-6	11	26	8644	4386	189184	10	51	188194	7	9033	2	1	0	2980	20	0	3	187	3	4785	8644	190	0	0	0	0	189	0	10	3946	65970	11519	11	0	0	87321	29212	6163	0
84	-107	-6	10	26	8564	4386	189121	10	51	188068	7	9030	2	1	0	2978	18	0	3	187	3	4785	8564	190	0	0	0	0	189	0	10	3946	65970	11519	11	0	0	87271	29212	6163	0
83	-107	-6	10	26	8484	4386	188995	10	51	188005	7	9024	2	1	0	2977	18	0	3	187	3	4785	8484	190	0	0	0	0	189	0	10	3946	65970	11519	11	0	0	87221	29212	6163	0
82	-107	-7	9	26	8324	4384	188743	10	50	187753	7	9012	2	1	0	2973	16	0	3	184	3	4778	8324	190	0	0	0	0	189	0	10	3946	65970	11519	11	0	0	87121	29212	6163	0
81	-107	-7	9	26	8244	4384	188617	10	50	187627	7	9006	2	1	0	2971	16	0	3	184	3	4778	8244	190	0	0	0	0	189	0	10	3946	65970	11519	11	0	0	87071	29212	6163	0
80	-107	-7	9	26	8163	4384	188491	10	50	187501	7	9000	2	1	0	2969	16	0	3	184	3	4778	8163	190	0	0	0	0	189	0	10	3946	65970	11519	11	0	0	87020	29212	6163	0
79	-107	-6	10	26	8084	4382	188428	10	49	187375	7	8997	2	1	0	2967	18	0	3	181	3	4771	8084	190	0	0	0	0	189	0	10	3946	65970	11519	11	0	0	86971	29212	6163	0
78	-107	-6	8	27	8004	4382	188239	10	49	187249	7	8988	2	1	0	2965	13	0	3	181	3	4771	8004	190	0	0	0	0	189	0	10	3946	65970	11519	11	0	0	86921	29212	6163	0
77	-107	-6	7	27	7924	4382	188176	10	49	187123	7	8985	2	1	0	2963	11	0	3	181	3	4771	7924	190	0	0	0	0	189	0	10	3946	65970	11519	11	0	0	86871	29212	6163	0
76	-107	-6	9	27	7844	4382	188050	10	49	186997	7	8979	2	1	0	2961	16	0	3	181	3	4771	7844	190	0	0	0	0	189	0	10	3946	65970	11519	11	0	0	86821	29212	6163	0
75	-107	-6	10	27	7764	4382	187924	10	49	186934	7	8973	2	1	0	2960	18	0	3	181	3	4771	7764	190	0	0	0	0	189	0	10	3946	65970	11519	11	0	0	86771	29212	6163	0
74	-108	-7	9	26	7684	4380	187798	10	48	186745	7	8967	2	1	0	2957	16	0	3	178	3	4764	7684	190	0	0	0	0	189	0	10	3946	65970	11519	11	0	0	86721	29212	6163	0
73	-108	-7	11	26	7604	4380	187672	10	48	186682	7	8961	2	1	0	2956	20	0	3	178	3	4764	7604	190	0	0	0	0	189	0	10	3946	65970	11519	11	0	0	86671	29212	6163	0
72	-108	-7	9	26	7444	4380	187420	10	48	186430	7	8949	2	1	0	2952	16	0	3	178	3	4764	7444	190	0	0	0	0	189	0	10	3946	65970	11519	11	0	0	86571	29212	6163	0
71	-108	-7	9	26	7364	4380	187357	10	48	186304	7	8946	2	1	0	2950	16	0	3	178	3	4764	7364	190	0	0	0	0	189	0	10	3946	65970	11519	11	0	0	86521	29212	6163	0
70	-108	-8	10	26	7284	4378	187168	10	47	186178	7	8937	2	1	0	2948	18	0	3	175	3	4757	7284	190	0	0	0	0	189	0	10	3946	65970	11519	11	0	0	86471	29212	6163	0
69	-108	-8	10	26	7204	4378	187105	10	47	186052	7	8934	2	1	0	2946	18	0	3	175	3	4757	7204	190	0	0	0	0	189	0	10	3946	65970	11519	11	0	0	86421	29212	6163	0
68	-108	-8	10	26	7124	4378	186979	10	47	185989	7	8928	2	1	0	2945	18	0	3	175	3	4757	7124	190	0	0	0	0	189	0	10	3946	65970	11519	11	0	0	86371	29212	6163	0
67	-108	-8	10	26	7044	4378	186853	10	47	185863	7	8922	2	1	0	2943	18	0	3	175	3	4757	7044	190	0	0	0	0	189	0	10	3946	65970	11519	11	0	0	86321	29212	6163	0
66	-108	-8	8	26	6964	4378	186727	10	47	185737	7	8916	2	1	0	2941	13	0	3	175	3	4757	6964	190	0	0	0	0	189	0	10	3946	65970	11519	11	0	0	86271	29212	6163	0
65	-108	-7	6	26	6884	4376	186601	10	46	185611	7	8910	2	1	0	2939	8	0	3	172	3	4750	6884	190	0	0	0	0	189	0	10	3946	65970	11519	11	0	0	86221	29212	6163	0
64	-108	-7	9	26	6804	4376	186475	10	46	185485	7	8904	2	1	0	2937	16	0	3	172	3	4750	6804	190	0	0	0	0	189	0	10	3946	65970	11519	11	0	0	86171	29212	6163	0
63	-108	-7	10	26	6724	4376	186349	10	46	185359	7	8898	2	1	0	2935	18	0	3	172	3	4750	6724	190	0	0	0	0	189	0	10	3946	65970	11519	11	0	0	86121	29212	6163	0
62	-108	-7	8	26	6564	4376	186160	10	46	185170	7	8889	2	1	0	2932	13	0	3	172	3	4750	6564	190	0	0	0	0	189	0	10	3946	65970	11519	11	0	0	86021	29212	6163	0
61	-108	-8	9	26	6484	4374	186034	10	45	184981	7	8883	2	1	0	2929	16	0	3	169	3	4743	6484	190	0	0	0	0	189	0	10	3946	65970	11519	11	0	0	85971	29212	6163	0
60	-108	-8	9	26	6403	4374	185908	10	45	184918	7	8877	2	1	0	2928	16	0	3	169	3	4743	6403	190	0	0	0	0	189	0	10	3946	65970	11519	11	0	0	85920	29212	6163	0
59	-108	-8	9	26	6323	4374	185782	10	45	184792	7	8871	2	1	0	2926	16	0	3	169	3	4743	6323	190	0	0	0	0	189	0	10	3946	65970	11519	11	0	0	85870	29212	6163	0
58	-108	-8	9	26	6243	4374	185656	10	45	184666	7	8865	2	1	0	2924	16	0	3	169	3	4743	6243	190	0	0	0	0	189	0	10	3946	65970	11519	11	0	0	85820	29212	6163	0
57	-108	-8	8	26	6164	4372	185593	10	44	184540	7	8862	2	1	0	2922	13	0	3	166	3	4736	6164	190	0	0	0	0	189	0	10	3946	65970	11519	11	0	0	85771	29212	6163	0
56	-108	-8	8	26	6084	4372	185404	10	44	184414	7	8853	2	1	0	2920	13	0	3	166	3	4736	6084	190	0	0	0	0	189	0	10	3946	65970	11519	11	0	0	85721	29212	6163	0
55	-108	-8	5	26	6004	4372	185341	10	44	184288	7	8850	2	1	0	2918	6	0	3	166	3	4736	6004	190	0	0	0	0	189	0	10	3946	65970	11519	11	0	0	85671	29212	6163	0
54	-108	-8	9	26	5924	4372	185215	10	44	184162	7	8844	2	1	0	2916	16	0	3	166	3	4736	5924	190	0	0	0	0	189	0	10	3946	65970	11519	11	0	0	85621	29212	6163	0
53	-108	-8	9	26	5844	4372	185089	10	44	184099	7	8838	2	1	0	2915	16	0	3	166	3	4736	5844	190	0	0	0	0	189	0	10	3946	65970	11519	11	0	0	85571	29212	6163	0
52	-108	-9	9	26	5684	4370	184837	10	43	183847	7	8826	2	1	0	2911	16	0	3	163	3	4729	5684	190	0	0	0	0	189	0	10	3946	65970	11519	11	0	0	85471	29212	6163	0
51	-108	-9	8	26	5604	4370	184711	10	43	183721	7	8820	2	1	0	2909	13	0	3	163	3	4729	5604	190	0	0	0	0	189	0	10	3946	65970	11519	11	0	0	85421	29212	6163	0
50	-108	-9	7	26	5524	4370	184585	10	43	183595	7	8814	2	1	0	2907	11	0	3	163	3	4729	5524	190	0	0	0	0	189	0	10	3946	65970	11519	11	0	0	85371	29212	6163	0
49	-108	-9	6	26	5443	4370	184522	10	43	183469	7	8811	2	1	0	2905	8	0	3	163	3	4729	5443	190	0	0	0	0	189	0	10	3946	65970	11519	11	0	0	85320	29212	6163	0
48	-108	-9	7	26	5364	4368	184333	10	42	183343	7	8802	2	1	0	2903	11	0	3	160	3	4722	5364	190	0	0	0	0	189	0	10	3946	65970	11519	11	0	0	85271	29212	6163	0
47	-108	-9	7	26	5283	4368	184270	10	42	183217	7	8799	2	1	0	2901	11	0	3	160	3	4722	5283	190	0	0	0	0	189	0	10	3946	65970	11519	11	0	0	85220	29212	6163	0
46	-108	-9	7	26	5204	4368	184144	10	42	183154	7	8793	2	1	0	2900	11	0	3	160	3	4722	5204	190	0	0	0	0	189	0	10	3946	65970	11519	11	0	0	85171	29212	6163	0
45	-108	-9	6	26	5124	4368	184018	10	42	183028	7	8787	2	1	0	2898	8	0	3	160	3	4722	5124	190	0	0	0	0	189	0	10	3946	65970	11519	11	0	0	85121	29212	6163	0
44	-108	-9	7	26	5044	4368	183892	10	42	182902	7	8781	2	1	0	2896	11	0	3	160	3	4722	5044	190	0	0	0	0	189	0	10	3946	65970	11519	11	0	0	85071	29212	6163	0
43	-108	-9	7	26	4883	4366	183640	10	41	182650	7	8769	2	1	0	2892	11	0	3	157	3	4715	4883	190	0	0	0	0	189	0	10	3946	65970	11519	11	0	0	84970	29212	6163	0
42	-108	-9	6	26	4804	4366	183514	10	41	182524	7	8763	2	1	0	2890	8	0	3	157	3	4715	4804	190	0	0	0	0	189	0	10	3946	65970	11519	11	0	0	84921	29212	6163	0
41	-108	-9	7	26	4724	4366	183451	10	41	182398	7	8760	2	1	0	2888	11	0	3	157	3	4715	4724	190	0	0	0	0	189	0	10	3946	65970	11519	11	0	0	84871	29212	6163	0
40	-108	-9	7	26	4643	4366	183325	10	41	182335	7	8754	2	1	0	2887	11	0	3	157	3	4715	4643	190	0	0	0	0	189	0	10	3946	65970	11519	11	0	0	84820	29212	6163	0
39	-108	-9	6	26	4564	4364	183199	10	40	182146	7	8748	2	1	0	2884	8	0	3	154	3	4708	4564	190	0	0	0	0	189	0	10	3946	65970	11519	11	0	0	84771	29212	6163	0
38	-108	-9	6	26	4483	4364	183073	10	40	182083	7	8742	2	1	0	2883	8	0	3	154	3	4708	4483	190	0	0	0	0	189	0	10	3946	65970	11519	11	0	0	84720	29212	6163	0
37	-108	-9	6	26	4403	4364	182947	10	40	181957	7	8736	2	1	0	2881	8	0	3	154	3	4708	4403	190	0	0	0	0	189	0	10	3946	65970	11519	11	0	0	84670	29212	6163	0
36	-108	-9	7	26	4324	4364	182821	10	40	181831	7	8730	2	1	0	2879	11	0	3	154	3	4708	4324	190	0	0	0	0	189	0	10	3946	65970	11519	11	0	0	84621	29212	6163	0
35	-108	-9	6	26	4244	4362	182758	10	39	181705	7	8727	2	1	0	2877	8	0	3	151	3	4701	4244	190	0	0	0	0	189	0	10	3946	65970	11519	11	0	0	84571	29212	6163	0
34	-108	-9	6	26	4164	4362	182569	10	39	181579	7	8718	2	1	0	2875	8	0	3	151	3	4701	4164	190	0	0	0	0	189	0	10	3946	65970	11519	11	0	0	84521	29212	6163	0
33	-108	-9	6	26	4004	4362	182380	10	39	181327	7	8709	2	1	0	2871	8	0	3	151	3	4701	4004	190	0	0	0	0	189	0	10	3946	65970	11519	11	0	0	84421	29212	6163	0
32	-108	-9	7	26	3924	4362	182254	10	39	181264	7	8703	2	1	0	2870	11	0	3	151	3	4701	3924	190	0	0	0	0	189	0	10	3946	65970	11519	11	0	0	84371	29212	6163	0
31	-108	-9	6	26	3844	4360	182128	10	38	181075	7	8697	2	1	0	2867	8	0	3	148	3	4694	3844	190	0	0	0	0	189	0	10	3946	65970	11519	11	0	0	84321	29212	6163	0
30	-108	-9	6	26	3763	4360	182002	10	38	181012	7	8691	2	1	0	2866	8	0	3	148	3	4694	3763	190	0	0	0	0	189	0	10	3946	65970	11519	11	0	0	84270	29212	6163	0
29	-108	-9	6	26	3683	4360	181876	10	38	180886	7	8685	2	1	0	2864	8	0	3	148	3	4694	3683	190	0	0	0	0	189	0	10	3946	65970	11519	11	0	0	84220	29212	6163	0
28	-108	-9	6	26	3603	4360	181750	10	38	180760	7	8679	2	1	0	2862	8	0	3	148	3	4694	3603	190	0	0	0	0	189	0	10	3946	65970	11519	11	0	0	84170	29212	6163	0
27	-108	-9	7	26	3524	4360	181687	10	38	180634	7	8676	2	1	0	2860	11	0	3	148	3	4694	3524	190	0	0	0	0	189	0	10	3946	65970	11519	11	0	0	84121	29212	6163	0
26	-108	-9	6	26	3443	4358	181498	10	37	180508	7	8667	2	1	0	2858	8	0	3	145	3	4687	3443	190	0	0	0	0	189	0	10	3946	65970	11519	11	0	0	84070	29212	6163	0
25	-108	-9	6	26	3364	4358	181435	10	37	180382	7	8664	2	1	0	2856	8	0	3	145	3	4687	3364	190	0	0	0	0	189	0	10	3946	65970	11519	11	0	0	84021	29212	6163	0
24	-108	-9	6	26	3283	4358	181309	10	37	180256	7	8658	2	1	0	2854	8	0	3	145	3	4687	3283	190	0	0	0	0	189	0	10	3946	65970	11519	11	0	0	83970	29212	6163	0
23	-108	-9	6	26	3123	4358	181057	10	37	180067	7	8646	2	1	0	2851	8	0	3	145	3	4687	3123	190	0	0	0	0	189	0	10	3946	65970	11519	11	0	0	83870	29212	6163	0
22	-108	-7	6	26	3043	4356	180931	10	36	179941	7	8640	2	1	0	2849	8	0	3	142	3	4680	3043	190	0	0	0	0	189	0	10	3946	65970	11519	11	0	0	83820	29212	6163	0
21	-108	-7	6	26	2963	4356	180805	10	36	179815	7	8634	2	1	0	2847	8	0	3	142	3	4680	2963	190	0	0	0	0	189	0	10	3946	65970	11519	11	0	0	83770	29212	6163	0
20	-108	-7	5	26	2883	4356	180679	10	36	179689	7	8628	2	1	0	2845	6	0	3	142	3	4680	2883	190	0	0	0	0	189	0	10	3946	65970	11519	11	0	0	83720	29212	6163	0
19	-108	-7	5	26	2803	4356	180616	10	36	179563	7	8625	2	1	0	2843	6	0	3	142	3	4680	2803	190	0	0	0	0	189	0	10	3946	65970	11519	11	0	0	83670	29212	6163	0
18	-108	-7	6	26	2723	4356	180490	10	36	179500	7	8619	2	1	0	2842	8	0	3	142	3	4680	2723	190	0	0	0	0	189	0	10	3946	65970	11519	11	0	0	83620	29212	6163	0
17	-108	-7	7	26	2644	4354	180364	10	35	179311	7	8613	2	1	0	2839	11	0	3	139	3	4673	2644	190	0	0	0	0	189	0	10	3946	65970	11519	11	0	0	83571	29212	6163	0
16	-108	-7	9	26	2563	4354	180238	10	35	179248	7	8607	2	1	0	2838	16	0	3	139	3	4673	2563	190	0	0	0	0	189	0	10	3946	65970	11519	11	0	0	83520	29212	6163	0
15	-108	-7	9	26	2484	4354	180112	10	35	179122	7	8601	2	1	0	2836	16	0	3	139	3	4673	2484	190	0	0	0	0	189	0	10	3946	65970	11519	11	0	0	83471	29212	6163	0
14	-108	-7	7	26	2404	4354	179986	10	35	178996	7	8595	2	1	0	2834	11	0	3	139	3	4673	2404	190	0	0	0	0	189	0	10	3946	65970	11519	11	0	0	83421	29212	6163	0
13	-108	-6	9	26	2244	4352	179734	10	34	178744	7	8583	2	1	0	2830	16	0	3	136	3	4666	2244	190	0	0	0	0	189	0	10	3946	65970	11519	11	0	0	83321	29212	6163	0
12	-108	-6	8	26	2163	4352	179608	10	34	178618	7	8577	2	1	0	2828	13	0	3	136	3	4666	2163	190	0	0	0	0	189	0	10	3946	65970	11519	11	0	0	83270	29212	6163	0
11	-108	-6	9	26	2083	4352	179545	10	34	178492	7	8574	2	1	0	2826	16	0	3	136	3	4666	2083	190	0	0	0	0	189	0	10	3946	65970	11519	11	0	0	83220	29212	6163	0
10	-108	-6	9	26	2003	4352	179419	10	34	178429	7	8568	2	1	0	2825	16	0	3	136	3	4666	2003	190	0	0	0	0	189	0	10	3946	65970	11519	11	0	0	83170	29212	6163	0
9	-107	-6	8	26	1923	4350	179293	10	33	178240	7	8562	2	1	0	2822	13	0	3	133	3	4659	1923	190	0	0	0	0	189	0	10	3946	65970	11519	11	0	0	83120	29212	6163	0
8	-107	-6	8	26	1844	4350	179167	10	33	178177	7	8556	2	1	0	2821	13	0	3	133	3	4659	1844	190	0	0	0	0	189	0	10	3946	65970	11519	11	0	0	83071	29212	6163	0
7	-107	-6	9	26	1763	4350	179041	10	33	178051	7	8550	2	1	0	2819	16	0	3	133	3	4659	1763	190	0	0	0	0	189	0	10	3946	65970	11519	11	0	0	83020	29212	6163	0
6	-107	-6	8	26	1683	4350	178915	10	33	177925	7	8544	2	1	0	2817	13	0	3	133	3	4659	1683	190	0	0	0	0	189	0	10	3946	65970	11519	11	0	0	82970	29212	6163	0
5	-107	-6	9	26	1604	4350	178852	10	33	177799	7	8541	2	1	0	2815	16	0	3	133	3	4659	1604	190	0	0	0	0	189	0	10	3946	65970	11519	11	0	0	82921	29212	6163	0
4	-107	-7	9	26	1524	4348	178726	10	32	177673	7	8535	2	1	0	2813	16	0	3	130	3	4652	1524	190	0	0	0	0	189	0	10	3946	65970	11519	11	0	0	82871	29212	6163	0
3	-107	-7	9	26	1364	4348	178474	10	32	177484	7	8523	2	1	0	2810	16	0	3	130	3	4652	1364	190	0	0	0	0	189	0	10	3946	65970	11519	11	0	0	82771	29212	6163	0
2	-107	-7	9	26	1283	4348	178348	10	32	177358	7	8517	2	1	0	2808	16	0	3	130	3	4652	1283	190	0	0	0	0	189	0	10	3946	65970	11519	11	0	0	82720	29212	6163	0
1	-107	-7	8	26	1203	4348	178285	10	32	177232	7	8514	2	1	0	2806	13	0	3	130	3	4652	1203	190	0	0	0	0	189	0	10	3946	65970	11519	11	0	0	82670	29212	6163	0
